ISO-10303-21;
HEADER;
/* Generated by software containing ST-Developer
 * from STEP Tools, Inc. (www.steptools.com) 
 */

FILE_DESCRIPTION(
/* description */ ('STEP AP203'),
/* implementation_level */ '2;1');

FILE_NAME(
/* name */ 'BackBracket.step',
/* time_stamp */ '2026-07-21T21:53:23+02:00',
/* author */ (''),
/* organization */ (''),
/* preprocessor_version */ 'ST-DEVELOPER v20.1',
/* originating_system */ 'Autodesk Translation Framework v15.8.0.0',
/* authorisation */ '');

FILE_SCHEMA (('AUTOMOTIVE_DESIGN { 1 0 10303 214 3 1 1 }'));
ENDSEC;

DATA;
#10=MECHANICAL_DESIGN_GEOMETRIC_PRESENTATION_REPRESENTATION('',(#13),#4056);
#11=SHAPE_REPRESENTATION_RELATIONSHIP('SRR','None',#4062,#12);
#12=ADVANCED_BREP_SHAPE_REPRESENTATION('',(#14),#4055);
#13=STYLED_ITEM('',(#4071),#14);
#14=MANIFOLD_SOLID_BREP('BackBracket',#2244);
#15=B_SPLINE_CURVE_WITH_KNOTS('',3,(#3858,#3859,#3860,#3861,#3862,#3863,
#3864,#3865,#3866,#3867,#3868,#3869),.UNSPECIFIED.,.F.,.F.,(4,2,2,2,2,4),
(-0.480314316541085,-0.479747518193642,-0.417311503678707,-0.35593583820271,
-0.296687285297373,-0.239805230124845),.UNSPECIFIED.);
#16=B_SPLINE_CURVE_WITH_KNOTS('',3,(#3872,#3873,#3874,#3875,#3876,#3877,
#3878,#3879,#3880,#3881,#3882,#3883),.UNSPECIFIED.,.F.,.F.,(4,2,2,2,2,4),
(-0.000566921684682139,0.,0.0624495999540838,0.123838620677775,0.183100067018858,
0.239994502438775),.UNSPECIFIED.);
#17=B_SPLINE_CURVE_WITH_KNOTS('',3,(#3886,#3887,#3888,#3889,#3890,#3891,
#3892,#3893,#3894,#3895,#3896,#3897),.UNSPECIFIED.,.F.,.F.,(4,2,2,2,2,4),
(-0.000566921690264982,0.,0.0624496012855789,0.123838622946733,0.183100069480198,
0.239994503864657),.UNSPECIFIED.);
#18=B_SPLINE_CURVE_WITH_KNOTS('',3,(#3901,#3902,#3903,#3904,#3905,#3906,
#3907,#3908,#3909,#3910,#3911,#3912,#3913,#3914,#3915,#3916),
 .UNSPECIFIED.,.F.,.F.,(4,2,2,2,2,2,2,4),(-0.480418964330813,-0.479851919268186,
-0.447427783569791,-0.415082968610039,-0.355191575504793,-0.29733595206436,
-0.2404949456872,-0.239994503529838),.UNSPECIFIED.);
#19=B_SPLINE_CURVE_WITH_KNOTS('',3,(#3920,#3921,#3922,#3923,#3924,#3925,
#3926,#3927,#3928,#3929,#3930,#3931),.UNSPECIFIED.,.F.,.F.,(4,2,2,2,2,4),
(-0.000566921689859985,0.,0.06244960128105,0.12383862294031,0.183100069471953,
0.239994503857551),.UNSPECIFIED.);
#20=B_SPLINE_CURVE_WITH_KNOTS('',3,(#3935,#3936,#3937,#3938,#3939,#3940,
#3941,#3942,#3943,#3944,#3945,#3946),.UNSPECIFIED.,.F.,.F.,(4,2,2,2,2,4),
(-0.48031431520644,-0.479747516862199,-0.417311502960671,-0.355935837928253,
-0.296687285119423,-0.239805229459037),.UNSPECIFIED.);
#21=B_SPLINE_CURVE_WITH_KNOTS('',3,(#3951,#3952,#3953,#3954,#3955,#3956,
#3957,#3958,#3959,#3960,#3961,#3962,#3963,#3964,#3965,#3966),
 .UNSPECIFIED.,.F.,.F.,(4,2,2,2,2,2,2,4),(-0.000566921690828001,0.,0.0324170811463724,
0.0647548588125331,0.12463322129925,0.18247625705832,0.239304896511744,
0.239805229774436),.UNSPECIFIED.);
#22=B_SPLINE_CURVE_WITH_KNOTS('',3,(#3970,#3971,#3972,#3973,#3974,#3975,
#3976,#3977,#3978,#3979,#3980,#3981,#3982,#3983,#3984,#3985),
 .UNSPECIFIED.,.F.,.F.,(4,2,2,2,2,2,2,4),(-0.480418964471373,-0.479851919408443,
-0.447427783683204,-0.415082968697762,-0.355191575571319,-0.297335952140141,
-0.240494945787463,-0.239994503599804),.UNSPECIFIED.);
#23=TOROIDAL_SURFACE('',#2291,4.,2.);
#24=TOROIDAL_SURFACE('',#2297,4.49999998807907,2.);
#25=TOROIDAL_SURFACE('',#2302,4.49999998807907,2.);
#26=TOROIDAL_SURFACE('',#2307,4.,2.);
#27=TOROIDAL_SURFACE('',#2315,4.,2.);
#28=TOROIDAL_SURFACE('',#2320,4.49999998807905,2.);
#29=TOROIDAL_SURFACE('',#2325,4.49999998807907,2.);
#30=TOROIDAL_SURFACE('',#2330,4.,2.);
#31=TOROIDAL_SURFACE('',#2365,3.5,2.);
#32=TOROIDAL_SURFACE('',#2367,3.5,2.);
#33=TOROIDAL_SURFACE('',#2375,3.5,2.);
#34=TOROIDAL_SURFACE('',#2383,3.5,2.);
#35=TOROIDAL_SURFACE('',#2393,4.99999998807907,1.5);
#36=TOROIDAL_SURFACE('',#2404,4.99999998807907,1.5);
#37=TOROIDAL_SURFACE('',#2414,4.99999998807905,1.5);
#38=TOROIDAL_SURFACE('',#2419,4.99999998807907,1.5);
#39=TOROIDAL_SURFACE('',#2455,46.3191131882839,1.5);
#40=TOROIDAL_SURFACE('',#2458,46.3191196085889,1.5);
#41=TOROIDAL_SURFACE('',#2461,46.3191196085881,1.5);
#42=TOROIDAL_SURFACE('',#2464,46.3191196601666,1.5);
#43=ELLIPSE('',#2280,2.23606797749979,2.);
#44=ELLIPSE('',#2281,2.23606797749979,2.);
#45=ELLIPSE('',#2283,2.23606797749979,2.);
#46=ELLIPSE('',#2284,2.23606797749979,2.);
#47=ELLIPSE('',#2286,2.23606797749979,2.);
#48=ELLIPSE('',#2287,2.23606797749979,2.);
#49=ELLIPSE('',#2289,2.23606797749979,2.);
#50=ELLIPSE('',#2290,2.23606797749979,2.);
#51=B_SPLINE_SURFACE_WITH_KNOTS('',3,3,((#3282,#3283,#3284,#3285,#3286,
#3287),(#3288,#3289,#3290,#3291,#3292,#3293),(#3294,#3295,#3296,#3297,#3298,
#3299),(#3300,#3301,#3302,#3303,#3304,#3305),(#3306,#3307,#3308,#3309,#3310,
#3311)),.UNSPECIFIED.,.F.,.F.,.F.,(4,1,4),(4,1,1,4),(0.,0.571428571428571,
1.),(-1.5707963267949,-0.897597901025655,-0.448798950512828,0.),
 .UNSPECIFIED.);
#52=B_SPLINE_SURFACE_WITH_KNOTS('',3,3,((#3317,#3318,#3319,#3320,#3321,
#3322),(#3323,#3324,#3325,#3326,#3327,#3328),(#3329,#3330,#3331,#3332,#3333,
#3334),(#3335,#3336,#3337,#3338,#3339,#3340),(#3341,#3342,#3343,#3344,#3345,
#3346)),.UNSPECIFIED.,.F.,.F.,.F.,(4,1,4),(4,1,1,4),(0.,0.571428571428571,
1.),(-1.5707963267949,-0.897597901025655,-0.448798950512828,0.),
 .UNSPECIFIED.);
#53=B_SPLINE_SURFACE_WITH_KNOTS('',3,3,((#3352,#3353,#3354,#3355,#3356,
#3357),(#3358,#3359,#3360,#3361,#3362,#3363),(#3364,#3365,#3366,#3367,#3368,
#3369),(#3370,#3371,#3372,#3373,#3374,#3375),(#3376,#3377,#3378,#3379,#3380,
#3381)),.UNSPECIFIED.,.F.,.F.,.F.,(4,1,4),(4,1,1,4),(0.,0.571428571428571,
1.),(-1.5707963267949,-0.897597901025655,-0.448798950512828,0.),
 .UNSPECIFIED.);
#54=B_SPLINE_SURFACE_WITH_KNOTS('',3,3,((#3387,#3388,#3389,#3390,#3391,
#3392),(#3393,#3394,#3395,#3396,#3397,#3398),(#3399,#3400,#3401,#3402,#3403,
#3404),(#3405,#3406,#3407,#3408,#3409,#3410),(#3411,#3412,#3413,#3414,#3415,
#3416)),.UNSPECIFIED.,.F.,.F.,.F.,(4,1,4),(4,1,1,4),(0.,0.571428571428571,
1.),(-1.5707963267949,-0.897597901025655,-0.448798950512828,0.),
 .UNSPECIFIED.);
#55=CYLINDRICAL_SURFACE('',#2265,2.45);
#56=CYLINDRICAL_SURFACE('',#2269,2.45);
#57=CYLINDRICAL_SURFACE('',#2273,2.45);
#58=CYLINDRICAL_SURFACE('',#2277,2.45);
#59=CYLINDRICAL_SURFACE('',#2295,2.);
#60=CYLINDRICAL_SURFACE('',#2300,2.);
#61=CYLINDRICAL_SURFACE('',#2305,2.);
#62=CYLINDRICAL_SURFACE('',#2310,2.);
#63=CYLINDRICAL_SURFACE('',#2311,2.);
#64=CYLINDRICAL_SURFACE('',#2312,2.);
#65=CYLINDRICAL_SURFACE('',#2313,2.);
#66=CYLINDRICAL_SURFACE('',#2318,2.);
#67=CYLINDRICAL_SURFACE('',#2323,2.);
#68=CYLINDRICAL_SURFACE('',#2328,2.);
#69=CYLINDRICAL_SURFACE('',#2333,2.);
#70=CYLINDRICAL_SURFACE('',#2334,2.);
#71=CYLINDRICAL_SURFACE('',#2336,6.49999998807905);
#72=CYLINDRICAL_SURFACE('',#2339,6.49999998807907);
#73=CYLINDRICAL_SURFACE('',#2342,2.);
#74=CYLINDRICAL_SURFACE('',#2346,1.);
#75=CYLINDRICAL_SURFACE('',#2350,1.);
#76=CYLINDRICAL_SURFACE('',#2354,2.);
#77=CYLINDRICAL_SURFACE('',#2356,1.);
#78=CYLINDRICAL_SURFACE('',#2360,1.);
#79=CYLINDRICAL_SURFACE('',#2362,2.);
#80=CYLINDRICAL_SURFACE('',#2370,2.);
#81=CYLINDRICAL_SURFACE('',#2372,2.);
#82=CYLINDRICAL_SURFACE('',#2379,2.);
#83=CYLINDRICAL_SURFACE('',#2381,2.);
#84=CYLINDRICAL_SURFACE('',#2387,2.);
#85=CYLINDRICAL_SURFACE('',#2390,1.5);
#86=CYLINDRICAL_SURFACE('',#2397,1.5);
#87=CYLINDRICAL_SURFACE('',#2399,6.49999998807907);
#88=CYLINDRICAL_SURFACE('',#2402,1.5);
#89=CYLINDRICAL_SURFACE('',#2408,1.5);
#90=CYLINDRICAL_SURFACE('',#2410,6.49999998807907);
#91=CYLINDRICAL_SURFACE('',#2412,1.5);
#92=CYLINDRICAL_SURFACE('',#2417,1.5);
#93=CYLINDRICAL_SURFACE('',#2422,1.5);
#94=CYLINDRICAL_SURFACE('',#2429,4.5);
#95=CYLINDRICAL_SURFACE('',#2444,4.5);
#96=CYLINDRICAL_SURFACE('',#2457,1.5);
#97=CYLINDRICAL_SURFACE('',#2460,1.5);
#98=CYLINDRICAL_SURFACE('',#2463,1.5);
#99=CYLINDRICAL_SURFACE('',#2466,1.5);
#100=CYLINDRICAL_SURFACE('',#2468,44.8191196601666);
#101=CYLINDRICAL_SURFACE('',#2471,44.8191131882839);
#102=CYLINDRICAL_SURFACE('',#2482,3.99999998807905);
#103=CYLINDRICAL_SURFACE('',#2484,3.99999998807907);
#104=CYLINDRICAL_SURFACE('',#2486,3.99999998807906);
#105=CYLINDRICAL_SURFACE('',#2488,3.99999998807906);
#106=CYLINDRICAL_SURFACE('',#2489,44.8191196085881);
#107=CYLINDRICAL_SURFACE('',#2491,44.8191196085889);
#108=FACE_BOUND('',#297,.T.);
#109=FACE_BOUND('',#298,.T.);
#110=FACE_BOUND('',#299,.T.);
#111=FACE_BOUND('',#300,.T.);
#112=FACE_BOUND('',#301,.T.);
#113=FACE_BOUND('',#417,.T.);
#114=FACE_BOUND('',#418,.T.);
#115=FACE_BOUND('',#419,.T.);
#116=FACE_BOUND('',#420,.T.);
#117=FACE_BOUND('',#421,.T.);
#118=PLANE('',#2249);
#119=PLANE('',#2335);
#120=PLANE('',#2338);
#121=PLANE('',#2341);
#122=PLANE('',#2344);
#123=PLANE('',#2348);
#124=PLANE('',#2352);
#125=PLANE('',#2358);
#126=PLANE('',#2380);
#127=PLANE('',#2389);
#128=PLANE('',#2398);
#129=PLANE('',#2400);
#130=PLANE('',#2401);
#131=PLANE('',#2411);
#132=PLANE('',#2423);
#133=PLANE('',#2424);
#134=PLANE('',#2425);
#135=PLANE('',#2427);
#136=PLANE('',#2428);
#137=PLANE('',#2430);
#138=PLANE('',#2431);
#139=PLANE('',#2432);
#140=PLANE('',#2433);
#141=PLANE('',#2434);
#142=PLANE('',#2435);
#143=PLANE('',#2438);
#144=PLANE('',#2439);
#145=PLANE('',#2440);
#146=PLANE('',#2442);
#147=PLANE('',#2443);
#148=PLANE('',#2445);
#149=PLANE('',#2446);
#150=PLANE('',#2447);
#151=PLANE('',#2448);
#152=PLANE('',#2449);
#153=PLANE('',#2450);
#154=PLANE('',#2452);
#155=PLANE('',#2454);
#156=PLANE('',#2467);
#157=PLANE('',#2470);
#158=PLANE('',#2473);
#159=PLANE('',#2474);
#160=PLANE('',#2481);
#161=PLANE('',#2483);
#162=PLANE('',#2485);
#163=PLANE('',#2487);
#164=PLANE('',#2490);
#165=PLANE('',#2492);
#166=FACE_OUTER_BOUND('',#295,.T.);
#167=FACE_OUTER_BOUND('',#296,.T.);
#168=FACE_OUTER_BOUND('',#302,.T.);
#169=FACE_OUTER_BOUND('',#303,.T.);
#170=FACE_OUTER_BOUND('',#304,.T.);
#171=FACE_OUTER_BOUND('',#305,.T.);
#172=FACE_OUTER_BOUND('',#306,.T.);
#173=FACE_OUTER_BOUND('',#307,.T.);
#174=FACE_OUTER_BOUND('',#308,.T.);
#175=FACE_OUTER_BOUND('',#309,.T.);
#176=FACE_OUTER_BOUND('',#310,.T.);
#177=FACE_OUTER_BOUND('',#311,.T.);
#178=FACE_OUTER_BOUND('',#312,.T.);
#179=FACE_OUTER_BOUND('',#313,.T.);
#180=FACE_OUTER_BOUND('',#314,.T.);
#181=FACE_OUTER_BOUND('',#315,.T.);
#182=FACE_OUTER_BOUND('',#316,.T.);
#183=FACE_OUTER_BOUND('',#317,.T.);
#184=FACE_OUTER_BOUND('',#318,.T.);
#185=FACE_OUTER_BOUND('',#319,.T.);
#186=FACE_OUTER_BOUND('',#320,.T.);
#187=FACE_OUTER_BOUND('',#321,.T.);
#188=FACE_OUTER_BOUND('',#322,.T.);
#189=FACE_OUTER_BOUND('',#323,.T.);
#190=FACE_OUTER_BOUND('',#324,.T.);
#191=FACE_OUTER_BOUND('',#325,.T.);
#192=FACE_OUTER_BOUND('',#326,.T.);
#193=FACE_OUTER_BOUND('',#327,.T.);
#194=FACE_OUTER_BOUND('',#328,.T.);
#195=FACE_OUTER_BOUND('',#329,.T.);
#196=FACE_OUTER_BOUND('',#330,.T.);
#197=FACE_OUTER_BOUND('',#331,.T.);
#198=FACE_OUTER_BOUND('',#332,.T.);
#199=FACE_OUTER_BOUND('',#333,.T.);
#200=FACE_OUTER_BOUND('',#334,.T.);
#201=FACE_OUTER_BOUND('',#335,.T.);
#202=FACE_OUTER_BOUND('',#336,.T.);
#203=FACE_OUTER_BOUND('',#337,.T.);
#204=FACE_OUTER_BOUND('',#338,.T.);
#205=FACE_OUTER_BOUND('',#339,.T.);
#206=FACE_OUTER_BOUND('',#340,.T.);
#207=FACE_OUTER_BOUND('',#341,.T.);
#208=FACE_OUTER_BOUND('',#342,.T.);
#209=FACE_OUTER_BOUND('',#343,.T.);
#210=FACE_OUTER_BOUND('',#344,.T.);
#211=FACE_OUTER_BOUND('',#345,.T.);
#212=FACE_OUTER_BOUND('',#346,.T.);
#213=FACE_OUTER_BOUND('',#347,.T.);
#214=FACE_OUTER_BOUND('',#348,.T.);
#215=FACE_OUTER_BOUND('',#349,.T.);
#216=FACE_OUTER_BOUND('',#350,.T.);
#217=FACE_OUTER_BOUND('',#351,.T.);
#218=FACE_OUTER_BOUND('',#352,.T.);
#219=FACE_OUTER_BOUND('',#353,.T.);
#220=FACE_OUTER_BOUND('',#354,.T.);
#221=FACE_OUTER_BOUND('',#355,.T.);
#222=FACE_OUTER_BOUND('',#356,.T.);
#223=FACE_OUTER_BOUND('',#357,.T.);
#224=FACE_OUTER_BOUND('',#358,.T.);
#225=FACE_OUTER_BOUND('',#359,.T.);
#226=FACE_OUTER_BOUND('',#360,.T.);
#227=FACE_OUTER_BOUND('',#361,.T.);
#228=FACE_OUTER_BOUND('',#362,.T.);
#229=FACE_OUTER_BOUND('',#363,.T.);
#230=FACE_OUTER_BOUND('',#364,.T.);
#231=FACE_OUTER_BOUND('',#365,.T.);
#232=FACE_OUTER_BOUND('',#366,.T.);
#233=FACE_OUTER_BOUND('',#367,.T.);
#234=FACE_OUTER_BOUND('',#368,.T.);
#235=FACE_OUTER_BOUND('',#369,.T.);
#236=FACE_OUTER_BOUND('',#370,.T.);
#237=FACE_OUTER_BOUND('',#371,.T.);
#238=FACE_OUTER_BOUND('',#372,.T.);
#239=FACE_OUTER_BOUND('',#373,.T.);
#240=FACE_OUTER_BOUND('',#374,.T.);
#241=FACE_OUTER_BOUND('',#375,.T.);
#242=FACE_OUTER_BOUND('',#376,.T.);
#243=FACE_OUTER_BOUND('',#377,.T.);
#244=FACE_OUTER_BOUND('',#378,.T.);
#245=FACE_OUTER_BOUND('',#379,.T.);
#246=FACE_OUTER_BOUND('',#380,.T.);
#247=FACE_OUTER_BOUND('',#381,.T.);
#248=FACE_OUTER_BOUND('',#382,.T.);
#249=FACE_OUTER_BOUND('',#383,.T.);
#250=FACE_OUTER_BOUND('',#384,.T.);
#251=FACE_OUTER_BOUND('',#385,.T.);
#252=FACE_OUTER_BOUND('',#386,.T.);
#253=FACE_OUTER_BOUND('',#387,.T.);
#254=FACE_OUTER_BOUND('',#388,.T.);
#255=FACE_OUTER_BOUND('',#389,.T.);
#256=FACE_OUTER_BOUND('',#390,.T.);
#257=FACE_OUTER_BOUND('',#391,.T.);
#258=FACE_OUTER_BOUND('',#392,.T.);
#259=FACE_OUTER_BOUND('',#393,.T.);
#260=FACE_OUTER_BOUND('',#394,.T.);
#261=FACE_OUTER_BOUND('',#395,.T.);
#262=FACE_OUTER_BOUND('',#396,.T.);
#263=FACE_OUTER_BOUND('',#397,.T.);
#264=FACE_OUTER_BOUND('',#398,.T.);
#265=FACE_OUTER_BOUND('',#399,.T.);
#266=FACE_OUTER_BOUND('',#400,.T.);
#267=FACE_OUTER_BOUND('',#401,.T.);
#268=FACE_OUTER_BOUND('',#402,.T.);
#269=FACE_OUTER_BOUND('',#403,.T.);
#270=FACE_OUTER_BOUND('',#404,.T.);
#271=FACE_OUTER_BOUND('',#405,.T.);
#272=FACE_OUTER_BOUND('',#406,.T.);
#273=FACE_OUTER_BOUND('',#407,.T.);
#274=FACE_OUTER_BOUND('',#408,.T.);
#275=FACE_OUTER_BOUND('',#409,.T.);
#276=FACE_OUTER_BOUND('',#410,.T.);
#277=FACE_OUTER_BOUND('',#411,.T.);
#278=FACE_OUTER_BOUND('',#412,.T.);
#279=FACE_OUTER_BOUND('',#413,.T.);
#280=FACE_OUTER_BOUND('',#414,.T.);
#281=FACE_OUTER_BOUND('',#415,.T.);
#282=FACE_OUTER_BOUND('',#416,.T.);
#283=FACE_OUTER_BOUND('',#422,.T.);
#284=FACE_OUTER_BOUND('',#423,.T.);
#285=FACE_OUTER_BOUND('',#424,.T.);
#286=FACE_OUTER_BOUND('',#425,.T.);
#287=FACE_OUTER_BOUND('',#426,.T.);
#288=FACE_OUTER_BOUND('',#427,.T.);
#289=FACE_OUTER_BOUND('',#428,.T.);
#290=FACE_OUTER_BOUND('',#429,.T.);
#291=FACE_OUTER_BOUND('',#430,.T.);
#292=FACE_OUTER_BOUND('',#431,.T.);
#293=FACE_OUTER_BOUND('',#432,.T.);
#294=FACE_OUTER_BOUND('',#433,.T.);
#295=EDGE_LOOP('',(#1461,#1462,#1463,#1464));
#296=EDGE_LOOP('',(#1465,#1466,#1467,#1468,#1469,#1470,#1471,#1472,#1473,
#1474,#1475,#1476,#1477,#1478,#1479,#1480,#1481,#1482,#1483,#1484));
#297=EDGE_LOOP('',(#1485));
#298=EDGE_LOOP('',(#1486));
#299=EDGE_LOOP('',(#1487,#1488,#1489,#1490,#1491,#1492,#1493,#1494));
#300=EDGE_LOOP('',(#1495));
#301=EDGE_LOOP('',(#1496));
#302=EDGE_LOOP('',(#1497,#1498,#1499,#1500));
#303=EDGE_LOOP('',(#1501,#1502,#1503,#1504));
#304=EDGE_LOOP('',(#1505,#1506,#1507,#1508));
#305=EDGE_LOOP('',(#1509,#1510,#1511,#1512));
#306=EDGE_LOOP('',(#1513,#1514,#1515,#1516));
#307=EDGE_LOOP('',(#1517,#1518,#1519,#1520));
#308=EDGE_LOOP('',(#1521,#1522,#1523,#1524));
#309=EDGE_LOOP('',(#1525,#1526,#1527));
#310=EDGE_LOOP('',(#1528,#1529,#1530));
#311=EDGE_LOOP('',(#1531,#1532,#1533));
#312=EDGE_LOOP('',(#1534,#1535,#1536));
#313=EDGE_LOOP('',(#1537,#1538,#1539,#1540));
#314=EDGE_LOOP('',(#1541,#1542,#1543,#1544));
#315=EDGE_LOOP('',(#1545,#1546,#1547,#1548));
#316=EDGE_LOOP('',(#1549,#1550,#1551,#1552));
#317=EDGE_LOOP('',(#1553,#1554,#1555,#1556));
#318=EDGE_LOOP('',(#1557,#1558,#1559,#1560));
#319=EDGE_LOOP('',(#1561,#1562,#1563,#1564));
#320=EDGE_LOOP('',(#1565,#1566,#1567,#1568));
#321=EDGE_LOOP('',(#1569,#1570,#1571,#1572));
#322=EDGE_LOOP('',(#1573,#1574,#1575,#1576));
#323=EDGE_LOOP('',(#1577,#1578,#1579,#1580));
#324=EDGE_LOOP('',(#1581,#1582,#1583,#1584));
#325=EDGE_LOOP('',(#1585,#1586,#1587,#1588));
#326=EDGE_LOOP('',(#1589,#1590,#1591,#1592));
#327=EDGE_LOOP('',(#1593,#1594,#1595,#1596));
#328=EDGE_LOOP('',(#1597,#1598,#1599,#1600));
#329=EDGE_LOOP('',(#1601,#1602,#1603,#1604));
#330=EDGE_LOOP('',(#1605,#1606,#1607,#1608));
#331=EDGE_LOOP('',(#1609,#1610,#1611,#1612));
#332=EDGE_LOOP('',(#1613,#1614,#1615,#1616));
#333=EDGE_LOOP('',(#1617,#1618,#1619,#1620));
#334=EDGE_LOOP('',(#1621,#1622,#1623,#1624));
#335=EDGE_LOOP('',(#1625,#1626,#1627,#1628));
#336=EDGE_LOOP('',(#1629,#1630,#1631,#1632));
#337=EDGE_LOOP('',(#1633,#1634,#1635,#1636));
#338=EDGE_LOOP('',(#1637,#1638,#1639,#1640));
#339=EDGE_LOOP('',(#1641,#1642,#1643,#1644,#1645,#1646,#1647));
#340=EDGE_LOOP('',(#1648,#1649,#1650,#1651));
#341=EDGE_LOOP('',(#1652,#1653,#1654,#1655,#1656,#1657,#1658,#1659));
#342=EDGE_LOOP('',(#1660,#1661,#1662,#1663));
#343=EDGE_LOOP('',(#1664,#1665,#1666,#1667,#1668,#1669,#1670));
#344=EDGE_LOOP('',(#1671,#1672,#1673,#1674));
#345=EDGE_LOOP('',(#1675,#1676,#1677,#1678));
#346=EDGE_LOOP('',(#1679,#1680,#1681,#1682,#1683,#1684,#1685,#1686));
#347=EDGE_LOOP('',(#1687,#1688,#1689,#1690));
#348=EDGE_LOOP('',(#1691,#1692,#1693,#1694));
#349=EDGE_LOOP('',(#1695,#1696,#1697,#1698));
#350=EDGE_LOOP('',(#1699,#1700,#1701,#1702));
#351=EDGE_LOOP('',(#1703,#1704,#1705,#1706));
#352=EDGE_LOOP('',(#1707,#1708,#1709,#1710));
#353=EDGE_LOOP('',(#1711,#1712,#1713,#1714));
#354=EDGE_LOOP('',(#1715,#1716,#1717,#1718));
#355=EDGE_LOOP('',(#1719,#1720,#1721,#1722,#1723,#1724,#1725));
#356=EDGE_LOOP('',(#1726,#1727,#1728,#1729));
#357=EDGE_LOOP('',(#1730,#1731,#1732,#1733));
#358=EDGE_LOOP('',(#1734,#1735,#1736,#1737));
#359=EDGE_LOOP('',(#1738,#1739,#1740,#1741,#1742,#1743,#1744));
#360=EDGE_LOOP('',(#1745,#1746,#1747,#1748));
#361=EDGE_LOOP('',(#1749,#1750,#1751,#1752));
#362=EDGE_LOOP('',(#1753,#1754,#1755,#1756));
#363=EDGE_LOOP('',(#1757,#1758,#1759,#1760));
#364=EDGE_LOOP('',(#1761,#1762,#1763,#1764));
#365=EDGE_LOOP('',(#1765,#1766,#1767,#1768,#1769,#1770,#1771,#1772));
#366=EDGE_LOOP('',(#1773,#1774,#1775,#1776,#1777));
#367=EDGE_LOOP('',(#1778,#1779,#1780,#1781));
#368=EDGE_LOOP('',(#1782,#1783,#1784,#1785));
#369=EDGE_LOOP('',(#1786,#1787,#1788,#1789));
#370=EDGE_LOOP('',(#1790,#1791,#1792,#1793));
#371=EDGE_LOOP('',(#1794,#1795,#1796,#1797));
#372=EDGE_LOOP('',(#1798,#1799,#1800,#1801));
#373=EDGE_LOOP('',(#1802,#1803,#1804,#1805));
#374=EDGE_LOOP('',(#1806,#1807,#1808,#1809));
#375=EDGE_LOOP('',(#1810,#1811,#1812,#1813));
#376=EDGE_LOOP('',(#1814,#1815,#1816,#1817));
#377=EDGE_LOOP('',(#1818,#1819,#1820,#1821));
#378=EDGE_LOOP('',(#1822,#1823,#1824,#1825,#1826,#1827));
#379=EDGE_LOOP('',(#1828,#1829,#1830,#1831,#1832,#1833,#1834,#1835,#1836,
#1837));
#380=EDGE_LOOP('',(#1838,#1839,#1840,#1841));
#381=EDGE_LOOP('',(#1842,#1843,#1844,#1845));
#382=EDGE_LOOP('',(#1846,#1847,#1848,#1849));
#383=EDGE_LOOP('',(#1850,#1851,#1852,#1853));
#384=EDGE_LOOP('',(#1854,#1855,#1856,#1857));
#385=EDGE_LOOP('',(#1858,#1859,#1860,#1861,#1862,#1863,#1864,#1865,#1866,
#1867,#1868,#1869,#1870,#1871));
#386=EDGE_LOOP('',(#1872,#1873,#1874,#1875));
#387=EDGE_LOOP('',(#1876,#1877,#1878,#1879));
#388=EDGE_LOOP('',(#1880,#1881,#1882,#1883,#1884,#1885,#1886,#1887,#1888,
#1889,#1890,#1891));
#389=EDGE_LOOP('',(#1892,#1893,#1894,#1895));
#390=EDGE_LOOP('',(#1896,#1897,#1898,#1899,#1900,#1901));
#391=EDGE_LOOP('',(#1902,#1903,#1904,#1905,#1906,#1907,#1908,#1909,#1910,
#1911));
#392=EDGE_LOOP('',(#1912,#1913,#1914,#1915));
#393=EDGE_LOOP('',(#1916,#1917,#1918,#1919));
#394=EDGE_LOOP('',(#1920,#1921,#1922,#1923));
#395=EDGE_LOOP('',(#1924,#1925,#1926,#1927));
#396=EDGE_LOOP('',(#1928,#1929,#1930,#1931));
#397=EDGE_LOOP('',(#1932,#1933,#1934,#1935,#1936,#1937,#1938,#1939,#1940,
#1941,#1942,#1943,#1944,#1945));
#398=EDGE_LOOP('',(#1946,#1947,#1948,#1949));
#399=EDGE_LOOP('',(#1950,#1951,#1952,#1953));
#400=EDGE_LOOP('',(#1954,#1955,#1956,#1957,#1958,#1959,#1960,#1961));
#401=EDGE_LOOP('',(#1962,#1963,#1964,#1965,#1966,#1967,#1968,#1969));
#402=EDGE_LOOP('',(#1970,#1971,#1972,#1973,#1974,#1975,#1976,#1977,#1978,
#1979));
#403=EDGE_LOOP('',(#1980,#1981,#1982,#1983));
#404=EDGE_LOOP('',(#1984,#1985,#1986,#1987));
#405=EDGE_LOOP('',(#1988,#1989,#1990,#1991));
#406=EDGE_LOOP('',(#1992,#1993,#1994,#1995));
#407=EDGE_LOOP('',(#1996,#1997,#1998,#1999));
#408=EDGE_LOOP('',(#2000,#2001,#2002,#2003));
#409=EDGE_LOOP('',(#2004,#2005,#2006,#2007));
#410=EDGE_LOOP('',(#2008,#2009,#2010,#2011));
#411=EDGE_LOOP('',(#2012,#2013,#2014,#2015));
#412=EDGE_LOOP('',(#2016,#2017,#2018,#2019));
#413=EDGE_LOOP('',(#2020,#2021,#2022,#2023));
#414=EDGE_LOOP('',(#2024,#2025,#2026,#2027));
#415=EDGE_LOOP('',(#2028,#2029,#2030,#2031,#2032));
#416=EDGE_LOOP('',(#2033,#2034,#2035,#2036,#2037,#2038,#2039,#2040,#2041,
#2042,#2043,#2044));
#417=EDGE_LOOP('',(#2045));
#418=EDGE_LOOP('',(#2046));
#419=EDGE_LOOP('',(#2047));
#420=EDGE_LOOP('',(#2048));
#421=EDGE_LOOP('',(#2049,#2050,#2051,#2052,#2053,#2054,#2055,#2056));
#422=EDGE_LOOP('',(#2057,#2058,#2059,#2060));
#423=EDGE_LOOP('',(#2061,#2062,#2063,#2064));
#424=EDGE_LOOP('',(#2065,#2066,#2067,#2068));
#425=EDGE_LOOP('',(#2069,#2070,#2071,#2072));
#426=EDGE_LOOP('',(#2073,#2074,#2075,#2076,#2077,#2078,#2079,#2080,#2081,
#2082));
#427=EDGE_LOOP('',(#2083,#2084,#2085,#2086));
#428=EDGE_LOOP('',(#2087,#2088,#2089,#2090));
#429=EDGE_LOOP('',(#2091,#2092,#2093,#2094));
#430=EDGE_LOOP('',(#2095,#2096,#2097,#2098));
#431=EDGE_LOOP('',(#2099,#2100,#2101,#2102));
#432=EDGE_LOOP('',(#2103,#2104,#2105,#2106));
#433=EDGE_LOOP('',(#2107,#2108,#2109,#2110));
#434=LINE('',#3189,#629);
#435=LINE('',#3196,#630);
#436=LINE('',#3198,#631);
#437=LINE('',#3200,#632);
#438=LINE('',#3204,#633);
#439=LINE('',#3208,#634);
#440=LINE('',#3212,#635);
#441=LINE('',#3216,#636);
#442=LINE('',#3218,#637);
#443=LINE('',#3220,#638);
#444=LINE('',#3224,#639);
#445=LINE('',#3228,#640);
#446=LINE('',#3231,#641);
#447=LINE('',#3240,#642);
#448=LINE('',#3244,#643);
#449=LINE('',#3248,#644);
#450=LINE('',#3251,#645);
#451=LINE('',#3256,#646);
#452=LINE('',#3260,#647);
#453=LINE('',#3264,#648);
#454=LINE('',#3268,#649);
#455=LINE('',#3272,#650);
#456=LINE('',#3276,#651);
#457=LINE('',#3280,#652);
#458=LINE('',#3431,#653);
#459=LINE('',#3439,#654);
#460=LINE('',#3447,#655);
#461=LINE('',#3453,#656);
#462=LINE('',#3455,#657);
#463=LINE('',#3457,#658);
#464=LINE('',#3461,#659);
#465=LINE('',#3469,#660);
#466=LINE('',#3477,#661);
#467=LINE('',#3485,#662);
#468=LINE('',#3491,#663);
#469=LINE('',#3493,#664);
#470=LINE('',#3496,#665);
#471=LINE('',#3498,#666);
#472=LINE('',#3499,#667);
#473=LINE('',#3502,#668);
#474=LINE('',#3506,#669);
#475=LINE('',#3507,#670);
#476=LINE('',#3510,#671);
#477=LINE('',#3514,#672);
#478=LINE('',#3515,#673);
#479=LINE('',#3518,#674);
#480=LINE('',#3522,#675);
#481=LINE('',#3524,#676);
#482=LINE('',#3526,#677);
#483=LINE('',#3528,#678);
#484=LINE('',#3532,#679);
#485=LINE('',#3536,#680);
#486=LINE('',#3538,#681);
#487=LINE('',#3540,#682);
#488=LINE('',#3544,#683);
#489=LINE('',#3545,#684);
#490=LINE('',#3548,#685);
#491=LINE('',#3552,#686);
#492=LINE('',#3556,#687);
#493=LINE('',#3558,#688);
#494=LINE('',#3559,#689);
#495=LINE('',#3562,#690);
#496=LINE('',#3566,#691);
#497=LINE('',#3569,#692);
#498=LINE('',#3572,#693);
#499=LINE('',#3574,#694);
#500=LINE('',#3578,#695);
#501=LINE('',#3580,#696);
#502=LINE('',#3581,#697);
#503=LINE('',#3585,#698);
#504=LINE('',#3590,#699);
#505=LINE('',#3601,#700);
#506=LINE('',#3607,#701);
#507=LINE('',#3610,#702);
#508=LINE('',#3617,#703);
#509=LINE('',#3620,#704);
#510=LINE('',#3621,#705);
#511=LINE('',#3624,#706);
#512=LINE('',#3627,#707);
#513=LINE('',#3638,#708);
#514=LINE('',#3639,#709);
#515=LINE('',#3642,#710);
#516=LINE('',#3643,#711);
#517=LINE('',#3649,#712);
#518=LINE('',#3652,#713);
#519=LINE('',#3660,#714);
#520=LINE('',#3661,#715);
#521=LINE('',#3663,#716);
#522=LINE('',#3665,#717);
#523=LINE('',#3668,#718);
#524=LINE('',#3670,#719);
#525=LINE('',#3672,#720);
#526=LINE('',#3674,#721);
#527=LINE('',#3675,#722);
#528=LINE('',#3678,#723);
#529=LINE('',#3680,#724);
#530=LINE('',#3681,#725);
#531=LINE('',#3684,#726);
#532=LINE('',#3687,#727);
#533=LINE('',#3696,#728);
#534=LINE('',#3698,#729);
#535=LINE('',#3703,#730);
#536=LINE('',#3711,#731);
#537=LINE('',#3717,#732);
#538=LINE('',#3721,#733);
#539=LINE('',#3723,#734);
#540=LINE('',#3725,#735);
#541=LINE('',#3726,#736);
#542=LINE('',#3729,#737);
#543=LINE('',#3731,#738);
#544=LINE('',#3733,#739);
#545=LINE('',#3735,#740);
#546=LINE('',#3736,#741);
#547=LINE('',#3739,#742);
#548=LINE('',#3741,#743);
#549=LINE('',#3743,#744);
#550=LINE('',#3745,#745);
#551=LINE('',#3747,#746);
#552=LINE('',#3751,#747);
#553=LINE('',#3753,#748);
#554=LINE('',#3754,#749);
#555=LINE('',#3756,#750);
#556=LINE('',#3757,#751);
#557=LINE('',#3760,#752);
#558=LINE('',#3761,#753);
#559=LINE('',#3763,#754);
#560=LINE('',#3765,#755);
#561=LINE('',#3767,#756);
#562=LINE('',#3768,#757);
#563=LINE('',#3769,#758);
#564=LINE('',#3774,#759);
#565=LINE('',#3778,#760);
#566=LINE('',#3781,#761);
#567=LINE('',#3785,#762);
#568=LINE('',#3787,#763);
#569=LINE('',#3789,#764);
#570=LINE('',#3790,#765);
#571=LINE('',#3793,#766);
#572=LINE('',#3795,#767);
#573=LINE('',#3797,#768);
#574=LINE('',#3799,#769);
#575=LINE('',#3800,#770);
#576=LINE('',#3803,#771);
#577=LINE('',#3805,#772);
#578=LINE('',#3807,#773);
#579=LINE('',#3811,#774);
#580=LINE('',#3813,#775);
#581=LINE('',#3815,#776);
#582=LINE('',#3817,#777);
#583=LINE('',#3818,#778);
#584=LINE('',#3820,#779);
#585=LINE('',#3821,#780);
#586=LINE('',#3824,#781);
#587=LINE('',#3825,#782);
#588=LINE('',#3827,#783);
#589=LINE('',#3829,#784);
#590=LINE('',#3831,#785);
#591=LINE('',#3832,#786);
#592=LINE('',#3833,#787);
#593=LINE('',#3838,#788);
#594=LINE('',#3840,#789);
#595=LINE('',#3843,#790);
#596=LINE('',#3846,#791);
#597=LINE('',#3849,#792);
#598=LINE('',#3852,#793);
#599=LINE('',#3854,#794);
#600=LINE('',#3855,#795);
#601=LINE('',#3898,#796);
#602=LINE('',#3932,#797);
#603=LINE('',#3950,#798);
#604=LINE('',#3987,#799);
#605=LINE('',#3990,#800);
#606=LINE('',#3992,#801);
#607=LINE('',#3993,#802);
#608=LINE('',#3996,#803);
#609=LINE('',#4000,#804);
#610=LINE('',#4001,#805);
#611=LINE('',#4004,#806);
#612=LINE('',#4008,#807);
#613=LINE('',#4009,#808);
#614=LINE('',#4012,#809);
#615=LINE('',#4017,#810);
#616=LINE('',#4021,#811);
#617=LINE('',#4024,#812);
#618=LINE('',#4027,#813);
#619=LINE('',#4030,#814);
#620=LINE('',#4033,#815);
#621=LINE('',#4035,#816);
#622=LINE('',#4037,#817);
#623=LINE('',#4039,#818);
#624=LINE('',#4041,#819);
#625=LINE('',#4044,#820);
#626=LINE('',#4047,#821);
#627=LINE('',#4049,#822);
#628=LINE('',#4051,#823);
#629=VECTOR('',#2499,2.95);
#630=VECTOR('',#2506,10.);
#631=VECTOR('',#2507,10.);
#632=VECTOR('',#2508,10.);
#633=VECTOR('',#2511,10.);
#634=VECTOR('',#2514,10.);
#635=VECTOR('',#2517,10.);
#636=VECTOR('',#2520,10.);
#637=VECTOR('',#2521,10.);
#638=VECTOR('',#2522,10.);
#639=VECTOR('',#2525,10.);
#640=VECTOR('',#2528,10.);
#641=VECTOR('',#2531,10.);
#642=VECTOR('',#2538,10.);
#643=VECTOR('',#2541,10.);
#644=VECTOR('',#2544,10.);
#645=VECTOR('',#2547,10.);
#646=VECTOR('',#2552,2.45);
#647=VECTOR('',#2557,2.95);
#648=VECTOR('',#2562,2.45);
#649=VECTOR('',#2567,2.95);
#650=VECTOR('',#2572,2.45);
#651=VECTOR('',#2577,2.95);
#652=VECTOR('',#2582,2.45);
#653=VECTOR('',#2621,10.);
#654=VECTOR('',#2632,10.);
#655=VECTOR('',#2643,10.);
#656=VECTOR('',#2652,10.);
#657=VECTOR('',#2655,10.);
#658=VECTOR('',#2658,10.);
#659=VECTOR('',#2663,10.);
#660=VECTOR('',#2674,10.);
#661=VECTOR('',#2685,10.);
#662=VECTOR('',#2696,10.);
#663=VECTOR('',#2705,10.);
#664=VECTOR('',#2708,10.);
#665=VECTOR('',#2711,10.);
#666=VECTOR('',#2712,10.);
#667=VECTOR('',#2713,10.);
#668=VECTOR('',#2716,10.);
#669=VECTOR('',#2721,10.);
#670=VECTOR('',#2722,10.);
#671=VECTOR('',#2725,10.);
#672=VECTOR('',#2730,10.);
#673=VECTOR('',#2731,10.);
#674=VECTOR('',#2734,10.);
#675=VECTOR('',#2739,10.);
#676=VECTOR('',#2740,10.);
#677=VECTOR('',#2741,10.);
#678=VECTOR('',#2742,10.);
#679=VECTOR('',#2747,10.);
#680=VECTOR('',#2752,10.);
#681=VECTOR('',#2753,10.);
#682=VECTOR('',#2754,10.);
#683=VECTOR('',#2757,10.);
#684=VECTOR('',#2758,10.);
#685=VECTOR('',#2761,10.);
#686=VECTOR('',#2766,10.);
#687=VECTOR('',#2769,10.);
#688=VECTOR('',#2770,10.);
#689=VECTOR('',#2771,10.);
#690=VECTOR('',#2774,10.);
#691=VECTOR('',#2779,10.);
#692=VECTOR('',#2782,10.);
#693=VECTOR('',#2785,10.);
#694=VECTOR('',#2786,10.);
#695=VECTOR('',#2789,10.);
#696=VECTOR('',#2790,10.);
#697=VECTOR('',#2791,10.);
#698=VECTOR('',#2796,10.);
#699=VECTOR('',#2801,10.);
#700=VECTOR('',#2818,10.);
#701=VECTOR('',#2823,10.);
#702=VECTOR('',#2826,10.);
#703=VECTOR('',#2837,10.);
#704=VECTOR('',#2840,10.);
#705=VECTOR('',#2841,10.);
#706=VECTOR('',#2844,10.);
#707=VECTOR('',#2847,10.);
#708=VECTOR('',#2860,10.);
#709=VECTOR('',#2861,10.);
#710=VECTOR('',#2864,10.);
#711=VECTOR('',#2865,10.);
#712=VECTOR('',#2870,10.);
#713=VECTOR('',#2873,10.);
#714=VECTOR('',#2884,10.);
#715=VECTOR('',#2885,10.);
#716=VECTOR('',#2888,10.);
#717=VECTOR('',#2891,10.);
#718=VECTOR('',#2894,10.);
#719=VECTOR('',#2895,10.);
#720=VECTOR('',#2896,10.);
#721=VECTOR('',#2897,10.);
#722=VECTOR('',#2898,10.);
#723=VECTOR('',#2901,10.);
#724=VECTOR('',#2902,10.);
#725=VECTOR('',#2903,10.);
#726=VECTOR('',#2906,10.);
#727=VECTOR('',#2909,10.);
#728=VECTOR('',#2922,10.);
#729=VECTOR('',#2925,10.);
#730=VECTOR('',#2932,10.);
#731=VECTOR('',#2943,10.);
#732=VECTOR('',#2952,10.);
#733=VECTOR('',#2955,10.);
#734=VECTOR('',#2956,10.);
#735=VECTOR('',#2957,10.);
#736=VECTOR('',#2958,10.);
#737=VECTOR('',#2961,10.);
#738=VECTOR('',#2962,10.);
#739=VECTOR('',#2963,10.);
#740=VECTOR('',#2964,10.);
#741=VECTOR('',#2965,10.);
#742=VECTOR('',#2968,10.);
#743=VECTOR('',#2969,10.);
#744=VECTOR('',#2970,10.);
#745=VECTOR('',#2971,10.);
#746=VECTOR('',#2972,10.);
#747=VECTOR('',#2975,10.);
#748=VECTOR('',#2976,10.);
#749=VECTOR('',#2977,10.);
#750=VECTOR('',#2980,10.);
#751=VECTOR('',#2981,10.);
#752=VECTOR('',#2986,10.);
#753=VECTOR('',#2987,10.);
#754=VECTOR('',#2990,10.);
#755=VECTOR('',#2993,10.);
#756=VECTOR('',#2996,10.);
#757=VECTOR('',#2997,10.);
#758=VECTOR('',#2998,10.);
#759=VECTOR('',#3005,10.);
#760=VECTOR('',#3008,10.);
#761=VECTOR('',#3011,10.);
#762=VECTOR('',#3014,10.);
#763=VECTOR('',#3015,10.);
#764=VECTOR('',#3016,10.);
#765=VECTOR('',#3017,10.);
#766=VECTOR('',#3020,10.);
#767=VECTOR('',#3021,10.);
#768=VECTOR('',#3022,10.);
#769=VECTOR('',#3023,10.);
#770=VECTOR('',#3024,10.);
#771=VECTOR('',#3027,10.);
#772=VECTOR('',#3028,10.);
#773=VECTOR('',#3029,10.);
#774=VECTOR('',#3032,10.);
#775=VECTOR('',#3033,10.);
#776=VECTOR('',#3034,10.);
#777=VECTOR('',#3035,10.);
#778=VECTOR('',#3036,10.);
#779=VECTOR('',#3039,10.);
#780=VECTOR('',#3040,10.);
#781=VECTOR('',#3045,10.);
#782=VECTOR('',#3046,10.);
#783=VECTOR('',#3049,10.);
#784=VECTOR('',#3052,10.);
#785=VECTOR('',#3055,10.);
#786=VECTOR('',#3056,10.);
#787=VECTOR('',#3057,10.);
#788=VECTOR('',#3064,10.);
#789=VECTOR('',#3065,10.);
#790=VECTOR('',#3068,10.);
#791=VECTOR('',#3071,10.);
#792=VECTOR('',#3074,10.);
#793=VECTOR('',#3077,10.);
#794=VECTOR('',#3078,10.);
#795=VECTOR('',#3079,10.);
#796=VECTOR('',#3086,10.);
#797=VECTOR('',#3093,10.);
#798=VECTOR('',#3100,10.);
#799=VECTOR('',#3107,10.);
#800=VECTOR('',#3110,10.);
#801=VECTOR('',#3111,10.);
#802=VECTOR('',#3112,10.);
#803=VECTOR('',#3115,10.);
#804=VECTOR('',#3120,10.);
#805=VECTOR('',#3121,10.);
#806=VECTOR('',#3124,10.);
#807=VECTOR('',#3129,10.);
#808=VECTOR('',#3130,10.);
#809=VECTOR('',#3133,10.);
#810=VECTOR('',#3138,10.);
#811=VECTOR('',#3141,10.);
#812=VECTOR('',#3144,10.);
#813=VECTOR('',#3145,10.);
#814=VECTOR('',#3148,10.);
#815=VECTOR('',#3153,10.);
#816=VECTOR('',#3156,10.);
#817=VECTOR('',#3159,10.);
#818=VECTOR('',#3162,10.);
#819=VECTOR('',#3165,10.);
#820=VECTOR('',#3170,10.);
#821=VECTOR('',#3175,10.);
#822=VECTOR('',#3178,10.);
#823=VECTOR('',#3181,10.);
#824=CIRCLE('',#2247,3.45);
#825=CIRCLE('',#2248,2.45);
#826=CIRCLE('',#2250,4.);
#827=CIRCLE('',#2251,4.);
#828=CIRCLE('',#2252,4.49999998807907);
#829=CIRCLE('',#2253,4.49999998807905);
#830=CIRCLE('',#2254,4.);
#831=CIRCLE('',#2255,4.);
#832=CIRCLE('',#2256,4.49999998807907);
#833=CIRCLE('',#2257,4.49999998807907);
#834=CIRCLE('',#2258,3.45);
#835=CIRCLE('',#2259,3.45);
#836=CIRCLE('',#2260,46.3191131882839);
#837=CIRCLE('',#2261,46.3191196601666);
#838=CIRCLE('',#2262,46.3191196085881);
#839=CIRCLE('',#2263,46.3191196085889);
#840=CIRCLE('',#2264,3.45);
#841=CIRCLE('',#2266,2.45);
#842=CIRCLE('',#2268,2.45);
#843=CIRCLE('',#2270,2.45);
#844=CIRCLE('',#2272,2.45);
#845=CIRCLE('',#2274,2.45);
#846=CIRCLE('',#2276,2.45);
#847=CIRCLE('',#2278,2.45);
#848=CIRCLE('',#2279,0.999999999999996);
#849=CIRCLE('',#2282,1.00000000000001);
#850=CIRCLE('',#2285,1.00000000000001);
#851=CIRCLE('',#2288,1.00000000000001);
#852=CIRCLE('',#2292,2.);
#853=CIRCLE('',#2293,2.);
#854=CIRCLE('',#2294,2.);
#855=CIRCLE('',#2296,2.);
#856=CIRCLE('',#2298,2.);
#857=CIRCLE('',#2299,6.49999998807907);
#858=CIRCLE('',#2301,2.);
#859=CIRCLE('',#2303,2.);
#860=CIRCLE('',#2304,6.49999998807907);
#861=CIRCLE('',#2306,2.);
#862=CIRCLE('',#2308,2.);
#863=CIRCLE('',#2309,2.);
#864=CIRCLE('',#2314,2.);
#865=CIRCLE('',#2316,2.);
#866=CIRCLE('',#2317,2.);
#867=CIRCLE('',#2319,2.);
#868=CIRCLE('',#2321,2.);
#869=CIRCLE('',#2322,6.49999998807905);
#870=CIRCLE('',#2324,2.);
#871=CIRCLE('',#2326,2.);
#872=CIRCLE('',#2327,6.49999998807907);
#873=CIRCLE('',#2329,2.);
#874=CIRCLE('',#2331,2.);
#875=CIRCLE('',#2332,2.);
#876=CIRCLE('',#2337,6.49999998807905);
#877=CIRCLE('',#2340,6.49999998807907);
#878=CIRCLE('',#2343,2.);
#879=CIRCLE('',#2345,3.5);
#880=CIRCLE('',#2347,1.);
#881=CIRCLE('',#2349,4.5);
#882=CIRCLE('',#2351,1.);
#883=CIRCLE('',#2353,3.5);
#884=CIRCLE('',#2355,2.);
#885=CIRCLE('',#2357,1.);
#886=CIRCLE('',#2359,4.5);
#887=CIRCLE('',#2361,1.);
#888=CIRCLE('',#2363,2.);
#889=CIRCLE('',#2364,2.);
#890=CIRCLE('',#2366,1.5);
#891=CIRCLE('',#2368,2.);
#892=CIRCLE('',#2369,1.5);
#893=CIRCLE('',#2371,2.);
#894=CIRCLE('',#2373,2.);
#895=CIRCLE('',#2374,2.);
#896=CIRCLE('',#2376,2.);
#897=CIRCLE('',#2377,1.5);
#898=CIRCLE('',#2378,3.5);
#899=CIRCLE('',#2382,2.);
#900=CIRCLE('',#2384,2.);
#901=CIRCLE('',#2385,1.5);
#902=CIRCLE('',#2386,3.5);
#903=CIRCLE('',#2388,2.);
#904=CIRCLE('',#2391,1.5);
#905=CIRCLE('',#2392,1.5);
#906=CIRCLE('',#2394,1.5);
#907=CIRCLE('',#2395,4.99999998807907);
#908=CIRCLE('',#2396,6.49999998807907);
#909=CIRCLE('',#2403,1.5);
#910=CIRCLE('',#2405,1.5);
#911=CIRCLE('',#2406,4.99999998807907);
#912=CIRCLE('',#2407,6.49999998807907);
#913=CIRCLE('',#2409,1.5);
#914=CIRCLE('',#2413,1.5);
#915=CIRCLE('',#2415,1.49999999999999);
#916=CIRCLE('',#2416,4.99999998807905);
#917=CIRCLE('',#2418,1.5);
#918=CIRCLE('',#2420,1.5);
#919=CIRCLE('',#2421,4.99999998807907);
#920=CIRCLE('',#2426,4.5);
#921=CIRCLE('',#2436,3.99999998807907);
#922=CIRCLE('',#2437,3.99999998807905);
#923=CIRCLE('',#2441,4.5);
#924=CIRCLE('',#2451,3.99999998807906);
#925=CIRCLE('',#2453,3.99999998807906);
#926=CIRCLE('',#2456,44.8191131882839);
#927=CIRCLE('',#2459,44.8191196085889);
#928=CIRCLE('',#2462,44.8191196085881);
#929=CIRCLE('',#2465,44.8191196601666);
#930=CIRCLE('',#2469,44.8191196601666);
#931=CIRCLE('',#2472,44.8191131882839);
#932=CIRCLE('',#2475,3.99999998807906);
#933=CIRCLE('',#2476,3.99999998807905);
#934=CIRCLE('',#2477,3.99999998807907);
#935=CIRCLE('',#2478,3.99999998807906);
#936=CIRCLE('',#2479,44.8191196085881);
#937=CIRCLE('',#2480,44.8191196085889);
#938=VERTEX_POINT('',#3186);
#939=VERTEX_POINT('',#3188);
#940=VERTEX_POINT('',#3192);
#941=VERTEX_POINT('',#3193);
#942=VERTEX_POINT('',#3195);
#943=VERTEX_POINT('',#3197);
#944=VERTEX_POINT('',#3199);
#945=VERTEX_POINT('',#3201);
#946=VERTEX_POINT('',#3203);
#947=VERTEX_POINT('',#3205);
#948=VERTEX_POINT('',#3207);
#949=VERTEX_POINT('',#3209);
#950=VERTEX_POINT('',#3211);
#951=VERTEX_POINT('',#3213);
#952=VERTEX_POINT('',#3215);
#953=VERTEX_POINT('',#3217);
#954=VERTEX_POINT('',#3219);
#955=VERTEX_POINT('',#3221);
#956=VERTEX_POINT('',#3223);
#957=VERTEX_POINT('',#3225);
#958=VERTEX_POINT('',#3227);
#959=VERTEX_POINT('',#3229);
#960=VERTEX_POINT('',#3232);
#961=VERTEX_POINT('',#3234);
#962=VERTEX_POINT('',#3236);
#963=VERTEX_POINT('',#3237);
#964=VERTEX_POINT('',#3239);
#965=VERTEX_POINT('',#3241);
#966=VERTEX_POINT('',#3243);
#967=VERTEX_POINT('',#3245);
#968=VERTEX_POINT('',#3247);
#969=VERTEX_POINT('',#3249);
#970=VERTEX_POINT('',#3252);
#971=VERTEX_POINT('',#3255);
#972=VERTEX_POINT('',#3259);
#973=VERTEX_POINT('',#3263);
#974=VERTEX_POINT('',#3267);
#975=VERTEX_POINT('',#3271);
#976=VERTEX_POINT('',#3275);
#977=VERTEX_POINT('',#3279);
#978=VERTEX_POINT('',#3312);
#979=VERTEX_POINT('',#3313);
#980=VERTEX_POINT('',#3347);
#981=VERTEX_POINT('',#3348);
#982=VERTEX_POINT('',#3382);
#983=VERTEX_POINT('',#3383);
#984=VERTEX_POINT('',#3417);
#985=VERTEX_POINT('',#3418);
#986=VERTEX_POINT('',#3423);
#987=VERTEX_POINT('',#3425);
#988=VERTEX_POINT('',#3429);
#989=VERTEX_POINT('',#3433);
#990=VERTEX_POINT('',#3437);
#991=VERTEX_POINT('',#3441);
#992=VERTEX_POINT('',#3445);
#993=VERTEX_POINT('',#3449);
#994=VERTEX_POINT('',#3459);
#995=VERTEX_POINT('',#3463);
#996=VERTEX_POINT('',#3467);
#997=VERTEX_POINT('',#3471);
#998=VERTEX_POINT('',#3475);
#999=VERTEX_POINT('',#3479);
#1000=VERTEX_POINT('',#3483);
#1001=VERTEX_POINT('',#3487);
#1002=VERTEX_POINT('',#3495);
#1003=VERTEX_POINT('',#3497);
#1004=VERTEX_POINT('',#3501);
#1005=VERTEX_POINT('',#3505);
#1006=VERTEX_POINT('',#3509);
#1007=VERTEX_POINT('',#3513);
#1008=VERTEX_POINT('',#3517);
#1009=VERTEX_POINT('',#3521);
#1010=VERTEX_POINT('',#3523);
#1011=VERTEX_POINT('',#3525);
#1012=VERTEX_POINT('',#3527);
#1013=VERTEX_POINT('',#3531);
#1014=VERTEX_POINT('',#3535);
#1015=VERTEX_POINT('',#3537);
#1016=VERTEX_POINT('',#3539);
#1017=VERTEX_POINT('',#3541);
#1018=VERTEX_POINT('',#3543);
#1019=VERTEX_POINT('',#3547);
#1020=VERTEX_POINT('',#3551);
#1021=VERTEX_POINT('',#3553);
#1022=VERTEX_POINT('',#3555);
#1023=VERTEX_POINT('',#3557);
#1024=VERTEX_POINT('',#3561);
#1025=VERTEX_POINT('',#3565);
#1026=VERTEX_POINT('',#3567);
#1027=VERTEX_POINT('',#3571);
#1028=VERTEX_POINT('',#3573);
#1029=VERTEX_POINT('',#3575);
#1030=VERTEX_POINT('',#3577);
#1031=VERTEX_POINT('',#3579);
#1032=VERTEX_POINT('',#3583);
#1033=VERTEX_POINT('',#3587);
#1034=VERTEX_POINT('',#3589);
#1035=VERTEX_POINT('',#3595);
#1036=VERTEX_POINT('',#3599);
#1037=VERTEX_POINT('',#3603);
#1038=VERTEX_POINT('',#3604);
#1039=VERTEX_POINT('',#3606);
#1040=VERTEX_POINT('',#3608);
#1041=VERTEX_POINT('',#3612);
#1042=VERTEX_POINT('',#3619);
#1043=VERTEX_POINT('',#3623);
#1044=VERTEX_POINT('',#3625);
#1045=VERTEX_POINT('',#3629);
#1046=VERTEX_POINT('',#3630);
#1047=VERTEX_POINT('',#3635);
#1048=VERTEX_POINT('',#3636);
#1049=VERTEX_POINT('',#3641);
#1050=VERTEX_POINT('',#3645);
#1051=VERTEX_POINT('',#3646);
#1052=VERTEX_POINT('',#3648);
#1053=VERTEX_POINT('',#3650);
#1054=VERTEX_POINT('',#3654);
#1055=VERTEX_POINT('',#3655);
#1056=VERTEX_POINT('',#3667);
#1057=VERTEX_POINT('',#3669);
#1058=VERTEX_POINT('',#3671);
#1059=VERTEX_POINT('',#3673);
#1060=VERTEX_POINT('',#3677);
#1061=VERTEX_POINT('',#3679);
#1062=VERTEX_POINT('',#3683);
#1063=VERTEX_POINT('',#3685);
#1064=VERTEX_POINT('',#3689);
#1065=VERTEX_POINT('',#3694);
#1066=VERTEX_POINT('',#3701);
#1067=VERTEX_POINT('',#3705);
#1068=VERTEX_POINT('',#3709);
#1069=VERTEX_POINT('',#3713);
#1070=VERTEX_POINT('',#3719);
#1071=VERTEX_POINT('',#3720);
#1072=VERTEX_POINT('',#3722);
#1073=VERTEX_POINT('',#3724);
#1074=VERTEX_POINT('',#3728);
#1075=VERTEX_POINT('',#3730);
#1076=VERTEX_POINT('',#3732);
#1077=VERTEX_POINT('',#3734);
#1078=VERTEX_POINT('',#3738);
#1079=VERTEX_POINT('',#3740);
#1080=VERTEX_POINT('',#3742);
#1081=VERTEX_POINT('',#3744);
#1082=VERTEX_POINT('',#3746);
#1083=VERTEX_POINT('',#3748);
#1084=VERTEX_POINT('',#3750);
#1085=VERTEX_POINT('',#3752);
#1086=VERTEX_POINT('',#3773);
#1087=VERTEX_POINT('',#3775);
#1088=VERTEX_POINT('',#3777);
#1089=VERTEX_POINT('',#3779);
#1090=VERTEX_POINT('',#3783);
#1091=VERTEX_POINT('',#3784);
#1092=VERTEX_POINT('',#3786);
#1093=VERTEX_POINT('',#3788);
#1094=VERTEX_POINT('',#3792);
#1095=VERTEX_POINT('',#3794);
#1096=VERTEX_POINT('',#3796);
#1097=VERTEX_POINT('',#3798);
#1098=VERTEX_POINT('',#3802);
#1099=VERTEX_POINT('',#3804);
#1100=VERTEX_POINT('',#3806);
#1101=VERTEX_POINT('',#3808);
#1102=VERTEX_POINT('',#3810);
#1103=VERTEX_POINT('',#3812);
#1104=VERTEX_POINT('',#3814);
#1105=VERTEX_POINT('',#3816);
#1106=VERTEX_POINT('',#3837);
#1107=VERTEX_POINT('',#3839);
#1108=VERTEX_POINT('',#3841);
#1109=VERTEX_POINT('',#3845);
#1110=VERTEX_POINT('',#3847);
#1111=VERTEX_POINT('',#3851);
#1112=VERTEX_POINT('',#3853);
#1113=VERTEX_POINT('',#3857);
#1114=VERTEX_POINT('',#3870);
#1115=VERTEX_POINT('',#3885);
#1116=VERTEX_POINT('',#3900);
#1117=VERTEX_POINT('',#3919);
#1118=VERTEX_POINT('',#3934);
#1119=VERTEX_POINT('',#3949);
#1120=VERTEX_POINT('',#3968);
#1121=VERTEX_POINT('',#3989);
#1122=VERTEX_POINT('',#3991);
#1123=VERTEX_POINT('',#3995);
#1124=VERTEX_POINT('',#3999);
#1125=VERTEX_POINT('',#4003);
#1126=VERTEX_POINT('',#4007);
#1127=VERTEX_POINT('',#4011);
#1128=VERTEX_POINT('',#4014);
#1129=VERTEX_POINT('',#4016);
#1130=VERTEX_POINT('',#4018);
#1131=VERTEX_POINT('',#4020);
#1132=VERTEX_POINT('',#4022);
#1133=VERTEX_POINT('',#4025);
#1134=VERTEX_POINT('',#4026);
#1135=VERTEX_POINT('',#4029);
#1136=EDGE_CURVE('',#938,#938,#824,.T.);
#1137=EDGE_CURVE('',#938,#939,#434,.T.);
#1138=EDGE_CURVE('',#939,#939,#825,.T.);
#1139=EDGE_CURVE('',#940,#941,#826,.T.);
#1140=EDGE_CURVE('',#942,#940,#435,.T.);
#1141=EDGE_CURVE('',#943,#942,#436,.T.);
#1142=EDGE_CURVE('',#944,#943,#437,.T.);
#1143=EDGE_CURVE('',#945,#944,#827,.T.);
#1144=EDGE_CURVE('',#946,#945,#438,.T.);
#1145=EDGE_CURVE('',#947,#946,#828,.T.);
#1146=EDGE_CURVE('',#948,#947,#439,.T.);
#1147=EDGE_CURVE('',#949,#948,#829,.T.);
#1148=EDGE_CURVE('',#950,#949,#440,.T.);
#1149=EDGE_CURVE('',#951,#950,#830,.T.);
#1150=EDGE_CURVE('',#952,#951,#441,.T.);
#1151=EDGE_CURVE('',#953,#952,#442,.T.);
#1152=EDGE_CURVE('',#954,#953,#443,.T.);
#1153=EDGE_CURVE('',#955,#954,#831,.T.);
#1154=EDGE_CURVE('',#956,#955,#444,.T.);
#1155=EDGE_CURVE('',#957,#956,#832,.T.);
#1156=EDGE_CURVE('',#958,#957,#445,.T.);
#1157=EDGE_CURVE('',#959,#958,#833,.T.);
#1158=EDGE_CURVE('',#941,#959,#446,.T.);
#1159=EDGE_CURVE('',#960,#960,#834,.T.);
#1160=EDGE_CURVE('',#961,#961,#835,.T.);
#1161=EDGE_CURVE('',#962,#963,#836,.T.);
#1162=EDGE_CURVE('',#964,#962,#447,.T.);
#1163=EDGE_CURVE('',#965,#964,#837,.T.);
#1164=EDGE_CURVE('',#966,#965,#448,.T.);
#1165=EDGE_CURVE('',#967,#966,#838,.T.);
#1166=EDGE_CURVE('',#968,#967,#449,.T.);
#1167=EDGE_CURVE('',#969,#968,#839,.T.);
#1168=EDGE_CURVE('',#963,#969,#450,.T.);
#1169=EDGE_CURVE('',#970,#970,#840,.T.);
#1170=EDGE_CURVE('',#939,#971,#451,.T.);
#1171=EDGE_CURVE('',#971,#971,#841,.T.);
#1172=EDGE_CURVE('',#960,#972,#452,.T.);
#1173=EDGE_CURVE('',#972,#972,#842,.T.);
#1174=EDGE_CURVE('',#972,#973,#453,.T.);
#1175=EDGE_CURVE('',#973,#973,#843,.T.);
#1176=EDGE_CURVE('',#970,#974,#454,.T.);
#1177=EDGE_CURVE('',#974,#974,#844,.T.);
#1178=EDGE_CURVE('',#974,#975,#455,.T.);
#1179=EDGE_CURVE('',#975,#975,#845,.T.);
#1180=EDGE_CURVE('',#961,#976,#456,.T.);
#1181=EDGE_CURVE('',#976,#976,#846,.T.);
#1182=EDGE_CURVE('',#976,#977,#457,.T.);
#1183=EDGE_CURVE('',#977,#977,#847,.T.);
#1184=EDGE_CURVE('',#978,#979,#848,.T.);
#1185=EDGE_CURVE('',#979,#942,#43,.T.);
#1186=EDGE_CURVE('',#942,#978,#44,.T.);
#1187=EDGE_CURVE('',#980,#981,#849,.T.);
#1188=EDGE_CURVE('',#981,#943,#45,.T.);
#1189=EDGE_CURVE('',#943,#980,#46,.T.);
#1190=EDGE_CURVE('',#982,#983,#850,.T.);
#1191=EDGE_CURVE('',#983,#952,#47,.T.);
#1192=EDGE_CURVE('',#952,#982,#48,.T.);
#1193=EDGE_CURVE('',#984,#985,#851,.T.);
#1194=EDGE_CURVE('',#985,#953,#49,.T.);
#1195=EDGE_CURVE('',#953,#984,#50,.T.);
#1196=EDGE_CURVE('',#986,#940,#852,.T.);
#1197=EDGE_CURVE('',#941,#987,#853,.T.);
#1198=EDGE_CURVE('',#987,#986,#854,.T.);
#1199=EDGE_CURVE('',#959,#988,#855,.T.);
#1200=EDGE_CURVE('',#988,#987,#458,.T.);
#1201=EDGE_CURVE('',#958,#989,#856,.T.);
#1202=EDGE_CURVE('',#989,#988,#857,.T.);
#1203=EDGE_CURVE('',#957,#990,#858,.T.);
#1204=EDGE_CURVE('',#990,#989,#459,.T.);
#1205=EDGE_CURVE('',#956,#991,#859,.T.);
#1206=EDGE_CURVE('',#991,#990,#860,.T.);
#1207=EDGE_CURVE('',#955,#992,#861,.T.);
#1208=EDGE_CURVE('',#992,#991,#460,.T.);
#1209=EDGE_CURVE('',#954,#993,#862,.T.);
#1210=EDGE_CURVE('',#993,#992,#863,.T.);
#1211=EDGE_CURVE('',#985,#993,#461,.T.);
#1212=EDGE_CURVE('',#986,#978,#462,.T.);
#1213=EDGE_CURVE('',#983,#984,#463,.T.);
#1214=EDGE_CURVE('',#951,#994,#864,.T.);
#1215=EDGE_CURVE('',#994,#982,#464,.T.);
#1216=EDGE_CURVE('',#950,#995,#865,.T.);
#1217=EDGE_CURVE('',#995,#994,#866,.T.);
#1218=EDGE_CURVE('',#949,#996,#867,.T.);
#1219=EDGE_CURVE('',#996,#995,#465,.T.);
#1220=EDGE_CURVE('',#948,#997,#868,.T.);
#1221=EDGE_CURVE('',#997,#996,#869,.T.);
#1222=EDGE_CURVE('',#947,#998,#870,.T.);
#1223=EDGE_CURVE('',#998,#997,#466,.T.);
#1224=EDGE_CURVE('',#946,#999,#871,.T.);
#1225=EDGE_CURVE('',#999,#998,#872,.T.);
#1226=EDGE_CURVE('',#945,#1000,#873,.T.);
#1227=EDGE_CURVE('',#1000,#999,#467,.T.);
#1228=EDGE_CURVE('',#944,#1001,#874,.T.);
#1229=EDGE_CURVE('',#1001,#1000,#875,.T.);
#1230=EDGE_CURVE('',#981,#1001,#468,.T.);
#1231=EDGE_CURVE('',#979,#980,#469,.T.);
#1232=EDGE_CURVE('',#1002,#996,#470,.T.);
#1233=EDGE_CURVE('',#1003,#1002,#471,.T.);
#1234=EDGE_CURVE('',#995,#1003,#472,.T.);
#1235=EDGE_CURVE('',#1004,#997,#473,.T.);
#1236=EDGE_CURVE('',#1002,#1004,#876,.T.);
#1237=EDGE_CURVE('',#1005,#998,#474,.T.);
#1238=EDGE_CURVE('',#1004,#1005,#475,.T.);
#1239=EDGE_CURVE('',#1006,#999,#476,.T.);
#1240=EDGE_CURVE('',#1005,#1006,#877,.T.);
#1241=EDGE_CURVE('',#1007,#1000,#477,.T.);
#1242=EDGE_CURVE('',#1006,#1007,#478,.T.);
#1243=EDGE_CURVE('',#1001,#1008,#479,.T.);
#1244=EDGE_CURVE('',#1008,#1007,#878,.T.);
#1245=EDGE_CURVE('',#1009,#981,#480,.T.);
#1246=EDGE_CURVE('',#1010,#1009,#481,.T.);
#1247=EDGE_CURVE('',#1011,#1010,#482,.T.);
#1248=EDGE_CURVE('',#1012,#1011,#483,.T.);
#1249=EDGE_CURVE('',#1008,#1012,#879,.T.);
#1250=EDGE_CURVE('',#980,#1013,#484,.T.);
#1251=EDGE_CURVE('',#1013,#1009,#880,.T.);
#1252=EDGE_CURVE('',#1014,#979,#485,.T.);
#1253=EDGE_CURVE('',#1015,#1014,#486,.T.);
#1254=EDGE_CURVE('',#1015,#1016,#487,.T.);
#1255=EDGE_CURVE('',#1016,#1017,#881,.T.);
#1256=EDGE_CURVE('',#1017,#1018,#488,.T.);
#1257=EDGE_CURVE('',#1013,#1018,#489,.T.);
#1258=EDGE_CURVE('',#978,#1019,#490,.T.);
#1259=EDGE_CURVE('',#1019,#1014,#882,.T.);
#1260=EDGE_CURVE('',#1020,#986,#491,.T.);
#1261=EDGE_CURVE('',#1021,#1020,#883,.T.);
#1262=EDGE_CURVE('',#1022,#1021,#492,.T.);
#1263=EDGE_CURVE('',#1022,#1023,#493,.T.);
#1264=EDGE_CURVE('',#1019,#1023,#494,.T.);
#1265=EDGE_CURVE('',#987,#1024,#495,.T.);
#1266=EDGE_CURVE('',#1020,#1024,#884,.T.);
#1267=EDGE_CURVE('',#982,#1025,#496,.T.);
#1268=EDGE_CURVE('',#1025,#1026,#885,.T.);
#1269=EDGE_CURVE('',#1026,#983,#497,.T.);
#1270=EDGE_CURVE('',#1026,#1027,#498,.T.);
#1271=EDGE_CURVE('',#1028,#1027,#499,.T.);
#1272=EDGE_CURVE('',#1029,#1028,#886,.T.);
#1273=EDGE_CURVE('',#1030,#1029,#500,.T.);
#1274=EDGE_CURVE('',#1030,#1031,#501,.T.);
#1275=EDGE_CURVE('',#984,#1031,#502,.T.);
#1276=EDGE_CURVE('',#1031,#1032,#887,.T.);
#1277=EDGE_CURVE('',#1032,#985,#503,.T.);
#1278=EDGE_CURVE('',#1021,#1033,#888,.T.);
#1279=EDGE_CURVE('',#1033,#1034,#504,.T.);
#1280=EDGE_CURVE('',#1034,#1022,#889,.T.);
#1281=EDGE_CURVE('',#1024,#1033,#890,.T.);
#1282=EDGE_CURVE('',#1012,#1035,#891,.T.);
#1283=EDGE_CURVE('',#1035,#1007,#892,.T.);
#1284=EDGE_CURVE('',#1011,#1036,#893,.T.);
#1285=EDGE_CURVE('',#1036,#1035,#505,.T.);
#1286=EDGE_CURVE('',#1037,#1038,#894,.T.);
#1287=EDGE_CURVE('',#1038,#1039,#506,.T.);
#1288=EDGE_CURVE('',#1039,#1040,#895,.T.);
#1289=EDGE_CURVE('',#1040,#1037,#507,.T.);
#1290=EDGE_CURVE('',#1041,#1003,#896,.T.);
#1291=EDGE_CURVE('',#1003,#1038,#897,.T.);
#1292=EDGE_CURVE('',#1037,#1041,#898,.T.);
#1293=EDGE_CURVE('',#1041,#994,#508,.T.);
#1294=EDGE_CURVE('',#1040,#1042,#509,.T.);
#1295=EDGE_CURVE('',#1042,#1025,#510,.T.);
#1296=EDGE_CURVE('',#993,#1043,#511,.T.);
#1297=EDGE_CURVE('',#1043,#1044,#899,.T.);
#1298=EDGE_CURVE('',#1044,#992,#512,.T.);
#1299=EDGE_CURVE('',#1045,#1046,#900,.T.);
#1300=EDGE_CURVE('',#1046,#1044,#901,.T.);
#1301=EDGE_CURVE('',#1043,#1045,#902,.T.);
#1302=EDGE_CURVE('',#1047,#1048,#903,.T.);
#1303=EDGE_CURVE('',#1048,#1046,#513,.T.);
#1304=EDGE_CURVE('',#1045,#1047,#514,.T.);
#1305=EDGE_CURVE('',#1032,#1049,#515,.T.);
#1306=EDGE_CURVE('',#1047,#1049,#516,.T.);
#1307=EDGE_CURVE('',#1050,#1051,#904,.T.);
#1308=EDGE_CURVE('',#1051,#1052,#517,.T.);
#1309=EDGE_CURVE('',#1052,#1053,#905,.T.);
#1310=EDGE_CURVE('',#1053,#1050,#518,.T.);
#1311=EDGE_CURVE('',#1054,#1055,#906,.T.);
#1312=EDGE_CURVE('',#1055,#1053,#907,.T.);
#1313=EDGE_CURVE('',#1052,#1054,#908,.T.);
#1314=EDGE_CURVE('',#1046,#1055,#519,.T.);
#1315=EDGE_CURVE('',#1054,#1044,#520,.T.);
#1316=EDGE_CURVE('',#1054,#991,#521,.T.);
#1317=EDGE_CURVE('',#1052,#990,#522,.T.);
#1318=EDGE_CURVE('',#1051,#1056,#523,.T.);
#1319=EDGE_CURVE('',#1056,#1057,#524,.T.);
#1320=EDGE_CURVE('',#1057,#1058,#525,.T.);
#1321=EDGE_CURVE('',#1059,#1058,#526,.T.);
#1322=EDGE_CURVE('',#1059,#989,#527,.T.);
#1323=EDGE_CURVE('',#1060,#1050,#528,.T.);
#1324=EDGE_CURVE('',#1061,#1060,#529,.T.);
#1325=EDGE_CURVE('',#1061,#1056,#530,.T.);
#1326=EDGE_CURVE('',#1024,#1062,#531,.T.);
#1327=EDGE_CURVE('',#1062,#1063,#909,.T.);
#1328=EDGE_CURVE('',#1063,#1033,#532,.T.);
#1329=EDGE_CURVE('',#1059,#1064,#910,.T.);
#1330=EDGE_CURVE('',#1064,#1063,#911,.T.);
#1331=EDGE_CURVE('',#1062,#1059,#912,.T.);
#1332=EDGE_CURVE('',#1058,#1065,#913,.T.);
#1333=EDGE_CURVE('',#1065,#1064,#533,.T.);
#1334=EDGE_CURVE('',#1062,#988,#534,.T.);
#1335=EDGE_CURVE('',#1002,#1066,#914,.T.);
#1336=EDGE_CURVE('',#1066,#1038,#535,.T.);
#1337=EDGE_CURVE('',#1004,#1067,#915,.T.);
#1338=EDGE_CURVE('',#1067,#1066,#916,.T.);
#1339=EDGE_CURVE('',#1005,#1068,#917,.T.);
#1340=EDGE_CURVE('',#1068,#1067,#536,.T.);
#1341=EDGE_CURVE('',#1006,#1069,#918,.T.);
#1342=EDGE_CURVE('',#1069,#1068,#919,.T.);
#1343=EDGE_CURVE('',#1035,#1069,#537,.T.);
#1344=EDGE_CURVE('',#1070,#1071,#538,.T.);
#1345=EDGE_CURVE('',#1072,#1070,#539,.T.);
#1346=EDGE_CURVE('',#1073,#1072,#540,.T.);
#1347=EDGE_CURVE('',#1071,#1073,#541,.T.);
#1348=EDGE_CURVE('',#1071,#1074,#542,.T.);
#1349=EDGE_CURVE('',#1075,#1074,#543,.T.);
#1350=EDGE_CURVE('',#1076,#1075,#544,.T.);
#1351=EDGE_CURVE('',#1076,#1077,#545,.T.);
#1352=EDGE_CURVE('',#1077,#1070,#546,.T.);
#1353=EDGE_CURVE('',#1072,#1078,#547,.T.);
#1354=EDGE_CURVE('',#1078,#1079,#548,.T.);
#1355=EDGE_CURVE('',#1079,#1080,#549,.T.);
#1356=EDGE_CURVE('',#1081,#1080,#550,.T.);
#1357=EDGE_CURVE('',#1081,#1082,#551,.T.);
#1358=EDGE_CURVE('',#1082,#1083,#920,.T.);
#1359=EDGE_CURVE('',#1083,#1084,#552,.T.);
#1360=EDGE_CURVE('',#1085,#1084,#553,.T.);
#1361=EDGE_CURVE('',#1073,#1085,#554,.T.);
#1362=EDGE_CURVE('',#1079,#1076,#555,.T.);
#1363=EDGE_CURVE('',#1077,#1078,#556,.T.);
#1364=EDGE_CURVE('',#1083,#1016,#557,.T.);
#1365=EDGE_CURVE('',#1082,#1017,#558,.T.);
#1366=EDGE_CURVE('',#1018,#1081,#559,.T.);
#1367=EDGE_CURVE('',#1084,#1015,#560,.T.);
#1368=EDGE_CURVE('',#1080,#1075,#561,.T.);
#1369=EDGE_CURVE('',#1074,#1085,#562,.T.);
#1370=EDGE_CURVE('',#1023,#1010,#563,.T.);
#1371=EDGE_CURVE('',#1036,#1086,#564,.T.);
#1372=EDGE_CURVE('',#1086,#1087,#921,.T.);
#1373=EDGE_CURVE('',#1087,#1088,#565,.T.);
#1374=EDGE_CURVE('',#1088,#1089,#922,.T.);
#1375=EDGE_CURVE('',#1089,#1039,#566,.T.);
#1376=EDGE_CURVE('',#1090,#1091,#567,.T.);
#1377=EDGE_CURVE('',#1091,#1092,#568,.T.);
#1378=EDGE_CURVE('',#1092,#1093,#569,.T.);
#1379=EDGE_CURVE('',#1093,#1090,#570,.T.);
#1380=EDGE_CURVE('',#1094,#1090,#571,.T.);
#1381=EDGE_CURVE('',#1095,#1094,#572,.T.);
#1382=EDGE_CURVE('',#1095,#1096,#573,.T.);
#1383=EDGE_CURVE('',#1096,#1097,#574,.T.);
#1384=EDGE_CURVE('',#1091,#1097,#575,.T.);
#1385=EDGE_CURVE('',#1092,#1098,#576,.T.);
#1386=EDGE_CURVE('',#1098,#1099,#577,.T.);
#1387=EDGE_CURVE('',#1100,#1099,#578,.T.);
#1388=EDGE_CURVE('',#1101,#1100,#923,.T.);
#1389=EDGE_CURVE('',#1102,#1101,#579,.T.);
#1390=EDGE_CURVE('',#1102,#1103,#580,.T.);
#1391=EDGE_CURVE('',#1104,#1103,#581,.T.);
#1392=EDGE_CURVE('',#1105,#1104,#582,.T.);
#1393=EDGE_CURVE('',#1093,#1105,#583,.T.);
#1394=EDGE_CURVE('',#1094,#1105,#584,.T.);
#1395=EDGE_CURVE('',#1104,#1095,#585,.T.);
#1396=EDGE_CURVE('',#1101,#1028,#586,.T.);
#1397=EDGE_CURVE('',#1100,#1029,#587,.T.);
#1398=EDGE_CURVE('',#1027,#1102,#588,.T.);
#1399=EDGE_CURVE('',#1099,#1030,#589,.T.);
#1400=EDGE_CURVE('',#1049,#1042,#590,.T.);
#1401=EDGE_CURVE('',#1097,#1098,#591,.T.);
#1402=EDGE_CURVE('',#1103,#1096,#592,.T.);
#1403=EDGE_CURVE('',#1065,#1106,#593,.T.);
#1404=EDGE_CURVE('',#1106,#1107,#594,.T.);
#1405=EDGE_CURVE('',#1107,#1108,#924,.T.);
#1406=EDGE_CURVE('',#1108,#1034,#595,.T.);
#1407=EDGE_CURVE('',#1048,#1109,#596,.T.);
#1408=EDGE_CURVE('',#1109,#1110,#925,.T.);
#1409=EDGE_CURVE('',#1110,#1060,#597,.T.);
#1410=EDGE_CURVE('',#1111,#1089,#598,.T.);
#1411=EDGE_CURVE('',#1112,#1111,#599,.T.);
#1412=EDGE_CURVE('',#1112,#1109,#600,.T.);
#1413=EDGE_CURVE('',#963,#1113,#15,.T.);
#1414=EDGE_CURVE('',#1113,#1114,#926,.T.);
#1415=EDGE_CURVE('',#962,#1114,#16,.T.);
#1416=EDGE_CURVE('',#969,#1115,#17,.T.);
#1417=EDGE_CURVE('',#1115,#1113,#601,.T.);
#1418=EDGE_CURVE('',#968,#1116,#18,.T.);
#1419=EDGE_CURVE('',#1116,#1115,#927,.T.);
#1420=EDGE_CURVE('',#967,#1117,#19,.T.);
#1421=EDGE_CURVE('',#1117,#1116,#602,.T.);
#1422=EDGE_CURVE('',#966,#1118,#20,.T.);
#1423=EDGE_CURVE('',#1118,#1117,#928,.T.);
#1424=EDGE_CURVE('',#1119,#1118,#603,.T.);
#1425=EDGE_CURVE('',#965,#1119,#21,.T.);
#1426=EDGE_CURVE('',#1120,#1119,#929,.T.);
#1427=EDGE_CURVE('',#964,#1120,#22,.T.);
#1428=EDGE_CURVE('',#1114,#1120,#604,.T.);
#1429=EDGE_CURVE('',#1121,#1119,#605,.T.);
#1430=EDGE_CURVE('',#1121,#1122,#606,.T.);
#1431=EDGE_CURVE('',#1122,#1118,#607,.T.);
#1432=EDGE_CURVE('',#1123,#1120,#608,.T.);
#1433=EDGE_CURVE('',#1123,#1121,#930,.T.);
#1434=EDGE_CURVE('',#1124,#1114,#609,.T.);
#1435=EDGE_CURVE('',#1124,#1123,#610,.T.);
#1436=EDGE_CURVE('',#1125,#1113,#611,.T.);
#1437=EDGE_CURVE('',#1125,#1124,#931,.T.);
#1438=EDGE_CURVE('',#1057,#1126,#612,.T.);
#1439=EDGE_CURVE('',#1106,#1126,#613,.T.);
#1440=EDGE_CURVE('',#1061,#1127,#614,.T.);
#1441=EDGE_CURVE('',#1127,#1112,#932,.T.);
#1442=EDGE_CURVE('',#1111,#1128,#933,.T.);
#1443=EDGE_CURVE('',#1128,#1129,#615,.T.);
#1444=EDGE_CURVE('',#1129,#1130,#934,.T.);
#1445=EDGE_CURVE('',#1130,#1131,#616,.T.);
#1446=EDGE_CURVE('',#1131,#1132,#935,.T.);
#1447=EDGE_CURVE('',#1132,#1126,#617,.T.);
#1448=EDGE_CURVE('',#1133,#1134,#618,.T.);
#1449=EDGE_CURVE('',#1122,#1133,#936,.T.);
#1450=EDGE_CURVE('',#1135,#1125,#619,.T.);
#1451=EDGE_CURVE('',#1134,#1135,#937,.T.);
#1452=EDGE_CURVE('',#1132,#1107,#620,.T.);
#1453=EDGE_CURVE('',#1128,#1088,#621,.T.);
#1454=EDGE_CURVE('',#1129,#1087,#622,.T.);
#1455=EDGE_CURVE('',#1130,#1086,#623,.T.);
#1456=EDGE_CURVE('',#1131,#1108,#624,.T.);
#1457=EDGE_CURVE('',#1127,#1110,#625,.T.);
#1458=EDGE_CURVE('',#1133,#1117,#626,.T.);
#1459=EDGE_CURVE('',#1135,#1115,#627,.T.);
#1460=EDGE_CURVE('',#1134,#1116,#628,.T.);
#1461=ORIENTED_EDGE('',*,*,#1136,.T.);
#1462=ORIENTED_EDGE('',*,*,#1137,.T.);
#1463=ORIENTED_EDGE('',*,*,#1138,.T.);
#1464=ORIENTED_EDGE('',*,*,#1137,.F.);
#1465=ORIENTED_EDGE('',*,*,#1139,.F.);
#1466=ORIENTED_EDGE('',*,*,#1140,.F.);
#1467=ORIENTED_EDGE('',*,*,#1141,.F.);
#1468=ORIENTED_EDGE('',*,*,#1142,.F.);
#1469=ORIENTED_EDGE('',*,*,#1143,.F.);
#1470=ORIENTED_EDGE('',*,*,#1144,.F.);
#1471=ORIENTED_EDGE('',*,*,#1145,.F.);
#1472=ORIENTED_EDGE('',*,*,#1146,.F.);
#1473=ORIENTED_EDGE('',*,*,#1147,.F.);
#1474=ORIENTED_EDGE('',*,*,#1148,.F.);
#1475=ORIENTED_EDGE('',*,*,#1149,.F.);
#1476=ORIENTED_EDGE('',*,*,#1150,.F.);
#1477=ORIENTED_EDGE('',*,*,#1151,.F.);
#1478=ORIENTED_EDGE('',*,*,#1152,.F.);
#1479=ORIENTED_EDGE('',*,*,#1153,.F.);
#1480=ORIENTED_EDGE('',*,*,#1154,.F.);
#1481=ORIENTED_EDGE('',*,*,#1155,.F.);
#1482=ORIENTED_EDGE('',*,*,#1156,.F.);
#1483=ORIENTED_EDGE('',*,*,#1157,.F.);
#1484=ORIENTED_EDGE('',*,*,#1158,.F.);
#1485=ORIENTED_EDGE('',*,*,#1159,.F.);
#1486=ORIENTED_EDGE('',*,*,#1160,.F.);
#1487=ORIENTED_EDGE('',*,*,#1161,.F.);
#1488=ORIENTED_EDGE('',*,*,#1162,.F.);
#1489=ORIENTED_EDGE('',*,*,#1163,.F.);
#1490=ORIENTED_EDGE('',*,*,#1164,.F.);
#1491=ORIENTED_EDGE('',*,*,#1165,.F.);
#1492=ORIENTED_EDGE('',*,*,#1166,.F.);
#1493=ORIENTED_EDGE('',*,*,#1167,.F.);
#1494=ORIENTED_EDGE('',*,*,#1168,.F.);
#1495=ORIENTED_EDGE('',*,*,#1169,.F.);
#1496=ORIENTED_EDGE('',*,*,#1136,.F.);
#1497=ORIENTED_EDGE('',*,*,#1138,.F.);
#1498=ORIENTED_EDGE('',*,*,#1170,.T.);
#1499=ORIENTED_EDGE('',*,*,#1171,.T.);
#1500=ORIENTED_EDGE('',*,*,#1170,.F.);
#1501=ORIENTED_EDGE('',*,*,#1159,.T.);
#1502=ORIENTED_EDGE('',*,*,#1172,.T.);
#1503=ORIENTED_EDGE('',*,*,#1173,.T.);
#1504=ORIENTED_EDGE('',*,*,#1172,.F.);
#1505=ORIENTED_EDGE('',*,*,#1173,.F.);
#1506=ORIENTED_EDGE('',*,*,#1174,.T.);
#1507=ORIENTED_EDGE('',*,*,#1175,.T.);
#1508=ORIENTED_EDGE('',*,*,#1174,.F.);
#1509=ORIENTED_EDGE('',*,*,#1169,.T.);
#1510=ORIENTED_EDGE('',*,*,#1176,.T.);
#1511=ORIENTED_EDGE('',*,*,#1177,.T.);
#1512=ORIENTED_EDGE('',*,*,#1176,.F.);
#1513=ORIENTED_EDGE('',*,*,#1177,.F.);
#1514=ORIENTED_EDGE('',*,*,#1178,.T.);
#1515=ORIENTED_EDGE('',*,*,#1179,.T.);
#1516=ORIENTED_EDGE('',*,*,#1178,.F.);
#1517=ORIENTED_EDGE('',*,*,#1160,.T.);
#1518=ORIENTED_EDGE('',*,*,#1180,.T.);
#1519=ORIENTED_EDGE('',*,*,#1181,.T.);
#1520=ORIENTED_EDGE('',*,*,#1180,.F.);
#1521=ORIENTED_EDGE('',*,*,#1181,.F.);
#1522=ORIENTED_EDGE('',*,*,#1182,.T.);
#1523=ORIENTED_EDGE('',*,*,#1183,.T.);
#1524=ORIENTED_EDGE('',*,*,#1182,.F.);
#1525=ORIENTED_EDGE('',*,*,#1184,.T.);
#1526=ORIENTED_EDGE('',*,*,#1185,.T.);
#1527=ORIENTED_EDGE('',*,*,#1186,.T.);
#1528=ORIENTED_EDGE('',*,*,#1187,.T.);
#1529=ORIENTED_EDGE('',*,*,#1188,.T.);
#1530=ORIENTED_EDGE('',*,*,#1189,.T.);
#1531=ORIENTED_EDGE('',*,*,#1190,.T.);
#1532=ORIENTED_EDGE('',*,*,#1191,.T.);
#1533=ORIENTED_EDGE('',*,*,#1192,.T.);
#1534=ORIENTED_EDGE('',*,*,#1193,.T.);
#1535=ORIENTED_EDGE('',*,*,#1194,.T.);
#1536=ORIENTED_EDGE('',*,*,#1195,.T.);
#1537=ORIENTED_EDGE('',*,*,#1196,.T.);
#1538=ORIENTED_EDGE('',*,*,#1139,.T.);
#1539=ORIENTED_EDGE('',*,*,#1197,.T.);
#1540=ORIENTED_EDGE('',*,*,#1198,.T.);
#1541=ORIENTED_EDGE('',*,*,#1199,.T.);
#1542=ORIENTED_EDGE('',*,*,#1200,.T.);
#1543=ORIENTED_EDGE('',*,*,#1197,.F.);
#1544=ORIENTED_EDGE('',*,*,#1158,.T.);
#1545=ORIENTED_EDGE('',*,*,#1201,.T.);
#1546=ORIENTED_EDGE('',*,*,#1202,.T.);
#1547=ORIENTED_EDGE('',*,*,#1199,.F.);
#1548=ORIENTED_EDGE('',*,*,#1157,.T.);
#1549=ORIENTED_EDGE('',*,*,#1203,.T.);
#1550=ORIENTED_EDGE('',*,*,#1204,.T.);
#1551=ORIENTED_EDGE('',*,*,#1201,.F.);
#1552=ORIENTED_EDGE('',*,*,#1156,.T.);
#1553=ORIENTED_EDGE('',*,*,#1205,.T.);
#1554=ORIENTED_EDGE('',*,*,#1206,.T.);
#1555=ORIENTED_EDGE('',*,*,#1203,.F.);
#1556=ORIENTED_EDGE('',*,*,#1155,.T.);
#1557=ORIENTED_EDGE('',*,*,#1207,.T.);
#1558=ORIENTED_EDGE('',*,*,#1208,.T.);
#1559=ORIENTED_EDGE('',*,*,#1205,.F.);
#1560=ORIENTED_EDGE('',*,*,#1154,.T.);
#1561=ORIENTED_EDGE('',*,*,#1209,.T.);
#1562=ORIENTED_EDGE('',*,*,#1210,.T.);
#1563=ORIENTED_EDGE('',*,*,#1207,.F.);
#1564=ORIENTED_EDGE('',*,*,#1153,.T.);
#1565=ORIENTED_EDGE('',*,*,#1194,.F.);
#1566=ORIENTED_EDGE('',*,*,#1211,.T.);
#1567=ORIENTED_EDGE('',*,*,#1209,.F.);
#1568=ORIENTED_EDGE('',*,*,#1152,.T.);
#1569=ORIENTED_EDGE('',*,*,#1186,.F.);
#1570=ORIENTED_EDGE('',*,*,#1140,.T.);
#1571=ORIENTED_EDGE('',*,*,#1196,.F.);
#1572=ORIENTED_EDGE('',*,*,#1212,.T.);
#1573=ORIENTED_EDGE('',*,*,#1191,.F.);
#1574=ORIENTED_EDGE('',*,*,#1213,.T.);
#1575=ORIENTED_EDGE('',*,*,#1195,.F.);
#1576=ORIENTED_EDGE('',*,*,#1151,.T.);
#1577=ORIENTED_EDGE('',*,*,#1192,.F.);
#1578=ORIENTED_EDGE('',*,*,#1150,.T.);
#1579=ORIENTED_EDGE('',*,*,#1214,.T.);
#1580=ORIENTED_EDGE('',*,*,#1215,.T.);
#1581=ORIENTED_EDGE('',*,*,#1216,.T.);
#1582=ORIENTED_EDGE('',*,*,#1217,.T.);
#1583=ORIENTED_EDGE('',*,*,#1214,.F.);
#1584=ORIENTED_EDGE('',*,*,#1149,.T.);
#1585=ORIENTED_EDGE('',*,*,#1218,.T.);
#1586=ORIENTED_EDGE('',*,*,#1219,.T.);
#1587=ORIENTED_EDGE('',*,*,#1216,.F.);
#1588=ORIENTED_EDGE('',*,*,#1148,.T.);
#1589=ORIENTED_EDGE('',*,*,#1220,.T.);
#1590=ORIENTED_EDGE('',*,*,#1221,.T.);
#1591=ORIENTED_EDGE('',*,*,#1218,.F.);
#1592=ORIENTED_EDGE('',*,*,#1147,.T.);
#1593=ORIENTED_EDGE('',*,*,#1222,.T.);
#1594=ORIENTED_EDGE('',*,*,#1223,.T.);
#1595=ORIENTED_EDGE('',*,*,#1220,.F.);
#1596=ORIENTED_EDGE('',*,*,#1146,.T.);
#1597=ORIENTED_EDGE('',*,*,#1224,.T.);
#1598=ORIENTED_EDGE('',*,*,#1225,.T.);
#1599=ORIENTED_EDGE('',*,*,#1222,.F.);
#1600=ORIENTED_EDGE('',*,*,#1145,.T.);
#1601=ORIENTED_EDGE('',*,*,#1226,.T.);
#1602=ORIENTED_EDGE('',*,*,#1227,.T.);
#1603=ORIENTED_EDGE('',*,*,#1224,.F.);
#1604=ORIENTED_EDGE('',*,*,#1144,.T.);
#1605=ORIENTED_EDGE('',*,*,#1228,.T.);
#1606=ORIENTED_EDGE('',*,*,#1229,.T.);
#1607=ORIENTED_EDGE('',*,*,#1226,.F.);
#1608=ORIENTED_EDGE('',*,*,#1143,.T.);
#1609=ORIENTED_EDGE('',*,*,#1188,.F.);
#1610=ORIENTED_EDGE('',*,*,#1230,.T.);
#1611=ORIENTED_EDGE('',*,*,#1228,.F.);
#1612=ORIENTED_EDGE('',*,*,#1142,.T.);
#1613=ORIENTED_EDGE('',*,*,#1185,.F.);
#1614=ORIENTED_EDGE('',*,*,#1231,.T.);
#1615=ORIENTED_EDGE('',*,*,#1189,.F.);
#1616=ORIENTED_EDGE('',*,*,#1141,.T.);
#1617=ORIENTED_EDGE('',*,*,#1219,.F.);
#1618=ORIENTED_EDGE('',*,*,#1232,.F.);
#1619=ORIENTED_EDGE('',*,*,#1233,.F.);
#1620=ORIENTED_EDGE('',*,*,#1234,.F.);
#1621=ORIENTED_EDGE('',*,*,#1221,.F.);
#1622=ORIENTED_EDGE('',*,*,#1235,.F.);
#1623=ORIENTED_EDGE('',*,*,#1236,.F.);
#1624=ORIENTED_EDGE('',*,*,#1232,.T.);
#1625=ORIENTED_EDGE('',*,*,#1223,.F.);
#1626=ORIENTED_EDGE('',*,*,#1237,.F.);
#1627=ORIENTED_EDGE('',*,*,#1238,.F.);
#1628=ORIENTED_EDGE('',*,*,#1235,.T.);
#1629=ORIENTED_EDGE('',*,*,#1225,.F.);
#1630=ORIENTED_EDGE('',*,*,#1239,.F.);
#1631=ORIENTED_EDGE('',*,*,#1240,.F.);
#1632=ORIENTED_EDGE('',*,*,#1237,.T.);
#1633=ORIENTED_EDGE('',*,*,#1227,.F.);
#1634=ORIENTED_EDGE('',*,*,#1241,.F.);
#1635=ORIENTED_EDGE('',*,*,#1242,.F.);
#1636=ORIENTED_EDGE('',*,*,#1239,.T.);
#1637=ORIENTED_EDGE('',*,*,#1229,.F.);
#1638=ORIENTED_EDGE('',*,*,#1243,.T.);
#1639=ORIENTED_EDGE('',*,*,#1244,.T.);
#1640=ORIENTED_EDGE('',*,*,#1241,.T.);
#1641=ORIENTED_EDGE('',*,*,#1230,.F.);
#1642=ORIENTED_EDGE('',*,*,#1245,.F.);
#1643=ORIENTED_EDGE('',*,*,#1246,.F.);
#1644=ORIENTED_EDGE('',*,*,#1247,.F.);
#1645=ORIENTED_EDGE('',*,*,#1248,.F.);
#1646=ORIENTED_EDGE('',*,*,#1249,.F.);
#1647=ORIENTED_EDGE('',*,*,#1243,.F.);
#1648=ORIENTED_EDGE('',*,*,#1187,.F.);
#1649=ORIENTED_EDGE('',*,*,#1250,.T.);
#1650=ORIENTED_EDGE('',*,*,#1251,.T.);
#1651=ORIENTED_EDGE('',*,*,#1245,.T.);
#1652=ORIENTED_EDGE('',*,*,#1231,.F.);
#1653=ORIENTED_EDGE('',*,*,#1252,.F.);
#1654=ORIENTED_EDGE('',*,*,#1253,.F.);
#1655=ORIENTED_EDGE('',*,*,#1254,.T.);
#1656=ORIENTED_EDGE('',*,*,#1255,.T.);
#1657=ORIENTED_EDGE('',*,*,#1256,.T.);
#1658=ORIENTED_EDGE('',*,*,#1257,.F.);
#1659=ORIENTED_EDGE('',*,*,#1250,.F.);
#1660=ORIENTED_EDGE('',*,*,#1184,.F.);
#1661=ORIENTED_EDGE('',*,*,#1258,.T.);
#1662=ORIENTED_EDGE('',*,*,#1259,.T.);
#1663=ORIENTED_EDGE('',*,*,#1252,.T.);
#1664=ORIENTED_EDGE('',*,*,#1212,.F.);
#1665=ORIENTED_EDGE('',*,*,#1260,.F.);
#1666=ORIENTED_EDGE('',*,*,#1261,.F.);
#1667=ORIENTED_EDGE('',*,*,#1262,.F.);
#1668=ORIENTED_EDGE('',*,*,#1263,.T.);
#1669=ORIENTED_EDGE('',*,*,#1264,.F.);
#1670=ORIENTED_EDGE('',*,*,#1258,.F.);
#1671=ORIENTED_EDGE('',*,*,#1198,.F.);
#1672=ORIENTED_EDGE('',*,*,#1265,.T.);
#1673=ORIENTED_EDGE('',*,*,#1266,.F.);
#1674=ORIENTED_EDGE('',*,*,#1260,.T.);
#1675=ORIENTED_EDGE('',*,*,#1190,.F.);
#1676=ORIENTED_EDGE('',*,*,#1267,.T.);
#1677=ORIENTED_EDGE('',*,*,#1268,.T.);
#1678=ORIENTED_EDGE('',*,*,#1269,.T.);
#1679=ORIENTED_EDGE('',*,*,#1213,.F.);
#1680=ORIENTED_EDGE('',*,*,#1269,.F.);
#1681=ORIENTED_EDGE('',*,*,#1270,.T.);
#1682=ORIENTED_EDGE('',*,*,#1271,.F.);
#1683=ORIENTED_EDGE('',*,*,#1272,.F.);
#1684=ORIENTED_EDGE('',*,*,#1273,.F.);
#1685=ORIENTED_EDGE('',*,*,#1274,.T.);
#1686=ORIENTED_EDGE('',*,*,#1275,.F.);
#1687=ORIENTED_EDGE('',*,*,#1193,.F.);
#1688=ORIENTED_EDGE('',*,*,#1275,.T.);
#1689=ORIENTED_EDGE('',*,*,#1276,.T.);
#1690=ORIENTED_EDGE('',*,*,#1277,.T.);
#1691=ORIENTED_EDGE('',*,*,#1278,.T.);
#1692=ORIENTED_EDGE('',*,*,#1279,.T.);
#1693=ORIENTED_EDGE('',*,*,#1280,.T.);
#1694=ORIENTED_EDGE('',*,*,#1262,.T.);
#1695=ORIENTED_EDGE('',*,*,#1266,.T.);
#1696=ORIENTED_EDGE('',*,*,#1281,.T.);
#1697=ORIENTED_EDGE('',*,*,#1278,.F.);
#1698=ORIENTED_EDGE('',*,*,#1261,.T.);
#1699=ORIENTED_EDGE('',*,*,#1282,.T.);
#1700=ORIENTED_EDGE('',*,*,#1283,.T.);
#1701=ORIENTED_EDGE('',*,*,#1244,.F.);
#1702=ORIENTED_EDGE('',*,*,#1249,.T.);
#1703=ORIENTED_EDGE('',*,*,#1284,.T.);
#1704=ORIENTED_EDGE('',*,*,#1285,.T.);
#1705=ORIENTED_EDGE('',*,*,#1282,.F.);
#1706=ORIENTED_EDGE('',*,*,#1248,.T.);
#1707=ORIENTED_EDGE('',*,*,#1286,.T.);
#1708=ORIENTED_EDGE('',*,*,#1287,.T.);
#1709=ORIENTED_EDGE('',*,*,#1288,.T.);
#1710=ORIENTED_EDGE('',*,*,#1289,.T.);
#1711=ORIENTED_EDGE('',*,*,#1290,.T.);
#1712=ORIENTED_EDGE('',*,*,#1291,.T.);
#1713=ORIENTED_EDGE('',*,*,#1286,.F.);
#1714=ORIENTED_EDGE('',*,*,#1292,.T.);
#1715=ORIENTED_EDGE('',*,*,#1217,.F.);
#1716=ORIENTED_EDGE('',*,*,#1234,.T.);
#1717=ORIENTED_EDGE('',*,*,#1290,.F.);
#1718=ORIENTED_EDGE('',*,*,#1293,.T.);
#1719=ORIENTED_EDGE('',*,*,#1215,.F.);
#1720=ORIENTED_EDGE('',*,*,#1293,.F.);
#1721=ORIENTED_EDGE('',*,*,#1292,.F.);
#1722=ORIENTED_EDGE('',*,*,#1289,.F.);
#1723=ORIENTED_EDGE('',*,*,#1294,.T.);
#1724=ORIENTED_EDGE('',*,*,#1295,.T.);
#1725=ORIENTED_EDGE('',*,*,#1267,.F.);
#1726=ORIENTED_EDGE('',*,*,#1210,.F.);
#1727=ORIENTED_EDGE('',*,*,#1296,.T.);
#1728=ORIENTED_EDGE('',*,*,#1297,.T.);
#1729=ORIENTED_EDGE('',*,*,#1298,.T.);
#1730=ORIENTED_EDGE('',*,*,#1299,.T.);
#1731=ORIENTED_EDGE('',*,*,#1300,.T.);
#1732=ORIENTED_EDGE('',*,*,#1297,.F.);
#1733=ORIENTED_EDGE('',*,*,#1301,.T.);
#1734=ORIENTED_EDGE('',*,*,#1302,.T.);
#1735=ORIENTED_EDGE('',*,*,#1303,.T.);
#1736=ORIENTED_EDGE('',*,*,#1299,.F.);
#1737=ORIENTED_EDGE('',*,*,#1304,.T.);
#1738=ORIENTED_EDGE('',*,*,#1211,.F.);
#1739=ORIENTED_EDGE('',*,*,#1277,.F.);
#1740=ORIENTED_EDGE('',*,*,#1305,.T.);
#1741=ORIENTED_EDGE('',*,*,#1306,.F.);
#1742=ORIENTED_EDGE('',*,*,#1304,.F.);
#1743=ORIENTED_EDGE('',*,*,#1301,.F.);
#1744=ORIENTED_EDGE('',*,*,#1296,.F.);
#1745=ORIENTED_EDGE('',*,*,#1307,.T.);
#1746=ORIENTED_EDGE('',*,*,#1308,.T.);
#1747=ORIENTED_EDGE('',*,*,#1309,.T.);
#1748=ORIENTED_EDGE('',*,*,#1310,.T.);
#1749=ORIENTED_EDGE('',*,*,#1311,.T.);
#1750=ORIENTED_EDGE('',*,*,#1312,.T.);
#1751=ORIENTED_EDGE('',*,*,#1309,.F.);
#1752=ORIENTED_EDGE('',*,*,#1313,.T.);
#1753=ORIENTED_EDGE('',*,*,#1300,.F.);
#1754=ORIENTED_EDGE('',*,*,#1314,.T.);
#1755=ORIENTED_EDGE('',*,*,#1311,.F.);
#1756=ORIENTED_EDGE('',*,*,#1315,.T.);
#1757=ORIENTED_EDGE('',*,*,#1208,.F.);
#1758=ORIENTED_EDGE('',*,*,#1298,.F.);
#1759=ORIENTED_EDGE('',*,*,#1315,.F.);
#1760=ORIENTED_EDGE('',*,*,#1316,.T.);
#1761=ORIENTED_EDGE('',*,*,#1206,.F.);
#1762=ORIENTED_EDGE('',*,*,#1316,.F.);
#1763=ORIENTED_EDGE('',*,*,#1313,.F.);
#1764=ORIENTED_EDGE('',*,*,#1317,.T.);
#1765=ORIENTED_EDGE('',*,*,#1204,.F.);
#1766=ORIENTED_EDGE('',*,*,#1317,.F.);
#1767=ORIENTED_EDGE('',*,*,#1308,.F.);
#1768=ORIENTED_EDGE('',*,*,#1318,.T.);
#1769=ORIENTED_EDGE('',*,*,#1319,.T.);
#1770=ORIENTED_EDGE('',*,*,#1320,.T.);
#1771=ORIENTED_EDGE('',*,*,#1321,.F.);
#1772=ORIENTED_EDGE('',*,*,#1322,.T.);
#1773=ORIENTED_EDGE('',*,*,#1307,.F.);
#1774=ORIENTED_EDGE('',*,*,#1323,.F.);
#1775=ORIENTED_EDGE('',*,*,#1324,.F.);
#1776=ORIENTED_EDGE('',*,*,#1325,.T.);
#1777=ORIENTED_EDGE('',*,*,#1318,.F.);
#1778=ORIENTED_EDGE('',*,*,#1281,.F.);
#1779=ORIENTED_EDGE('',*,*,#1326,.T.);
#1780=ORIENTED_EDGE('',*,*,#1327,.T.);
#1781=ORIENTED_EDGE('',*,*,#1328,.T.);
#1782=ORIENTED_EDGE('',*,*,#1329,.T.);
#1783=ORIENTED_EDGE('',*,*,#1330,.T.);
#1784=ORIENTED_EDGE('',*,*,#1327,.F.);
#1785=ORIENTED_EDGE('',*,*,#1331,.T.);
#1786=ORIENTED_EDGE('',*,*,#1332,.T.);
#1787=ORIENTED_EDGE('',*,*,#1333,.T.);
#1788=ORIENTED_EDGE('',*,*,#1329,.F.);
#1789=ORIENTED_EDGE('',*,*,#1321,.T.);
#1790=ORIENTED_EDGE('',*,*,#1202,.F.);
#1791=ORIENTED_EDGE('',*,*,#1322,.F.);
#1792=ORIENTED_EDGE('',*,*,#1331,.F.);
#1793=ORIENTED_EDGE('',*,*,#1334,.T.);
#1794=ORIENTED_EDGE('',*,*,#1200,.F.);
#1795=ORIENTED_EDGE('',*,*,#1334,.F.);
#1796=ORIENTED_EDGE('',*,*,#1326,.F.);
#1797=ORIENTED_EDGE('',*,*,#1265,.F.);
#1798=ORIENTED_EDGE('',*,*,#1291,.F.);
#1799=ORIENTED_EDGE('',*,*,#1233,.T.);
#1800=ORIENTED_EDGE('',*,*,#1335,.T.);
#1801=ORIENTED_EDGE('',*,*,#1336,.T.);
#1802=ORIENTED_EDGE('',*,*,#1337,.T.);
#1803=ORIENTED_EDGE('',*,*,#1338,.T.);
#1804=ORIENTED_EDGE('',*,*,#1335,.F.);
#1805=ORIENTED_EDGE('',*,*,#1236,.T.);
#1806=ORIENTED_EDGE('',*,*,#1339,.T.);
#1807=ORIENTED_EDGE('',*,*,#1340,.T.);
#1808=ORIENTED_EDGE('',*,*,#1337,.F.);
#1809=ORIENTED_EDGE('',*,*,#1238,.T.);
#1810=ORIENTED_EDGE('',*,*,#1341,.T.);
#1811=ORIENTED_EDGE('',*,*,#1342,.T.);
#1812=ORIENTED_EDGE('',*,*,#1339,.F.);
#1813=ORIENTED_EDGE('',*,*,#1240,.T.);
#1814=ORIENTED_EDGE('',*,*,#1283,.F.);
#1815=ORIENTED_EDGE('',*,*,#1343,.T.);
#1816=ORIENTED_EDGE('',*,*,#1341,.F.);
#1817=ORIENTED_EDGE('',*,*,#1242,.T.);
#1818=ORIENTED_EDGE('',*,*,#1344,.F.);
#1819=ORIENTED_EDGE('',*,*,#1345,.F.);
#1820=ORIENTED_EDGE('',*,*,#1346,.F.);
#1821=ORIENTED_EDGE('',*,*,#1347,.F.);
#1822=ORIENTED_EDGE('',*,*,#1344,.T.);
#1823=ORIENTED_EDGE('',*,*,#1348,.T.);
#1824=ORIENTED_EDGE('',*,*,#1349,.F.);
#1825=ORIENTED_EDGE('',*,*,#1350,.F.);
#1826=ORIENTED_EDGE('',*,*,#1351,.T.);
#1827=ORIENTED_EDGE('',*,*,#1352,.T.);
#1828=ORIENTED_EDGE('',*,*,#1346,.T.);
#1829=ORIENTED_EDGE('',*,*,#1353,.T.);
#1830=ORIENTED_EDGE('',*,*,#1354,.T.);
#1831=ORIENTED_EDGE('',*,*,#1355,.T.);
#1832=ORIENTED_EDGE('',*,*,#1356,.F.);
#1833=ORIENTED_EDGE('',*,*,#1357,.T.);
#1834=ORIENTED_EDGE('',*,*,#1358,.T.);
#1835=ORIENTED_EDGE('',*,*,#1359,.T.);
#1836=ORIENTED_EDGE('',*,*,#1360,.F.);
#1837=ORIENTED_EDGE('',*,*,#1361,.F.);
#1838=ORIENTED_EDGE('',*,*,#1351,.F.);
#1839=ORIENTED_EDGE('',*,*,#1362,.F.);
#1840=ORIENTED_EDGE('',*,*,#1354,.F.);
#1841=ORIENTED_EDGE('',*,*,#1363,.F.);
#1842=ORIENTED_EDGE('',*,*,#1345,.T.);
#1843=ORIENTED_EDGE('',*,*,#1352,.F.);
#1844=ORIENTED_EDGE('',*,*,#1363,.T.);
#1845=ORIENTED_EDGE('',*,*,#1353,.F.);
#1846=ORIENTED_EDGE('',*,*,#1255,.F.);
#1847=ORIENTED_EDGE('',*,*,#1364,.F.);
#1848=ORIENTED_EDGE('',*,*,#1358,.F.);
#1849=ORIENTED_EDGE('',*,*,#1365,.T.);
#1850=ORIENTED_EDGE('',*,*,#1256,.F.);
#1851=ORIENTED_EDGE('',*,*,#1365,.F.);
#1852=ORIENTED_EDGE('',*,*,#1357,.F.);
#1853=ORIENTED_EDGE('',*,*,#1366,.F.);
#1854=ORIENTED_EDGE('',*,*,#1254,.F.);
#1855=ORIENTED_EDGE('',*,*,#1367,.F.);
#1856=ORIENTED_EDGE('',*,*,#1359,.F.);
#1857=ORIENTED_EDGE('',*,*,#1364,.T.);
#1858=ORIENTED_EDGE('',*,*,#1251,.F.);
#1859=ORIENTED_EDGE('',*,*,#1257,.T.);
#1860=ORIENTED_EDGE('',*,*,#1366,.T.);
#1861=ORIENTED_EDGE('',*,*,#1356,.T.);
#1862=ORIENTED_EDGE('',*,*,#1368,.T.);
#1863=ORIENTED_EDGE('',*,*,#1349,.T.);
#1864=ORIENTED_EDGE('',*,*,#1369,.T.);
#1865=ORIENTED_EDGE('',*,*,#1360,.T.);
#1866=ORIENTED_EDGE('',*,*,#1367,.T.);
#1867=ORIENTED_EDGE('',*,*,#1253,.T.);
#1868=ORIENTED_EDGE('',*,*,#1259,.F.);
#1869=ORIENTED_EDGE('',*,*,#1264,.T.);
#1870=ORIENTED_EDGE('',*,*,#1370,.T.);
#1871=ORIENTED_EDGE('',*,*,#1246,.T.);
#1872=ORIENTED_EDGE('',*,*,#1362,.T.);
#1873=ORIENTED_EDGE('',*,*,#1350,.T.);
#1874=ORIENTED_EDGE('',*,*,#1368,.F.);
#1875=ORIENTED_EDGE('',*,*,#1355,.F.);
#1876=ORIENTED_EDGE('',*,*,#1347,.T.);
#1877=ORIENTED_EDGE('',*,*,#1361,.T.);
#1878=ORIENTED_EDGE('',*,*,#1369,.F.);
#1879=ORIENTED_EDGE('',*,*,#1348,.F.);
#1880=ORIENTED_EDGE('',*,*,#1285,.F.);
#1881=ORIENTED_EDGE('',*,*,#1371,.T.);
#1882=ORIENTED_EDGE('',*,*,#1372,.T.);
#1883=ORIENTED_EDGE('',*,*,#1373,.T.);
#1884=ORIENTED_EDGE('',*,*,#1374,.T.);
#1885=ORIENTED_EDGE('',*,*,#1375,.T.);
#1886=ORIENTED_EDGE('',*,*,#1287,.F.);
#1887=ORIENTED_EDGE('',*,*,#1336,.F.);
#1888=ORIENTED_EDGE('',*,*,#1338,.F.);
#1889=ORIENTED_EDGE('',*,*,#1340,.F.);
#1890=ORIENTED_EDGE('',*,*,#1342,.F.);
#1891=ORIENTED_EDGE('',*,*,#1343,.F.);
#1892=ORIENTED_EDGE('',*,*,#1376,.T.);
#1893=ORIENTED_EDGE('',*,*,#1377,.T.);
#1894=ORIENTED_EDGE('',*,*,#1378,.T.);
#1895=ORIENTED_EDGE('',*,*,#1379,.T.);
#1896=ORIENTED_EDGE('',*,*,#1376,.F.);
#1897=ORIENTED_EDGE('',*,*,#1380,.F.);
#1898=ORIENTED_EDGE('',*,*,#1381,.F.);
#1899=ORIENTED_EDGE('',*,*,#1382,.T.);
#1900=ORIENTED_EDGE('',*,*,#1383,.T.);
#1901=ORIENTED_EDGE('',*,*,#1384,.F.);
#1902=ORIENTED_EDGE('',*,*,#1378,.F.);
#1903=ORIENTED_EDGE('',*,*,#1385,.T.);
#1904=ORIENTED_EDGE('',*,*,#1386,.T.);
#1905=ORIENTED_EDGE('',*,*,#1387,.F.);
#1906=ORIENTED_EDGE('',*,*,#1388,.F.);
#1907=ORIENTED_EDGE('',*,*,#1389,.F.);
#1908=ORIENTED_EDGE('',*,*,#1390,.T.);
#1909=ORIENTED_EDGE('',*,*,#1391,.F.);
#1910=ORIENTED_EDGE('',*,*,#1392,.F.);
#1911=ORIENTED_EDGE('',*,*,#1393,.F.);
#1912=ORIENTED_EDGE('',*,*,#1381,.T.);
#1913=ORIENTED_EDGE('',*,*,#1394,.T.);
#1914=ORIENTED_EDGE('',*,*,#1392,.T.);
#1915=ORIENTED_EDGE('',*,*,#1395,.T.);
#1916=ORIENTED_EDGE('',*,*,#1379,.F.);
#1917=ORIENTED_EDGE('',*,*,#1393,.T.);
#1918=ORIENTED_EDGE('',*,*,#1394,.F.);
#1919=ORIENTED_EDGE('',*,*,#1380,.T.);
#1920=ORIENTED_EDGE('',*,*,#1272,.T.);
#1921=ORIENTED_EDGE('',*,*,#1396,.F.);
#1922=ORIENTED_EDGE('',*,*,#1388,.T.);
#1923=ORIENTED_EDGE('',*,*,#1397,.T.);
#1924=ORIENTED_EDGE('',*,*,#1271,.T.);
#1925=ORIENTED_EDGE('',*,*,#1398,.T.);
#1926=ORIENTED_EDGE('',*,*,#1389,.T.);
#1927=ORIENTED_EDGE('',*,*,#1396,.T.);
#1928=ORIENTED_EDGE('',*,*,#1273,.T.);
#1929=ORIENTED_EDGE('',*,*,#1397,.F.);
#1930=ORIENTED_EDGE('',*,*,#1387,.T.);
#1931=ORIENTED_EDGE('',*,*,#1399,.T.);
#1932=ORIENTED_EDGE('',*,*,#1268,.F.);
#1933=ORIENTED_EDGE('',*,*,#1295,.F.);
#1934=ORIENTED_EDGE('',*,*,#1400,.F.);
#1935=ORIENTED_EDGE('',*,*,#1305,.F.);
#1936=ORIENTED_EDGE('',*,*,#1276,.F.);
#1937=ORIENTED_EDGE('',*,*,#1274,.F.);
#1938=ORIENTED_EDGE('',*,*,#1399,.F.);
#1939=ORIENTED_EDGE('',*,*,#1386,.F.);
#1940=ORIENTED_EDGE('',*,*,#1401,.F.);
#1941=ORIENTED_EDGE('',*,*,#1383,.F.);
#1942=ORIENTED_EDGE('',*,*,#1402,.F.);
#1943=ORIENTED_EDGE('',*,*,#1390,.F.);
#1944=ORIENTED_EDGE('',*,*,#1398,.F.);
#1945=ORIENTED_EDGE('',*,*,#1270,.F.);
#1946=ORIENTED_EDGE('',*,*,#1395,.F.);
#1947=ORIENTED_EDGE('',*,*,#1391,.T.);
#1948=ORIENTED_EDGE('',*,*,#1402,.T.);
#1949=ORIENTED_EDGE('',*,*,#1382,.F.);
#1950=ORIENTED_EDGE('',*,*,#1377,.F.);
#1951=ORIENTED_EDGE('',*,*,#1384,.T.);
#1952=ORIENTED_EDGE('',*,*,#1401,.T.);
#1953=ORIENTED_EDGE('',*,*,#1385,.F.);
#1954=ORIENTED_EDGE('',*,*,#1279,.F.);
#1955=ORIENTED_EDGE('',*,*,#1328,.F.);
#1956=ORIENTED_EDGE('',*,*,#1330,.F.);
#1957=ORIENTED_EDGE('',*,*,#1333,.F.);
#1958=ORIENTED_EDGE('',*,*,#1403,.T.);
#1959=ORIENTED_EDGE('',*,*,#1404,.T.);
#1960=ORIENTED_EDGE('',*,*,#1405,.T.);
#1961=ORIENTED_EDGE('',*,*,#1406,.T.);
#1962=ORIENTED_EDGE('',*,*,#1303,.F.);
#1963=ORIENTED_EDGE('',*,*,#1407,.T.);
#1964=ORIENTED_EDGE('',*,*,#1408,.T.);
#1965=ORIENTED_EDGE('',*,*,#1409,.T.);
#1966=ORIENTED_EDGE('',*,*,#1323,.T.);
#1967=ORIENTED_EDGE('',*,*,#1310,.F.);
#1968=ORIENTED_EDGE('',*,*,#1312,.F.);
#1969=ORIENTED_EDGE('',*,*,#1314,.F.);
#1970=ORIENTED_EDGE('',*,*,#1375,.F.);
#1971=ORIENTED_EDGE('',*,*,#1410,.F.);
#1972=ORIENTED_EDGE('',*,*,#1411,.F.);
#1973=ORIENTED_EDGE('',*,*,#1412,.T.);
#1974=ORIENTED_EDGE('',*,*,#1407,.F.);
#1975=ORIENTED_EDGE('',*,*,#1302,.F.);
#1976=ORIENTED_EDGE('',*,*,#1306,.T.);
#1977=ORIENTED_EDGE('',*,*,#1400,.T.);
#1978=ORIENTED_EDGE('',*,*,#1294,.F.);
#1979=ORIENTED_EDGE('',*,*,#1288,.F.);
#1980=ORIENTED_EDGE('',*,*,#1161,.T.);
#1981=ORIENTED_EDGE('',*,*,#1413,.T.);
#1982=ORIENTED_EDGE('',*,*,#1414,.T.);
#1983=ORIENTED_EDGE('',*,*,#1415,.F.);
#1984=ORIENTED_EDGE('',*,*,#1168,.T.);
#1985=ORIENTED_EDGE('',*,*,#1416,.T.);
#1986=ORIENTED_EDGE('',*,*,#1417,.T.);
#1987=ORIENTED_EDGE('',*,*,#1413,.F.);
#1988=ORIENTED_EDGE('',*,*,#1167,.T.);
#1989=ORIENTED_EDGE('',*,*,#1418,.T.);
#1990=ORIENTED_EDGE('',*,*,#1419,.T.);
#1991=ORIENTED_EDGE('',*,*,#1416,.F.);
#1992=ORIENTED_EDGE('',*,*,#1166,.T.);
#1993=ORIENTED_EDGE('',*,*,#1420,.T.);
#1994=ORIENTED_EDGE('',*,*,#1421,.T.);
#1995=ORIENTED_EDGE('',*,*,#1418,.F.);
#1996=ORIENTED_EDGE('',*,*,#1165,.T.);
#1997=ORIENTED_EDGE('',*,*,#1422,.T.);
#1998=ORIENTED_EDGE('',*,*,#1423,.T.);
#1999=ORIENTED_EDGE('',*,*,#1420,.F.);
#2000=ORIENTED_EDGE('',*,*,#1424,.T.);
#2001=ORIENTED_EDGE('',*,*,#1422,.F.);
#2002=ORIENTED_EDGE('',*,*,#1164,.T.);
#2003=ORIENTED_EDGE('',*,*,#1425,.T.);
#2004=ORIENTED_EDGE('',*,*,#1426,.T.);
#2005=ORIENTED_EDGE('',*,*,#1425,.F.);
#2006=ORIENTED_EDGE('',*,*,#1163,.T.);
#2007=ORIENTED_EDGE('',*,*,#1427,.T.);
#2008=ORIENTED_EDGE('',*,*,#1428,.T.);
#2009=ORIENTED_EDGE('',*,*,#1427,.F.);
#2010=ORIENTED_EDGE('',*,*,#1162,.T.);
#2011=ORIENTED_EDGE('',*,*,#1415,.T.);
#2012=ORIENTED_EDGE('',*,*,#1424,.F.);
#2013=ORIENTED_EDGE('',*,*,#1429,.F.);
#2014=ORIENTED_EDGE('',*,*,#1430,.T.);
#2015=ORIENTED_EDGE('',*,*,#1431,.T.);
#2016=ORIENTED_EDGE('',*,*,#1426,.F.);
#2017=ORIENTED_EDGE('',*,*,#1432,.F.);
#2018=ORIENTED_EDGE('',*,*,#1433,.T.);
#2019=ORIENTED_EDGE('',*,*,#1429,.T.);
#2020=ORIENTED_EDGE('',*,*,#1428,.F.);
#2021=ORIENTED_EDGE('',*,*,#1434,.F.);
#2022=ORIENTED_EDGE('',*,*,#1435,.T.);
#2023=ORIENTED_EDGE('',*,*,#1432,.T.);
#2024=ORIENTED_EDGE('',*,*,#1414,.F.);
#2025=ORIENTED_EDGE('',*,*,#1436,.F.);
#2026=ORIENTED_EDGE('',*,*,#1437,.T.);
#2027=ORIENTED_EDGE('',*,*,#1434,.T.);
#2028=ORIENTED_EDGE('',*,*,#1332,.F.);
#2029=ORIENTED_EDGE('',*,*,#1320,.F.);
#2030=ORIENTED_EDGE('',*,*,#1438,.T.);
#2031=ORIENTED_EDGE('',*,*,#1439,.F.);
#2032=ORIENTED_EDGE('',*,*,#1403,.F.);
#2033=ORIENTED_EDGE('',*,*,#1440,.T.);
#2034=ORIENTED_EDGE('',*,*,#1441,.T.);
#2035=ORIENTED_EDGE('',*,*,#1411,.T.);
#2036=ORIENTED_EDGE('',*,*,#1442,.T.);
#2037=ORIENTED_EDGE('',*,*,#1443,.T.);
#2038=ORIENTED_EDGE('',*,*,#1444,.T.);
#2039=ORIENTED_EDGE('',*,*,#1445,.T.);
#2040=ORIENTED_EDGE('',*,*,#1446,.T.);
#2041=ORIENTED_EDGE('',*,*,#1447,.T.);
#2042=ORIENTED_EDGE('',*,*,#1438,.F.);
#2043=ORIENTED_EDGE('',*,*,#1319,.F.);
#2044=ORIENTED_EDGE('',*,*,#1325,.F.);
#2045=ORIENTED_EDGE('',*,*,#1183,.F.);
#2046=ORIENTED_EDGE('',*,*,#1179,.F.);
#2047=ORIENTED_EDGE('',*,*,#1175,.F.);
#2048=ORIENTED_EDGE('',*,*,#1171,.F.);
#2049=ORIENTED_EDGE('',*,*,#1448,.F.);
#2050=ORIENTED_EDGE('',*,*,#1449,.F.);
#2051=ORIENTED_EDGE('',*,*,#1430,.F.);
#2052=ORIENTED_EDGE('',*,*,#1433,.F.);
#2053=ORIENTED_EDGE('',*,*,#1435,.F.);
#2054=ORIENTED_EDGE('',*,*,#1437,.F.);
#2055=ORIENTED_EDGE('',*,*,#1450,.F.);
#2056=ORIENTED_EDGE('',*,*,#1451,.F.);
#2057=ORIENTED_EDGE('',*,*,#1439,.T.);
#2058=ORIENTED_EDGE('',*,*,#1447,.F.);
#2059=ORIENTED_EDGE('',*,*,#1452,.T.);
#2060=ORIENTED_EDGE('',*,*,#1404,.F.);
#2061=ORIENTED_EDGE('',*,*,#1442,.F.);
#2062=ORIENTED_EDGE('',*,*,#1410,.T.);
#2063=ORIENTED_EDGE('',*,*,#1374,.F.);
#2064=ORIENTED_EDGE('',*,*,#1453,.F.);
#2065=ORIENTED_EDGE('',*,*,#1443,.F.);
#2066=ORIENTED_EDGE('',*,*,#1453,.T.);
#2067=ORIENTED_EDGE('',*,*,#1373,.F.);
#2068=ORIENTED_EDGE('',*,*,#1454,.F.);
#2069=ORIENTED_EDGE('',*,*,#1444,.F.);
#2070=ORIENTED_EDGE('',*,*,#1454,.T.);
#2071=ORIENTED_EDGE('',*,*,#1372,.F.);
#2072=ORIENTED_EDGE('',*,*,#1455,.F.);
#2073=ORIENTED_EDGE('',*,*,#1406,.F.);
#2074=ORIENTED_EDGE('',*,*,#1456,.F.);
#2075=ORIENTED_EDGE('',*,*,#1445,.F.);
#2076=ORIENTED_EDGE('',*,*,#1455,.T.);
#2077=ORIENTED_EDGE('',*,*,#1371,.F.);
#2078=ORIENTED_EDGE('',*,*,#1284,.F.);
#2079=ORIENTED_EDGE('',*,*,#1247,.T.);
#2080=ORIENTED_EDGE('',*,*,#1370,.F.);
#2081=ORIENTED_EDGE('',*,*,#1263,.F.);
#2082=ORIENTED_EDGE('',*,*,#1280,.F.);
#2083=ORIENTED_EDGE('',*,*,#1446,.F.);
#2084=ORIENTED_EDGE('',*,*,#1456,.T.);
#2085=ORIENTED_EDGE('',*,*,#1405,.F.);
#2086=ORIENTED_EDGE('',*,*,#1452,.F.);
#2087=ORIENTED_EDGE('',*,*,#1324,.T.);
#2088=ORIENTED_EDGE('',*,*,#1409,.F.);
#2089=ORIENTED_EDGE('',*,*,#1457,.F.);
#2090=ORIENTED_EDGE('',*,*,#1440,.F.);
#2091=ORIENTED_EDGE('',*,*,#1441,.F.);
#2092=ORIENTED_EDGE('',*,*,#1457,.T.);
#2093=ORIENTED_EDGE('',*,*,#1408,.F.);
#2094=ORIENTED_EDGE('',*,*,#1412,.F.);
#2095=ORIENTED_EDGE('',*,*,#1423,.F.);
#2096=ORIENTED_EDGE('',*,*,#1431,.F.);
#2097=ORIENTED_EDGE('',*,*,#1449,.T.);
#2098=ORIENTED_EDGE('',*,*,#1458,.T.);
#2099=ORIENTED_EDGE('',*,*,#1417,.F.);
#2100=ORIENTED_EDGE('',*,*,#1459,.F.);
#2101=ORIENTED_EDGE('',*,*,#1450,.T.);
#2102=ORIENTED_EDGE('',*,*,#1436,.T.);
#2103=ORIENTED_EDGE('',*,*,#1419,.F.);
#2104=ORIENTED_EDGE('',*,*,#1460,.F.);
#2105=ORIENTED_EDGE('',*,*,#1451,.T.);
#2106=ORIENTED_EDGE('',*,*,#1459,.T.);
#2107=ORIENTED_EDGE('',*,*,#1421,.F.);
#2108=ORIENTED_EDGE('',*,*,#1458,.F.);
#2109=ORIENTED_EDGE('',*,*,#1448,.T.);
#2110=ORIENTED_EDGE('',*,*,#1460,.T.);
#2111=CONICAL_SURFACE('',#2246,2.95,0.785398163397448);
#2112=CONICAL_SURFACE('',#2267,2.95,0.785398163397448);
#2113=CONICAL_SURFACE('',#2271,2.95,0.785398163397448);
#2114=CONICAL_SURFACE('',#2275,2.95,0.785398163397448);
#2115=ADVANCED_FACE('',(#166),#2111,.F.);
#2116=ADVANCED_FACE('',(#167,#108,#109,#110,#111,#112),#118,.T.);
#2117=ADVANCED_FACE('',(#168),#55,.F.);
#2118=ADVANCED_FACE('',(#169),#2112,.F.);
#2119=ADVANCED_FACE('',(#170),#56,.F.);
#2120=ADVANCED_FACE('',(#171),#2113,.F.);
#2121=ADVANCED_FACE('',(#172),#57,.F.);
#2122=ADVANCED_FACE('',(#173),#2114,.F.);
#2123=ADVANCED_FACE('',(#174),#58,.F.);
#2124=ADVANCED_FACE('',(#175),#51,.F.);
#2125=ADVANCED_FACE('',(#176),#52,.F.);
#2126=ADVANCED_FACE('',(#177),#53,.F.);
#2127=ADVANCED_FACE('',(#178),#54,.F.);
#2128=ADVANCED_FACE('',(#179),#23,.T.);
#2129=ADVANCED_FACE('',(#180),#59,.T.);
#2130=ADVANCED_FACE('',(#181),#24,.T.);
#2131=ADVANCED_FACE('',(#182),#60,.T.);
#2132=ADVANCED_FACE('',(#183),#25,.T.);
#2133=ADVANCED_FACE('',(#184),#61,.T.);
#2134=ADVANCED_FACE('',(#185),#26,.T.);
#2135=ADVANCED_FACE('',(#186),#62,.T.);
#2136=ADVANCED_FACE('',(#187),#63,.T.);
#2137=ADVANCED_FACE('',(#188),#64,.T.);
#2138=ADVANCED_FACE('',(#189),#65,.T.);
#2139=ADVANCED_FACE('',(#190),#27,.T.);
#2140=ADVANCED_FACE('',(#191),#66,.T.);
#2141=ADVANCED_FACE('',(#192),#28,.T.);
#2142=ADVANCED_FACE('',(#193),#67,.T.);
#2143=ADVANCED_FACE('',(#194),#29,.T.);
#2144=ADVANCED_FACE('',(#195),#68,.T.);
#2145=ADVANCED_FACE('',(#196),#30,.T.);
#2146=ADVANCED_FACE('',(#197),#69,.T.);
#2147=ADVANCED_FACE('',(#198),#70,.T.);
#2148=ADVANCED_FACE('',(#199),#119,.T.);
#2149=ADVANCED_FACE('',(#200),#71,.T.);
#2150=ADVANCED_FACE('',(#201),#120,.T.);
#2151=ADVANCED_FACE('',(#202),#72,.T.);
#2152=ADVANCED_FACE('',(#203),#121,.T.);
#2153=ADVANCED_FACE('',(#204),#73,.F.);
#2154=ADVANCED_FACE('',(#205),#122,.T.);
#2155=ADVANCED_FACE('',(#206),#74,.T.);
#2156=ADVANCED_FACE('',(#207),#123,.T.);
#2157=ADVANCED_FACE('',(#208),#75,.T.);
#2158=ADVANCED_FACE('',(#209),#124,.T.);
#2159=ADVANCED_FACE('',(#210),#76,.F.);
#2160=ADVANCED_FACE('',(#211),#77,.T.);
#2161=ADVANCED_FACE('',(#212),#125,.F.);
#2162=ADVANCED_FACE('',(#213),#78,.T.);
#2163=ADVANCED_FACE('',(#214),#79,.F.);
#2164=ADVANCED_FACE('',(#215),#31,.F.);
#2165=ADVANCED_FACE('',(#216),#32,.F.);
#2166=ADVANCED_FACE('',(#217),#80,.F.);
#2167=ADVANCED_FACE('',(#218),#81,.F.);
#2168=ADVANCED_FACE('',(#219),#33,.F.);
#2169=ADVANCED_FACE('',(#220),#82,.F.);
#2170=ADVANCED_FACE('',(#221),#126,.F.);
#2171=ADVANCED_FACE('',(#222),#83,.F.);
#2172=ADVANCED_FACE('',(#223),#34,.F.);
#2173=ADVANCED_FACE('',(#224),#84,.F.);
#2174=ADVANCED_FACE('',(#225),#127,.F.);
#2175=ADVANCED_FACE('',(#226),#85,.T.);
#2176=ADVANCED_FACE('',(#227),#35,.T.);
#2177=ADVANCED_FACE('',(#228),#86,.T.);
#2178=ADVANCED_FACE('',(#229),#128,.T.);
#2179=ADVANCED_FACE('',(#230),#87,.T.);
#2180=ADVANCED_FACE('',(#231),#129,.T.);
#2181=ADVANCED_FACE('',(#232),#130,.F.);
#2182=ADVANCED_FACE('',(#233),#88,.T.);
#2183=ADVANCED_FACE('',(#234),#36,.T.);
#2184=ADVANCED_FACE('',(#235),#89,.T.);
#2185=ADVANCED_FACE('',(#236),#90,.T.);
#2186=ADVANCED_FACE('',(#237),#131,.T.);
#2187=ADVANCED_FACE('',(#238),#91,.T.);
#2188=ADVANCED_FACE('',(#239),#37,.T.);
#2189=ADVANCED_FACE('',(#240),#92,.T.);
#2190=ADVANCED_FACE('',(#241),#38,.T.);
#2191=ADVANCED_FACE('',(#242),#93,.T.);
#2192=ADVANCED_FACE('',(#243),#132,.T.);
#2193=ADVANCED_FACE('',(#244),#133,.T.);
#2194=ADVANCED_FACE('',(#245),#134,.T.);
#2195=ADVANCED_FACE('',(#246),#135,.T.);
#2196=ADVANCED_FACE('',(#247),#136,.T.);
#2197=ADVANCED_FACE('',(#248),#94,.F.);
#2198=ADVANCED_FACE('',(#249),#137,.F.);
#2199=ADVANCED_FACE('',(#250),#138,.F.);
#2200=ADVANCED_FACE('',(#251),#139,.T.);
#2201=ADVANCED_FACE('',(#252),#140,.T.);
#2202=ADVANCED_FACE('',(#253),#141,.T.);
#2203=ADVANCED_FACE('',(#254),#142,.T.);
#2204=ADVANCED_FACE('',(#255),#143,.F.);
#2205=ADVANCED_FACE('',(#256),#144,.F.);
#2206=ADVANCED_FACE('',(#257),#145,.F.);
#2207=ADVANCED_FACE('',(#258),#146,.F.);
#2208=ADVANCED_FACE('',(#259),#147,.F.);
#2209=ADVANCED_FACE('',(#260),#95,.F.);
#2210=ADVANCED_FACE('',(#261),#148,.T.);
#2211=ADVANCED_FACE('',(#262),#149,.T.);
#2212=ADVANCED_FACE('',(#263),#150,.F.);
#2213=ADVANCED_FACE('',(#264),#151,.F.);
#2214=ADVANCED_FACE('',(#265),#152,.F.);
#2215=ADVANCED_FACE('',(#266),#153,.T.);
#2216=ADVANCED_FACE('',(#267),#154,.T.);
#2217=ADVANCED_FACE('',(#268),#155,.T.);
#2218=ADVANCED_FACE('',(#269),#39,.T.);
#2219=ADVANCED_FACE('',(#270),#96,.T.);
#2220=ADVANCED_FACE('',(#271),#40,.T.);
#2221=ADVANCED_FACE('',(#272),#97,.T.);
#2222=ADVANCED_FACE('',(#273),#41,.T.);
#2223=ADVANCED_FACE('',(#274),#98,.T.);
#2224=ADVANCED_FACE('',(#275),#42,.T.);
#2225=ADVANCED_FACE('',(#276),#99,.T.);
#2226=ADVANCED_FACE('',(#277),#156,.T.);
#2227=ADVANCED_FACE('',(#278),#100,.F.);
#2228=ADVANCED_FACE('',(#279),#157,.T.);
#2229=ADVANCED_FACE('',(#280),#101,.F.);
#2230=ADVANCED_FACE('',(#281),#158,.F.);
#2231=ADVANCED_FACE('',(#282,#113,#114,#115,#116,#117),#159,.F.);
#2232=ADVANCED_FACE('',(#283),#160,.T.);
#2233=ADVANCED_FACE('',(#284),#102,.F.);
#2234=ADVANCED_FACE('',(#285),#161,.T.);
#2235=ADVANCED_FACE('',(#286),#103,.F.);
#2236=ADVANCED_FACE('',(#287),#162,.T.);
#2237=ADVANCED_FACE('',(#288),#104,.F.);
#2238=ADVANCED_FACE('',(#289),#163,.T.);
#2239=ADVANCED_FACE('',(#290),#105,.F.);
#2240=ADVANCED_FACE('',(#291),#106,.F.);
#2241=ADVANCED_FACE('',(#292),#164,.T.);
#2242=ADVANCED_FACE('',(#293),#107,.F.);
#2243=ADVANCED_FACE('',(#294),#165,.T.);
#2244=CLOSED_SHELL('',(#2115,#2116,#2117,#2118,#2119,#2120,#2121,#2122,
#2123,#2124,#2125,#2126,#2127,#2128,#2129,#2130,#2131,#2132,#2133,#2134,
#2135,#2136,#2137,#2138,#2139,#2140,#2141,#2142,#2143,#2144,#2145,#2146,
#2147,#2148,#2149,#2150,#2151,#2152,#2153,#2154,#2155,#2156,#2157,#2158,
#2159,#2160,#2161,#2162,#2163,#2164,#2165,#2166,#2167,#2168,#2169,#2170,
#2171,#2172,#2173,#2174,#2175,#2176,#2177,#2178,#2179,#2180,#2181,#2182,
#2183,#2184,#2185,#2186,#2187,#2188,#2189,#2190,#2191,#2192,#2193,#2194,
#2195,#2196,#2197,#2198,#2199,#2200,#2201,#2202,#2203,#2204,#2205,#2206,
#2207,#2208,#2209,#2210,#2211,#2212,#2213,#2214,#2215,#2216,#2217,#2218,
#2219,#2220,#2221,#2222,#2223,#2224,#2225,#2226,#2227,#2228,#2229,#2230,
#2231,#2232,#2233,#2234,#2235,#2236,#2237,#2238,#2239,#2240,#2241,#2242,
#2243));
#2245=AXIS2_PLACEMENT_3D('',#3184,#2493,#2494);
#2246=AXIS2_PLACEMENT_3D('',#3185,#2495,#2496);
#2247=AXIS2_PLACEMENT_3D('',#3187,#2497,#2498);
#2248=AXIS2_PLACEMENT_3D('',#3190,#2500,#2501);
#2249=AXIS2_PLACEMENT_3D('',#3191,#2502,#2503);
#2250=AXIS2_PLACEMENT_3D('',#3194,#2504,#2505);
#2251=AXIS2_PLACEMENT_3D('',#3202,#2509,#2510);
#2252=AXIS2_PLACEMENT_3D('',#3206,#2512,#2513);
#2253=AXIS2_PLACEMENT_3D('',#3210,#2515,#2516);
#2254=AXIS2_PLACEMENT_3D('',#3214,#2518,#2519);
#2255=AXIS2_PLACEMENT_3D('',#3222,#2523,#2524);
#2256=AXIS2_PLACEMENT_3D('',#3226,#2526,#2527);
#2257=AXIS2_PLACEMENT_3D('',#3230,#2529,#2530);
#2258=AXIS2_PLACEMENT_3D('',#3233,#2532,#2533);
#2259=AXIS2_PLACEMENT_3D('',#3235,#2534,#2535);
#2260=AXIS2_PLACEMENT_3D('',#3238,#2536,#2537);
#2261=AXIS2_PLACEMENT_3D('',#3242,#2539,#2540);
#2262=AXIS2_PLACEMENT_3D('',#3246,#2542,#2543);
#2263=AXIS2_PLACEMENT_3D('',#3250,#2545,#2546);
#2264=AXIS2_PLACEMENT_3D('',#3253,#2548,#2549);
#2265=AXIS2_PLACEMENT_3D('',#3254,#2550,#2551);
#2266=AXIS2_PLACEMENT_3D('',#3257,#2553,#2554);
#2267=AXIS2_PLACEMENT_3D('',#3258,#2555,#2556);
#2268=AXIS2_PLACEMENT_3D('',#3261,#2558,#2559);
#2269=AXIS2_PLACEMENT_3D('',#3262,#2560,#2561);
#2270=AXIS2_PLACEMENT_3D('',#3265,#2563,#2564);
#2271=AXIS2_PLACEMENT_3D('',#3266,#2565,#2566);
#2272=AXIS2_PLACEMENT_3D('',#3269,#2568,#2569);
#2273=AXIS2_PLACEMENT_3D('',#3270,#2570,#2571);
#2274=AXIS2_PLACEMENT_3D('',#3273,#2573,#2574);
#2275=AXIS2_PLACEMENT_3D('',#3274,#2575,#2576);
#2276=AXIS2_PLACEMENT_3D('',#3277,#2578,#2579);
#2277=AXIS2_PLACEMENT_3D('',#3278,#2580,#2581);
#2278=AXIS2_PLACEMENT_3D('',#3281,#2583,#2584);
#2279=AXIS2_PLACEMENT_3D('',#3314,#2585,#2586);
#2280=AXIS2_PLACEMENT_3D('',#3315,#2587,#2588);
#2281=AXIS2_PLACEMENT_3D('',#3316,#2589,#2590);
#2282=AXIS2_PLACEMENT_3D('',#3349,#2591,#2592);
#2283=AXIS2_PLACEMENT_3D('',#3350,#2593,#2594);
#2284=AXIS2_PLACEMENT_3D('',#3351,#2595,#2596);
#2285=AXIS2_PLACEMENT_3D('',#3384,#2597,#2598);
#2286=AXIS2_PLACEMENT_3D('',#3385,#2599,#2600);
#2287=AXIS2_PLACEMENT_3D('',#3386,#2601,#2602);
#2288=AXIS2_PLACEMENT_3D('',#3419,#2603,#2604);
#2289=AXIS2_PLACEMENT_3D('',#3420,#2605,#2606);
#2290=AXIS2_PLACEMENT_3D('',#3421,#2607,#2608);
#2291=AXIS2_PLACEMENT_3D('',#3422,#2609,#2610);
#2292=AXIS2_PLACEMENT_3D('',#3424,#2611,#2612);
#2293=AXIS2_PLACEMENT_3D('',#3426,#2613,#2614);
#2294=AXIS2_PLACEMENT_3D('',#3427,#2615,#2616);
#2295=AXIS2_PLACEMENT_3D('',#3428,#2617,#2618);
#2296=AXIS2_PLACEMENT_3D('',#3430,#2619,#2620);
#2297=AXIS2_PLACEMENT_3D('',#3432,#2622,#2623);
#2298=AXIS2_PLACEMENT_3D('',#3434,#2624,#2625);
#2299=AXIS2_PLACEMENT_3D('',#3435,#2626,#2627);
#2300=AXIS2_PLACEMENT_3D('',#3436,#2628,#2629);
#2301=AXIS2_PLACEMENT_3D('',#3438,#2630,#2631);
#2302=AXIS2_PLACEMENT_3D('',#3440,#2633,#2634);
#2303=AXIS2_PLACEMENT_3D('',#3442,#2635,#2636);
#2304=AXIS2_PLACEMENT_3D('',#3443,#2637,#2638);
#2305=AXIS2_PLACEMENT_3D('',#3444,#2639,#2640);
#2306=AXIS2_PLACEMENT_3D('',#3446,#2641,#2642);
#2307=AXIS2_PLACEMENT_3D('',#3448,#2644,#2645);
#2308=AXIS2_PLACEMENT_3D('',#3450,#2646,#2647);
#2309=AXIS2_PLACEMENT_3D('',#3451,#2648,#2649);
#2310=AXIS2_PLACEMENT_3D('',#3452,#2650,#2651);
#2311=AXIS2_PLACEMENT_3D('',#3454,#2653,#2654);
#2312=AXIS2_PLACEMENT_3D('',#3456,#2656,#2657);
#2313=AXIS2_PLACEMENT_3D('',#3458,#2659,#2660);
#2314=AXIS2_PLACEMENT_3D('',#3460,#2661,#2662);
#2315=AXIS2_PLACEMENT_3D('',#3462,#2664,#2665);
#2316=AXIS2_PLACEMENT_3D('',#3464,#2666,#2667);
#2317=AXIS2_PLACEMENT_3D('',#3465,#2668,#2669);
#2318=AXIS2_PLACEMENT_3D('',#3466,#2670,#2671);
#2319=AXIS2_PLACEMENT_3D('',#3468,#2672,#2673);
#2320=AXIS2_PLACEMENT_3D('',#3470,#2675,#2676);
#2321=AXIS2_PLACEMENT_3D('',#3472,#2677,#2678);
#2322=AXIS2_PLACEMENT_3D('',#3473,#2679,#2680);
#2323=AXIS2_PLACEMENT_3D('',#3474,#2681,#2682);
#2324=AXIS2_PLACEMENT_3D('',#3476,#2683,#2684);
#2325=AXIS2_PLACEMENT_3D('',#3478,#2686,#2687);
#2326=AXIS2_PLACEMENT_3D('',#3480,#2688,#2689);
#2327=AXIS2_PLACEMENT_3D('',#3481,#2690,#2691);
#2328=AXIS2_PLACEMENT_3D('',#3482,#2692,#2693);
#2329=AXIS2_PLACEMENT_3D('',#3484,#2694,#2695);
#2330=AXIS2_PLACEMENT_3D('',#3486,#2697,#2698);
#2331=AXIS2_PLACEMENT_3D('',#3488,#2699,#2700);
#2332=AXIS2_PLACEMENT_3D('',#3489,#2701,#2702);
#2333=AXIS2_PLACEMENT_3D('',#3490,#2703,#2704);
#2334=AXIS2_PLACEMENT_3D('',#3492,#2706,#2707);
#2335=AXIS2_PLACEMENT_3D('',#3494,#2709,#2710);
#2336=AXIS2_PLACEMENT_3D('',#3500,#2714,#2715);
#2337=AXIS2_PLACEMENT_3D('',#3503,#2717,#2718);
#2338=AXIS2_PLACEMENT_3D('',#3504,#2719,#2720);
#2339=AXIS2_PLACEMENT_3D('',#3508,#2723,#2724);
#2340=AXIS2_PLACEMENT_3D('',#3511,#2726,#2727);
#2341=AXIS2_PLACEMENT_3D('',#3512,#2728,#2729);
#2342=AXIS2_PLACEMENT_3D('',#3516,#2732,#2733);
#2343=AXIS2_PLACEMENT_3D('',#3519,#2735,#2736);
#2344=AXIS2_PLACEMENT_3D('',#3520,#2737,#2738);
#2345=AXIS2_PLACEMENT_3D('',#3529,#2743,#2744);
#2346=AXIS2_PLACEMENT_3D('',#3530,#2745,#2746);
#2347=AXIS2_PLACEMENT_3D('',#3533,#2748,#2749);
#2348=AXIS2_PLACEMENT_3D('',#3534,#2750,#2751);
#2349=AXIS2_PLACEMENT_3D('',#3542,#2755,#2756);
#2350=AXIS2_PLACEMENT_3D('',#3546,#2759,#2760);
#2351=AXIS2_PLACEMENT_3D('',#3549,#2762,#2763);
#2352=AXIS2_PLACEMENT_3D('',#3550,#2764,#2765);
#2353=AXIS2_PLACEMENT_3D('',#3554,#2767,#2768);
#2354=AXIS2_PLACEMENT_3D('',#3560,#2772,#2773);
#2355=AXIS2_PLACEMENT_3D('',#3563,#2775,#2776);
#2356=AXIS2_PLACEMENT_3D('',#3564,#2777,#2778);
#2357=AXIS2_PLACEMENT_3D('',#3568,#2780,#2781);
#2358=AXIS2_PLACEMENT_3D('',#3570,#2783,#2784);
#2359=AXIS2_PLACEMENT_3D('',#3576,#2787,#2788);
#2360=AXIS2_PLACEMENT_3D('',#3582,#2792,#2793);
#2361=AXIS2_PLACEMENT_3D('',#3584,#2794,#2795);
#2362=AXIS2_PLACEMENT_3D('',#3586,#2797,#2798);
#2363=AXIS2_PLACEMENT_3D('',#3588,#2799,#2800);
#2364=AXIS2_PLACEMENT_3D('',#3591,#2802,#2803);
#2365=AXIS2_PLACEMENT_3D('',#3592,#2804,#2805);
#2366=AXIS2_PLACEMENT_3D('',#3593,#2806,#2807);
#2367=AXIS2_PLACEMENT_3D('',#3594,#2808,#2809);
#2368=AXIS2_PLACEMENT_3D('',#3596,#2810,#2811);
#2369=AXIS2_PLACEMENT_3D('',#3597,#2812,#2813);
#2370=AXIS2_PLACEMENT_3D('',#3598,#2814,#2815);
#2371=AXIS2_PLACEMENT_3D('',#3600,#2816,#2817);
#2372=AXIS2_PLACEMENT_3D('',#3602,#2819,#2820);
#2373=AXIS2_PLACEMENT_3D('',#3605,#2821,#2822);
#2374=AXIS2_PLACEMENT_3D('',#3609,#2824,#2825);
#2375=AXIS2_PLACEMENT_3D('',#3611,#2827,#2828);
#2376=AXIS2_PLACEMENT_3D('',#3613,#2829,#2830);
#2377=AXIS2_PLACEMENT_3D('',#3614,#2831,#2832);
#2378=AXIS2_PLACEMENT_3D('',#3615,#2833,#2834);
#2379=AXIS2_PLACEMENT_3D('',#3616,#2835,#2836);
#2380=AXIS2_PLACEMENT_3D('',#3618,#2838,#2839);
#2381=AXIS2_PLACEMENT_3D('',#3622,#2842,#2843);
#2382=AXIS2_PLACEMENT_3D('',#3626,#2845,#2846);
#2383=AXIS2_PLACEMENT_3D('',#3628,#2848,#2849);
#2384=AXIS2_PLACEMENT_3D('',#3631,#2850,#2851);
#2385=AXIS2_PLACEMENT_3D('',#3632,#2852,#2853);
#2386=AXIS2_PLACEMENT_3D('',#3633,#2854,#2855);
#2387=AXIS2_PLACEMENT_3D('',#3634,#2856,#2857);
#2388=AXIS2_PLACEMENT_3D('',#3637,#2858,#2859);
#2389=AXIS2_PLACEMENT_3D('',#3640,#2862,#2863);
#2390=AXIS2_PLACEMENT_3D('',#3644,#2866,#2867);
#2391=AXIS2_PLACEMENT_3D('',#3647,#2868,#2869);
#2392=AXIS2_PLACEMENT_3D('',#3651,#2871,#2872);
#2393=AXIS2_PLACEMENT_3D('',#3653,#2874,#2875);
#2394=AXIS2_PLACEMENT_3D('',#3656,#2876,#2877);
#2395=AXIS2_PLACEMENT_3D('',#3657,#2878,#2879);
#2396=AXIS2_PLACEMENT_3D('',#3658,#2880,#2881);
#2397=AXIS2_PLACEMENT_3D('',#3659,#2882,#2883);
#2398=AXIS2_PLACEMENT_3D('',#3662,#2886,#2887);
#2399=AXIS2_PLACEMENT_3D('',#3664,#2889,#2890);
#2400=AXIS2_PLACEMENT_3D('',#3666,#2892,#2893);
#2401=AXIS2_PLACEMENT_3D('',#3676,#2899,#2900);
#2402=AXIS2_PLACEMENT_3D('',#3682,#2904,#2905);
#2403=AXIS2_PLACEMENT_3D('',#3686,#2907,#2908);
#2404=AXIS2_PLACEMENT_3D('',#3688,#2910,#2911);
#2405=AXIS2_PLACEMENT_3D('',#3690,#2912,#2913);
#2406=AXIS2_PLACEMENT_3D('',#3691,#2914,#2915);
#2407=AXIS2_PLACEMENT_3D('',#3692,#2916,#2917);
#2408=AXIS2_PLACEMENT_3D('',#3693,#2918,#2919);
#2409=AXIS2_PLACEMENT_3D('',#3695,#2920,#2921);
#2410=AXIS2_PLACEMENT_3D('',#3697,#2923,#2924);
#2411=AXIS2_PLACEMENT_3D('',#3699,#2926,#2927);
#2412=AXIS2_PLACEMENT_3D('',#3700,#2928,#2929);
#2413=AXIS2_PLACEMENT_3D('',#3702,#2930,#2931);
#2414=AXIS2_PLACEMENT_3D('',#3704,#2933,#2934);
#2415=AXIS2_PLACEMENT_3D('',#3706,#2935,#2936);
#2416=AXIS2_PLACEMENT_3D('',#3707,#2937,#2938);
#2417=AXIS2_PLACEMENT_3D('',#3708,#2939,#2940);
#2418=AXIS2_PLACEMENT_3D('',#3710,#2941,#2942);
#2419=AXIS2_PLACEMENT_3D('',#3712,#2944,#2945);
#2420=AXIS2_PLACEMENT_3D('',#3714,#2946,#2947);
#2421=AXIS2_PLACEMENT_3D('',#3715,#2948,#2949);
#2422=AXIS2_PLACEMENT_3D('',#3716,#2950,#2951);
#2423=AXIS2_PLACEMENT_3D('',#3718,#2953,#2954);
#2424=AXIS2_PLACEMENT_3D('',#3727,#2959,#2960);
#2425=AXIS2_PLACEMENT_3D('',#3737,#2966,#2967);
#2426=AXIS2_PLACEMENT_3D('',#3749,#2973,#2974);
#2427=AXIS2_PLACEMENT_3D('',#3755,#2978,#2979);
#2428=AXIS2_PLACEMENT_3D('',#3758,#2982,#2983);
#2429=AXIS2_PLACEMENT_3D('',#3759,#2984,#2985);
#2430=AXIS2_PLACEMENT_3D('',#3762,#2988,#2989);
#2431=AXIS2_PLACEMENT_3D('',#3764,#2991,#2992);
#2432=AXIS2_PLACEMENT_3D('',#3766,#2994,#2995);
#2433=AXIS2_PLACEMENT_3D('',#3770,#2999,#3000);
#2434=AXIS2_PLACEMENT_3D('',#3771,#3001,#3002);
#2435=AXIS2_PLACEMENT_3D('',#3772,#3003,#3004);
#2436=AXIS2_PLACEMENT_3D('',#3776,#3006,#3007);
#2437=AXIS2_PLACEMENT_3D('',#3780,#3009,#3010);
#2438=AXIS2_PLACEMENT_3D('',#3782,#3012,#3013);
#2439=AXIS2_PLACEMENT_3D('',#3791,#3018,#3019);
#2440=AXIS2_PLACEMENT_3D('',#3801,#3025,#3026);
#2441=AXIS2_PLACEMENT_3D('',#3809,#3030,#3031);
#2442=AXIS2_PLACEMENT_3D('',#3819,#3037,#3038);
#2443=AXIS2_PLACEMENT_3D('',#3822,#3041,#3042);
#2444=AXIS2_PLACEMENT_3D('',#3823,#3043,#3044);
#2445=AXIS2_PLACEMENT_3D('',#3826,#3047,#3048);
#2446=AXIS2_PLACEMENT_3D('',#3828,#3050,#3051);
#2447=AXIS2_PLACEMENT_3D('',#3830,#3053,#3054);
#2448=AXIS2_PLACEMENT_3D('',#3834,#3058,#3059);
#2449=AXIS2_PLACEMENT_3D('',#3835,#3060,#3061);
#2450=AXIS2_PLACEMENT_3D('',#3836,#3062,#3063);
#2451=AXIS2_PLACEMENT_3D('',#3842,#3066,#3067);
#2452=AXIS2_PLACEMENT_3D('',#3844,#3069,#3070);
#2453=AXIS2_PLACEMENT_3D('',#3848,#3072,#3073);
#2454=AXIS2_PLACEMENT_3D('',#3850,#3075,#3076);
#2455=AXIS2_PLACEMENT_3D('',#3856,#3080,#3081);
#2456=AXIS2_PLACEMENT_3D('',#3871,#3082,#3083);
#2457=AXIS2_PLACEMENT_3D('',#3884,#3084,#3085);
#2458=AXIS2_PLACEMENT_3D('',#3899,#3087,#3088);
#2459=AXIS2_PLACEMENT_3D('',#3917,#3089,#3090);
#2460=AXIS2_PLACEMENT_3D('',#3918,#3091,#3092);
#2461=AXIS2_PLACEMENT_3D('',#3933,#3094,#3095);
#2462=AXIS2_PLACEMENT_3D('',#3947,#3096,#3097);
#2463=AXIS2_PLACEMENT_3D('',#3948,#3098,#3099);
#2464=AXIS2_PLACEMENT_3D('',#3967,#3101,#3102);
#2465=AXIS2_PLACEMENT_3D('',#3969,#3103,#3104);
#2466=AXIS2_PLACEMENT_3D('',#3986,#3105,#3106);
#2467=AXIS2_PLACEMENT_3D('',#3988,#3108,#3109);
#2468=AXIS2_PLACEMENT_3D('',#3994,#3113,#3114);
#2469=AXIS2_PLACEMENT_3D('',#3997,#3116,#3117);
#2470=AXIS2_PLACEMENT_3D('',#3998,#3118,#3119);
#2471=AXIS2_PLACEMENT_3D('',#4002,#3122,#3123);
#2472=AXIS2_PLACEMENT_3D('',#4005,#3125,#3126);
#2473=AXIS2_PLACEMENT_3D('',#4006,#3127,#3128);
#2474=AXIS2_PLACEMENT_3D('',#4010,#3131,#3132);
#2475=AXIS2_PLACEMENT_3D('',#4013,#3134,#3135);
#2476=AXIS2_PLACEMENT_3D('',#4015,#3136,#3137);
#2477=AXIS2_PLACEMENT_3D('',#4019,#3139,#3140);
#2478=AXIS2_PLACEMENT_3D('',#4023,#3142,#3143);
#2479=AXIS2_PLACEMENT_3D('',#4028,#3146,#3147);
#2480=AXIS2_PLACEMENT_3D('',#4031,#3149,#3150);
#2481=AXIS2_PLACEMENT_3D('',#4032,#3151,#3152);
#2482=AXIS2_PLACEMENT_3D('',#4034,#3154,#3155);
#2483=AXIS2_PLACEMENT_3D('',#4036,#3157,#3158);
#2484=AXIS2_PLACEMENT_3D('',#4038,#3160,#3161);
#2485=AXIS2_PLACEMENT_3D('',#4040,#3163,#3164);
#2486=AXIS2_PLACEMENT_3D('',#4042,#3166,#3167);
#2487=AXIS2_PLACEMENT_3D('',#4043,#3168,#3169);
#2488=AXIS2_PLACEMENT_3D('',#4045,#3171,#3172);
#2489=AXIS2_PLACEMENT_3D('',#4046,#3173,#3174);
#2490=AXIS2_PLACEMENT_3D('',#4048,#3176,#3177);
#2491=AXIS2_PLACEMENT_3D('',#4050,#3179,#3180);
#2492=AXIS2_PLACEMENT_3D('',#4052,#3182,#3183);
#2493=DIRECTION('axis',(0.,0.,1.));
#2494=DIRECTION('refdir',(1.,0.,0.));
#2495=DIRECTION('center_axis',(1.,0.,0.));
#2496=DIRECTION('ref_axis',(0.,1.,0.));
#2497=DIRECTION('center_axis',(1.,0.,-3.42113884166275E-47));
#2498=DIRECTION('ref_axis',(0.,1.,0.));
#2499=DIRECTION('',(-0.707106781186548,0.707106781186548,8.65956056235493E-17));
#2500=DIRECTION('center_axis',(-1.,0.,3.42113884166275E-47));
#2501=DIRECTION('ref_axis',(0.,1.,0.));
#2502=DIRECTION('center_axis',(1.,0.,-3.42113884166275E-47));
#2503=DIRECTION('ref_axis',(0.,1.,0.));
#2504=DIRECTION('center_axis',(1.,0.,-3.42113884166275E-47));
#2505=DIRECTION('ref_axis',(2.41911047432041E-47,-0.707106781186549,0.707106781186546));
#2506=DIRECTION('',(0.,-1.,0.));
#2507=DIRECTION('',(-3.42113884166275E-47,0.,-1.));
#2508=DIRECTION('',(0.,1.,0.));
#2509=DIRECTION('center_axis',(1.,0.,-3.42113884166275E-47));
#2510=DIRECTION('ref_axis',(-2.41911047432042E-47,-0.707106781186548,-0.707106781186548));
#2511=DIRECTION('',(-3.42113884166275E-47,0.,-1.));
#2512=DIRECTION('center_axis',(-1.,0.,3.42113884166275E-47));
#2513=DIRECTION('ref_axis',(2.41911047432042E-47,0.707106781186547,0.707106781186547));
#2514=DIRECTION('',(-4.16244067118183E-63,1.,-1.2166827667125E-16));
#2515=DIRECTION('center_axis',(-1.,0.,3.42113884166275E-47));
#2516=DIRECTION('ref_axis',(2.41911047432041E-47,-0.707106781186549,0.707106781186547));
#2517=DIRECTION('',(3.42113884166275E-47,0.,1.));
#2518=DIRECTION('center_axis',(1.,0.,-3.42113884166275E-47));
#2519=DIRECTION('ref_axis',(-2.41911047432042E-47,0.707106781186548,-0.707106781186548));
#2520=DIRECTION('',(0.,1.,0.));
#2521=DIRECTION('',(3.42113884166275E-47,0.,1.));
#2522=DIRECTION('',(0.,-1.,0.));
#2523=DIRECTION('center_axis',(1.,0.,-3.42113884166275E-47));
#2524=DIRECTION('ref_axis',(2.41911047432041E-47,0.707106781186549,0.707106781186546));
#2525=DIRECTION('',(3.42113884166275E-47,0.,1.));
#2526=DIRECTION('center_axis',(-1.,0.,3.42113884166275E-47));
#2527=DIRECTION('ref_axis',(-2.41911047432042E-47,-0.707106781186547,-0.707106781186549));
#2528=DIRECTION('',(1.33271126659844E-62,-1.,3.89551938193399E-16));
#2529=DIRECTION('center_axis',(-1.,0.,3.42113884166275E-47));
#2530=DIRECTION('ref_axis',(-2.41911047432042E-47,0.707106781186548,-0.707106781186547));
#2531=DIRECTION('',(-3.42113884166275E-47,0.,-1.));
#2532=DIRECTION('center_axis',(1.,0.,-3.42113884166275E-47));
#2533=DIRECTION('ref_axis',(0.,1.,0.));
#2534=DIRECTION('center_axis',(1.,0.,-3.42113884166275E-47));
#2535=DIRECTION('ref_axis',(0.,1.,0.));
#2536=DIRECTION('center_axis',(1.,0.,-3.42113884166275E-47));
#2537=DIRECTION('ref_axis',(2.41911057685158E-47,-0.707106751216655,0.707106811156439));
#2538=DIRECTION('',(-1.36867136609126E-62,-1.,-4.00063087011708E-16));
#2539=DIRECTION('center_axis',(1.,0.,-3.42113884166275E-47));
#2540=DIRECTION('ref_axis',(2.41911046618252E-47,0.707106783565258,0.707106778807837));
#2541=DIRECTION('',(3.42113884166275E-47,1.00015771752924E-16,1.));
#2542=DIRECTION('center_axis',(1.,0.,-3.42113884166275E-47));
#2543=DIRECTION('ref_axis',(-2.41911047432042E-47,0.707106781186547,-0.707106781186548));
#2544=DIRECTION('',(3.72107527656048E-62,1.,1.08767151781305E-15));
#2545=DIRECTION('center_axis',(1.,0.,-3.42113884166275E-47));
#2546=DIRECTION('ref_axis',(-2.41911047432042E-47,-0.707106781186547,-0.707106781186548));
#2547=DIRECTION('',(-3.42113884166275E-47,-1.40022080454096E-15,-1.));
#2548=DIRECTION('center_axis',(1.,0.,-3.42113884166275E-47));
#2549=DIRECTION('ref_axis',(0.,1.,0.));
#2550=DIRECTION('center_axis',(1.,0.,0.));
#2551=DIRECTION('ref_axis',(0.,1.,0.));
#2552=DIRECTION('',(-1.,0.,0.));
#2553=DIRECTION('center_axis',(-1.,0.,2.46519032881566E-32));
#2554=DIRECTION('ref_axis',(0.,1.,0.));
#2555=DIRECTION('center_axis',(1.,0.,0.));
#2556=DIRECTION('ref_axis',(0.,1.,0.));
#2557=DIRECTION('',(-0.707106781186548,0.707106781186548,8.65956056235493E-17));
#2558=DIRECTION('center_axis',(-1.,0.,3.42113884166275E-47));
#2559=DIRECTION('ref_axis',(0.,1.,0.));
#2560=DIRECTION('center_axis',(1.,0.,0.));
#2561=DIRECTION('ref_axis',(0.,1.,0.));
#2562=DIRECTION('',(-1.,0.,0.));
#2563=DIRECTION('center_axis',(-1.,-4.52848067832451E-48,2.46519032881566E-32));
#2564=DIRECTION('ref_axis',(-4.52848067832451E-48,1.,0.));
#2565=DIRECTION('center_axis',(1.,0.,0.));
#2566=DIRECTION('ref_axis',(0.,1.,0.));
#2567=DIRECTION('',(-0.707106781186548,0.707106781186548,8.65956056235493E-17));
#2568=DIRECTION('center_axis',(-1.,0.,3.42113884166275E-47));
#2569=DIRECTION('ref_axis',(0.,1.,0.));
#2570=DIRECTION('center_axis',(1.,0.,0.));
#2571=DIRECTION('ref_axis',(0.,1.,0.));
#2572=DIRECTION('',(-1.,0.,0.));
#2573=DIRECTION('center_axis',(-1.,-3.01898794061311E-48,2.46519032881566E-32));
#2574=DIRECTION('ref_axis',(-3.01898794061312E-48,1.,0.));
#2575=DIRECTION('center_axis',(1.,0.,0.));
#2576=DIRECTION('ref_axis',(0.,1.,0.));
#2577=DIRECTION('',(-0.707106781186548,0.707106781186548,8.65956056235493E-17));
#2578=DIRECTION('center_axis',(-1.,0.,3.42113884166275E-47));
#2579=DIRECTION('ref_axis',(0.,1.,0.));
#2580=DIRECTION('center_axis',(1.,0.,0.));
#2581=DIRECTION('ref_axis',(0.,1.,0.));
#2582=DIRECTION('',(-1.,0.,0.));
#2583=DIRECTION('center_axis',(-1.,-1.50949372378752E-48,2.46519032881566E-32));
#2584=DIRECTION('ref_axis',(-1.50949372378753E-48,1.,0.));
#2585=DIRECTION('center_axis',(1.,0.,0.));
#2586=DIRECTION('ref_axis',(0.,0.,-1.));
#2587=DIRECTION('center_axis',(0.,-0.44721359549996,-0.894427190999915));
#2588=DIRECTION('ref_axis',(0.,0.894427190999915,-0.447213595499959));
#2589=DIRECTION('center_axis',(0.,0.894427190999917,0.447213595499956));
#2590=DIRECTION('ref_axis',(0.,0.447213595499956,-0.894427190999917));
#2591=DIRECTION('center_axis',(1.,0.,0.));
#2592=DIRECTION('ref_axis',(0.,1.,0.));
#2593=DIRECTION('center_axis',(0.,0.894427190999917,-0.447213595499956));
#2594=DIRECTION('ref_axis',(0.,0.447213595499956,0.894427190999917));
#2595=DIRECTION('center_axis',(0.,-0.447213595499956,0.894427190999917));
#2596=DIRECTION('ref_axis',(0.,0.894427190999917,0.447213595499956));
#2597=DIRECTION('center_axis',(1.,0.,0.));
#2598=DIRECTION('ref_axis',(0.,0.,1.));
#2599=DIRECTION('center_axis',(0.,0.447213595499956,0.894427190999917));
#2600=DIRECTION('ref_axis',(0.,-0.894427190999917,0.447213595499956));
#2601=DIRECTION('center_axis',(0.,-0.894427190999917,-0.447213595499956));
#2602=DIRECTION('ref_axis',(0.,-0.447213595499956,0.894427190999917));
#2603=DIRECTION('center_axis',(1.,0.,0.));
#2604=DIRECTION('ref_axis',(0.,-1.,0.));
#2605=DIRECTION('center_axis',(0.,-0.894427190999917,0.447213595499956));
#2606=DIRECTION('ref_axis',(0.,-0.447213595499956,-0.894427190999917));
#2607=DIRECTION('center_axis',(0.,0.447213595499958,-0.894427190999916));
#2608=DIRECTION('ref_axis',(0.,-0.894427190999916,-0.447213595499958));
#2609=DIRECTION('center_axis',(1.,0.,-3.42113884166275E-47));
#2610=DIRECTION('ref_axis',(0.,0.,-1.));
#2611=DIRECTION('center_axis',(0.,-1.,0.));
#2612=DIRECTION('ref_axis',(0.,0.,-1.));
#2613=DIRECTION('center_axis',(0.,0.,1.));
#2614=DIRECTION('ref_axis',(1.,0.,0.));
#2615=DIRECTION('center_axis',(-1.,0.,3.42113884166275E-47));
#2616=DIRECTION('ref_axis',(0.,-0.707106781186549,0.707106781186546));
#2617=DIRECTION('center_axis',(3.42113884166275E-47,0.,1.));
#2618=DIRECTION('ref_axis',(0.707106781186546,0.707106781186549,0.));
#2619=DIRECTION('center_axis',(0.,-5.20417042793042E-16,1.));
#2620=DIRECTION('ref_axis',(1.,0.,0.));
#2621=DIRECTION('',(3.42113884166275E-47,0.,1.));
#2622=DIRECTION('center_axis',(1.,0.,-3.42113884166275E-47));
#2623=DIRECTION('ref_axis',(0.,0.,-1.));
#2624=DIRECTION('center_axis',(0.,1.,0.));
#2625=DIRECTION('ref_axis',(1.,0.,0.));
#2626=DIRECTION('center_axis',(1.,0.,-3.42113884166275E-47));
#2627=DIRECTION('ref_axis',(0.,0.707106781186548,-0.707106781186547));
#2628=DIRECTION('center_axis',(-1.33271126659844E-62,1.,-3.89551938193399E-16));
#2629=DIRECTION('ref_axis',(0.707106781186548,0.,-0.707106781186547));
#2630=DIRECTION('center_axis',(0.,1.,0.));
#2631=DIRECTION('ref_axis',(1.,0.,0.));
#2632=DIRECTION('',(-1.33271126659844E-62,1.,-3.89551938193399E-16));
#2633=DIRECTION('center_axis',(1.,0.,-3.42113884166275E-47));
#2634=DIRECTION('ref_axis',(0.,0.,-1.));
#2635=DIRECTION('center_axis',(0.,8.32667268468867E-16,-1.));
#2636=DIRECTION('ref_axis',(1.,0.,0.));
#2637=DIRECTION('center_axis',(1.,0.,-3.42113884166275E-47));
#2638=DIRECTION('ref_axis',(0.,-0.707106781186546,-0.707106781186549));
#2639=DIRECTION('center_axis',(-3.42113884166275E-47,0.,-1.));
#2640=DIRECTION('ref_axis',(0.707106781186546,-0.707106781186549,0.));
#2641=DIRECTION('center_axis',(0.,0.,-1.));
#2642=DIRECTION('ref_axis',(1.,0.,0.));
#2643=DIRECTION('',(-3.42113884166275E-47,0.,-1.));
#2644=DIRECTION('center_axis',(1.,0.,-3.42113884166275E-47));
#2645=DIRECTION('ref_axis',(0.,0.,-1.));
#2646=DIRECTION('center_axis',(0.,1.,0.));
#2647=DIRECTION('ref_axis',(1.,0.,0.));
#2648=DIRECTION('center_axis',(-1.,0.,3.42113884166275E-47));
#2649=DIRECTION('ref_axis',(0.,0.707106781186549,0.707106781186546));
#2650=DIRECTION('center_axis',(0.,-1.,0.));
#2651=DIRECTION('ref_axis',(0.707106781186548,0.,-0.707106781186548));
#2652=DIRECTION('',(0.,1.,0.));
#2653=DIRECTION('center_axis',(0.,1.,0.));
#2654=DIRECTION('ref_axis',(0.707106781186548,0.,-0.707106781186548));
#2655=DIRECTION('',(0.,1.,0.));
#2656=DIRECTION('center_axis',(3.42113884166275E-47,0.,1.));
#2657=DIRECTION('ref_axis',(0.707106781186546,-0.707106781186549,0.));
#2658=DIRECTION('',(-3.42113884166275E-47,0.,-1.));
#2659=DIRECTION('center_axis',(0.,1.,0.));
#2660=DIRECTION('ref_axis',(0.707106781186549,0.,0.707106781186546));
#2661=DIRECTION('center_axis',(0.,-1.,0.));
#2662=DIRECTION('ref_axis',(1.,0.,0.));
#2663=DIRECTION('',(0.,-1.,0.));
#2664=DIRECTION('center_axis',(1.,0.,-3.42113884166275E-47));
#2665=DIRECTION('ref_axis',(0.,0.,-1.));
#2666=DIRECTION('center_axis',(0.,0.,-1.));
#2667=DIRECTION('ref_axis',(1.,0.,0.));
#2668=DIRECTION('center_axis',(-1.,0.,3.42113884166275E-47));
#2669=DIRECTION('ref_axis',(0.,0.707106781186548,-0.707106781186548));
#2670=DIRECTION('center_axis',(-3.42113884166275E-47,0.,-1.));
#2671=DIRECTION('ref_axis',(0.707106781186546,-0.707106781186549,0.));
#2672=DIRECTION('center_axis',(0.,0.,-1.));
#2673=DIRECTION('ref_axis',(1.,0.,0.));
#2674=DIRECTION('',(-3.42113884166275E-47,0.,-1.));
#2675=DIRECTION('center_axis',(1.,0.,-3.42113884166275E-47));
#2676=DIRECTION('ref_axis',(0.,0.,-1.));
#2677=DIRECTION('center_axis',(0.,-1.,2.22044604925031E-15));
#2678=DIRECTION('ref_axis',(1.,0.,0.));
#2679=DIRECTION('center_axis',(1.,0.,-3.42113884166275E-47));
#2680=DIRECTION('ref_axis',(0.,-0.707106781186548,0.707106781186547));
#2681=DIRECTION('center_axis',(4.16244067118183E-63,-1.,1.2166827667125E-16));
#2682=DIRECTION('ref_axis',(0.707106781186546,0.,0.707106781186549));
#2683=DIRECTION('center_axis',(0.,-1.,0.));
#2684=DIRECTION('ref_axis',(1.,0.,0.));
#2685=DIRECTION('',(4.16244067118183E-63,-1.,1.2166827667125E-16));
#2686=DIRECTION('center_axis',(1.,0.,-3.42113884166275E-47));
#2687=DIRECTION('ref_axis',(0.,0.,-1.));
#2688=DIRECTION('center_axis',(0.,-4.44089209850062E-15,1.));
#2689=DIRECTION('ref_axis',(1.,0.,0.));
#2690=DIRECTION('center_axis',(1.,0.,-3.42113884166275E-47));
#2691=DIRECTION('ref_axis',(0.,0.707106781186547,0.707106781186547));
#2692=DIRECTION('center_axis',(3.42113884166275E-47,0.,1.));
#2693=DIRECTION('ref_axis',(0.707106781186546,0.707106781186549,0.));
#2694=DIRECTION('center_axis',(0.,0.,1.));
#2695=DIRECTION('ref_axis',(1.,0.,0.));
#2696=DIRECTION('',(3.42113884166275E-47,0.,1.));
#2697=DIRECTION('center_axis',(1.,0.,-3.42113884166275E-47));
#2698=DIRECTION('ref_axis',(0.,0.,-1.));
#2699=DIRECTION('center_axis',(0.,-1.,0.));
#2700=DIRECTION('ref_axis',(1.,0.,0.));
#2701=DIRECTION('center_axis',(-1.,0.,3.42113884166275E-47));
#2702=DIRECTION('ref_axis',(0.,-0.707106781186548,-0.707106781186548));
#2703=DIRECTION('center_axis',(0.,-1.,0.));
#2704=DIRECTION('ref_axis',(0.707106781186549,0.,0.707106781186546));
#2705=DIRECTION('',(0.,-1.,0.));
#2706=DIRECTION('center_axis',(3.42113884166275E-47,0.,1.));
#2707=DIRECTION('ref_axis',(0.707106781186546,0.707106781186549,0.));
#2708=DIRECTION('',(3.42113884166275E-47,0.,1.));
#2709=DIRECTION('center_axis',(0.,-1.,0.));
#2710=DIRECTION('ref_axis',(-1.13114472017676E-34,0.,-1.));
#2711=DIRECTION('',(1.,0.,0.));
#2712=DIRECTION('',(-1.34940151321678E-78,0.,1.));
#2713=DIRECTION('',(-1.,0.,0.));
#2714=DIRECTION('center_axis',(1.,0.,0.));
#2715=DIRECTION('ref_axis',(0.,3.41607085126553E-15,1.));
#2716=DIRECTION('',(1.,0.,0.));
#2717=DIRECTION('center_axis',(-1.,-1.40242244640269E-63,-1.34940151321678E-78));
#2718=DIRECTION('ref_axis',(0.,-0.707106781186549,0.707106781186546));
#2719=DIRECTION('center_axis',(0.,1.2166827667125E-16,1.));
#2720=DIRECTION('ref_axis',(8.7801299221449E-33,-1.,1.2166827667125E-16));
#2721=DIRECTION('',(1.,0.,0.));
#2722=DIRECTION('',(-1.40242244640269E-63,1.,-1.2166827667125E-16));
#2723=DIRECTION('center_axis',(1.,0.,0.));
#2724=DIRECTION('ref_axis',(0.,1.,2.73285668101242E-15));
#2725=DIRECTION('',(1.,0.,0.));
#2726=DIRECTION('center_axis',(-1.,-1.40242244640269E-63,-1.34940151321678E-78));
#2727=DIRECTION('ref_axis',(0.,0.707106781186546,0.707106781186549));
#2728=DIRECTION('center_axis',(0.,1.,0.));
#2729=DIRECTION('ref_axis',(-1.21063040564338E-33,0.,1.));
#2730=DIRECTION('',(1.,0.,0.));
#2731=DIRECTION('',(1.34940151321678E-78,0.,-1.));
#2732=DIRECTION('center_axis',(-1.,0.,0.));
#2733=DIRECTION('ref_axis',(0.,-0.707106781186548,-0.707106781186548));
#2734=DIRECTION('',(-1.,0.,0.));
#2735=DIRECTION('center_axis',(-1.,0.,0.));
#2736=DIRECTION('ref_axis',(0.,0.,-1.));
#2737=DIRECTION('center_axis',(0.,0.,1.));
#2738=DIRECTION('ref_axis',(8.04670115221457E-95,1.,0.));
#2739=DIRECTION('',(1.,0.,0.));
#2740=DIRECTION('',(8.04670115221457E-95,1.,0.));
#2741=DIRECTION('',(-1.,0.,0.));
#2742=DIRECTION('',(1.40242244640269E-63,-1.,0.));
#2743=DIRECTION('center_axis',(0.,0.,1.));
#2744=DIRECTION('ref_axis',(-0.707106781186546,0.707106781186549,0.));
#2745=DIRECTION('center_axis',(-1.,0.,0.));
#2746=DIRECTION('ref_axis',(0.,0.707106781186548,0.707106781186548));
#2747=DIRECTION('',(-1.,0.,0.));
#2748=DIRECTION('center_axis',(1.,0.,0.));
#2749=DIRECTION('ref_axis',(0.,0.707106781186548,0.707106781186548));
#2750=DIRECTION('center_axis',(0.,1.,0.));
#2751=DIRECTION('ref_axis',(-4.55004866533425E-95,0.,-1.));
#2752=DIRECTION('',(1.,0.,0.));
#2753=DIRECTION('',(-4.55004866533425E-95,0.,-1.));
#2754=DIRECTION('',(1.,0.,0.));
#2755=DIRECTION('center_axis',(0.,-1.,0.));
#2756=DIRECTION('ref_axis',(1.,0.,0.));
#2757=DIRECTION('',(-1.,0.,0.));
#2758=DIRECTION('',(-4.55004866533425E-95,0.,-1.));
#2759=DIRECTION('center_axis',(1.,0.,0.));
#2760=DIRECTION('ref_axis',(0.,0.707106781186544,-0.707106781186551));
#2761=DIRECTION('',(-1.,0.,0.));
#2762=DIRECTION('center_axis',(1.,0.,0.));
#2763=DIRECTION('ref_axis',(0.,0.707106781186544,-0.707106781186551));
#2764=DIRECTION('center_axis',(0.,0.,-1.));
#2765=DIRECTION('ref_axis',(8.13919226878081E-96,-1.,0.));
#2766=DIRECTION('',(1.,0.,0.));
#2767=DIRECTION('center_axis',(0.,0.,-1.));
#2768=DIRECTION('ref_axis',(-0.707106781186546,0.707106781186549,0.));
#2769=DIRECTION('',(-1.40242244640269E-63,1.,0.));
#2770=DIRECTION('',(-1.,0.,0.));
#2771=DIRECTION('',(8.13919226878081E-96,-1.,0.));
#2772=DIRECTION('center_axis',(1.,0.,0.));
#2773=DIRECTION('ref_axis',(0.,-0.707106781186549,0.707106781186546));
#2774=DIRECTION('',(-1.,0.,0.));
#2775=DIRECTION('center_axis',(1.,0.,0.));
#2776=DIRECTION('ref_axis',(0.,0.,1.));
#2777=DIRECTION('center_axis',(-1.,0.,0.));
#2778=DIRECTION('ref_axis',(0.,-0.707106781186548,0.707106781186548));
#2779=DIRECTION('',(-1.,0.,0.));
#2780=DIRECTION('center_axis',(1.,0.,0.));
#2781=DIRECTION('ref_axis',(0.,-0.707106781186548,0.707106781186548));
#2782=DIRECTION('',(1.,0.,0.));
#2783=DIRECTION('center_axis',(0.,1.,0.));
#2784=DIRECTION('ref_axis',(-4.55004866533425E-95,0.,-1.));
#2785=DIRECTION('',(-4.55004866533425E-95,0.,-1.));
#2786=DIRECTION('',(-1.,0.,0.));
#2787=DIRECTION('center_axis',(0.,-1.,0.));
#2788=DIRECTION('ref_axis',(1.,0.,0.));
#2789=DIRECTION('',(1.,0.,0.));
#2790=DIRECTION('',(-4.55004866533425E-95,0.,-1.));
#2791=DIRECTION('',(-1.,0.,0.));
#2792=DIRECTION('center_axis',(1.,0.,0.));
#2793=DIRECTION('ref_axis',(0.,-0.707106781186544,-0.707106781186551));
#2794=DIRECTION('center_axis',(1.,0.,0.));
#2795=DIRECTION('ref_axis',(0.,-0.707106781186544,-0.707106781186551));
#2796=DIRECTION('',(1.,0.,0.));
#2797=DIRECTION('center_axis',(-1.40242244640269E-63,1.,0.));
#2798=DIRECTION('ref_axis',(0.707106781186548,0.,0.707106781186548));
#2799=DIRECTION('center_axis',(0.,1.,0.));
#2800=DIRECTION('ref_axis',(0.,0.,1.));
#2801=DIRECTION('',(1.40242244640269E-63,-1.,0.));
#2802=DIRECTION('center_axis',(0.,-1.,0.));
#2803=DIRECTION('ref_axis',(0.707106781186548,0.,0.707106781186548));
#2804=DIRECTION('center_axis',(0.,0.,-1.));
#2805=DIRECTION('ref_axis',(-1.,0.,0.));
#2806=DIRECTION('center_axis',(0.,0.,1.));
#2807=DIRECTION('ref_axis',(-0.707106781186546,0.707106781186549,0.));
#2808=DIRECTION('center_axis',(0.,0.,1.));
#2809=DIRECTION('ref_axis',(1.,0.,0.));
#2810=DIRECTION('center_axis',(0.,-1.,0.));
#2811=DIRECTION('ref_axis',(0.,0.,-1.));
#2812=DIRECTION('center_axis',(0.,0.,-1.));
#2813=DIRECTION('ref_axis',(-0.707106781186546,0.707106781186549,0.));
#2814=DIRECTION('center_axis',(1.40242244640269E-63,-1.,0.));
#2815=DIRECTION('ref_axis',(0.707106781186549,0.,-0.707106781186546));
#2816=DIRECTION('center_axis',(0.,-1.,0.));
#2817=DIRECTION('ref_axis',(0.707106781186549,0.,-0.707106781186546));
#2818=DIRECTION('',(-1.40242244640269E-63,1.,0.));
#2819=DIRECTION('center_axis',(1.40242244640269E-63,-1.,0.));
#2820=DIRECTION('ref_axis',(0.707106781186549,0.,-0.707106781186546));
#2821=DIRECTION('center_axis',(0.,-1.,0.));
#2822=DIRECTION('ref_axis',(0.,0.,-1.));
#2823=DIRECTION('',(-1.40242244640269E-63,1.,0.));
#2824=DIRECTION('center_axis',(0.,1.,0.));
#2825=DIRECTION('ref_axis',(0.707106781186549,0.,-0.707106781186546));
#2826=DIRECTION('',(1.40242244640269E-63,-1.,0.));
#2827=DIRECTION('center_axis',(0.,0.,1.));
#2828=DIRECTION('ref_axis',(1.,0.,0.));
#2829=DIRECTION('center_axis',(1.,0.,0.));
#2830=DIRECTION('ref_axis',(0.,0.,-1.));
#2831=DIRECTION('center_axis',(0.,0.,-1.));
#2832=DIRECTION('ref_axis',(-0.707106781186546,-0.707106781186549,0.));
#2833=DIRECTION('center_axis',(0.,0.,1.));
#2834=DIRECTION('ref_axis',(-0.707106781186546,-0.707106781186549,0.));
#2835=DIRECTION('center_axis',(1.,0.,0.));
#2836=DIRECTION('ref_axis',(0.,0.707106781186548,-0.707106781186548));
#2837=DIRECTION('',(1.,0.,0.));
#2838=DIRECTION('center_axis',(0.,0.,-1.));
#2839=DIRECTION('ref_axis',(8.04670115221457E-95,-1.,0.));
#2840=DIRECTION('',(-1.,0.,0.));
#2841=DIRECTION('',(8.04670115221457E-95,-1.,0.));
#2842=DIRECTION('center_axis',(-1.,0.,0.));
#2843=DIRECTION('ref_axis',(0.,0.707106781186549,0.707106781186546));
#2844=DIRECTION('',(-1.,0.,0.));
#2845=DIRECTION('center_axis',(-1.,0.,0.));
#2846=DIRECTION('ref_axis',(0.,0.,1.));
#2847=DIRECTION('',(1.,0.,0.));
#2848=DIRECTION('center_axis',(0.,0.,-1.));
#2849=DIRECTION('ref_axis',(-1.,0.,0.));
#2850=DIRECTION('center_axis',(0.,1.,0.));
#2851=DIRECTION('ref_axis',(0.,0.,1.));
#2852=DIRECTION('center_axis',(0.,0.,1.));
#2853=DIRECTION('ref_axis',(-0.707106781186546,-0.707106781186549,0.));
#2854=DIRECTION('center_axis',(0.,0.,-1.));
#2855=DIRECTION('ref_axis',(-0.707106781186546,-0.707106781186549,0.));
#2856=DIRECTION('center_axis',(-1.40242244640269E-63,1.,0.));
#2857=DIRECTION('ref_axis',(0.707106781186548,0.,0.707106781186548));
#2858=DIRECTION('center_axis',(0.,1.,0.));
#2859=DIRECTION('ref_axis',(0.707106781186548,0.,0.707106781186548));
#2860=DIRECTION('',(1.40242244640269E-63,-1.,0.));
#2861=DIRECTION('',(-1.40242244640269E-63,1.,0.));
#2862=DIRECTION('center_axis',(0.,0.,1.));
#2863=DIRECTION('ref_axis',(8.13919226878081E-96,1.,0.));
#2864=DIRECTION('',(8.13919226878081E-96,1.,0.));
#2865=DIRECTION('',(-1.,0.,0.));
#2866=DIRECTION('center_axis',(1.40242244640269E-63,-1.,3.89551938193399E-16));
#2867=DIRECTION('ref_axis',(-0.707106781186547,0.,-0.707106781186548));
#2868=DIRECTION('center_axis',(0.,-1.,0.));
#2869=DIRECTION('ref_axis',(-0.707106781186547,0.,-0.707106781186548));
#2870=DIRECTION('',(1.40242244640269E-63,-1.,3.89551938193399E-16));
#2871=DIRECTION('center_axis',(0.,1.,0.));
#2872=DIRECTION('ref_axis',(0.,0.,-1.));
#2873=DIRECTION('',(-1.40242244640269E-63,1.,-3.89551938193399E-16));
#2874=DIRECTION('center_axis',(-1.,-1.40242244640269E-63,-1.34940151321678E-78));
#2875=DIRECTION('ref_axis',(0.,0.,1.));
#2876=DIRECTION('center_axis',(0.,1.11022302462515E-15,-1.));
#2877=DIRECTION('ref_axis',(0.,-1.,-1.11022302462515E-15));
#2878=DIRECTION('center_axis',(1.,1.40242244640269E-63,1.34940151321678E-78));
#2879=DIRECTION('ref_axis',(9.91662421939573E-64,-0.707106781186547,-0.707106781186548));
#2880=DIRECTION('center_axis',(-1.,-1.40242244640269E-63,-1.34940151321678E-78));
#2881=DIRECTION('ref_axis',(0.,-0.707106781186547,-0.707106781186548));
#2882=DIRECTION('center_axis',(-1.34940151321678E-78,0.,1.));
#2883=DIRECTION('ref_axis',(-0.707106781186545,-0.70710678118655,0.));
#2884=DIRECTION('',(1.34940151321678E-78,0.,-1.));
#2885=DIRECTION('',(-1.34940151321678E-78,0.,1.));
#2886=DIRECTION('center_axis',(0.,-1.,0.));
#2887=DIRECTION('ref_axis',(-1.13114472017676E-34,0.,-1.));
#2888=DIRECTION('',(1.,0.,0.));
#2889=DIRECTION('center_axis',(1.,0.,0.));
#2890=DIRECTION('ref_axis',(0.,-1.,-1.02482125537966E-15));
#2891=DIRECTION('',(1.,0.,0.));
#2892=DIRECTION('center_axis',(0.,-3.89551938193399E-16,-1.));
#2893=DIRECTION('ref_axis',(-3.74824259572954E-32,1.,-3.89551938193399E-16));
#2894=DIRECTION('',(1.,0.,0.));
#2895=DIRECTION('',(0.,1.,-3.89551938193399E-16));
#2896=DIRECTION('',(-1.,0.,0.));
#2897=DIRECTION('',(1.40242244640269E-63,-1.,3.89551938193399E-16));
#2898=DIRECTION('',(1.,0.,0.));
#2899=DIRECTION('center_axis',(0.,-1.,0.));
#2900=DIRECTION('ref_axis',(0.,0.,1.));
#2901=DIRECTION('',(1.34940151321678E-78,0.,-1.));
#2902=DIRECTION('',(-1.,0.,0.));
#2903=DIRECTION('',(0.,0.,-1.));
#2904=DIRECTION('center_axis',(1.34940151321678E-78,0.,-1.));
#2905=DIRECTION('ref_axis',(-0.707106781186545,0.70710678118655,0.));
#2906=DIRECTION('',(1.34940151321678E-78,0.,-1.));
#2907=DIRECTION('center_axis',(0.,-6.93889390390721E-16,1.));
#2908=DIRECTION('ref_axis',(0.,1.,6.93889390390721E-16));
#2909=DIRECTION('',(-1.34940151321678E-78,0.,1.));
#2910=DIRECTION('center_axis',(-1.,-1.40242244640269E-63,-1.34940151321678E-78));
#2911=DIRECTION('ref_axis',(0.,0.,1.));
#2912=DIRECTION('center_axis',(0.,1.,0.));
#2913=DIRECTION('ref_axis',(0.,0.,-1.));
#2914=DIRECTION('center_axis',(1.,1.40242244640269E-63,1.34940151321678E-78));
#2915=DIRECTION('ref_axis',(-9.91662421939573E-64,0.707106781186548,-0.707106781186547));
#2916=DIRECTION('center_axis',(-1.,-1.40242244640269E-63,-1.34940151321678E-78));
#2917=DIRECTION('ref_axis',(0.,0.707106781186548,-0.707106781186547));
#2918=DIRECTION('center_axis',(1.40242244640269E-63,-1.,3.89551938193399E-16));
#2919=DIRECTION('ref_axis',(-0.707106781186547,0.,-0.707106781186548));
#2920=DIRECTION('center_axis',(0.,1.,0.));
#2921=DIRECTION('ref_axis',(-0.707106781186547,0.,-0.707106781186548));
#2922=DIRECTION('',(-1.40242244640269E-63,1.,-3.89551938193399E-16));
#2923=DIRECTION('center_axis',(1.,0.,0.));
#2924=DIRECTION('ref_axis',(0.,0.,-1.));
#2925=DIRECTION('',(1.,0.,0.));
#2926=DIRECTION('center_axis',(0.,1.,0.));
#2927=DIRECTION('ref_axis',(-1.21063040564338E-33,0.,1.));
#2928=DIRECTION('center_axis',(-1.34940151321678E-78,0.,1.));
#2929=DIRECTION('ref_axis',(-0.707106781186545,-0.70710678118655,0.));
#2930=DIRECTION('center_axis',(0.,0.,-1.));
#2931=DIRECTION('ref_axis',(0.,-1.,0.));
#2932=DIRECTION('',(1.34940151321678E-78,0.,-1.));
#2933=DIRECTION('center_axis',(-1.,-1.40242244640269E-63,-1.34940151321678E-78));
#2934=DIRECTION('ref_axis',(0.,0.,1.));
#2935=DIRECTION('center_axis',(0.,-1.,5.92118946466752E-15));
#2936=DIRECTION('ref_axis',(0.,5.92118946466752E-15,1.));
#2937=DIRECTION('center_axis',(1.,1.40242244640269E-63,1.34940151321678E-78));
#2938=DIRECTION('ref_axis',(9.91662421939574E-64,-0.707106781186549,0.707106781186546));
#2939=DIRECTION('center_axis',(-1.40242244640269E-63,1.,-1.2166827667125E-16));
#2940=DIRECTION('ref_axis',(-0.707106781186545,0.,0.70710678118655));
#2941=DIRECTION('center_axis',(0.,-1.,0.));
#2942=DIRECTION('ref_axis',(0.,0.,1.));
#2943=DIRECTION('',(1.40242244640269E-63,-1.,1.2166827667125E-16));
#2944=DIRECTION('center_axis',(-1.,-1.40242244640269E-63,-1.34940151321678E-78));
#2945=DIRECTION('ref_axis',(0.,0.,1.));
#2946=DIRECTION('center_axis',(0.,0.,1.));
#2947=DIRECTION('ref_axis',(0.,1.,0.));
#2948=DIRECTION('center_axis',(1.,1.40242244640269E-63,1.34940151321678E-78));
#2949=DIRECTION('ref_axis',(-9.91662421939572E-64,0.707106781186546,0.707106781186549));
#2950=DIRECTION('center_axis',(1.34940151321678E-78,0.,-1.));
#2951=DIRECTION('ref_axis',(-0.707106781186545,0.70710678118655,0.));
#2952=DIRECTION('',(-1.34940151321678E-78,0.,1.));
#2953=DIRECTION('center_axis',(-0.866025403784439,0.,0.5));
#2954=DIRECTION('ref_axis',(0.5,0.,0.866025403784439));
#2955=DIRECTION('',(-0.5,0.,-0.866025403784439));
#2956=DIRECTION('',(0.,-1.,0.));
#2957=DIRECTION('',(0.5,0.,0.866025403784439));
#2958=DIRECTION('',(0.,1.,0.));
#2959=DIRECTION('center_axis',(0.,1.,0.));
#2960=DIRECTION('ref_axis',(0.,0.,-1.));
#2961=DIRECTION('',(-1.,0.,0.));
#2962=DIRECTION('',(0.,0.,-1.));
#2963=DIRECTION('',(-1.,0.,0.));
#2964=DIRECTION('',(0.500000000000001,0.,-0.866025403784438));
#2965=DIRECTION('',(0.,0.,-1.));
#2966=DIRECTION('center_axis',(0.,-1.,0.));
#2967=DIRECTION('ref_axis',(3.86611663573076E-95,0.,1.));
#2968=DIRECTION('',(0.,0.,1.));
#2969=DIRECTION('',(-0.500000000000001,0.,0.866025403784438));
#2970=DIRECTION('',(-1.,0.,0.));
#2971=DIRECTION('',(3.86611663573076E-95,0.,1.));
#2972=DIRECTION('',(1.,0.,0.));
#2973=DIRECTION('center_axis',(0.,1.,0.));
#2974=DIRECTION('ref_axis',(1.,0.,0.));
#2975=DIRECTION('',(-1.,0.,0.));
#2976=DIRECTION('',(3.86611663573076E-95,0.,1.));
#2977=DIRECTION('',(-1.,0.,0.));
#2978=DIRECTION('center_axis',(-0.866025403784438,0.,-0.500000000000001));
#2979=DIRECTION('ref_axis',(-0.500000000000001,0.,0.866025403784438));
#2980=DIRECTION('',(0.,-1.,0.));
#2981=DIRECTION('',(0.,1.,0.));
#2982=DIRECTION('center_axis',(-1.,0.,0.));
#2983=DIRECTION('ref_axis',(0.,0.,-1.));
#2984=DIRECTION('center_axis',(0.,1.,0.));
#2985=DIRECTION('ref_axis',(1.,0.,0.));
#2986=DIRECTION('',(0.,1.,0.));
#2987=DIRECTION('',(0.,1.,0.));
#2988=DIRECTION('center_axis',(0.,0.,1.));
#2989=DIRECTION('ref_axis',(1.,0.,0.));
#2990=DIRECTION('',(0.,-1.,0.));
#2991=DIRECTION('center_axis',(0.,0.,-1.));
#2992=DIRECTION('ref_axis',(-1.,0.,0.));
#2993=DIRECTION('',(0.,1.,0.));
#2994=DIRECTION('center_axis',(-1.,0.,0.));
#2995=DIRECTION('ref_axis',(0.,0.,1.));
#2996=DIRECTION('',(-1.01924879095631E-94,-1.,0.));
#2997=DIRECTION('',(0.,1.,0.));
#2998=DIRECTION('',(0.,0.,1.));
#2999=DIRECTION('center_axis',(0.,0.,-1.));
#3000=DIRECTION('ref_axis',(-1.01924879095631E-94,-1.,0.));
#3001=DIRECTION('center_axis',(0.,0.,1.));
#3002=DIRECTION('ref_axis',(0.,1.,0.));
#3003=DIRECTION('center_axis',(-1.,-1.40242244640269E-63,-1.34940151321678E-78));
#3004=DIRECTION('ref_axis',(1.40242244640269E-63,-1.,0.));
#3005=DIRECTION('',(-2.04920174206122E-64,0.,1.));
#3006=DIRECTION('center_axis',(1.,0.,9.1084590500965E-78));
#3007=DIRECTION('ref_axis',(-9.1084590500965E-78,0.,1.));
#3008=DIRECTION('',(-7.99188603507927E-64,-1.,0.));
#3009=DIRECTION('center_axis',(1.,1.57776158440452E-77,1.75166724359535E-91));
#3010=DIRECTION('ref_axis',(1.57776158440452E-77,-1.,-1.11022302793389E-14));
#3011=DIRECTION('',(7.68450653272903E-65,0.,-1.));
#3012=DIRECTION('center_axis',(0.866025403784439,0.,-0.5));
#3013=DIRECTION('ref_axis',(0.5,0.,0.866025403784439));
#3014=DIRECTION('',(-0.5,0.,-0.866025403784439));
#3015=DIRECTION('',(0.,-1.,0.));
#3016=DIRECTION('',(0.5,0.,0.866025403784439));
#3017=DIRECTION('',(0.,1.,0.));
#3018=DIRECTION('center_axis',(0.,1.,0.));
#3019=DIRECTION('ref_axis',(0.,0.,-1.));
#3020=DIRECTION('',(0.,0.,-1.));
#3021=DIRECTION('',(0.500000000000001,0.,-0.866025403784438));
#3022=DIRECTION('',(-1.,0.,0.));
#3023=DIRECTION('',(0.,0.,-1.));
#3024=DIRECTION('',(-1.,0.,0.));
#3025=DIRECTION('center_axis',(0.,-1.,0.));
#3026=DIRECTION('ref_axis',(3.86611663573076E-95,0.,1.));
#3027=DIRECTION('',(-1.,0.,0.));
#3028=DIRECTION('',(3.86611663573076E-95,0.,1.));
#3029=DIRECTION('',(-1.,0.,0.));
#3030=DIRECTION('center_axis',(0.,1.,0.));
#3031=DIRECTION('ref_axis',(1.,0.,0.));
#3032=DIRECTION('',(1.,0.,0.));
#3033=DIRECTION('',(3.86611663573076E-95,0.,1.));
#3034=DIRECTION('',(-1.,0.,0.));
#3035=DIRECTION('',(-0.500000000000001,0.,0.866025403784438));
#3036=DIRECTION('',(0.,0.,1.));
#3037=DIRECTION('center_axis',(0.866025403784438,0.,0.500000000000001));
#3038=DIRECTION('ref_axis',(-0.500000000000001,0.,0.866025403784438));
#3039=DIRECTION('',(0.,-1.,0.));
#3040=DIRECTION('',(0.,1.,0.));
#3041=DIRECTION('center_axis',(1.,0.,0.));
#3042=DIRECTION('ref_axis',(0.,0.,-1.));
#3043=DIRECTION('center_axis',(0.,1.,0.));
#3044=DIRECTION('ref_axis',(1.,0.,0.));
#3045=DIRECTION('',(0.,-1.,0.));
#3046=DIRECTION('',(0.,-1.,0.));
#3047=DIRECTION('center_axis',(0.,0.,-1.));
#3048=DIRECTION('ref_axis',(1.,0.,0.));
#3049=DIRECTION('',(0.,1.,0.));
#3050=DIRECTION('center_axis',(0.,0.,1.));
#3051=DIRECTION('ref_axis',(-1.,0.,0.));
#3052=DIRECTION('',(0.,-1.,0.));
#3053=DIRECTION('center_axis',(1.,0.,0.));
#3054=DIRECTION('ref_axis',(0.,0.,1.));
#3055=DIRECTION('',(0.,0.,1.));
#3056=DIRECTION('',(0.,-1.,0.));
#3057=DIRECTION('',(-1.01924879095631E-94,1.,0.));
#3058=DIRECTION('center_axis',(0.,0.,1.));
#3059=DIRECTION('ref_axis',(-1.01924879095631E-94,1.,0.));
#3060=DIRECTION('center_axis',(0.,0.,-1.));
#3061=DIRECTION('ref_axis',(0.,-1.,0.));
#3062=DIRECTION('center_axis',(-1.,-1.40242244640269E-63,-1.34940151321678E-78));
#3063=DIRECTION('ref_axis',(1.40242244640269E-63,-1.,0.));
#3064=DIRECTION('',(-1.34940151321678E-78,0.,1.));
#3065=DIRECTION('',(0.,1.,-6.84384056275781E-17));
#3066=DIRECTION('center_axis',(1.,0.,0.));
#3067=DIRECTION('ref_axis',(0.,1.,3.88578059776859E-15));
#3068=DIRECTION('',(-2.04920174206122E-64,0.,1.));
#3069=DIRECTION('center_axis',(-1.,-1.40242244640269E-63,-1.34940151321678E-78));
#3070=DIRECTION('ref_axis',(1.40242244640269E-63,-1.,0.));
#3071=DIRECTION('',(7.68450653272903E-65,0.,-1.));
#3072=DIRECTION('center_axis',(1.,2.80900582955831E-93,-8.43375837971899E-79));
#3073=DIRECTION('ref_axis',(-8.43375837971899E-79,3.33066908380164E-15,
-1.));
#3074=DIRECTION('',(0.,1.,-6.84384056275781E-17));
#3075=DIRECTION('center_axis',(0.,1.,0.));
#3076=DIRECTION('ref_axis',(7.68450653272903E-65,0.,-1.));
#3077=DIRECTION('',(-1.,0.,0.));
#3078=DIRECTION('',(3.42113884166275E-47,0.,1.));
#3079=DIRECTION('',(-1.,0.,0.));
#3080=DIRECTION('center_axis',(-1.,0.,3.42113884166275E-47));
#3081=DIRECTION('ref_axis',(0.,0.,1.));
#3082=DIRECTION('center_axis',(-1.,0.,3.42113884166275E-47));
#3083=DIRECTION('ref_axis',(0.,-0.707106751216655,0.707106811156439));
#3084=DIRECTION('center_axis',(3.42113884166275E-47,1.40022080454096E-15,
1.));
#3085=DIRECTION('ref_axis',(0.707106781186545,0.70710678118655,0.));
#3086=DIRECTION('',(3.42113884166275E-47,1.40022080454096E-15,1.));
#3087=DIRECTION('center_axis',(-1.,0.,3.42113884166275E-47));
#3088=DIRECTION('ref_axis',(0.,0.,1.));
#3089=DIRECTION('center_axis',(-1.,0.,3.42113884166275E-47));
#3090=DIRECTION('ref_axis',(0.,-0.707106781186547,-0.707106781186548));
#3091=DIRECTION('center_axis',(-3.72107527656048E-62,-1.,-1.08767151781305E-15));
#3092=DIRECTION('ref_axis',(0.707106781186546,0.,0.707106781186549));
#3093=DIRECTION('',(-3.72107527656048E-62,-1.,-1.08767151781305E-15));
#3094=DIRECTION('center_axis',(-1.,0.,3.42113884166275E-47));
#3095=DIRECTION('ref_axis',(0.,0.,1.));
#3096=DIRECTION('center_axis',(-1.,0.,3.42113884166275E-47));
#3097=DIRECTION('ref_axis',(0.,0.707106781186547,-0.707106781186548));
#3098=DIRECTION('center_axis',(-3.42113884166275E-47,-1.00015771752924E-16,
-1.));
#3099=DIRECTION('ref_axis',(0.707106781186545,-0.70710678118655,0.));
#3100=DIRECTION('',(-3.42113884166275E-47,-1.00015771752924E-16,-1.));
#3101=DIRECTION('center_axis',(-1.,0.,3.42113884166275E-47));
#3102=DIRECTION('ref_axis',(0.,0.,1.));
#3103=DIRECTION('center_axis',(-1.,0.,3.42113884166275E-47));
#3104=DIRECTION('ref_axis',(0.,0.707106783565258,0.707106778807837));
#3105=DIRECTION('center_axis',(1.36867136609126E-62,1.,4.00063087011708E-16));
#3106=DIRECTION('ref_axis',(0.707106781186545,0.,-0.70710678118655));
#3107=DIRECTION('',(1.36867136609126E-62,1.,4.00063087011708E-16));
#3108=DIRECTION('center_axis',(0.,-1.,1.00015771752924E-16));
#3109=DIRECTION('ref_axis',(-4.44357560946093E-30,-1.00015771752924E-16,
-1.));
#3110=DIRECTION('',(1.,0.,0.));
#3111=DIRECTION('',(-4.44357560946093E-30,-1.00015771752924E-16,-1.));
#3112=DIRECTION('',(1.,0.,0.));
#3113=DIRECTION('center_axis',(1.,0.,0.));
#3114=DIRECTION('ref_axis',(0.,0.868695930963637,0.495345717178638));
#3115=DIRECTION('',(1.,0.,0.));
#3116=DIRECTION('center_axis',(-1.,-1.80686931162264E-30,-1.87106072506058E-30));
#3117=DIRECTION('ref_axis',(-2.49644193552957E-30,0.868695930963637,0.495345717178638));
#3118=DIRECTION('center_axis',(0.,4.00063087011708E-16,-1.));
#3119=DIRECTION('ref_axis',(1.46423084356667E-30,1.,4.00063087011708E-16));
#3120=DIRECTION('',(1.,0.,0.));
#3121=DIRECTION('',(1.46423084356667E-30,1.,4.00063087011708E-16));
#3122=DIRECTION('center_axis',(1.,0.,0.));
#3123=DIRECTION('ref_axis',(0.,-0.495345645019893,0.868695972109821));
#3124=DIRECTION('',(1.,0.,0.));
#3125=DIRECTION('center_axis',(-1.,-2.99840341026606E-29,2.99880000677444E-29));
#3126=DIRECTION('ref_axis',(4.09029155833595E-29,-0.495345645019893,0.868695972109821));
#3127=DIRECTION('center_axis',(0.,1.,0.));
#3128=DIRECTION('ref_axis',(0.,0.,-1.));
#3129=DIRECTION('',(0.,0.,1.));
#3130=DIRECTION('',(1.,0.,0.));
#3131=DIRECTION('center_axis',(1.,0.,-3.42113884166275E-47));
#3132=DIRECTION('ref_axis',(0.,1.,0.));
#3133=DIRECTION('',(2.34137287753978E-63,-1.,6.84384056275781E-17));
#3134=DIRECTION('center_axis',(-1.,0.,3.42113884166275E-47));
#3135=DIRECTION('ref_axis',(0.,3.33066908380164E-15,-1.));
#3136=DIRECTION('center_axis',(-1.,0.,3.42113884166275E-47));
#3137=DIRECTION('ref_axis',(0.,-1.,-1.11022302793389E-14));
#3138=DIRECTION('',(0.,1.,0.));
#3139=DIRECTION('center_axis',(-1.,0.,3.42113884166275E-47));
#3140=DIRECTION('ref_axis',(0.,0.,1.));
#3141=DIRECTION('',(-3.42113884166275E-47,0.,-1.));
#3142=DIRECTION('center_axis',(-1.,0.,3.42113884166275E-47));
#3143=DIRECTION('ref_axis',(0.,1.,3.88578059776859E-15));
#3144=DIRECTION('',(2.34137287753978E-63,-1.,6.84384056275781E-17));
#3145=DIRECTION('',(-4.75135329117922E-31,-1.,-1.08767151781305E-15));
#3146=DIRECTION('center_axis',(-1.,7.37554883719235E-29,-8.77449808614515E-29));
#3147=DIRECTION('ref_axis',(1.12758173155351E-28,0.495345718657228,-0.86869593012052));
#3148=DIRECTION('',(-2.52523508074649E-30,1.40022080454096E-15,1.));
#3149=DIRECTION('center_axis',(-1.,-2.32976046636428E-30,-5.2012980433433E-31));
#3150=DIRECTION('ref_axis',(2.28149750700935E-30,-0.868695930120509,-0.495345718657247));
#3151=DIRECTION('center_axis',(0.,6.84384056275781E-17,1.));
#3152=DIRECTION('ref_axis',(0.,1.,-6.84384056275781E-17));
#3153=DIRECTION('',(-1.,0.,0.));
#3154=DIRECTION('center_axis',(-1.,0.,0.));
#3155=DIRECTION('ref_axis',(0.,-1.,-1.11022302793389E-14));
#3156=DIRECTION('',(-1.,0.,0.));
#3157=DIRECTION('center_axis',(0.,0.,-1.));
#3158=DIRECTION('ref_axis',(-7.99188603507927E-64,-1.,0.));
#3159=DIRECTION('',(-1.,0.,0.));
#3160=DIRECTION('center_axis',(-1.,0.,0.));
#3161=DIRECTION('ref_axis',(0.,0.,1.));
#3162=DIRECTION('',(-1.,0.,0.));
#3163=DIRECTION('center_axis',(0.,-1.,0.));
#3164=DIRECTION('ref_axis',(-2.04920174206122E-64,0.,1.));
#3165=DIRECTION('',(-1.,0.,0.));
#3166=DIRECTION('center_axis',(-1.,0.,0.));
#3167=DIRECTION('ref_axis',(0.,1.,3.88578059776859E-15));
#3168=DIRECTION('center_axis',(0.,6.84384056275781E-17,1.));
#3169=DIRECTION('ref_axis',(0.,1.,-6.84384056275781E-17));
#3170=DIRECTION('',(-1.,0.,0.));
#3171=DIRECTION('center_axis',(-1.,0.,0.));
#3172=DIRECTION('ref_axis',(0.,3.33066908380164E-15,-1.));
#3173=DIRECTION('center_axis',(1.,0.,0.));
#3174=DIRECTION('ref_axis',(0.,0.495345718657228,-0.86869593012052));
#3175=DIRECTION('',(1.,0.,0.));
#3176=DIRECTION('center_axis',(0.,1.,-1.40022080454096E-15));
#3177=DIRECTION('ref_axis',(-2.52523508074649E-30,1.40022080454096E-15,
1.));
#3178=DIRECTION('',(1.,0.,0.));
#3179=DIRECTION('center_axis',(1.,0.,0.));
#3180=DIRECTION('ref_axis',(0.,-0.868695930120509,-0.495345718657247));
#3181=DIRECTION('',(1.,0.,0.));
#3182=DIRECTION('center_axis',(0.,-1.08767151781305E-15,1.));
#3183=DIRECTION('ref_axis',(-4.75135329117922E-31,-1.,-1.08767151781305E-15));
#3184=CARTESIAN_POINT('',(0.,0.,0.));
#3185=CARTESIAN_POINT('Origin',(39.4999999999982,35.7500000000014,72.75));
#3186=CARTESIAN_POINT('',(39.9999999999982,32.3000000000014,72.75));
#3187=CARTESIAN_POINT('Origin',(39.9999999999982,35.7500000000014,72.75));
#3188=CARTESIAN_POINT('',(38.9999999999982,33.3000000000014,72.75));
#3189=CARTESIAN_POINT('',(39.4999999999982,32.8000000000014,72.75));
#3190=CARTESIAN_POINT('Origin',(38.9999999999982,35.7500000000014,72.75));
#3191=CARTESIAN_POINT('Origin',(39.9999999999982,0.,37.0000000000011));
#3192=CARTESIAN_POINT('',(39.9999999999982,44.9999999880791,29.7500007450581));
#3193=CARTESIAN_POINT('',(39.9999999999982,40.9999999880791,25.7500007450581));
#3194=CARTESIAN_POINT('Origin',(39.9999999999982,44.9999999880791,25.7500007450581));
#3195=CARTESIAN_POINT('',(39.9999999999982,48.0000007450581,29.7500007450581));
#3196=CARTESIAN_POINT('',(39.9999999999982,25.000000372529,29.7500007450581));
#3197=CARTESIAN_POINT('',(39.9999999999982,48.0000007450581,44.2500007450581));
#3198=CARTESIAN_POINT('',(39.9999999999982,48.0000007450581,41.6250003725296));
#3199=CARTESIAN_POINT('',(39.9999999999982,44.9999999880791,44.2500007450581));
#3200=CARTESIAN_POINT('',(39.9999999999982,20.2499999940395,44.2500007450581));
#3201=CARTESIAN_POINT('',(39.9999999999982,40.9999999880791,48.2500007450581));
#3202=CARTESIAN_POINT('Origin',(39.9999999999982,44.9999999880791,48.2500007450581));
#3203=CARTESIAN_POINT('',(39.9999999999982,40.9999999880791,73.5000000000014));
#3204=CARTESIAN_POINT('',(39.9999999999982,40.9999999880791,18.750000000001));
#3205=CARTESIAN_POINT('',(39.9999999999982,36.5,77.9999999880804));
#3206=CARTESIAN_POINT('Origin',(39.9999999999982,36.5,73.5000000000014));
#3207=CARTESIAN_POINT('',(39.9999999999982,-36.5,77.9999999880804));
#3208=CARTESIAN_POINT('',(39.9999999999982,18.25,77.9999999880804));
#3209=CARTESIAN_POINT('',(39.9999999999982,-40.9999999880791,73.5000000000014));
#3210=CARTESIAN_POINT('Origin',(39.9999999999982,-36.5,73.5000000000014));
#3211=CARTESIAN_POINT('',(39.9999999999982,-40.9999999880791,48.2500007450581));
#3212=CARTESIAN_POINT('',(39.9999999999982,-40.9999999880791,55.2500000000013));
#3213=CARTESIAN_POINT('',(39.9999999999982,-44.9999999880791,44.2500007450581));
#3214=CARTESIAN_POINT('Origin',(39.9999999999982,-44.9999999880791,48.2500007450581));
#3215=CARTESIAN_POINT('',(39.9999999999982,-48.0000007450581,44.2500007450581));
#3216=CARTESIAN_POINT('',(39.9999999999982,-20.2499999940395,44.2500007450581));
#3217=CARTESIAN_POINT('',(39.9999999999982,-48.0000007450581,29.7500007450581));
#3218=CARTESIAN_POINT('',(39.9999999999982,-48.0000007450581,41.6250003725296));
#3219=CARTESIAN_POINT('',(39.9999999999982,-44.9999999880791,29.7500007450581));
#3220=CARTESIAN_POINT('',(39.9999999999982,-25.000000372529,29.7500007450581));
#3221=CARTESIAN_POINT('',(39.9999999999982,-40.9999999880791,25.7500007450581));
#3222=CARTESIAN_POINT('Origin',(39.9999999999982,-44.9999999880791,25.7500007450581));
#3223=CARTESIAN_POINT('',(39.9999999999982,-40.9999999880791,0.500000000000906));
#3224=CARTESIAN_POINT('',(39.9999999999982,-40.9999999880791,55.2500000000013));
#3225=CARTESIAN_POINT('',(39.9999999999982,-36.5,-3.99999998807816));
#3226=CARTESIAN_POINT('Origin',(39.9999999999982,-36.5,0.500000000000911));
#3227=CARTESIAN_POINT('',(39.9999999999982,36.5,-3.99999998807816));
#3228=CARTESIAN_POINT('',(39.9999999999982,-18.25,-3.99999998807816));
#3229=CARTESIAN_POINT('',(39.9999999999982,40.9999999880791,0.500000000000911));
#3230=CARTESIAN_POINT('Origin',(39.9999999999982,36.5,0.500000000000908));
#3231=CARTESIAN_POINT('',(39.9999999999982,40.9999999880791,18.750000000001));
#3232=CARTESIAN_POINT('',(39.9999999999982,-39.2,72.7500000000014));
#3233=CARTESIAN_POINT('Origin',(39.9999999999982,-35.75,72.7500000000014));
#3234=CARTESIAN_POINT('',(39.9999999999982,32.3,1.24999999999864));
#3235=CARTESIAN_POINT('Origin',(39.9999999999982,35.75,1.24999999999864));
#3236=CARTESIAN_POINT('',(39.9999999999982,-22.5950741629545,77.4341867955654));
#3237=CARTESIAN_POINT('',(39.9999999999982,-40.4341867955655,59.595076361955));
#3238=CARTESIAN_POINT('Origin',(39.9999999999982,-6.48062942976146E-6,37.0000036953691));
#3239=CARTESIAN_POINT('',(39.9999999999982,22.5950743268254,77.4341867955654));
#3240=CARTESIAN_POINT('',(39.9999999999982,-11.1004795060498,77.4341867955654));
#3241=CARTESIAN_POINT('',(39.9999999999982,40.4341867955676,59.5950742294631));
#3242=CARTESIAN_POINT('Origin',(39.9999999999982,-8.25935964066104E-8,37.0000000407208));
#3243=CARTESIAN_POINT('',(39.9999999999982,40.4341867955655,14.4049257691851));
#3244=CARTESIAN_POINT('',(39.9999999999982,40.4341867955655,48.1004795060512));
#3245=CARTESIAN_POINT('',(39.9999999999982,22.595074230815,-3.43418679556547));
#3246=CARTESIAN_POINT('Origin',(39.9999999999982,2.26485497023532E-13,36.9999999999998));
#3247=CARTESIAN_POINT('',(39.9999999999982,-22.595074230816,-3.43418679556553));
#3248=CARTESIAN_POINT('',(39.9999999999982,11.1004795060503,-3.4341867955655));
#3249=CARTESIAN_POINT('',(39.9999999999982,-40.4341867955655,14.404925769184));
#3250=CARTESIAN_POINT('Origin',(39.9999999999982,-4.88498130835069E-14,
37.));
#3251=CARTESIAN_POINT('',(39.9999999999982,-40.4341867955655,25.8995204939498));
#3252=CARTESIAN_POINT('',(39.9999999999982,-39.2000000000014,1.24999999999999));
#3253=CARTESIAN_POINT('Origin',(39.9999999999982,-35.7500000000014,1.24999999999999));
#3254=CARTESIAN_POINT('Origin',(36.9999999999982,35.7500000000014,72.75));
#3255=CARTESIAN_POINT('',(36.9999999999982,33.3000000000014,72.75));
#3256=CARTESIAN_POINT('',(36.9999999999982,33.3000000000014,72.75));
#3257=CARTESIAN_POINT('Origin',(36.9999999999982,35.7500000000014,72.75));
#3258=CARTESIAN_POINT('Origin',(39.4999999999982,-35.75,72.7500000000014));
#3259=CARTESIAN_POINT('',(38.9999999999982,-38.2,72.7500000000014));
#3260=CARTESIAN_POINT('',(39.4999999999982,-38.7,72.7500000000014));
#3261=CARTESIAN_POINT('Origin',(38.9999999999982,-35.75,72.7500000000014));
#3262=CARTESIAN_POINT('Origin',(36.9999999999982,-35.75,72.7500000000014));
#3263=CARTESIAN_POINT('',(36.9999999999982,-38.2,72.7500000000014));
#3264=CARTESIAN_POINT('',(36.9999999999982,-38.2,72.7500000000014));
#3265=CARTESIAN_POINT('Origin',(36.9999999999982,-35.75,72.7500000000014));
#3266=CARTESIAN_POINT('Origin',(39.4999999999982,-35.7500000000014,1.24999999999999));
#3267=CARTESIAN_POINT('',(38.9999999999982,-38.2000000000014,1.24999999999999));
#3268=CARTESIAN_POINT('',(39.4999999999982,-38.7000000000014,1.24999999999999));
#3269=CARTESIAN_POINT('Origin',(38.9999999999982,-35.7500000000014,1.24999999999999));
#3270=CARTESIAN_POINT('Origin',(36.9999999999982,-35.7500000000014,1.24999999999999));
#3271=CARTESIAN_POINT('',(36.9999999999982,-38.2000000000014,1.24999999999999));
#3272=CARTESIAN_POINT('',(36.9999999999982,-38.2000000000014,1.24999999999999));
#3273=CARTESIAN_POINT('Origin',(36.9999999999982,-35.7500000000014,1.24999999999999));
#3274=CARTESIAN_POINT('Origin',(39.4999999999982,35.75,1.24999999999864));
#3275=CARTESIAN_POINT('',(38.9999999999982,33.3,1.24999999999864));
#3276=CARTESIAN_POINT('',(39.4999999999982,32.8,1.24999999999864));
#3277=CARTESIAN_POINT('Origin',(38.9999999999982,35.75,1.24999999999864));
#3278=CARTESIAN_POINT('Origin',(36.9999999999982,35.75,1.24999999999864));
#3279=CARTESIAN_POINT('',(36.9999999999982,33.3,1.24999999999864));
#3280=CARTESIAN_POINT('',(36.9999999999982,33.3,1.24999999999864));
#3281=CARTESIAN_POINT('Origin',(36.9999999999982,35.75,1.24999999999864));
#3282=CARTESIAN_POINT('Ctrl Pts',(39.9999999999982,48.0000007450581,29.7500007450581));
#3283=CARTESIAN_POINT('Ctrl Pts',(39.9999999999982,48.2244002203145,29.3012017945452));
#3284=CARTESIAN_POINT('Ctrl Pts',(39.7376990789299,48.5970253540843,28.5559515270056));
#3285=CARTESIAN_POINT('Ctrl Pts',(38.896512919182,48.9315663567661,27.886869521642));
#3286=CARTESIAN_POINT('Ctrl Pts',(38.2991993003401,49.0000007450581,27.7500007450581));
#3287=CARTESIAN_POINT('Ctrl Pts',(37.9999999999982,49.0000007450581,27.7500007450581));
#3288=CARTESIAN_POINT('Ctrl Pts',(39.9999999999982,48.0000007450581,29.7500007450581));
#3289=CARTESIAN_POINT('Ctrl Pts',(39.9999999999982,48.2671429775062,29.3439445517369));
#3290=CARTESIAN_POINT('Ctrl Pts',(39.7975624378237,48.7099496274752,28.6688866951549));
#3291=CARTESIAN_POINT('Ctrl Pts',(39.020288784503,49.177780164125,27.9375126687481));
#3292=CARTESIAN_POINT('Ctrl Pts',(38.3446314438401,49.2992000453999,27.7500007450581));
#3293=CARTESIAN_POINT('Ctrl Pts',(37.9999999999982,49.2992000453999,27.7500007450581));
#3294=CARTESIAN_POINT('Ctrl Pts',(39.9999999999982,48.000000745058,29.7500007450581));
#3295=CARTESIAN_POINT('Ctrl Pts',(39.9999999999982,48.3419428025916,29.4187443768224));
#3296=CARTESIAN_POINT('Ctrl Pts',(39.8414829016577,48.9103932908117,28.8684407612969));
#3297=CARTESIAN_POINT('Ctrl Pts',(39.1241385273905,49.6072056822856,28.201779894234));
#3298=CARTESIAN_POINT('Ctrl Pts',(38.3836634429603,49.8170284511821,28.0012734614683));
#3299=CARTESIAN_POINT('Ctrl Pts',(37.9999999999982,49.8170284511821,28.0012734614683));
#3300=CARTESIAN_POINT('Ctrl Pts',(39.9999999999982,48.0000007450581,29.7500007450581));
#3301=CARTESIAN_POINT('Ctrl Pts',(39.9999999999982,48.4167426276771,29.4935442019079));
#3302=CARTESIAN_POINT('Ctrl Pts',(39.7827885777123,49.1102644682449,29.067456935943));
#3303=CARTESIAN_POINT('Ctrl Pts',(38.9885054129846,49.825409398975,28.6335332840595));
#3304=CARTESIAN_POINT('Ctrl Pts',(38.3328222997059,50.0000007450581,28.5256012698016));
#3305=CARTESIAN_POINT('Ctrl Pts',(37.9999999999982,50.0000007450581,28.5256012698016));
#3306=CARTESIAN_POINT('Ctrl Pts',(39.9999999999982,48.0000007450581,29.7500007450581));
#3307=CARTESIAN_POINT('Ctrl Pts',(39.9999999999982,48.4487996955709,29.5256012698017));
#3308=CARTESIAN_POINT('Ctrl Pts',(39.7376990789299,49.1940499631106,29.1529761360318));
#3309=CARTESIAN_POINT('Ctrl Pts',(38.896512919182,49.8631319684741,28.81843513335));
#3310=CARTESIAN_POINT('Ctrl Pts',(38.2991993003401,50.0000007450581,28.7500007450581));
#3311=CARTESIAN_POINT('Ctrl Pts',(37.9999999999982,50.0000007450581,28.7500007450581));
#3312=CARTESIAN_POINT('',(37.9999999999982,49.0000007450581,27.7500007450581));
#3313=CARTESIAN_POINT('',(37.9999999999982,50.0000007450581,28.7500007450581));
#3314=CARTESIAN_POINT('Origin',(37.9999999999982,49.0000007450581,28.7500007450581));
#3315=CARTESIAN_POINT('Origin',(37.9999999999982,48.0000007450581,29.7500007450581));
#3316=CARTESIAN_POINT('Origin',(37.9999999999982,48.0000007450581,29.7500007450581));
#3317=CARTESIAN_POINT('Ctrl Pts',(39.9999999999982,48.0000007450581,44.2500007450581));
#3318=CARTESIAN_POINT('Ctrl Pts',(39.9999999999982,48.4487996955709,44.4744002203145));
#3319=CARTESIAN_POINT('Ctrl Pts',(39.7376770413203,49.1940408035477,44.8470207743029));
#3320=CARTESIAN_POINT('Ctrl Pts',(38.8965025448644,49.8631253732807,45.1815630591694));
#3321=CARTESIAN_POINT('Ctrl Pts',(38.2991993003401,50.0000007450581,45.2500007450581));
#3322=CARTESIAN_POINT('Ctrl Pts',(37.9999999999982,50.0000007450581,45.2500007450581));
#3323=CARTESIAN_POINT('Ctrl Pts',(39.9999999999982,48.0000007450581,44.2500007450581));
#3324=CARTESIAN_POINT('Ctrl Pts',(39.9999999999982,48.4060569383792,44.5171429775062));
#3325=CARTESIAN_POINT('Ctrl Pts',(39.7975558103741,49.0810556505157,44.959915280297));
#3326=CARTESIAN_POINT('Ctrl Pts',(39.020284114676,49.8124451089625,45.4277540596912));
#3327=CARTESIAN_POINT('Ctrl Pts',(38.3446314438401,50.0000007450581,45.5492000453999));
#3328=CARTESIAN_POINT('Ctrl Pts',(37.9999999999982,50.0000007450581,45.5492000453999));
#3329=CARTESIAN_POINT('Ctrl Pts',(39.9999999999982,48.0000007450581,44.2500007450581));
#3330=CARTESIAN_POINT('Ctrl Pts',(39.9999999999982,48.3312571132937,44.5919428025917));
#3331=CARTESIAN_POINT('Ctrl Pts',(39.8414546210071,48.8815248872307,45.1603514032583));
#3332=CARTESIAN_POINT('Ctrl Pts',(39.1240867470038,49.5481829571541,45.857162210708));
#3333=CARTESIAN_POINT('Ctrl Pts',(38.3836634429603,49.7487189413619,46.0670175477205));
#3334=CARTESIAN_POINT('Ctrl Pts',(37.9999999999982,49.7487189413619,46.0670175477205));
#3335=CARTESIAN_POINT('Ctrl Pts',(39.9999999999982,48.0000007450581,44.2500007450581));
#3336=CARTESIAN_POINT('Ctrl Pts',(39.9999999999982,48.2564572882082,44.6667426276771));
#3337=CARTESIAN_POINT('Ctrl Pts',(39.7827717745221,48.682534589031,45.3602365154255));
#3338=CARTESIAN_POINT('Ctrl Pts',(38.9884868601683,49.1164572689607,46.0753853530908));
#3339=CARTESIAN_POINT('Ctrl Pts',(38.3328222997059,49.2244002203145,46.2500007450581));
#3340=CARTESIAN_POINT('Ctrl Pts',(37.9999999999982,49.2244002203145,46.2500007450581));
#3341=CARTESIAN_POINT('Ctrl Pts',(39.9999999999982,48.0000007450581,44.2500007450581));
#3342=CARTESIAN_POINT('Ctrl Pts',(39.9999999999982,48.2244002203145,44.6987996955709));
#3343=CARTESIAN_POINT('Ctrl Pts',(39.7376770413203,48.5970207743029,45.4440408035477));
#3344=CARTESIAN_POINT('Ctrl Pts',(38.8965025448644,48.9315630591694,46.1131253732807));
#3345=CARTESIAN_POINT('Ctrl Pts',(38.2991993003401,49.0000007450581,46.2500007450581));
#3346=CARTESIAN_POINT('Ctrl Pts',(37.9999999999982,49.0000007450581,46.2500007450581));
#3347=CARTESIAN_POINT('',(37.9999999999982,50.0000007450581,45.2500007450581));
#3348=CARTESIAN_POINT('',(37.9999999999982,49.0000007450581,46.2500007450581));
#3349=CARTESIAN_POINT('Origin',(37.9999999999982,49.0000007450581,45.2500007450581));
#3350=CARTESIAN_POINT('Origin',(37.9999999999982,48.0000007450581,44.2500007450581));
#3351=CARTESIAN_POINT('Origin',(37.9999999999982,48.0000007450581,44.2500007450581));
#3352=CARTESIAN_POINT('Ctrl Pts',(39.9999999999982,-48.0000007450581,44.2500007450581));
#3353=CARTESIAN_POINT('Ctrl Pts',(39.9999999999982,-48.2244002203145,44.6987996955709));
#3354=CARTESIAN_POINT('Ctrl Pts',(39.7376770413203,-48.5970207743029,45.4440408035477));
#3355=CARTESIAN_POINT('Ctrl Pts',(38.8965025448644,-48.9315630591694,46.1131253732807));
#3356=CARTESIAN_POINT('Ctrl Pts',(38.2991993003401,-49.0000007450581,46.2500007450581));
#3357=CARTESIAN_POINT('Ctrl Pts',(37.9999999999982,-49.0000007450581,46.2500007450581));
#3358=CARTESIAN_POINT('Ctrl Pts',(39.9999999999982,-48.0000007450581,44.2500007450581));
#3359=CARTESIAN_POINT('Ctrl Pts',(39.9999999999982,-48.2671429775062,44.6560569383792));
#3360=CARTESIAN_POINT('Ctrl Pts',(39.7975558103741,-48.709915280297,45.3310556505157));
#3361=CARTESIAN_POINT('Ctrl Pts',(39.020284114676,-49.1777540596912,46.0624451089625));
#3362=CARTESIAN_POINT('Ctrl Pts',(38.3446314438401,-49.2992000453999,46.2500007450581));
#3363=CARTESIAN_POINT('Ctrl Pts',(37.9999999999982,-49.2992000453999,46.2500007450581));
#3364=CARTESIAN_POINT('Ctrl Pts',(39.9999999999982,-48.0000007450581,44.2500007450581));
#3365=CARTESIAN_POINT('Ctrl Pts',(39.9999999999982,-48.3419428025917,44.5812571132937));
#3366=CARTESIAN_POINT('Ctrl Pts',(39.841454621007,-48.9103514032583,45.1315248872307));
#3367=CARTESIAN_POINT('Ctrl Pts',(39.1240867470038,-49.607162210708,45.7981829571541));
#3368=CARTESIAN_POINT('Ctrl Pts',(38.3836634429603,-49.8170175477205,45.9987189413619));
#3369=CARTESIAN_POINT('Ctrl Pts',(37.9999999999982,-49.8170175477205,45.9987189413619));
#3370=CARTESIAN_POINT('Ctrl Pts',(39.9999999999982,-48.0000007450581,44.2500007450581));
#3371=CARTESIAN_POINT('Ctrl Pts',(39.9999999999982,-48.4167426276771,44.5064572882083));
#3372=CARTESIAN_POINT('Ctrl Pts',(39.7827717745221,-49.1102365154254,44.932534589031));
#3373=CARTESIAN_POINT('Ctrl Pts',(38.9884868601683,-49.8253853530908,45.3664572689607));
#3374=CARTESIAN_POINT('Ctrl Pts',(38.3328222997059,-50.0000007450581,45.4744002203145));
#3375=CARTESIAN_POINT('Ctrl Pts',(37.9999999999982,-50.0000007450581,45.4744002203145));
#3376=CARTESIAN_POINT('Ctrl Pts',(39.9999999999982,-48.0000007450581,44.2500007450581));
#3377=CARTESIAN_POINT('Ctrl Pts',(39.9999999999982,-48.4487996955709,44.4744002203145));
#3378=CARTESIAN_POINT('Ctrl Pts',(39.7376770413203,-49.1940408035477,44.8470207743029));
#3379=CARTESIAN_POINT('Ctrl Pts',(38.8965025448644,-49.8631253732807,45.1815630591694));
#3380=CARTESIAN_POINT('Ctrl Pts',(38.2991993003401,-50.0000007450581,45.2500007450581));
#3381=CARTESIAN_POINT('Ctrl Pts',(37.9999999999982,-50.0000007450581,45.2500007450581));
#3382=CARTESIAN_POINT('',(37.9999999999982,-49.0000007450581,46.2500007450581));
#3383=CARTESIAN_POINT('',(37.9999999999982,-50.0000007450581,45.2500007450581));
#3384=CARTESIAN_POINT('Origin',(37.9999999999982,-49.0000007450581,45.2500007450581));
#3385=CARTESIAN_POINT('Origin',(37.9999999999982,-48.0000007450581,44.2500007450581));
#3386=CARTESIAN_POINT('Origin',(37.9999999999982,-48.0000007450581,44.2500007450581));
#3387=CARTESIAN_POINT('Ctrl Pts',(39.9999999999982,-48.0000007450581,29.7500007450581));
#3388=CARTESIAN_POINT('Ctrl Pts',(39.9999999999982,-48.4487996955709,29.5256012698017));
#3389=CARTESIAN_POINT('Ctrl Pts',(39.7376990789299,-49.1940499631106,29.1529761360318));
#3390=CARTESIAN_POINT('Ctrl Pts',(38.896512919182,-49.8631319684741,28.81843513335));
#3391=CARTESIAN_POINT('Ctrl Pts',(38.2991993003401,-50.0000007450581,28.7500007450581));
#3392=CARTESIAN_POINT('Ctrl Pts',(37.9999999999982,-50.0000007450581,28.7500007450581));
#3393=CARTESIAN_POINT('Ctrl Pts',(39.9999999999982,-48.0000007450581,29.7500007450581));
#3394=CARTESIAN_POINT('Ctrl Pts',(39.9999999999982,-48.4060569383792,29.48285851261));
#3395=CARTESIAN_POINT('Ctrl Pts',(39.7975624378237,-49.0811147949612,29.040051862641));
#3396=CARTESIAN_POINT('Ctrl Pts',(39.020288784503,-49.8124888213681,28.5722213259911));
#3397=CARTESIAN_POINT('Ctrl Pts',(38.3446314438401,-50.0000007450581,28.4508014447162));
#3398=CARTESIAN_POINT('Ctrl Pts',(37.9999999999982,-50.0000007450581,28.4508014447162));
#3399=CARTESIAN_POINT('Ctrl Pts',(39.9999999999982,-48.000000745058,29.7500007450581));
#3400=CARTESIAN_POINT('Ctrl Pts',(39.9999999999982,-48.3312571132937,29.4080586875245));
#3401=CARTESIAN_POINT('Ctrl Pts',(39.8414829016577,-48.8815607288192,28.8396081993044));
#3402=CARTESIAN_POINT('Ctrl Pts',(39.1241385273905,-49.5482215958822,28.1427958078305));
#3403=CARTESIAN_POINT('Ctrl Pts',(38.3836634429603,-49.7487280286478,27.9329730389341));
#3404=CARTESIAN_POINT('Ctrl Pts',(37.9999999999982,-49.7487280286478,27.9329730389341));
#3405=CARTESIAN_POINT('Ctrl Pts',(39.9999999999982,-48.0000007450581,29.7500007450581));
#3406=CARTESIAN_POINT('Ctrl Pts',(39.9999999999982,-48.2564572882082,29.333258862439));
#3407=CARTESIAN_POINT('Ctrl Pts',(39.7827885777123,-48.6825445541731,28.6397370218712));
#3408=CARTESIAN_POINT('Ctrl Pts',(38.9885054129846,-49.1164682060566,27.9245920911412));
#3409=CARTESIAN_POINT('Ctrl Pts',(38.3328222997059,-49.2244002203145,27.7500007450581));
#3410=CARTESIAN_POINT('Ctrl Pts',(37.9999999999982,-49.2244002203145,27.7500007450581));
#3411=CARTESIAN_POINT('Ctrl Pts',(39.9999999999982,-48.0000007450581,29.7500007450581));
#3412=CARTESIAN_POINT('Ctrl Pts',(39.9999999999982,-48.2244002203145,29.3012017945452));
#3413=CARTESIAN_POINT('Ctrl Pts',(39.7376990789299,-48.5970253540843,28.5559515270056));
#3414=CARTESIAN_POINT('Ctrl Pts',(38.896512919182,-48.9315663567661,27.886869521642));
#3415=CARTESIAN_POINT('Ctrl Pts',(38.2991993003401,-49.0000007450581,27.7500007450581));
#3416=CARTESIAN_POINT('Ctrl Pts',(37.9999999999982,-49.0000007450581,27.7500007450581));
#3417=CARTESIAN_POINT('',(37.9999999999982,-50.0000007450581,28.7500007450581));
#3418=CARTESIAN_POINT('',(37.9999999999982,-49.0000007450581,27.7500007450581));
#3419=CARTESIAN_POINT('Origin',(37.9999999999982,-49.0000007450581,28.7500007450581));
#3420=CARTESIAN_POINT('Origin',(37.9999999999982,-48.0000007450581,29.7500007450581));
#3421=CARTESIAN_POINT('Origin',(37.9999999999982,-48.0000007450581,29.7500007450581));
#3422=CARTESIAN_POINT('Origin',(37.9999999999982,44.9999999880791,25.7500007450581));
#3423=CARTESIAN_POINT('',(37.9999999999982,44.9999999880791,27.7500007450581));
#3424=CARTESIAN_POINT('Origin',(37.9999999999982,44.9999999880791,29.7500007450581));
#3425=CARTESIAN_POINT('',(37.9999999999982,42.9999999880791,25.7500007450581));
#3426=CARTESIAN_POINT('Origin',(37.9999999999982,40.9999999880791,25.7500007450581));
#3427=CARTESIAN_POINT('Origin',(37.9999999999982,44.9999999880791,25.7500007450581));
#3428=CARTESIAN_POINT('Origin',(37.9999999999982,40.9999999880791,18.750000000001));
#3429=CARTESIAN_POINT('',(37.9999999999982,42.9999999880791,0.500000000000912));
#3430=CARTESIAN_POINT('Origin',(37.9999999999982,40.9999999880791,0.500000000000911));
#3431=CARTESIAN_POINT('',(37.9999999999982,42.9999999880791,18.750000000001));
#3432=CARTESIAN_POINT('Origin',(37.9999999999982,36.5,0.500000000000908));
#3433=CARTESIAN_POINT('',(37.9999999999982,36.5,-5.99999998807816));
#3434=CARTESIAN_POINT('Origin',(37.9999999999982,36.5,-3.99999998807816));
#3435=CARTESIAN_POINT('Origin',(37.9999999999982,36.5,0.500000000000908));
#3436=CARTESIAN_POINT('Origin',(37.9999999999982,-18.25,-3.99999998807816));
#3437=CARTESIAN_POINT('',(37.9999999999982,-36.5,-5.99999998807816));
#3438=CARTESIAN_POINT('Origin',(37.9999999999982,-36.5,-3.99999998807816));
#3439=CARTESIAN_POINT('',(37.9999999999982,-18.25,-5.99999998807816));
#3440=CARTESIAN_POINT('Origin',(37.9999999999982,-36.5,0.500000000000911));
#3441=CARTESIAN_POINT('',(37.9999999999982,-42.9999999880791,0.500000000000904));
#3442=CARTESIAN_POINT('Origin',(37.9999999999982,-40.9999999880791,0.500000000000906));
#3443=CARTESIAN_POINT('Origin',(37.9999999999982,-36.5,0.500000000000911));
#3444=CARTESIAN_POINT('Origin',(37.9999999999982,-40.9999999880791,55.2500000000013));
#3445=CARTESIAN_POINT('',(37.9999999999982,-42.9999999880791,25.7500007450581));
#3446=CARTESIAN_POINT('Origin',(37.9999999999982,-40.9999999880791,25.7500007450581));
#3447=CARTESIAN_POINT('',(37.9999999999982,-42.9999999880791,55.2500000000013));
#3448=CARTESIAN_POINT('Origin',(37.9999999999982,-44.9999999880791,25.7500007450581));
#3449=CARTESIAN_POINT('',(37.9999999999982,-44.9999999880791,27.7500007450581));
#3450=CARTESIAN_POINT('Origin',(37.9999999999982,-44.9999999880791,29.7500007450581));
#3451=CARTESIAN_POINT('Origin',(37.9999999999982,-44.9999999880791,25.7500007450581));
#3452=CARTESIAN_POINT('Origin',(37.9999999999982,-25.000000372529,29.7500007450581));
#3453=CARTESIAN_POINT('',(37.9999999999982,-25.000000372529,27.7500007450581));
#3454=CARTESIAN_POINT('Origin',(37.9999999999982,25.000000372529,29.7500007450581));
#3455=CARTESIAN_POINT('',(37.9999999999982,25.000000372529,27.7500007450581));
#3456=CARTESIAN_POINT('Origin',(37.9999999999982,-48.0000007450581,41.6250003725296));
#3457=CARTESIAN_POINT('',(37.9999999999982,-50.0000007450581,41.6250003725296));
#3458=CARTESIAN_POINT('Origin',(37.9999999999982,-20.2499999940395,44.2500007450581));
#3459=CARTESIAN_POINT('',(37.9999999999982,-44.9999999880791,46.2500007450581));
#3460=CARTESIAN_POINT('Origin',(37.9999999999982,-44.9999999880791,44.2500007450581));
#3461=CARTESIAN_POINT('',(37.9999999999982,-20.2499999940395,46.2500007450581));
#3462=CARTESIAN_POINT('Origin',(37.9999999999982,-44.9999999880791,48.2500007450581));
#3463=CARTESIAN_POINT('',(37.9999999999982,-42.9999999880791,48.2500007450581));
#3464=CARTESIAN_POINT('Origin',(37.9999999999982,-40.9999999880791,48.2500007450581));
#3465=CARTESIAN_POINT('Origin',(37.9999999999982,-44.9999999880791,48.2500007450581));
#3466=CARTESIAN_POINT('Origin',(37.9999999999982,-40.9999999880791,55.2500000000013));
#3467=CARTESIAN_POINT('',(37.9999999999982,-42.9999999880791,73.5000000000014));
#3468=CARTESIAN_POINT('Origin',(37.9999999999982,-40.9999999880791,73.5000000000014));
#3469=CARTESIAN_POINT('',(37.9999999999982,-42.9999999880791,55.2500000000013));
#3470=CARTESIAN_POINT('Origin',(37.9999999999982,-36.5,73.5000000000014));
#3471=CARTESIAN_POINT('',(37.9999999999982,-36.5,79.9999999880804));
#3472=CARTESIAN_POINT('Origin',(37.9999999999982,-36.5,77.9999999880804));
#3473=CARTESIAN_POINT('Origin',(37.9999999999982,-36.5,73.5000000000014));
#3474=CARTESIAN_POINT('Origin',(37.9999999999982,18.25,77.9999999880804));
#3475=CARTESIAN_POINT('',(37.9999999999982,36.5,79.9999999880804));
#3476=CARTESIAN_POINT('Origin',(37.9999999999982,36.5,77.9999999880804));
#3477=CARTESIAN_POINT('',(37.9999999999982,18.25,79.9999999880804));
#3478=CARTESIAN_POINT('Origin',(37.9999999999982,36.5,73.5000000000014));
#3479=CARTESIAN_POINT('',(37.9999999999982,42.9999999880791,73.5000000000014));
#3480=CARTESIAN_POINT('Origin',(37.9999999999982,40.9999999880791,73.5000000000014));
#3481=CARTESIAN_POINT('Origin',(37.9999999999982,36.5,73.5000000000014));
#3482=CARTESIAN_POINT('Origin',(37.9999999999982,40.9999999880791,18.750000000001));
#3483=CARTESIAN_POINT('',(37.9999999999982,42.9999999880791,48.2500007450581));
#3484=CARTESIAN_POINT('Origin',(37.9999999999982,40.9999999880791,48.2500007450581));
#3485=CARTESIAN_POINT('',(37.9999999999982,42.9999999880791,18.750000000001));
#3486=CARTESIAN_POINT('Origin',(37.9999999999982,44.9999999880791,48.2500007450581));
#3487=CARTESIAN_POINT('',(37.9999999999982,44.9999999880791,46.2500007450581));
#3488=CARTESIAN_POINT('Origin',(37.9999999999982,44.9999999880791,44.2500007450581));
#3489=CARTESIAN_POINT('Origin',(37.9999999999982,44.9999999880791,48.2500007450581));
#3490=CARTESIAN_POINT('Origin',(37.9999999999982,20.2499999940395,44.2500007450581));
#3491=CARTESIAN_POINT('',(37.9999999999982,20.2499999940395,46.2500007450581));
#3492=CARTESIAN_POINT('Origin',(37.9999999999982,48.0000007450581,41.6250003725296));
#3493=CARTESIAN_POINT('',(37.9999999999982,50.0000007450581,41.6250003725296));
#3494=CARTESIAN_POINT('Origin',(36.9999999999982,-42.9999999880791,73.5000000000014));
#3495=CARTESIAN_POINT('',(36.4999999999982,-42.9999999880791,73.5000000000014));
#3496=CARTESIAN_POINT('',(36.9999999999982,-42.9999999880791,73.5000000000014));
#3497=CARTESIAN_POINT('',(36.4999999999982,-42.9999999880791,48.2500007450581));
#3498=CARTESIAN_POINT('',(36.4999999999982,-42.9999999880791,55.2500000000012));
#3499=CARTESIAN_POINT('',(32.6249999999982,-42.9999999880791,48.2500007450581));
#3500=CARTESIAN_POINT('Origin',(36.9999999999982,-36.5,73.5000000000014));
#3501=CARTESIAN_POINT('',(36.4999999999982,-36.5,79.9999999880804));
#3502=CARTESIAN_POINT('',(36.9999999999982,-36.5,79.9999999880804));
#3503=CARTESIAN_POINT('Origin',(36.4999999999982,-36.5,73.5000000000014));
#3504=CARTESIAN_POINT('Origin',(36.9999999999982,36.5,79.9999999880804));
#3505=CARTESIAN_POINT('',(36.4999999999982,36.5,79.9999999880804));
#3506=CARTESIAN_POINT('',(36.9999999999982,36.5,79.9999999880804));
#3507=CARTESIAN_POINT('',(36.4999999999982,18.25,79.9999999880804));
#3508=CARTESIAN_POINT('Origin',(36.9999999999982,36.5,73.5000000000014));
#3509=CARTESIAN_POINT('',(36.4999999999982,42.9999999880791,73.5000000000014));
#3510=CARTESIAN_POINT('',(36.9999999999982,42.9999999880791,73.5000000000014));
#3511=CARTESIAN_POINT('Origin',(36.4999999999982,36.5,73.5000000000014));
#3512=CARTESIAN_POINT('Origin',(36.9999999999982,42.9999999880791,0.500000000000912));
#3513=CARTESIAN_POINT('',(36.4999999999982,42.9999999880791,48.2500007450581));
#3514=CARTESIAN_POINT('',(32.6249999999982,42.9999999880791,48.2500007450581));
#3515=CARTESIAN_POINT('',(36.4999999999982,42.9999999880791,18.750000000001));
#3516=CARTESIAN_POINT('Origin',(32.6249999999982,44.9999999880791,48.2500007450581));
#3517=CARTESIAN_POINT('',(36.4999999999982,44.9999999880791,46.2500007450581));
#3518=CARTESIAN_POINT('',(32.6249999999982,44.9999999880791,46.2500007450581));
#3519=CARTESIAN_POINT('Origin',(36.4999999999982,44.9999999880791,48.2500007450581));
#3520=CARTESIAN_POINT('Origin',(28.2499999999982,40.4999999880791,46.2500007450581));
#3521=CARTESIAN_POINT('',(8.24999999999821,49.0000007450581,46.2500007450581));
#3522=CARTESIAN_POINT('',(28.2499999999982,49.0000007450581,46.2500007450581));
#3523=CARTESIAN_POINT('',(8.24999999999821,40.4999999880791,46.2500007450581));
#3524=CARTESIAN_POINT('',(8.24999999999821,50.0000007450581,46.2500007450581));
#3525=CARTESIAN_POINT('',(32.9999999999982,40.4999999880791,46.2500007450581));
#3526=CARTESIAN_POINT('',(28.2499999999982,40.4999999880791,46.2500007450581));
#3527=CARTESIAN_POINT('',(32.9999999999982,41.4999999880791,46.2500007450581));
#3528=CARTESIAN_POINT('',(32.9999999999982,20.2499999940395,46.2500007450581));
#3529=CARTESIAN_POINT('Origin',(36.4999999999982,41.4999999880791,46.2500007450581));
#3530=CARTESIAN_POINT('Origin',(28.2499999999982,49.0000007450581,45.2500007450581));
#3531=CARTESIAN_POINT('',(8.24999999999821,50.0000007450581,45.2500007450581));
#3532=CARTESIAN_POINT('',(28.2499999999982,50.0000007450581,45.2500007450581));
#3533=CARTESIAN_POINT('Origin',(8.24999999999821,49.0000007450581,45.2500007450581));
#3534=CARTESIAN_POINT('Origin',(28.2499999999982,50.0000007450581,46.2500007450581));
#3535=CARTESIAN_POINT('',(8.24999999999821,50.0000007450581,28.7500007450581));
#3536=CARTESIAN_POINT('',(28.2499999999982,50.0000007450581,28.7500007450581));
#3537=CARTESIAN_POINT('',(8.25000022351741,50.0000007450581,32.5000007450581));
#3538=CARTESIAN_POINT('',(8.24999999999821,50.0000007450581,27.7500007450581));
#3539=CARTESIAN_POINT('',(18.9999999999982,50.0000007450581,32.5000007450581));
#3540=CARTESIAN_POINT('',(23.6249999999982,50.0000007450581,32.5000007450581));
#3541=CARTESIAN_POINT('',(18.9999999999982,50.0000007450581,41.5000007450581));
#3542=CARTESIAN_POINT('Origin',(18.9999999999982,50.0000007450581,37.0000007450581));
#3543=CARTESIAN_POINT('',(8.25000022351741,50.0000007450581,41.5000007450581));
#3544=CARTESIAN_POINT('',(18.2500001117578,50.0000007450581,41.5000007450581));
#3545=CARTESIAN_POINT('',(8.24999999999821,50.0000007450581,27.7500007450581));
#3546=CARTESIAN_POINT('Origin',(28.2499999999982,49.0000007450581,28.7500007450581));
#3547=CARTESIAN_POINT('',(8.24999999999821,49.0000007450581,27.7500007450581));
#3548=CARTESIAN_POINT('',(28.2499999999982,49.0000007450581,27.7500007450581));
#3549=CARTESIAN_POINT('Origin',(8.24999999999821,49.0000007450581,28.7500007450581));
#3550=CARTESIAN_POINT('Origin',(28.2499999999982,50.0000007450581,27.7500007450581));
#3551=CARTESIAN_POINT('',(36.4999999999982,44.9999999880791,27.7500007450581));
#3552=CARTESIAN_POINT('',(32.6249999999982,44.9999999880791,27.7500007450581));
#3553=CARTESIAN_POINT('',(32.9999999999982,41.4999999880791,27.7500007450581));
#3554=CARTESIAN_POINT('Origin',(36.4999999999982,41.4999999880791,27.7500007450581));
#3555=CARTESIAN_POINT('',(32.9999999999982,40.4999999880791,27.7500007450581));
#3556=CARTESIAN_POINT('',(32.9999999999982,25.000000372529,27.7500007450581));
#3557=CARTESIAN_POINT('',(8.24999999999821,40.4999999880791,27.7500007450581));
#3558=CARTESIAN_POINT('',(28.2499999999982,40.4999999880791,27.7500007450581));
#3559=CARTESIAN_POINT('',(8.24999999999821,40.4999999880791,27.7500007450581));
#3560=CARTESIAN_POINT('Origin',(32.6249999999982,44.9999999880791,25.7500007450581));
#3561=CARTESIAN_POINT('',(36.4999999999982,42.9999999880791,25.7500007450581));
#3562=CARTESIAN_POINT('',(32.6249999999982,42.9999999880791,25.7500007450581));
#3563=CARTESIAN_POINT('Origin',(36.4999999999982,44.9999999880791,25.7500007450581));
#3564=CARTESIAN_POINT('Origin',(28.2499999999982,-49.0000007450581,45.2500007450581));
#3565=CARTESIAN_POINT('',(8.24999999999821,-49.0000007450581,46.2500007450581));
#3566=CARTESIAN_POINT('',(28.2499999999982,-49.0000007450581,46.2500007450581));
#3567=CARTESIAN_POINT('',(8.24999999999821,-50.0000007450581,45.2500007450581));
#3568=CARTESIAN_POINT('Origin',(8.24999999999821,-49.0000007450581,45.2500007450581));
#3569=CARTESIAN_POINT('',(28.2499999999982,-50.0000007450581,45.2500007450581));
#3570=CARTESIAN_POINT('Origin',(28.2499999999982,-50.0000007450581,46.2500007450581));
#3571=CARTESIAN_POINT('',(8.25000022351741,-50.0000007450581,41.5000007450581));
#3572=CARTESIAN_POINT('',(8.24999999999821,-50.0000007450581,27.7500007450581));
#3573=CARTESIAN_POINT('',(18.9999999999982,-50.0000007450581,41.5000007450581));
#3574=CARTESIAN_POINT('',(18.2500001117578,-50.0000007450581,41.5000007450581));
#3575=CARTESIAN_POINT('',(18.9999999999982,-50.0000007450581,32.5000007450581));
#3576=CARTESIAN_POINT('Origin',(18.9999999999982,-50.0000007450581,37.0000007450581));
#3577=CARTESIAN_POINT('',(8.25000022351741,-50.0000007450581,32.5000007450581));
#3578=CARTESIAN_POINT('',(23.6249999999982,-50.0000007450581,32.5000007450581));
#3579=CARTESIAN_POINT('',(8.24999999999821,-50.0000007450581,28.7500007450581));
#3580=CARTESIAN_POINT('',(8.24999999999821,-50.0000007450581,27.7500007450581));
#3581=CARTESIAN_POINT('',(28.2499999999982,-50.0000007450581,28.7500007450581));
#3582=CARTESIAN_POINT('Origin',(28.2499999999982,-49.0000007450581,28.7500007450581));
#3583=CARTESIAN_POINT('',(8.24999999999821,-49.0000007450581,27.7500007450581));
#3584=CARTESIAN_POINT('Origin',(8.24999999999821,-49.0000007450581,28.7500007450581));
#3585=CARTESIAN_POINT('',(28.2499999999982,-49.0000007450581,27.7500007450581));
#3586=CARTESIAN_POINT('Origin',(32.9999999999982,25.000000372529,25.7500007450581));
#3587=CARTESIAN_POINT('',(34.9999999999982,41.4999999880791,25.7500007450581));
#3588=CARTESIAN_POINT('Origin',(32.9999999999982,41.4999999880791,25.7500007450581));
#3589=CARTESIAN_POINT('',(34.9999999999982,40.4999999880791,25.7500007450581));
#3590=CARTESIAN_POINT('',(34.9999999999982,25.000000372529,25.7500007450581));
#3591=CARTESIAN_POINT('Origin',(32.9999999999982,40.4999999880791,25.7500007450581));
#3592=CARTESIAN_POINT('Origin',(36.4999999999982,41.4999999880791,25.7500007450581));
#3593=CARTESIAN_POINT('Origin',(36.4999999999982,41.4999999880791,25.7500007450581));
#3594=CARTESIAN_POINT('Origin',(36.4999999999982,41.4999999880791,48.2500007450581));
#3595=CARTESIAN_POINT('',(34.9999999999982,41.4999999880791,48.2500007450581));
#3596=CARTESIAN_POINT('Origin',(32.9999999999982,41.4999999880791,48.2500007450581));
#3597=CARTESIAN_POINT('Origin',(36.4999999999982,41.4999999880791,48.2500007450581));
#3598=CARTESIAN_POINT('Origin',(32.9999999999982,20.2499999940395,48.2500007450581));
#3599=CARTESIAN_POINT('',(34.9999999999982,40.4999999880791,48.2500007450581));
#3600=CARTESIAN_POINT('Origin',(32.9999999999982,40.4999999880791,48.2500007450581));
#3601=CARTESIAN_POINT('',(34.9999999999982,20.2499999940395,48.2500007450581));
#3602=CARTESIAN_POINT('Origin',(32.9999999999982,-20.2499999940395,48.2500007450581));
#3603=CARTESIAN_POINT('',(32.9999999999982,-41.4999999880791,46.2500007450581));
#3604=CARTESIAN_POINT('',(34.9999999999982,-41.4999999880791,48.2500007450581));
#3605=CARTESIAN_POINT('Origin',(32.9999999999982,-41.4999999880791,48.2500007450581));
#3606=CARTESIAN_POINT('',(34.9999999999982,-40.4999999880791,48.2500007450581));
#3607=CARTESIAN_POINT('',(34.9999999999982,-20.2499999940395,48.2500007450581));
#3608=CARTESIAN_POINT('',(32.9999999999982,-40.4999999880791,46.2500007450581));
#3609=CARTESIAN_POINT('Origin',(32.9999999999982,-40.4999999880791,48.2500007450581));
#3610=CARTESIAN_POINT('',(32.9999999999982,-20.2499999940395,46.2500007450581));
#3611=CARTESIAN_POINT('Origin',(36.4999999999982,-41.4999999880791,48.2500007450581));
#3612=CARTESIAN_POINT('',(36.4999999999982,-44.9999999880791,46.2500007450581));
#3613=CARTESIAN_POINT('Origin',(36.4999999999982,-44.9999999880791,48.2500007450581));
#3614=CARTESIAN_POINT('Origin',(36.4999999999982,-41.4999999880791,48.2500007450581));
#3615=CARTESIAN_POINT('Origin',(36.4999999999982,-41.4999999880791,46.2500007450581));
#3616=CARTESIAN_POINT('Origin',(32.6249999999982,-44.9999999880791,48.2500007450581));
#3617=CARTESIAN_POINT('',(32.6249999999982,-44.9999999880791,46.2500007450581));
#3618=CARTESIAN_POINT('Origin',(28.2499999999982,-40.4999999880791,46.2500007450581));
#3619=CARTESIAN_POINT('',(8.24999999999821,-40.4999999880791,46.2500007450581));
#3620=CARTESIAN_POINT('',(28.2499999999982,-40.4999999880791,46.2500007450581));
#3621=CARTESIAN_POINT('',(8.24999999999821,-50.0000007450581,46.2500007450581));
#3622=CARTESIAN_POINT('Origin',(32.6249999999982,-44.9999999880791,25.7500007450581));
#3623=CARTESIAN_POINT('',(36.4999999999982,-44.9999999880791,27.7500007450581));
#3624=CARTESIAN_POINT('',(32.6249999999982,-44.9999999880791,27.7500007450581));
#3625=CARTESIAN_POINT('',(36.4999999999982,-42.9999999880791,25.7500007450581));
#3626=CARTESIAN_POINT('Origin',(36.4999999999982,-44.9999999880791,25.7500007450581));
#3627=CARTESIAN_POINT('',(32.6249999999982,-42.9999999880791,25.7500007450581));
#3628=CARTESIAN_POINT('Origin',(36.4999999999982,-41.4999999880791,25.7500007450581));
#3629=CARTESIAN_POINT('',(32.9999999999982,-41.4999999880791,27.7500007450581));
#3630=CARTESIAN_POINT('',(34.9999999999982,-41.4999999880791,25.7500007450581));
#3631=CARTESIAN_POINT('Origin',(32.9999999999982,-41.4999999880791,25.7500007450581));
#3632=CARTESIAN_POINT('Origin',(36.4999999999982,-41.4999999880791,25.7500007450581));
#3633=CARTESIAN_POINT('Origin',(36.4999999999982,-41.4999999880791,27.7500007450581));
#3634=CARTESIAN_POINT('Origin',(32.9999999999982,-25.000000372529,25.7500007450581));
#3635=CARTESIAN_POINT('',(32.9999999999982,-40.4999999880791,27.7500007450581));
#3636=CARTESIAN_POINT('',(34.9999999999982,-40.4999999880791,25.7500007450581));
#3637=CARTESIAN_POINT('Origin',(32.9999999999982,-40.4999999880791,25.7500007450581));
#3638=CARTESIAN_POINT('',(34.9999999999982,-25.000000372529,25.7500007450581));
#3639=CARTESIAN_POINT('',(32.9999999999982,-25.000000372529,27.7500007450581));
#3640=CARTESIAN_POINT('Origin',(28.2499999999982,-50.0000007450581,27.7500007450581));
#3641=CARTESIAN_POINT('',(8.24999999999821,-40.4999999880791,27.7500007450581));
#3642=CARTESIAN_POINT('',(8.24999999999821,-40.4999999880791,27.7500007450581));
#3643=CARTESIAN_POINT('',(28.2499999999982,-40.4999999880791,27.7500007450581));
#3644=CARTESIAN_POINT('Origin',(36.4999999999982,-18.25,-4.49999998807817));
#3645=CARTESIAN_POINT('',(34.9999999999982,-14.0000002086163,-4.49999998807817));
#3646=CARTESIAN_POINT('',(36.4999999999982,-14.0000002086163,-5.99999998807817));
#3647=CARTESIAN_POINT('Origin',(36.4999999999982,-14.0000002086163,-4.49999998807817));
#3648=CARTESIAN_POINT('',(36.4999999999982,-36.5,-5.99999998807816));
#3649=CARTESIAN_POINT('',(36.4999999999982,-18.25,-5.99999998807816));
#3650=CARTESIAN_POINT('',(34.9999999999982,-36.5,-4.49999998807816));
#3651=CARTESIAN_POINT('Origin',(36.4999999999982,-36.5,-4.49999998807816));
#3652=CARTESIAN_POINT('',(34.9999999999982,-18.25,-4.49999998807817));
#3653=CARTESIAN_POINT('Origin',(36.4999999999982,-36.5,0.500000000000911));
#3654=CARTESIAN_POINT('',(36.4999999999982,-42.9999999880791,0.500000000000904));
#3655=CARTESIAN_POINT('',(34.9999999999982,-41.4999999880791,0.500000000000906));
#3656=CARTESIAN_POINT('Origin',(36.4999999999982,-41.4999999880791,0.500000000000906));
#3657=CARTESIAN_POINT('Origin',(34.9999999999982,-36.5,0.500000000000911));
#3658=CARTESIAN_POINT('Origin',(36.4999999999982,-36.5,0.500000000000911));
#3659=CARTESIAN_POINT('Origin',(36.4999999999982,-41.4999999880791,55.2500000000012));
#3660=CARTESIAN_POINT('',(34.9999999999982,-41.4999999880791,55.2500000000012));
#3661=CARTESIAN_POINT('',(36.4999999999982,-42.9999999880791,55.2500000000012));
#3662=CARTESIAN_POINT('Origin',(36.9999999999982,-42.9999999880791,73.5000000000014));
#3663=CARTESIAN_POINT('',(36.9999999999982,-42.9999999880791,0.500000000000904));
#3664=CARTESIAN_POINT('Origin',(36.9999999999982,-36.5,0.500000000000911));
#3665=CARTESIAN_POINT('',(36.9999999999982,-36.5,-5.99999998807816));
#3666=CARTESIAN_POINT('Origin',(36.9999999999982,-36.5,-5.99999998807816));
#3667=CARTESIAN_POINT('',(36.9999999999982,-14.0000002086163,-5.99999998807817));
#3668=CARTESIAN_POINT('',(36.9999999999982,-14.0000002086163,-5.99999998807817));
#3669=CARTESIAN_POINT('',(36.9999999999982,-10.0000001490116,-5.99999998807817));
#3670=CARTESIAN_POINT('',(36.9999999999982,-24.250000089407,-5.99999998807816));
#3671=CARTESIAN_POINT('',(36.4999999999982,-10.0000001490116,-5.99999998807817));
#3672=CARTESIAN_POINT('',(36.9999999999982,-10.0000001490116,-5.99999998807817));
#3673=CARTESIAN_POINT('',(36.4999999999982,36.5,-5.99999998807816));
#3674=CARTESIAN_POINT('',(36.4999999999982,-18.25,-5.99999998807816));
#3675=CARTESIAN_POINT('',(36.9999999999982,36.5,-5.99999998807816));
#3676=CARTESIAN_POINT('Origin',(36.9999999999982,-14.0000002086163,-7.00000010430813));
#3677=CARTESIAN_POINT('',(34.9999999999982,-14.0000002086163,-3.49999998807816));
#3678=CARTESIAN_POINT('',(34.9999999999982,-14.0000002086163,14.9999999478465));
#3679=CARTESIAN_POINT('',(36.9999999999982,-14.0000002086163,-3.49999998807816));
#3680=CARTESIAN_POINT('',(36.9999999999982,-14.0000002086163,-3.49999998807816));
#3681=CARTESIAN_POINT('',(36.9999999999982,-14.0000002086163,0.500000000000906));
#3682=CARTESIAN_POINT('Origin',(36.4999999999982,41.4999999880791,18.750000000001));
#3683=CARTESIAN_POINT('',(36.4999999999982,42.9999999880791,0.500000000000912));
#3684=CARTESIAN_POINT('',(36.4999999999982,42.9999999880791,18.750000000001));
#3685=CARTESIAN_POINT('',(34.9999999999982,41.4999999880791,0.500000000000911));
#3686=CARTESIAN_POINT('Origin',(36.4999999999982,41.4999999880791,0.500000000000911));
#3687=CARTESIAN_POINT('',(34.9999999999982,41.4999999880791,18.750000000001));
#3688=CARTESIAN_POINT('Origin',(36.4999999999982,36.5,0.500000000000908));
#3689=CARTESIAN_POINT('',(34.9999999999982,36.5,-4.49999998807816));
#3690=CARTESIAN_POINT('Origin',(36.4999999999982,36.5,-4.49999998807816));
#3691=CARTESIAN_POINT('Origin',(34.9999999999982,36.5,0.500000000000908));
#3692=CARTESIAN_POINT('Origin',(36.4999999999982,36.5,0.500000000000908));
#3693=CARTESIAN_POINT('Origin',(36.4999999999982,-18.25,-4.49999998807817));
#3694=CARTESIAN_POINT('',(34.9999999999982,-10.0000001490116,-4.49999998807817));
#3695=CARTESIAN_POINT('Origin',(36.4999999999982,-10.0000001490116,-4.49999998807817));
#3696=CARTESIAN_POINT('',(34.9999999999982,-18.25,-4.49999998807817));
#3697=CARTESIAN_POINT('Origin',(36.9999999999982,36.5,0.500000000000908));
#3698=CARTESIAN_POINT('',(36.9999999999982,42.9999999880791,0.500000000000912));
#3699=CARTESIAN_POINT('Origin',(36.9999999999982,42.9999999880791,0.500000000000912));
#3700=CARTESIAN_POINT('Origin',(36.4999999999982,-41.4999999880791,55.2500000000012));
#3701=CARTESIAN_POINT('',(34.9999999999982,-41.4999999880791,73.5000000000014));
#3702=CARTESIAN_POINT('Origin',(36.4999999999982,-41.4999999880791,73.5000000000014));
#3703=CARTESIAN_POINT('',(34.9999999999982,-41.4999999880791,55.2500000000012));
#3704=CARTESIAN_POINT('Origin',(36.4999999999982,-36.5,73.5000000000014));
#3705=CARTESIAN_POINT('',(34.9999999999982,-36.5,78.4999999880804));
#3706=CARTESIAN_POINT('Origin',(36.4999999999982,-36.5,78.4999999880804));
#3707=CARTESIAN_POINT('Origin',(34.9999999999982,-36.5,73.5000000000014));
#3708=CARTESIAN_POINT('Origin',(36.4999999999982,18.25,78.4999999880804));
#3709=CARTESIAN_POINT('',(34.9999999999982,36.5,78.4999999880804));
#3710=CARTESIAN_POINT('Origin',(36.4999999999982,36.5,78.4999999880804));
#3711=CARTESIAN_POINT('',(34.9999999999982,18.25,78.4999999880804));
#3712=CARTESIAN_POINT('Origin',(36.4999999999982,36.5,73.5000000000014));
#3713=CARTESIAN_POINT('',(34.9999999999982,41.4999999880791,73.5000000000014));
#3714=CARTESIAN_POINT('Origin',(36.4999999999982,41.4999999880791,73.5000000000014));
#3715=CARTESIAN_POINT('Origin',(34.9999999999982,36.5,73.5000000000014));
#3716=CARTESIAN_POINT('Origin',(36.4999999999982,41.4999999880791,18.750000000001));
#3717=CARTESIAN_POINT('',(34.9999999999982,41.4999999880791,18.750000000001));
#3718=CARTESIAN_POINT('Origin',(22.2951506560493,42.4999999880791,29.7500007450581));
#3719=CARTESIAN_POINT('',(26.2499999999982,42.4999999880791,36.6000007450581));
#3720=CARTESIAN_POINT('',(22.2951506560493,42.4999999880791,29.7500007450581));
#3721=CARTESIAN_POINT('',(26.1788489127615,42.4999999880791,36.4767634469503));
#3722=CARTESIAN_POINT('',(26.2499999999982,47.9999999880791,36.6000007450581));
#3723=CARTESIAN_POINT('',(26.2499999999982,43.8750003665686,36.6000007450581));
#3724=CARTESIAN_POINT('',(22.2951506560493,47.9999999880791,29.7500007450581));
#3725=CARTESIAN_POINT('',(23.0395068240429,48.0000007450581,31.0392634469503));
#3726=CARTESIAN_POINT('',(22.2951506560493,42.4999999880791,29.7500007450581));
#3727=CARTESIAN_POINT('Origin',(28.2499999999982,42.4999999880791,44.2500007450581));
#3728=CARTESIAN_POINT('',(8.24999999999821,42.4999999880791,29.7500007450581));
#3729=CARTESIAN_POINT('',(28.2499999999982,42.4999999880791,29.7500007450581));
#3730=CARTESIAN_POINT('',(8.24999999999821,42.4999999880791,44.2500007450581));
#3731=CARTESIAN_POINT('',(8.24999999999821,42.4999999880791,44.2500007450581));
#3732=CARTESIAN_POINT('',(22.2951506560493,42.4999999880791,44.2500007450581));
#3733=CARTESIAN_POINT('',(28.2499999999982,42.4999999880791,44.2500007450581));
#3734=CARTESIAN_POINT('',(26.2499999999982,42.4999999880791,37.4000007450581));
#3735=CARTESIAN_POINT('',(25.0169314960174,42.4999999880791,39.5357380431658));
#3736=CARTESIAN_POINT('',(26.2499999999982,42.4999999880791,40.6250007450581));
#3737=CARTESIAN_POINT('Origin',(28.2499999999982,48.0000007450581,29.7500007450581));
#3738=CARTESIAN_POINT('',(26.2499999999982,47.9999999880791,37.4000007450581));
#3739=CARTESIAN_POINT('',(26.2499999999982,48.0000007450581,33.3750007450581));
#3740=CARTESIAN_POINT('',(22.2951506560493,47.9999999880791,44.2500007450581));
#3741=CARTESIAN_POINT('',(28.156273584736,48.0000007450581,34.0982380431658));
#3742=CARTESIAN_POINT('',(8.24999999999821,48.0000007450581,44.2500007450581));
#3743=CARTESIAN_POINT('',(28.2499999999982,48.0000007450581,44.2500007450581));
#3744=CARTESIAN_POINT('',(8.25000022351741,48.0000007450581,41.5000007450581));
#3745=CARTESIAN_POINT('',(8.24999999999821,48.0000007450581,29.7500007450581));
#3746=CARTESIAN_POINT('',(18.9999999999982,48.0000007450581,41.5000007450581));
#3747=CARTESIAN_POINT('',(18.2500001117578,48.0000007450581,41.5000007450581));
#3748=CARTESIAN_POINT('',(18.9999999999982,48.0000007450581,32.5000007450581));
#3749=CARTESIAN_POINT('Origin',(18.9999999999982,48.0000007450581,37.0000007450581));
#3750=CARTESIAN_POINT('',(8.25000022351741,48.0000007450581,32.5000007450581));
#3751=CARTESIAN_POINT('',(23.6249999999982,48.0000007450581,32.5000007450581));
#3752=CARTESIAN_POINT('',(8.24999999999821,48.0000007450581,29.7500007450581));
#3753=CARTESIAN_POINT('',(8.24999999999821,48.0000007450581,29.7500007450581));
#3754=CARTESIAN_POINT('',(28.2499999999982,48.0000007450581,29.7500007450581));
#3755=CARTESIAN_POINT('Origin',(26.2499999999982,42.4999999880791,37.4000007450581));
#3756=CARTESIAN_POINT('',(22.2951506560493,45.2500003665686,44.2500007450581));
#3757=CARTESIAN_POINT('',(26.2499999999982,43.8750003665686,37.4000007450581));
#3758=CARTESIAN_POINT('Origin',(26.2499999999982,45.2500007450581,37.0000007450581));
#3759=CARTESIAN_POINT('Origin',(18.9999999999982,48.0000007450581,37.0000007450581));
#3760=CARTESIAN_POINT('',(18.9999999999982,48.0000007450581,32.5000007450581));
#3761=CARTESIAN_POINT('',(18.9999999999982,48.0000007450581,41.5000007450581));
#3762=CARTESIAN_POINT('Origin',(8.25000022351741,48.0000007450581,41.5000007450581));
#3763=CARTESIAN_POINT('',(8.24999999999821,46.6250005558133,41.5000007450581));
#3764=CARTESIAN_POINT('Origin',(18.9999999999982,48.0000007450581,32.5000007450581));
#3765=CARTESIAN_POINT('',(8.24999999999821,46.6250005558133,32.5000007450581));
#3766=CARTESIAN_POINT('Origin',(8.24999999999821,45.2500003665686,37.0000007450581));
#3767=CARTESIAN_POINT('',(8.24999999999821,48.0000007450581,44.2500007450581));
#3768=CARTESIAN_POINT('',(8.24999999999821,42.4999999880791,29.7500007450581));
#3769=CARTESIAN_POINT('',(8.24999999999821,40.4999999880791,46.2500007450581));
#3770=CARTESIAN_POINT('Origin',(28.2499999999982,48.0000007450581,44.2500007450581));
#3771=CARTESIAN_POINT('Origin',(28.2499999999982,42.4999999880791,29.7500007450581));
#3772=CARTESIAN_POINT('Origin',(34.9999999999982,-1.17023992964466E-125,
37.0000000000011));
#3773=CARTESIAN_POINT('',(34.9999999999982,40.4999999880791,73.5000000000014));
#3774=CARTESIAN_POINT('',(34.9999999999982,40.4999999880791,73.5000000000014));
#3775=CARTESIAN_POINT('',(34.9999999999982,36.5,77.4999999880804));
#3776=CARTESIAN_POINT('Origin',(34.9999999999982,36.5,73.5000000000014));
#3777=CARTESIAN_POINT('',(34.9999999999982,-36.5,77.4999999880804));
#3778=CARTESIAN_POINT('',(34.9999999999982,-36.5,77.4999999880804));
#3779=CARTESIAN_POINT('',(34.9999999999982,-40.4999999880791,73.5000000000014));
#3780=CARTESIAN_POINT('Origin',(34.9999999999982,-36.5,73.5000000000014));
#3781=CARTESIAN_POINT('',(34.9999999999982,-40.4999999880791,0.500000000000906));
#3782=CARTESIAN_POINT('Origin',(22.2951506560493,-42.4999999880791,29.7500007450581));
#3783=CARTESIAN_POINT('',(26.2499999999982,-42.4999999880791,36.6000007450581));
#3784=CARTESIAN_POINT('',(22.2951506560493,-42.4999999880791,29.7500007450581));
#3785=CARTESIAN_POINT('',(26.1788489127615,-42.4999999880791,36.4767634469503));
#3786=CARTESIAN_POINT('',(22.2951506560493,-47.9999999880791,29.7500007450581));
#3787=CARTESIAN_POINT('',(22.2951506560493,-42.4999999880791,29.7500007450581));
#3788=CARTESIAN_POINT('',(26.2499999999982,-47.9999999880791,36.6000007450581));
#3789=CARTESIAN_POINT('',(23.0395068240429,-48.0000007450581,31.0392634469503));
#3790=CARTESIAN_POINT('',(26.2499999999982,-43.8750003665686,36.6000007450581));
#3791=CARTESIAN_POINT('Origin',(28.2499999999982,-42.4999999880791,44.2500007450581));
#3792=CARTESIAN_POINT('',(26.2499999999982,-42.4999999880791,37.4000007450581));
#3793=CARTESIAN_POINT('',(26.2499999999982,-42.4999999880791,40.6250007450581));
#3794=CARTESIAN_POINT('',(22.2951506560493,-42.4999999880791,44.2500007450581));
#3795=CARTESIAN_POINT('',(25.0169314960174,-42.4999999880791,39.5357380431658));
#3796=CARTESIAN_POINT('',(8.24999999999821,-42.4999999880791,44.2500007450581));
#3797=CARTESIAN_POINT('',(28.2499999999982,-42.4999999880791,44.2500007450581));
#3798=CARTESIAN_POINT('',(8.24999999999821,-42.4999999880791,29.7500007450581));
#3799=CARTESIAN_POINT('',(8.24999999999821,-42.4999999880791,44.2500007450581));
#3800=CARTESIAN_POINT('',(28.2499999999982,-42.4999999880791,29.7500007450581));
#3801=CARTESIAN_POINT('Origin',(28.2499999999982,-48.0000007450581,29.7500007450581));
#3802=CARTESIAN_POINT('',(8.24999999999821,-48.0000007450581,29.7500007450581));
#3803=CARTESIAN_POINT('',(28.2499999999982,-48.0000007450581,29.7500007450581));
#3804=CARTESIAN_POINT('',(8.25000022351741,-48.0000007450581,32.5000007450581));
#3805=CARTESIAN_POINT('',(8.24999999999821,-48.0000007450581,29.7500007450581));
#3806=CARTESIAN_POINT('',(18.9999999999982,-48.0000007450581,32.5000007450581));
#3807=CARTESIAN_POINT('',(23.6249999999982,-48.0000007450581,32.5000007450581));
#3808=CARTESIAN_POINT('',(18.9999999999982,-48.0000007450581,41.5000007450581));
#3809=CARTESIAN_POINT('Origin',(18.9999999999982,-48.0000007450581,37.0000007450581));
#3810=CARTESIAN_POINT('',(8.25000022351741,-48.0000007450581,41.5000007450581));
#3811=CARTESIAN_POINT('',(18.2500001117578,-48.0000007450581,41.5000007450581));
#3812=CARTESIAN_POINT('',(8.24999999999821,-48.0000007450581,44.2500007450581));
#3813=CARTESIAN_POINT('',(8.24999999999821,-48.0000007450581,29.7500007450581));
#3814=CARTESIAN_POINT('',(22.2951506560493,-47.9999999880791,44.2500007450581));
#3815=CARTESIAN_POINT('',(28.2499999999982,-48.0000007450581,44.2500007450581));
#3816=CARTESIAN_POINT('',(26.2499999999982,-47.9999999880791,37.4000007450581));
#3817=CARTESIAN_POINT('',(28.156273584736,-48.0000007450581,34.0982380431658));
#3818=CARTESIAN_POINT('',(26.2499999999982,-48.0000007450581,33.3750007450581));
#3819=CARTESIAN_POINT('Origin',(26.2499999999982,-42.4999999880791,37.4000007450581));
#3820=CARTESIAN_POINT('',(26.2499999999982,-43.8750003665686,37.4000007450581));
#3821=CARTESIAN_POINT('',(22.2951506560493,-45.2500003665686,44.2500007450581));
#3822=CARTESIAN_POINT('Origin',(26.2499999999982,-45.2500007450581,37.0000007450581));
#3823=CARTESIAN_POINT('Origin',(18.9999999999982,-48.0000007450581,37.0000007450581));
#3824=CARTESIAN_POINT('',(18.9999999999982,-48.0000007450581,41.5000007450581));
#3825=CARTESIAN_POINT('',(18.9999999999982,-48.0000007450581,32.5000007450581));
#3826=CARTESIAN_POINT('Origin',(8.25000022351741,-48.0000007450581,41.5000007450581));
#3827=CARTESIAN_POINT('',(8.24999999999821,-46.6250005558133,41.5000007450581));
#3828=CARTESIAN_POINT('Origin',(18.9999999999982,-48.0000007450581,32.5000007450581));
#3829=CARTESIAN_POINT('',(8.24999999999821,-46.6250005558133,32.5000007450581));
#3830=CARTESIAN_POINT('Origin',(8.24999999999821,-45.2500003665686,37.0000007450581));
#3831=CARTESIAN_POINT('',(8.24999999999821,-40.4999999880791,46.2500007450581));
#3832=CARTESIAN_POINT('',(8.24999999999821,-42.4999999880791,29.7500007450581));
#3833=CARTESIAN_POINT('',(8.24999999999821,-48.0000007450581,44.2500007450581));
#3834=CARTESIAN_POINT('Origin',(28.2499999999982,-48.0000007450581,44.2500007450581));
#3835=CARTESIAN_POINT('Origin',(28.2499999999982,-42.4999999880791,29.7500007450581));
#3836=CARTESIAN_POINT('Origin',(34.9999999999982,-1.17023992964466E-125,
37.0000000000011));
#3837=CARTESIAN_POINT('',(34.9999999999982,-10.0000001490116,-3.49999998807816));
#3838=CARTESIAN_POINT('',(34.9999999999982,-10.0000001490116,17.5329066022178));
#3839=CARTESIAN_POINT('',(34.9999999999982,36.5,-3.49999998807816));
#3840=CARTESIAN_POINT('',(34.9999999999982,36.5,-3.49999998807816));
#3841=CARTESIAN_POINT('',(34.9999999999982,40.4999999880791,0.500000000000913));
#3842=CARTESIAN_POINT('Origin',(34.9999999999982,36.5,0.500000000000898));
#3843=CARTESIAN_POINT('',(34.9999999999982,40.4999999880791,73.5000000000014));
#3844=CARTESIAN_POINT('Origin',(34.9999999999982,-1.17023992964466E-125,
37.0000000000011));
#3845=CARTESIAN_POINT('',(34.9999999999982,-40.4999999880791,0.500000000000904));
#3846=CARTESIAN_POINT('',(34.9999999999982,-40.4999999880791,0.500000000000906));
#3847=CARTESIAN_POINT('',(34.9999999999982,-36.5,-3.49999998807816));
#3848=CARTESIAN_POINT('Origin',(34.9999999999982,-36.5,0.500000000000907));
#3849=CARTESIAN_POINT('',(34.9999999999982,36.5,-3.49999998807816));
#3850=CARTESIAN_POINT('Origin',(36.9999999999982,-40.4999999880791,73.5000000000014));
#3851=CARTESIAN_POINT('',(36.9999999999982,-40.4999999880791,73.5000000000014));
#3852=CARTESIAN_POINT('',(36.9999999999982,-40.4999999880791,73.5000000000014));
#3853=CARTESIAN_POINT('',(36.9999999999982,-40.4999999880791,0.500000000000906));
#3854=CARTESIAN_POINT('',(36.9999999999982,-40.4999999880791,55.2500000000013));
#3855=CARTESIAN_POINT('',(36.9999999999982,-40.4999999880791,0.500000000000906));
#3856=CARTESIAN_POINT('Origin',(38.4999999999982,-6.48062942976146E-6,37.0000036953691));
#3857=CARTESIAN_POINT('',(38.4999999999982,-38.9341867955655,59.2009590120995));
#3858=CARTESIAN_POINT('Ctrl Pts',(39.9999999999982,-40.4341867955744,59.595076361955));
#3859=CARTESIAN_POINT('Ctrl Pts',(39.9999999999982,-40.4323580651436,59.5946000653753));
#3860=CARTESIAN_POINT('Ctrl Pts',(39.9999966557433,-40.4305293395429,59.5941237549999));
#3861=CARTESIAN_POINT('Ctrl Pts',(39.9992531962495,-40.2272577932372,59.5411779167058));
#3862=CARTESIAN_POINT('Ctrl Pts',(39.957942823188,-40.0275659526734,59.4889746015395));
#3863=CARTESIAN_POINT('Ctrl Pts',(39.7994591249396,-39.6589674168874,59.3923098974101));
#3864=CARTESIAN_POINT('Ctrl Pts',(39.6848832803701,-39.4926397332215,59.3485333834946));
#3865=CARTESIAN_POINT('Ctrl Pts',(39.3999910060652,-39.2185718770421,59.2762454157647));
#3866=CARTESIAN_POINT('Ctrl Pts',(39.2344426494293,-39.1116306360455,59.2479556500628));
#3867=CARTESIAN_POINT('Ctrl Pts',(38.8765419256813,-38.970028977545,59.2104675588164));
#3868=CARTESIAN_POINT('Ctrl Pts',(38.6893447365485,-38.9341867955654,59.2009611113964));
#3869=CARTESIAN_POINT('Ctrl Pts',(38.4999999999976,-38.9341867955655,59.2009611113962));
#3870=CARTESIAN_POINT('',(38.4999999999982,-22.2009590120995,75.9341867955654));
#3871=CARTESIAN_POINT('Origin',(38.4999999999982,-6.48062942976146E-6,37.0000036953691));
#3872=CARTESIAN_POINT('Ctrl Pts',(39.9999999999982,-22.5950741629545,77.4341867955654));
#3873=CARTESIAN_POINT('Ctrl Pts',(39.9999999999982,-22.5945978664959,77.4323580651373));
#3874=CARTESIAN_POINT('Ctrl Pts',(39.9999966557433,-22.5941215562382,77.4305293395348));
#3875=CARTESIAN_POINT('Ctrl Pts',(39.9992531962599,-22.5411757321128,77.227257796266));
#3876=CARTESIAN_POINT('Ctrl Pts',(39.9579428244316,-22.4889724309773,77.0275659588715));
#3877=CARTESIAN_POINT('Ctrl Pts',(39.7994591306216,-22.3923077522942,76.658967426853));
#3878=CARTESIAN_POINT('Ctrl Pts',(39.684883288644,-22.3485312497405,76.4926397442475));
#3879=CARTESIAN_POINT('Ctrl Pts',(39.3999910189523,-22.2762432998979,76.2185718864794));
#3880=CARTESIAN_POINT('Ctrl Pts',(39.2344426632506,-22.2479535409121,76.1116306437826));
#3881=CARTESIAN_POINT('Ctrl Pts',(38.8765419362391,-22.2104654576423,75.9700289795439));
#3882=CARTESIAN_POINT('Ctrl Pts',(38.689344741821,-22.2009590120995,75.9341867955654));
#3883=CARTESIAN_POINT('Ctrl Pts',(38.4999999999982,-22.2009590120995,75.9341867955654));
#3884=CARTESIAN_POINT('Origin',(38.4999999999982,-40.4341867955655,25.8995204939498));
#3885=CARTESIAN_POINT('',(38.4999999999982,-38.9341867955655,14.7990409878984));
#3886=CARTESIAN_POINT('Ctrl Pts',(39.9999999999982,-40.4341867955655,14.404925769184));
#3887=CARTESIAN_POINT('Ctrl Pts',(39.9999999999982,-40.4323580651395,14.4054020657245));
#3888=CARTESIAN_POINT('Ctrl Pts',(39.9999966557433,-40.4305293395389,14.4058783760642));
#3889=CARTESIAN_POINT('Ctrl Pts',(39.9992531962531,-40.2272577941938,14.4588242099002));
#3890=CARTESIAN_POINT('Ctrl Pts',(39.9579428235808,-40.0275659546252,14.511027520627));
#3891=CARTESIAN_POINT('Ctrl Pts',(39.7994591267321,-39.6589674200359,14.607692216657));
#3892=CARTESIAN_POINT('Ctrl Pts',(39.684883282992,-39.4926397367183,14.6514687269309));
#3893=CARTESIAN_POINT('Ctrl Pts',(39.3999910101671,-39.2185718800477,14.7237566889045));
#3894=CARTESIAN_POINT('Ctrl Pts',(39.2344426538388,-39.1116306385159,14.7520464524321));
#3895=CARTESIAN_POINT('Ctrl Pts',(38.876541929058,-38.9700289781843,14.7895345410903));
#3896=CARTESIAN_POINT('Ctrl Pts',(38.6893447382342,-38.9341867955655,14.7990409878984));
#3897=CARTESIAN_POINT('Ctrl Pts',(38.4999999999982,-38.9341867955655,14.7990409878984));
#3898=CARTESIAN_POINT('',(38.4999999999982,-38.9341867955655,25.8995204939498));
#3899=CARTESIAN_POINT('Origin',(38.4999999999982,-4.88498130835069E-14,
37.));
#3900=CARTESIAN_POINT('',(38.4999999999982,-22.2009590121016,-1.93418679556553));
#3901=CARTESIAN_POINT('Ctrl Pts',(39.9999999999982,-22.595074230816,-3.43418679556554));
#3902=CARTESIAN_POINT('Ctrl Pts',(39.9999999999982,-22.5945979342754,-3.43235806513959));
#3903=CARTESIAN_POINT('Ctrl Pts',(39.9999966557433,-22.5941216239357,-3.43052933953895));
#3904=CARTESIAN_POINT('Ctrl Pts',(39.9996075154229,-22.5664088043209,-3.32413328793289));
#3905=CARTESIAN_POINT('Ctrl Pts',(39.9882914834555,-22.5391913228442,-3.21983009268539));
#3906=CARTESIAN_POINT('Ctrl Pts',(39.9441393831462,-22.4857560755199,-3.01541690907475));
#3907=CARTESIAN_POINT('Ctrl Pts',(39.9114482701442,-22.4596480055215,-2.91572545731708));
#3908=CARTESIAN_POINT('Ctrl Pts',(39.7890681143998,-22.3881075887418,-2.64299883804457));
#3909=CARTESIAN_POINT('Ctrl Pts',(39.6755315936952,-22.3457291983738,-2.48200617997887));
#3910=CARTESIAN_POINT('Ctrl Pts',(39.3958060463858,-22.275616360762,-2.21620500050482));
#3911=CARTESIAN_POINT('Ctrl Pts',(39.2340714761758,-22.2480801073849,-2.11211011052287));
#3912=CARTESIAN_POINT('Ctrl Pts',(38.8811139160399,-22.2107856198434,-1.97123693806592));
#3913=CARTESIAN_POINT('Ctrl Pts',(38.6942008287431,-22.2011282936829,-1.93482541183106));
#3914=CARTESIAN_POINT('Ctrl Pts',(38.5033311102228,-22.2009597473676,-1.93418956936221));
#3915=CARTESIAN_POINT('Ctrl Pts',(38.5016654720335,-22.2009590121016,-1.93418679556553));
#3916=CARTESIAN_POINT('Ctrl Pts',(38.4999999999982,-22.2009590121016,-1.93418679556553));
#3917=CARTESIAN_POINT('Origin',(38.4999999999982,-4.88498130835069E-14,
37.));
#3918=CARTESIAN_POINT('Origin',(38.4999999999982,11.1004795060503,-3.4341867955655));
#3919=CARTESIAN_POINT('',(38.4999999999982,22.2009590121005,-1.93418679556548));
#3920=CARTESIAN_POINT('Ctrl Pts',(39.9999999999982,22.595074230815,-3.43418679556547));
#3921=CARTESIAN_POINT('Ctrl Pts',(39.9999999999982,22.5945979342747,-3.43235806514079));
#3922=CARTESIAN_POINT('Ctrl Pts',(39.9999966557433,22.5941216239352,-3.43052933954129));
#3923=CARTESIAN_POINT('Ctrl Pts',(39.9992531962537,22.5411757901043,-3.2272577942118));
#3924=CARTESIAN_POINT('Ctrl Pts',(39.957942823586,22.4889724793779,-3.02756595464776));
#3925=CARTESIAN_POINT('Ctrl Pts',(39.799459126748,22.3923077833489,-2.65896742006258));
#3926=CARTESIAN_POINT('Ctrl Pts',(39.6848832830113,22.3485312730744,-2.49263973674245));
#3927=CARTESIAN_POINT('Ctrl Pts',(39.3999910101917,22.2762433110993,-2.21857188006577));
#3928=CARTESIAN_POINT('Ctrl Pts',(39.2344426538652,22.2479535475707,-2.1116306385305));
#3929=CARTESIAN_POINT('Ctrl Pts',(38.8765419290778,22.2104654589096,-1.97002897818807));
#3930=CARTESIAN_POINT('Ctrl Pts',(38.6893447382443,22.2009590121006,-1.93418679556548));
#3931=CARTESIAN_POINT('Ctrl Pts',(38.4999999999982,22.2009590121006,-1.93418679556548));
#3932=CARTESIAN_POINT('',(38.4999999999982,11.1004795060503,-1.93418679556549));
#3933=CARTESIAN_POINT('Origin',(38.4999999999982,2.26485497023532E-13,36.9999999999998));
#3934=CARTESIAN_POINT('',(38.4999999999982,38.9341867955655,14.7990409878995));
#3935=CARTESIAN_POINT('Ctrl Pts',(39.9999999999982,40.4341867955744,14.4049257691851));
#3936=CARTESIAN_POINT('Ctrl Pts',(39.9999999999982,40.4323580651447,14.4054020657266));
#3937=CARTESIAN_POINT('Ctrl Pts',(39.9999966557433,40.4305293395439,14.4058783760641));
#3938=CARTESIAN_POINT('Ctrl Pts',(39.9992531962533,40.2272577942006,14.4588242098972));
#3939=CARTESIAN_POINT('Ctrl Pts',(39.957942823583,40.0275659546349,14.5110275206255));
#3940=CARTESIAN_POINT('Ctrl Pts',(39.7994591267391,39.6589674200476,14.607692216655));
#3941=CARTESIAN_POINT('Ctrl Pts',(39.6848832830004,39.4926397367289,14.6514687269293));
#3942=CARTESIAN_POINT('Ctrl Pts',(39.399991010178,39.2185718800557,14.7237566889034));
#3943=CARTESIAN_POINT('Ctrl Pts',(39.2344426538504,39.1116306385223,14.7520464524315));
#3944=CARTESIAN_POINT('Ctrl Pts',(38.8765419290666,38.9700289781859,14.789534541091));
#3945=CARTESIAN_POINT('Ctrl Pts',(38.6893447382386,38.9341867955655,14.7990409878995));
#3946=CARTESIAN_POINT('Ctrl Pts',(38.4999999999982,38.9341867955655,14.7990409878995));
#3947=CARTESIAN_POINT('Origin',(38.4999999999982,2.26485497023532E-13,36.9999999999998));
#3948=CARTESIAN_POINT('Origin',(38.4999999999982,40.4341867955655,48.1004795060512));
#3949=CARTESIAN_POINT('',(38.4999999999982,38.9341867955655,59.2009590121012));
#3950=CARTESIAN_POINT('',(38.4999999999982,38.9341867955655,48.1004795060512));
#3951=CARTESIAN_POINT('Ctrl Pts',(39.9999999999982,40.4341867955676,59.5950742294631));
#3952=CARTESIAN_POINT('Ctrl Pts',(39.9999999999982,40.4323580651394,59.5945979329236));
#3953=CARTESIAN_POINT('Ctrl Pts',(39.9999966557433,40.4305293395436,59.5941216225911));
#3954=CARTESIAN_POINT('Ctrl Pts',(39.9996075154231,40.3241332879489,59.5664088030737));
#3955=CARTESIAN_POINT('Ctrl Pts',(39.9882914834589,40.2198300927161,59.5391913216937));
#3956=CARTESIAN_POINT('Ctrl Pts',(39.9441393831618,40.0154169091317,59.4857560745588));
#3957=CARTESIAN_POINT('Ctrl Pts',(39.9114482701686,39.9157254573865,59.4596480046528));
#3958=CARTESIAN_POINT('Ctrl Pts',(39.7890681144435,39.6429988381138,59.3881075881178));
#3959=CARTESIAN_POINT('Ctrl Pts',(39.6755315937455,39.4820061800422,59.3457291978934));
#3960=CARTESIAN_POINT('Ctrl Pts',(39.3958060464292,39.2162050005309,59.2756163605122));
#3961=CARTESIAN_POINT('Ctrl Pts',(39.2340714761943,39.1121101105297,59.2480801072246));
#3962=CARTESIAN_POINT('Ctrl Pts',(38.8811139159938,38.971236938048,59.2107856198045));
#3963=CARTESIAN_POINT('Ctrl Pts',(38.6942008286518,38.9348254118142,59.2011282936775));
#3964=CARTESIAN_POINT('Ctrl Pts',(38.5033311101354,38.934189569362,59.2009597473672));
#3965=CARTESIAN_POINT('Ctrl Pts',(38.5016654719898,38.9341867955655,59.2009590121013));
#3966=CARTESIAN_POINT('Ctrl Pts',(38.4999999999982,38.9341867955655,59.2009590121013));
#3967=CARTESIAN_POINT('Origin',(38.4999999999982,-8.25935964066104E-8,37.0000000407208));
#3968=CARTESIAN_POINT('',(38.4999999999982,22.2009590121011,75.9341867955654));
#3969=CARTESIAN_POINT('Origin',(38.4999999999982,-8.25935964066104E-8,37.0000000407208));
#3970=CARTESIAN_POINT('Ctrl Pts',(39.9999999999982,22.5950743268254,77.4341867955654));
#3971=CARTESIAN_POINT('Ctrl Pts',(39.9999999999982,22.5945980302811,77.4323580651394));
#3972=CARTESIAN_POINT('Ctrl Pts',(39.9999966557433,22.5941217199381,77.4305293395403));
#3973=CARTESIAN_POINT('Ctrl Pts',(39.9996075154229,22.5664089000985,77.3241332879003));
#3974=CARTESIAN_POINT('Ctrl Pts',(39.9882914834487,22.5391914184022,77.2198300926212));
#3975=CARTESIAN_POINT('Ctrl Pts',(39.9441393831125,22.4857561706465,77.0154169089509));
#3976=CARTESIAN_POINT('Ctrl Pts',(39.9114482700909,22.4596481004375,76.9157254571645));
#3977=CARTESIAN_POINT('Ctrl Pts',(39.7890681143033,22.388107683101,76.6429988378918));
#3978=CARTESIAN_POINT('Ctrl Pts',(39.6755315935846,22.3457292924068,76.4820061798393));
#3979=CARTESIAN_POINT('Ctrl Pts',(39.395806046292,22.2756164542717,76.2162050004488));
#3980=CARTESIAN_POINT('Ctrl Pts',(39.2340714761386,22.2480802006918,76.1121101105099));
#3981=CARTESIAN_POINT('Ctrl Pts',(38.8811139161497,22.2107857128747,75.9712369381078));
#3982=CARTESIAN_POINT('Ctrl Pts',(38.694200828955,22.2011283866384,75.9348254118698));
#3983=CARTESIAN_POINT('Ctrl Pts',(38.5033311104244,22.2009598403116,75.9341895693624));
#3984=CARTESIAN_POINT('Ctrl Pts',(38.5016654721343,22.2009591050454,75.9341867955654));
#3985=CARTESIAN_POINT('Ctrl Pts',(38.4999999999982,22.2009591050454,75.9341867955654));
#3986=CARTESIAN_POINT('Origin',(38.4999999999982,-11.1004795060498,77.4341867955654));
#3987=CARTESIAN_POINT('',(38.4999999999982,-11.1004795060498,75.9341867955654));
#3988=CARTESIAN_POINT('Origin',(36.9999999999982,38.9341867955655,59.2009590121012));
#3989=CARTESIAN_POINT('',(36.9999999999982,38.9341867955655,59.2009590121012));
#3990=CARTESIAN_POINT('',(36.9999999999982,38.9341867955655,59.2009590121012));
#3991=CARTESIAN_POINT('',(36.9999999999982,38.9341867955655,14.7990409878995));
#3992=CARTESIAN_POINT('',(36.9999999999982,38.9341867955655,14.7990409878995));
#3993=CARTESIAN_POINT('',(36.9999999999982,38.9341867955655,14.7990409878995));
#3994=CARTESIAN_POINT('Origin',(36.9999999999982,-8.25935964066104E-8,37.0000000407208));
#3995=CARTESIAN_POINT('',(36.9999999999982,22.2009590121011,75.9341867955654));
#3996=CARTESIAN_POINT('',(36.9999999999982,22.2009590121011,75.9341867955654));
#3997=CARTESIAN_POINT('Origin',(36.9999999999982,-8.25935964066104E-8,37.0000000407208));
#3998=CARTESIAN_POINT('Origin',(36.9999999999982,-22.2009590120995,75.9341867955654));
#3999=CARTESIAN_POINT('',(36.9999999999982,-22.2009590120995,75.9341867955654));
#4000=CARTESIAN_POINT('',(36.9999999999982,-22.2009590120995,75.9341867955654));
#4001=CARTESIAN_POINT('',(36.9999999999982,22.2009590121011,75.9341867955654));
#4002=CARTESIAN_POINT('Origin',(36.9999999999982,-6.48062942976146E-6,37.0000036953691));
#4003=CARTESIAN_POINT('',(36.9999999999982,-38.9341867955655,59.2009590120995));
#4004=CARTESIAN_POINT('',(36.9999999999982,-38.9341867955655,59.2009590120995));
#4005=CARTESIAN_POINT('Origin',(36.9999999999982,-6.48062942976146E-6,37.0000036953691));
#4006=CARTESIAN_POINT('Origin',(36.9999999999982,-10.0000001490116,-1.93418679556552));
#4007=CARTESIAN_POINT('',(36.9999999999982,-10.0000001490116,-3.49999998807816));
#4008=CARTESIAN_POINT('',(36.9999999999982,-10.0000001490116,-7.00000010430813));
#4009=CARTESIAN_POINT('',(36.9999999999982,-10.0000001490116,-3.49999998807816));
#4010=CARTESIAN_POINT('Origin',(36.9999999999982,0.,37.0000000000011));
#4011=CARTESIAN_POINT('',(36.9999999999982,-36.5,-3.49999998807816));
#4012=CARTESIAN_POINT('',(36.9999999999982,-18.25,-3.49999998807816));
#4013=CARTESIAN_POINT('Origin',(36.9999999999982,-36.5,0.500000000000907));
#4014=CARTESIAN_POINT('',(36.9999999999982,-36.5,77.4999999880804));
#4015=CARTESIAN_POINT('Origin',(36.9999999999982,-36.5,73.5000000000014));
#4016=CARTESIAN_POINT('',(36.9999999999982,36.5,77.4999999880804));
#4017=CARTESIAN_POINT('',(36.9999999999982,18.25,77.4999999880804));
#4018=CARTESIAN_POINT('',(36.9999999999982,40.4999999880791,73.5000000000014));
#4019=CARTESIAN_POINT('Origin',(36.9999999999982,36.5,73.5000000000014));
#4020=CARTESIAN_POINT('',(36.9999999999982,40.4999999880791,0.500000000000913));
#4021=CARTESIAN_POINT('',(36.9999999999982,40.4999999880791,18.750000000001));
#4022=CARTESIAN_POINT('',(36.9999999999982,36.5,-3.49999998807816));
#4023=CARTESIAN_POINT('Origin',(36.9999999999982,36.5,0.500000000000898));
#4024=CARTESIAN_POINT('',(36.9999999999982,-18.25,-3.49999998807816));
#4025=CARTESIAN_POINT('',(36.9999999999982,22.2009590121005,-1.93418679556548));
#4026=CARTESIAN_POINT('',(36.9999999999982,-22.2009590121016,-1.93418679556553));
#4027=CARTESIAN_POINT('',(36.9999999999982,-22.2009590121016,-1.93418679556553));
#4028=CARTESIAN_POINT('Origin',(36.9999999999982,2.26485497023532E-13,36.9999999999998));
#4029=CARTESIAN_POINT('',(36.9999999999982,-38.9341867955655,14.7990409878984));
#4030=CARTESIAN_POINT('',(36.9999999999982,-38.9341867955655,59.2009590120995));
#4031=CARTESIAN_POINT('Origin',(36.9999999999982,-4.88498130835069E-14,
37.));
#4032=CARTESIAN_POINT('Origin',(36.9999999999982,-36.5,-3.49999998807816));
#4033=CARTESIAN_POINT('',(36.9999999999982,36.5,-3.49999998807816));
#4034=CARTESIAN_POINT('Origin',(36.9999999999982,-36.5,73.5000000000014));
#4035=CARTESIAN_POINT('',(36.9999999999982,-36.5,77.4999999880804));
#4036=CARTESIAN_POINT('Origin',(36.9999999999982,36.5,77.4999999880804));
#4037=CARTESIAN_POINT('',(36.9999999999982,36.5,77.4999999880804));
#4038=CARTESIAN_POINT('Origin',(36.9999999999982,36.5,73.5000000000014));
#4039=CARTESIAN_POINT('',(36.9999999999982,40.4999999880791,73.5000000000014));
#4040=CARTESIAN_POINT('Origin',(36.9999999999982,40.4999999880791,0.500000000000913));
#4041=CARTESIAN_POINT('',(36.9999999999982,40.4999999880791,0.500000000000913));
#4042=CARTESIAN_POINT('Origin',(36.9999999999982,36.5,0.500000000000898));
#4043=CARTESIAN_POINT('Origin',(36.9999999999982,-36.5,-3.49999998807816));
#4044=CARTESIAN_POINT('',(36.9999999999982,-36.5,-3.49999998807816));
#4045=CARTESIAN_POINT('Origin',(36.9999999999982,-36.5,0.500000000000907));
#4046=CARTESIAN_POINT('Origin',(36.9999999999982,2.26485497023532E-13,36.9999999999998));
#4047=CARTESIAN_POINT('',(36.9999999999982,22.2009590121005,-1.93418679556548));
#4048=CARTESIAN_POINT('Origin',(36.9999999999982,-38.9341867955655,14.7990409878984));
#4049=CARTESIAN_POINT('',(36.9999999999982,-38.9341867955655,14.7990409878984));
#4050=CARTESIAN_POINT('Origin',(36.9999999999982,-4.88498130835069E-14,
37.));
#4051=CARTESIAN_POINT('',(36.9999999999982,-22.2009590121016,-1.93418679556553));
#4052=CARTESIAN_POINT('Origin',(36.9999999999982,22.2009590121005,-1.93418679556548));
#4053=UNCERTAINTY_MEASURE_WITH_UNIT(LENGTH_MEASURE(0.01),#4057,
'DISTANCE_ACCURACY_VALUE',
'Maximum model space distance between geometric entities at asserted c
onnectivities');
#4054=UNCERTAINTY_MEASURE_WITH_UNIT(LENGTH_MEASURE(0.01),#4057,
'DISTANCE_ACCURACY_VALUE',
'Maximum model space distance between geometric entities at asserted c
onnectivities');
#4055=(
GEOMETRIC_REPRESENTATION_CONTEXT(3)
GLOBAL_UNCERTAINTY_ASSIGNED_CONTEXT((#4053))
GLOBAL_UNIT_ASSIGNED_CONTEXT((#4057,#4058,#4059))
REPRESENTATION_CONTEXT('','3D')
);
#4056=(
GEOMETRIC_REPRESENTATION_CONTEXT(3)
GLOBAL_UNCERTAINTY_ASSIGNED_CONTEXT((#4054))
GLOBAL_UNIT_ASSIGNED_CONTEXT((#4057,#4058,#4059))
REPRESENTATION_CONTEXT('','3D')
);
#4057=(
LENGTH_UNIT()
NAMED_UNIT(*)
SI_UNIT(.MILLI.,.METRE.)
);
#4058=(
NAMED_UNIT(*)
PLANE_ANGLE_UNIT()
SI_UNIT($,.RADIAN.)
);
#4059=(
NAMED_UNIT(*)
SI_UNIT($,.STERADIAN.)
SOLID_ANGLE_UNIT()
);
#4060=SHAPE_DEFINITION_REPRESENTATION(#4061,#4062);
#4061=PRODUCT_DEFINITION_SHAPE('',$,#4064);
#4062=SHAPE_REPRESENTATION('',(#2245),#4055);
#4063=PRODUCT_DEFINITION_CONTEXT('part definition',#4068,'design');
#4064=PRODUCT_DEFINITION('None','Fume extractor v14',#4065,#4063);
#4065=PRODUCT_DEFINITION_FORMATION('',$,#4070);
#4066=PRODUCT_RELATED_PRODUCT_CATEGORY('Fume extractor v14',
'Fume extractor v14',(#4070));
#4067=APPLICATION_PROTOCOL_DEFINITION('international standard',
'automotive_design',2009,#4068);
#4068=APPLICATION_CONTEXT(
'Core Data for Automotive Mechanical Design Process');
#4069=PRODUCT_CONTEXT('part definition',#4068,'mechanical');
#4070=PRODUCT('None','Fume extractor v14','STEP AP203',(#4069));
#4071=PRESENTATION_STYLE_ASSIGNMENT((#4072));
#4072=SURFACE_STYLE_USAGE(.BOTH.,#4073);
#4073=SURFACE_SIDE_STYLE('',(#4074));
#4074=SURFACE_STYLE_FILL_AREA(#4075);
#4075=FILL_AREA_STYLE('Acciaio - Satinato',(#4076));
#4076=FILL_AREA_STYLE_COLOUR('Acciaio - Satinato',#4077);
#4077=COLOUR_RGB('Acciaio - Satinato',0.627450980392157,0.627450980392157,
0.627450980392157);
ENDSEC;
END-ISO-10303-21;
