ISO-10303-21;
HEADER;
/* Generated by software containing ST-Developer
 * from STEP Tools, Inc. (www.steptools.com) 
 */

FILE_DESCRIPTION(
/* description */ ('STEP AP203'),
/* implementation_level */ '2;1');

FILE_NAME(
/* name */ 'FilterBracket.step',
/* time_stamp */ '2026-07-21T21:53:37+02:00',
/* author */ (''),
/* organization */ (''),
/* preprocessor_version */ 'ST-DEVELOPER v20.1',
/* originating_system */ 'Autodesk Translation Framework v15.8.0.0',
/* authorisation */ '');

FILE_SCHEMA (('AUTOMOTIVE_DESIGN { 1 0 10303 214 3 1 1 }'));
ENDSEC;

DATA;
#10=MECHANICAL_DESIGN_GEOMETRIC_PRESENTATION_REPRESENTATION('',(#13),#3267);
#11=SHAPE_REPRESENTATION_RELATIONSHIP('SRR','None',#3273,#12);
#12=ADVANCED_BREP_SHAPE_REPRESENTATION('',(#14),#3266);
#13=STYLED_ITEM('',(#3282),#14);
#14=MANIFOLD_SOLID_BREP('FilterBracket',#1769);
#15=TOROIDAL_SURFACE('',#1827,46.3191196601666,1.5);
#16=TOROIDAL_SURFACE('',#1832,46.3191196601666,1.5);
#17=TOROIDAL_SURFACE('',#1836,46.3191131882839,1.5);
#18=TOROIDAL_SURFACE('',#1841,46.3191131882839,1.5);
#19=TOROIDAL_SURFACE('',#1845,46.3191196085889,1.5);
#20=TOROIDAL_SURFACE('',#1850,1.99999998807908,1.5);
#21=TOROIDAL_SURFACE('',#1855,1.99999998807905,1.5);
#22=TOROIDAL_SURFACE('',#1860,46.3191196085889,1.5);
#23=TOROIDAL_SURFACE('',#1864,46.3191196085881,1.5);
#24=TOROIDAL_SURFACE('',#1869,1.99999998807907,1.5);
#25=TOROIDAL_SURFACE('',#1874,1.99999998807907,1.5);
#26=TOROIDAL_SURFACE('',#1879,46.3191196085881,1.5);
#27=TOROIDAL_SURFACE('',#1913,4.49999998807907,2.);
#28=TOROIDAL_SURFACE('',#1918,4.49999998807907,2.);
#29=TOROIDAL_SURFACE('',#1923,4.49999998807905,2.);
#30=TOROIDAL_SURFACE('',#1927,4.49999998807907,2.);
#31=TOROIDAL_SURFACE('',#1961,4.49999998807907,2.);
#32=TOROIDAL_SURFACE('',#1967,4.49999998807907,2.);
#33=TOROIDAL_SURFACE('',#1972,4.49999998807907,2.);
#34=TOROIDAL_SURFACE('',#1977,4.49999998807905,2.);
#35=B_SPLINE_CURVE_WITH_KNOTS('',3,(#2720,#2721,#2722,#2723,#2724,#2725,
#2726,#2727,#2728,#2729,#2730,#2731,#2732,#2733,#2734,#2735),
 .UNSPECIFIED.,.F.,.F.,(4,2,2,2,2,2,2,4),(-0.000566921688547335,0.,0.0324170810984454,
0.0647548587110866,0.124633221133186,0.182476256829576,0.239304896220596,
0.239805229516047),.UNSPECIFIED.);
#36=B_SPLINE_CURVE_WITH_KNOTS('',3,(#2738,#2739,#2740,#2741,#2742,#2743,
#2744,#2745,#2746,#2747,#2748,#2749),.UNSPECIFIED.,.F.,.F.,(4,2,2,2,2,4),
(-0.480314315395152,-0.479747517052843,-0.417311503223304,-0.355935838164505,
-0.296687285329352,-0.239805229548521),.UNSPECIFIED.);
#37=B_SPLINE_CURVE_WITH_KNOTS('',3,(#2754,#2755,#2756,#2757,#2758,#2759,
#2760,#2761,#2762,#2763,#2764,#2765,#2766,#2767),.UNSPECIFIED.,.F.,.F.,
(4,2,2,2,2,2,4),(-0.000573054245995278,0.,0.0336704244648747,0.0672255791961752,
0.12748681048363,0.185034938123126,0.241261541415939),.UNSPECIFIED.);
#38=B_SPLINE_CURVE_WITH_KNOTS('',3,(#2777,#2778,#2779,#2780,#2781,#2782,
#2783,#2784,#2785,#2786,#2787,#2788,#2789,#2790),.UNSPECIFIED.,.F.,.F.,
(4,2,2,2,2,2,4),(-0.241456190042313,-0.240884032470585,-0.207266293048199,
-0.17376364299382,-0.113596704203979,-0.0561386238325834,0.),
 .UNSPECIFIED.);
#39=B_SPLINE_CURVE_WITH_KNOTS('',3,(#2795,#2796,#2797,#2798,#2799,#2800,
#2801,#2802,#2803,#2804,#2805,#2806,#2807,#2808,#2809,#2810),
 .UNSPECIFIED.,.F.,.F.,(4,2,2,2,2,2,2,4),(-0.480418964637665,-0.479851919575582,
-0.447427783850228,-0.415082968870428,-0.355191575722241,-0.297335952270315,
-0.240494945897986,-0.239994503678935),.UNSPECIFIED.);
#40=B_SPLINE_CURVE_WITH_KNOTS('',3,(#2816,#2817,#2818,#2819,#2820,#2821,
#2822,#2823,#2824,#2825,#2826,#2827),.UNSPECIFIED.,.F.,.F.,(4,2,2,2,2,4),
(-0.000566921681909443,0.,0.0624495997916226,0.123838620452928,0.183100066734647,
0.239994502192999),.UNSPECIFIED.);
#41=B_SPLINE_CURVE_WITH_KNOTS('',3,(#2833,#2834,#2835,#2836,#2837,#2838,
#2839,#2840,#2841,#2842,#2843,#2844,#2845,#2846),.UNSPECIFIED.,.F.,.F.,
(4,2,2,2,2,2,4),(-0.000573054241368151,0.,0.0336704236521025,0.0672255776035906,
0.127486808590038,0.185034936483228,0.241261540284487),.UNSPECIFIED.);
#42=B_SPLINE_CURVE_WITH_KNOTS('',3,(#2856,#2857,#2858,#2859,#2860,#2861,
#2862,#2863,#2864,#2865,#2866,#2867,#2868,#2869),.UNSPECIFIED.,.F.,.F.,
(4,2,2,2,2,2,4),(-0.241456190814733,-0.240884033239278,-0.20726629326673,
-0.173763642678899,-0.113596703675682,-0.0561386234781015,0.),
 .UNSPECIFIED.);
#43=B_SPLINE_CURVE_WITH_KNOTS('',3,(#2874,#2875,#2876,#2877,#2878,#2879,
#2880,#2881,#2882,#2883,#2884,#2885),.UNSPECIFIED.,.F.,.F.,(4,2,2,2,2,4),
(-0.480314316690087,-0.479747518344848,-0.417311503909542,-0.355935838412215,
-0.296687285485419,-0.239805230194567),.UNSPECIFIED.);
#44=B_SPLINE_CURVE_WITH_KNOTS('',3,(#2891,#2892,#2893,#2894,#2895,#2896,
#2897,#2898,#2899,#2900,#2901,#2902),.UNSPECIFIED.,.F.,.F.,(4,2,2,2,2,4),
(-0.000566921688650362,0.,0.0624496011199775,0.123838622717503,0.183100069190398,
0.239994503613964),.UNSPECIFIED.);
#45=B_SPLINE_CURVE_WITH_KNOTS('',3,(#2909,#2910,#2911,#2912,#2913,#2914,
#2915,#2916,#2917,#2918,#2919,#2920,#2921,#2922),.UNSPECIFIED.,.F.,.F.,
(4,2,2,2,2,2,4),(-0.000573054247047318,0.,0.0336704245056278,0.0672255792807547,
0.127486810619185,0.185034938293557,0.241261541613729),.UNSPECIFIED.);
#46=B_SPLINE_CURVE_WITH_KNOTS('',3,(#2931,#2932,#2933,#2934,#2935,#2936,
#2937,#2938,#2939,#2940,#2941,#2942,#2943,#2944),.UNSPECIFIED.,.F.,.F.,
(4,2,2,2,2,2,4),(-0.241456189984052,-0.240884032412888,-0.207266293031206,
-0.173763643017974,-0.113596704244241,-0.0561386238595056,0.),
 .UNSPECIFIED.);
#47=B_SPLINE_CURVE_WITH_KNOTS('',3,(#2968,#2969,#2970,#2971,#2972,#2973,
#2974,#2975,#2976,#2977,#2978,#2979,#2980,#2981,#2982,#2983),
 .UNSPECIFIED.,.F.,.F.,(4,2,2,2,2,2,2,4),(-0.480418964512536,-0.479851919451848,
-0.447427783753962,-0.415082968800283,-0.355191575671031,-0.297335952207693,
-0.24049494580886,-0.23999450361704),.UNSPECIFIED.);
#48=B_SPLINE_CURVE_WITH_KNOTS('',3,(#2989,#2990,#2991,#2992,#2993,#2994,
#2995,#2996,#2997,#2998,#2999,#3000),.UNSPECIFIED.,.F.,.F.,(4,2,2,2,2,4),
(-0.000566921688658092,0.,0.0624496011214562,0.123838622719555,0.183100069192988,
0.239994503616197),.UNSPECIFIED.);
#49=B_SPLINE_CURVE_WITH_KNOTS('',3,(#3006,#3007,#3008,#3009,#3010,#3011,
#3012,#3013,#3014,#3015,#3016,#3017,#3018,#3019),.UNSPECIFIED.,.F.,.F.,
(4,2,2,2,2,2,4),(-0.000573054246556459,0.,0.0336704244948923,0.0672255792572371,
0.12748681057281,0.185034938225357,0.241261541524208),.UNSPECIFIED.);
#50=B_SPLINE_CURVE_WITH_KNOTS('',3,(#3028,#3029,#3030,#3031,#3032,#3033,
#3034,#3035,#3036,#3037,#3038,#3039,#3040,#3041),.UNSPECIFIED.,.F.,.F.,
(4,2,2,2,2,2,4),(-0.241456189985529,-0.240884032414664,-0.207266293031006,
-0.17376364301786,-0.113596704244182,-0.0561386238594927,0.),
 .UNSPECIFIED.);
#51=CYLINDRICAL_SURFACE('',#1789,2.45);
#52=CYLINDRICAL_SURFACE('',#1793,2.45);
#53=CYLINDRICAL_SURFACE('',#1798,2.45);
#54=CYLINDRICAL_SURFACE('',#1802,2.45);
#55=CYLINDRICAL_SURFACE('',#1824,6.49999998807905);
#56=CYLINDRICAL_SURFACE('',#1826,1.5);
#57=CYLINDRICAL_SURFACE('',#1830,1.5);
#58=CYLINDRICAL_SURFACE('',#1835,1.5);
#59=CYLINDRICAL_SURFACE('',#1839,1.5);
#60=CYLINDRICAL_SURFACE('',#1844,1.5);
#61=CYLINDRICAL_SURFACE('',#1848,1.5);
#62=CYLINDRICAL_SURFACE('',#1854,1.5);
#63=CYLINDRICAL_SURFACE('',#1859,1.5);
#64=CYLINDRICAL_SURFACE('',#1863,1.5);
#65=CYLINDRICAL_SURFACE('',#1867,1.5);
#66=CYLINDRICAL_SURFACE('',#1873,1.5);
#67=CYLINDRICAL_SURFACE('',#1878,1.5);
#68=CYLINDRICAL_SURFACE('',#1882,44.8191131882839);
#69=CYLINDRICAL_SURFACE('',#1884,44.8191196085889);
#70=CYLINDRICAL_SURFACE('',#1886,0.499999988079076);
#71=CYLINDRICAL_SURFACE('',#1888,44.8191196085889);
#72=CYLINDRICAL_SURFACE('',#1890,44.8191196085881);
#73=CYLINDRICAL_SURFACE('',#1892,0.499999988079071);
#74=CYLINDRICAL_SURFACE('',#1899,1.);
#75=CYLINDRICAL_SURFACE('',#1900,2.);
#76=CYLINDRICAL_SURFACE('',#1902,1.);
#77=CYLINDRICAL_SURFACE('',#1903,2.);
#78=CYLINDRICAL_SURFACE('',#1904,6.49999998807905);
#79=CYLINDRICAL_SURFACE('',#1906,6.49999998807907);
#80=CYLINDRICAL_SURFACE('',#1908,6.49999998807907);
#81=CYLINDRICAL_SURFACE('',#1910,2.);
#82=CYLINDRICAL_SURFACE('',#1916,2.);
#83=CYLINDRICAL_SURFACE('',#1921,2.);
#84=CYLINDRICAL_SURFACE('',#1925,2.);
#85=CYLINDRICAL_SURFACE('',#1928,6.49999998807907);
#86=CYLINDRICAL_SURFACE('',#1931,6.49999998807907);
#87=CYLINDRICAL_SURFACE('',#1937,44.8191196085889);
#88=CYLINDRICAL_SURFACE('',#1940,44.8191196085881);
#89=CYLINDRICAL_SURFACE('',#1943,44.8191131882839);
#90=CYLINDRICAL_SURFACE('',#1946,44.8191196601666);
#91=CYLINDRICAL_SURFACE('',#1950,0.499999988079045);
#92=CYLINDRICAL_SURFACE('',#1952,44.8191131882839);
#93=CYLINDRICAL_SURFACE('',#1954,44.8191196601666);
#94=CYLINDRICAL_SURFACE('',#1955,44.8191196085881);
#95=CYLINDRICAL_SURFACE('',#1958,44.8191196601666);
#96=CYLINDRICAL_SURFACE('',#1959,0.499999988079067);
#97=CYLINDRICAL_SURFACE('',#1965,2.);
#98=CYLINDRICAL_SURFACE('',#1970,2.);
#99=CYLINDRICAL_SURFACE('',#1975,2.);
#100=CYLINDRICAL_SURFACE('',#1980,2.);
#101=FACE_BOUND('',#245,.T.);
#102=FACE_BOUND('',#246,.T.);
#103=FACE_BOUND('',#247,.T.);
#104=FACE_BOUND('',#248,.T.);
#105=FACE_BOUND('',#249,.T.);
#106=FACE_BOUND('',#258,.T.);
#107=FACE_BOUND('',#298,.T.);
#108=FACE_BOUND('',#352,.T.);
#109=FACE_BOUND('',#353,.T.);
#110=FACE_BOUND('',#354,.T.);
#111=FACE_BOUND('',#355,.T.);
#112=FACE_BOUND('',#356,.T.);
#113=PLANE('',#1775);
#114=PLANE('',#1804);
#115=PLANE('',#1823);
#116=PLANE('',#1883);
#117=PLANE('',#1885);
#118=PLANE('',#1887);
#119=PLANE('',#1889);
#120=PLANE('',#1891);
#121=PLANE('',#1893);
#122=PLANE('',#1894);
#123=PLANE('',#1901);
#124=PLANE('',#1930);
#125=PLANE('',#1933);
#126=PLANE('',#1934);
#127=PLANE('',#1935);
#128=PLANE('',#1936);
#129=PLANE('',#1939);
#130=PLANE('',#1942);
#131=PLANE('',#1945);
#132=PLANE('',#1948);
#133=PLANE('',#1949);
#134=PLANE('',#1951);
#135=PLANE('',#1953);
#136=PLANE('',#1956);
#137=PLANE('',#1957);
#138=PLANE('',#1960);
#139=PLANE('',#1981);
#140=PLANE('',#1982);
#141=FACE_OUTER_BOUND('',#243,.T.);
#142=FACE_OUTER_BOUND('',#244,.T.);
#143=FACE_OUTER_BOUND('',#250,.T.);
#144=FACE_OUTER_BOUND('',#251,.T.);
#145=FACE_OUTER_BOUND('',#252,.T.);
#146=FACE_OUTER_BOUND('',#253,.T.);
#147=FACE_OUTER_BOUND('',#254,.T.);
#148=FACE_OUTER_BOUND('',#255,.T.);
#149=FACE_OUTER_BOUND('',#256,.T.);
#150=FACE_OUTER_BOUND('',#257,.T.);
#151=FACE_OUTER_BOUND('',#259,.T.);
#152=FACE_OUTER_BOUND('',#260,.T.);
#153=FACE_OUTER_BOUND('',#261,.T.);
#154=FACE_OUTER_BOUND('',#262,.T.);
#155=FACE_OUTER_BOUND('',#263,.T.);
#156=FACE_OUTER_BOUND('',#264,.T.);
#157=FACE_OUTER_BOUND('',#265,.T.);
#158=FACE_OUTER_BOUND('',#266,.T.);
#159=FACE_OUTER_BOUND('',#267,.T.);
#160=FACE_OUTER_BOUND('',#268,.T.);
#161=FACE_OUTER_BOUND('',#269,.T.);
#162=FACE_OUTER_BOUND('',#270,.T.);
#163=FACE_OUTER_BOUND('',#271,.T.);
#164=FACE_OUTER_BOUND('',#272,.T.);
#165=FACE_OUTER_BOUND('',#273,.T.);
#166=FACE_OUTER_BOUND('',#274,.T.);
#167=FACE_OUTER_BOUND('',#275,.T.);
#168=FACE_OUTER_BOUND('',#276,.T.);
#169=FACE_OUTER_BOUND('',#277,.T.);
#170=FACE_OUTER_BOUND('',#278,.T.);
#171=FACE_OUTER_BOUND('',#279,.T.);
#172=FACE_OUTER_BOUND('',#280,.T.);
#173=FACE_OUTER_BOUND('',#281,.T.);
#174=FACE_OUTER_BOUND('',#282,.T.);
#175=FACE_OUTER_BOUND('',#283,.T.);
#176=FACE_OUTER_BOUND('',#284,.T.);
#177=FACE_OUTER_BOUND('',#285,.T.);
#178=FACE_OUTER_BOUND('',#286,.T.);
#179=FACE_OUTER_BOUND('',#287,.T.);
#180=FACE_OUTER_BOUND('',#288,.T.);
#181=FACE_OUTER_BOUND('',#289,.T.);
#182=FACE_OUTER_BOUND('',#290,.T.);
#183=FACE_OUTER_BOUND('',#291,.T.);
#184=FACE_OUTER_BOUND('',#292,.T.);
#185=FACE_OUTER_BOUND('',#293,.T.);
#186=FACE_OUTER_BOUND('',#294,.T.);
#187=FACE_OUTER_BOUND('',#295,.T.);
#188=FACE_OUTER_BOUND('',#296,.T.);
#189=FACE_OUTER_BOUND('',#297,.T.);
#190=FACE_OUTER_BOUND('',#299,.T.);
#191=FACE_OUTER_BOUND('',#300,.T.);
#192=FACE_OUTER_BOUND('',#301,.T.);
#193=FACE_OUTER_BOUND('',#302,.T.);
#194=FACE_OUTER_BOUND('',#303,.T.);
#195=FACE_OUTER_BOUND('',#304,.T.);
#196=FACE_OUTER_BOUND('',#305,.T.);
#197=FACE_OUTER_BOUND('',#306,.T.);
#198=FACE_OUTER_BOUND('',#307,.T.);
#199=FACE_OUTER_BOUND('',#308,.T.);
#200=FACE_OUTER_BOUND('',#309,.T.);
#201=FACE_OUTER_BOUND('',#310,.T.);
#202=FACE_OUTER_BOUND('',#311,.T.);
#203=FACE_OUTER_BOUND('',#312,.T.);
#204=FACE_OUTER_BOUND('',#313,.T.);
#205=FACE_OUTER_BOUND('',#314,.T.);
#206=FACE_OUTER_BOUND('',#315,.T.);
#207=FACE_OUTER_BOUND('',#316,.T.);
#208=FACE_OUTER_BOUND('',#317,.T.);
#209=FACE_OUTER_BOUND('',#318,.T.);
#210=FACE_OUTER_BOUND('',#319,.T.);
#211=FACE_OUTER_BOUND('',#320,.T.);
#212=FACE_OUTER_BOUND('',#321,.T.);
#213=FACE_OUTER_BOUND('',#322,.T.);
#214=FACE_OUTER_BOUND('',#323,.T.);
#215=FACE_OUTER_BOUND('',#324,.T.);
#216=FACE_OUTER_BOUND('',#325,.T.);
#217=FACE_OUTER_BOUND('',#326,.T.);
#218=FACE_OUTER_BOUND('',#327,.T.);
#219=FACE_OUTER_BOUND('',#328,.T.);
#220=FACE_OUTER_BOUND('',#329,.T.);
#221=FACE_OUTER_BOUND('',#330,.T.);
#222=FACE_OUTER_BOUND('',#331,.T.);
#223=FACE_OUTER_BOUND('',#332,.T.);
#224=FACE_OUTER_BOUND('',#333,.T.);
#225=FACE_OUTER_BOUND('',#334,.T.);
#226=FACE_OUTER_BOUND('',#335,.T.);
#227=FACE_OUTER_BOUND('',#336,.T.);
#228=FACE_OUTER_BOUND('',#337,.T.);
#229=FACE_OUTER_BOUND('',#338,.T.);
#230=FACE_OUTER_BOUND('',#339,.T.);
#231=FACE_OUTER_BOUND('',#340,.T.);
#232=FACE_OUTER_BOUND('',#341,.T.);
#233=FACE_OUTER_BOUND('',#342,.T.);
#234=FACE_OUTER_BOUND('',#343,.T.);
#235=FACE_OUTER_BOUND('',#344,.T.);
#236=FACE_OUTER_BOUND('',#345,.T.);
#237=FACE_OUTER_BOUND('',#346,.T.);
#238=FACE_OUTER_BOUND('',#347,.T.);
#239=FACE_OUTER_BOUND('',#348,.T.);
#240=FACE_OUTER_BOUND('',#349,.T.);
#241=FACE_OUTER_BOUND('',#350,.T.);
#242=FACE_OUTER_BOUND('',#351,.T.);
#243=EDGE_LOOP('',(#1147,#1148,#1149,#1150,#1151));
#244=EDGE_LOOP('',(#1152,#1153,#1154,#1155,#1156,#1157,#1158,#1159,#1160,
#1161,#1162,#1163));
#245=EDGE_LOOP('',(#1164));
#246=EDGE_LOOP('',(#1165));
#247=EDGE_LOOP('',(#1166,#1167,#1168,#1169,#1170,#1171,#1172,#1173));
#248=EDGE_LOOP('',(#1174));
#249=EDGE_LOOP('',(#1175));
#250=EDGE_LOOP('',(#1176,#1177,#1178,#1179,#1180));
#251=EDGE_LOOP('',(#1181,#1182,#1183,#1184));
#252=EDGE_LOOP('',(#1185,#1186,#1187,#1188));
#253=EDGE_LOOP('',(#1189,#1190,#1191,#1192,#1193));
#254=EDGE_LOOP('',(#1194,#1195,#1196,#1197,#1198));
#255=EDGE_LOOP('',(#1199,#1200,#1201,#1202));
#256=EDGE_LOOP('',(#1203,#1204,#1205,#1206));
#257=EDGE_LOOP('',(#1207,#1208,#1209,#1210,#1211,#1212,#1213,#1214,#1215,
#1216,#1217,#1218));
#258=EDGE_LOOP('',(#1219,#1220,#1221,#1222,#1223,#1224,#1225,#1226,#1227,
#1228,#1229,#1230,#1231,#1232,#1233,#1234,#1235,#1236,#1237,#1238,#1239,
#1240,#1241,#1242));
#259=EDGE_LOOP('',(#1243,#1244,#1245,#1246,#1247,#1248,#1249,#1250));
#260=EDGE_LOOP('',(#1251,#1252,#1253,#1254));
#261=EDGE_LOOP('',(#1255,#1256,#1257,#1258));
#262=EDGE_LOOP('',(#1259,#1260,#1261,#1262));
#263=EDGE_LOOP('',(#1263,#1264,#1265,#1266));
#264=EDGE_LOOP('',(#1267,#1268,#1269,#1270));
#265=EDGE_LOOP('',(#1271,#1272,#1273,#1274));
#266=EDGE_LOOP('',(#1275,#1276,#1277,#1278));
#267=EDGE_LOOP('',(#1279,#1280,#1281,#1282));
#268=EDGE_LOOP('',(#1283,#1284,#1285,#1286));
#269=EDGE_LOOP('',(#1287,#1288,#1289,#1290));
#270=EDGE_LOOP('',(#1291,#1292,#1293,#1294));
#271=EDGE_LOOP('',(#1295,#1296,#1297,#1298));
#272=EDGE_LOOP('',(#1299,#1300,#1301,#1302));
#273=EDGE_LOOP('',(#1303,#1304,#1305,#1306));
#274=EDGE_LOOP('',(#1307,#1308,#1309,#1310));
#275=EDGE_LOOP('',(#1311,#1312,#1313,#1314));
#276=EDGE_LOOP('',(#1315,#1316,#1317,#1318));
#277=EDGE_LOOP('',(#1319,#1320,#1321,#1322));
#278=EDGE_LOOP('',(#1323,#1324,#1325,#1326));
#279=EDGE_LOOP('',(#1327,#1328,#1329,#1330));
#280=EDGE_LOOP('',(#1331,#1332,#1333,#1334));
#281=EDGE_LOOP('',(#1335,#1336,#1337,#1338));
#282=EDGE_LOOP('',(#1339,#1340,#1341,#1342));
#283=EDGE_LOOP('',(#1343,#1344,#1345,#1346));
#284=EDGE_LOOP('',(#1347,#1348,#1349,#1350));
#285=EDGE_LOOP('',(#1351,#1352,#1353,#1354));
#286=EDGE_LOOP('',(#1355,#1356,#1357,#1358));
#287=EDGE_LOOP('',(#1359,#1360,#1361,#1362));
#288=EDGE_LOOP('',(#1363,#1364,#1365,#1366));
#289=EDGE_LOOP('',(#1367,#1368,#1369,#1370));
#290=EDGE_LOOP('',(#1371,#1372,#1373,#1374));
#291=EDGE_LOOP('',(#1375,#1376,#1377,#1378));
#292=EDGE_LOOP('',(#1379,#1380,#1381,#1382));
#293=EDGE_LOOP('',(#1383,#1384,#1385,#1386));
#294=EDGE_LOOP('',(#1387,#1388,#1389,#1390));
#295=EDGE_LOOP('',(#1391,#1392,#1393,#1394));
#296=EDGE_LOOP('',(#1395,#1396,#1397,#1398));
#297=EDGE_LOOP('',(#1399,#1400,#1401,#1402,#1403,#1404,#1405,#1406));
#298=EDGE_LOOP('',(#1407,#1408,#1409,#1410,#1411,#1412,#1413,#1414,#1415,
#1416,#1417,#1418,#1419,#1420,#1421,#1422,#1423,#1424,#1425,#1426,#1427,
#1428,#1429,#1430));
#299=EDGE_LOOP('',(#1431,#1432,#1433,#1434));
#300=EDGE_LOOP('',(#1435,#1436,#1437,#1438));
#301=EDGE_LOOP('',(#1439,#1440,#1441,#1442,#1443,#1444,#1445,#1446));
#302=EDGE_LOOP('',(#1447,#1448,#1449,#1450));
#303=EDGE_LOOP('',(#1451,#1452,#1453,#1454));
#304=EDGE_LOOP('',(#1455,#1456,#1457,#1458));
#305=EDGE_LOOP('',(#1459,#1460,#1461,#1462));
#306=EDGE_LOOP('',(#1463,#1464,#1465,#1466));
#307=EDGE_LOOP('',(#1467,#1468,#1469,#1470));
#308=EDGE_LOOP('',(#1471,#1472,#1473,#1474));
#309=EDGE_LOOP('',(#1475,#1476,#1477,#1478));
#310=EDGE_LOOP('',(#1479,#1480,#1481,#1482));
#311=EDGE_LOOP('',(#1483,#1484,#1485,#1486));
#312=EDGE_LOOP('',(#1487,#1488,#1489,#1490));
#313=EDGE_LOOP('',(#1491,#1492,#1493,#1494));
#314=EDGE_LOOP('',(#1495,#1496,#1497,#1498));
#315=EDGE_LOOP('',(#1499,#1500,#1501,#1502));
#316=EDGE_LOOP('',(#1503,#1504,#1505,#1506));
#317=EDGE_LOOP('',(#1507,#1508,#1509,#1510));
#318=EDGE_LOOP('',(#1511,#1512,#1513,#1514));
#319=EDGE_LOOP('',(#1515,#1516,#1517,#1518));
#320=EDGE_LOOP('',(#1519,#1520,#1521,#1522));
#321=EDGE_LOOP('',(#1523,#1524,#1525,#1526));
#322=EDGE_LOOP('',(#1527,#1528,#1529,#1530));
#323=EDGE_LOOP('',(#1531,#1532,#1533,#1534));
#324=EDGE_LOOP('',(#1535,#1536,#1537,#1538));
#325=EDGE_LOOP('',(#1539,#1540,#1541,#1542));
#326=EDGE_LOOP('',(#1543,#1544,#1545,#1546));
#327=EDGE_LOOP('',(#1547,#1548,#1549,#1550));
#328=EDGE_LOOP('',(#1551,#1552,#1553,#1554));
#329=EDGE_LOOP('',(#1555,#1556,#1557,#1558));
#330=EDGE_LOOP('',(#1559,#1560,#1561,#1562));
#331=EDGE_LOOP('',(#1563,#1564,#1565,#1566));
#332=EDGE_LOOP('',(#1567,#1568,#1569,#1570));
#333=EDGE_LOOP('',(#1571,#1572,#1573,#1574));
#334=EDGE_LOOP('',(#1575,#1576,#1577,#1578));
#335=EDGE_LOOP('',(#1579,#1580,#1581,#1582));
#336=EDGE_LOOP('',(#1583,#1584,#1585,#1586));
#337=EDGE_LOOP('',(#1587,#1588,#1589,#1590));
#338=EDGE_LOOP('',(#1591,#1592,#1593,#1594));
#339=EDGE_LOOP('',(#1595,#1596,#1597,#1598));
#340=EDGE_LOOP('',(#1599,#1600,#1601,#1602));
#341=EDGE_LOOP('',(#1603,#1604,#1605,#1606));
#342=EDGE_LOOP('',(#1607,#1608,#1609,#1610));
#343=EDGE_LOOP('',(#1611,#1612,#1613,#1614));
#344=EDGE_LOOP('',(#1615,#1616,#1617,#1618));
#345=EDGE_LOOP('',(#1619,#1620,#1621,#1622));
#346=EDGE_LOOP('',(#1623,#1624,#1625,#1626));
#347=EDGE_LOOP('',(#1627,#1628,#1629,#1630));
#348=EDGE_LOOP('',(#1631,#1632,#1633,#1634));
#349=EDGE_LOOP('',(#1635,#1636,#1637,#1638));
#350=EDGE_LOOP('',(#1639,#1640,#1641,#1642));
#351=EDGE_LOOP('',(#1643,#1644,#1645,#1646,#1647,#1648,#1649,#1650));
#352=EDGE_LOOP('',(#1651));
#353=EDGE_LOOP('',(#1652));
#354=EDGE_LOOP('',(#1653,#1654,#1655,#1656,#1657,#1658,#1659,#1660));
#355=EDGE_LOOP('',(#1661));
#356=EDGE_LOOP('',(#1662));
#357=LINE('',#2546,#489);
#358=LINE('',#2553,#490);
#359=LINE('',#2555,#491);
#360=LINE('',#2557,#492);
#361=LINE('',#2563,#493);
#362=LINE('',#2567,#494);
#363=LINE('',#2571,#495);
#364=LINE('',#2583,#496);
#365=LINE('',#2587,#497);
#366=LINE('',#2591,#498);
#367=LINE('',#2594,#499);
#368=LINE('',#2599,#500);
#369=LINE('',#2603,#501);
#370=LINE('',#2607,#502);
#371=LINE('',#2611,#503);
#372=LINE('',#2617,#504);
#373=LINE('',#2621,#505);
#374=LINE('',#2625,#506);
#375=LINE('',#2630,#507);
#376=LINE('',#2632,#508);
#377=LINE('',#2634,#509);
#378=LINE('',#2640,#510);
#379=LINE('',#2644,#511);
#380=LINE('',#2648,#512);
#381=LINE('',#2654,#513);
#382=LINE('',#2658,#514);
#383=LINE('',#2662,#515);
#384=LINE('',#2666,#516);
#385=LINE('',#2670,#517);
#386=LINE('',#2674,#518);
#387=LINE('',#2678,#519);
#388=LINE('',#2682,#520);
#389=LINE('',#2686,#521);
#390=LINE('',#2690,#522);
#391=LINE('',#2694,#523);
#392=LINE('',#2698,#524);
#393=LINE('',#2701,#525);
#394=LINE('',#2703,#526);
#395=LINE('',#2705,#527);
#396=LINE('',#2707,#528);
#397=LINE('',#2709,#529);
#398=LINE('',#2710,#530);
#399=LINE('',#2713,#531);
#400=LINE('',#2718,#532);
#401=LINE('',#2737,#533);
#402=LINE('',#2772,#534);
#403=LINE('',#2776,#535);
#404=LINE('',#2814,#536);
#405=LINE('',#2828,#537);
#406=LINE('',#2851,#538);
#407=LINE('',#2855,#539);
#408=LINE('',#2889,#540);
#409=LINE('',#2903,#541);
#410=LINE('',#2926,#542);
#411=LINE('',#2930,#543);
#412=LINE('',#2952,#544);
#413=LINE('',#2953,#545);
#414=LINE('',#2961,#546);
#415=LINE('',#2962,#547);
#416=LINE('',#2986,#548);
#417=LINE('',#2988,#549);
#418=LINE('',#3023,#550);
#419=LINE('',#3027,#551);
#420=LINE('',#3049,#552);
#421=LINE('',#3050,#553);
#422=LINE('',#3058,#554);
#423=LINE('',#3059,#555);
#424=LINE('',#3064,#556);
#425=LINE('',#3065,#557);
#426=LINE('',#3067,#558);
#427=LINE('',#3069,#559);
#428=LINE('',#3071,#560);
#429=LINE('',#3073,#561);
#430=LINE('',#3075,#562);
#431=LINE('',#3077,#563);
#432=LINE('',#3079,#564);
#433=LINE('',#3081,#565);
#434=LINE('',#3083,#566);
#435=LINE('',#3085,#567);
#436=LINE('',#3087,#568);
#437=LINE('',#3091,#569);
#438=LINE('',#3095,#570);
#439=LINE('',#3099,#571);
#440=LINE('',#3103,#572);
#441=LINE('',#3106,#573);
#442=LINE('',#3107,#574);
#443=LINE('',#3109,#575);
#444=LINE('',#3112,#576);
#445=LINE('',#3114,#577);
#446=LINE('',#3116,#578);
#447=LINE('',#3118,#579);
#448=LINE('',#3119,#580);
#449=LINE('',#3121,#581);
#450=LINE('',#3123,#582);
#451=LINE('',#3127,#583);
#452=LINE('',#3131,#584);
#453=LINE('',#3134,#585);
#454=LINE('',#3146,#586);
#455=LINE('',#3156,#587);
#456=LINE('',#3160,#588);
#457=LINE('',#3164,#589);
#458=LINE('',#3165,#590);
#459=LINE('',#3169,#591);
#460=LINE('',#3170,#592);
#461=LINE('',#3175,#593);
#462=LINE('',#3177,#594);
#463=LINE('',#3178,#595);
#464=LINE('',#3182,#596);
#465=LINE('',#3185,#597);
#466=LINE('',#3186,#598);
#467=LINE('',#3189,#599);
#468=LINE('',#3193,#600);
#469=LINE('',#3194,#601);
#470=LINE('',#3198,#602);
#471=LINE('',#3201,#603);
#472=LINE('',#3202,#604);
#473=LINE('',#3206,#605);
#474=LINE('',#3208,#606);
#475=LINE('',#3210,#607);
#476=LINE('',#3212,#608);
#477=LINE('',#3214,#609);
#478=LINE('',#3216,#610);
#479=LINE('',#3218,#611);
#480=LINE('',#3220,#612);
#481=LINE('',#3222,#613);
#482=LINE('',#3224,#614);
#483=LINE('',#3226,#615);
#484=LINE('',#3228,#616);
#485=LINE('',#3239,#617);
#486=LINE('',#3247,#618);
#487=LINE('',#3255,#619);
#488=LINE('',#3261,#620);
#489=VECTOR('',#1989,2.95);
#490=VECTOR('',#1996,10.);
#491=VECTOR('',#1997,10.);
#492=VECTOR('',#1998,10.);
#493=VECTOR('',#2003,10.);
#494=VECTOR('',#2006,10.);
#495=VECTOR('',#2009,10.);
#496=VECTOR('',#2020,10.);
#497=VECTOR('',#2023,10.);
#498=VECTOR('',#2026,10.);
#499=VECTOR('',#2029,10.);
#500=VECTOR('',#2034,2.45);
#501=VECTOR('',#2039,2.95);
#502=VECTOR('',#2044,2.45);
#503=VECTOR('',#2049,2.95);
#504=VECTOR('',#2056,2.45);
#505=VECTOR('',#2061,2.95);
#506=VECTOR('',#2066,2.45);
#507=VECTOR('',#2071,10.);
#508=VECTOR('',#2072,10.);
#509=VECTOR('',#2073,10.);
#510=VECTOR('',#2078,10.);
#511=VECTOR('',#2081,10.);
#512=VECTOR('',#2084,10.);
#513=VECTOR('',#2089,10.);
#514=VECTOR('',#2092,10.);
#515=VECTOR('',#2095,10.);
#516=VECTOR('',#2098,10.);
#517=VECTOR('',#2101,10.);
#518=VECTOR('',#2104,10.);
#519=VECTOR('',#2107,10.);
#520=VECTOR('',#2110,10.);
#521=VECTOR('',#2113,10.);
#522=VECTOR('',#2116,10.);
#523=VECTOR('',#2119,10.);
#524=VECTOR('',#2122,10.);
#525=VECTOR('',#2127,10.);
#526=VECTOR('',#2128,10.);
#527=VECTOR('',#2129,10.);
#528=VECTOR('',#2130,10.);
#529=VECTOR('',#2131,10.);
#530=VECTOR('',#2132,10.);
#531=VECTOR('',#2135,10.);
#532=VECTOR('',#2140,10.);
#533=VECTOR('',#2141,10.);
#534=VECTOR('',#2150,10.);
#535=VECTOR('',#2153,10.);
#536=VECTOR('',#2162,10.);
#537=VECTOR('',#2163,10.);
#538=VECTOR('',#2172,10.);
#539=VECTOR('',#2175,10.);
#540=VECTOR('',#2184,10.);
#541=VECTOR('',#2185,10.);
#542=VECTOR('',#2194,10.);
#543=VECTOR('',#2197,10.);
#544=VECTOR('',#2208,10.);
#545=VECTOR('',#2209,10.);
#546=VECTOR('',#2220,10.);
#547=VECTOR('',#2221,10.);
#548=VECTOR('',#2230,10.);
#549=VECTOR('',#2231,10.);
#550=VECTOR('',#2240,10.);
#551=VECTOR('',#2243,10.);
#552=VECTOR('',#2254,10.);
#553=VECTOR('',#2255,10.);
#554=VECTOR('',#2266,10.);
#555=VECTOR('',#2267,10.);
#556=VECTOR('',#2276,10.);
#557=VECTOR('',#2277,10.);
#558=VECTOR('',#2280,10.);
#559=VECTOR('',#2283,10.);
#560=VECTOR('',#2286,10.);
#561=VECTOR('',#2289,10.);
#562=VECTOR('',#2292,10.);
#563=VECTOR('',#2295,10.);
#564=VECTOR('',#2298,10.);
#565=VECTOR('',#2301,10.);
#566=VECTOR('',#2304,10.);
#567=VECTOR('',#2307,10.);
#568=VECTOR('',#2310,10.);
#569=VECTOR('',#2313,10.);
#570=VECTOR('',#2316,10.);
#571=VECTOR('',#2319,10.);
#572=VECTOR('',#2322,10.);
#573=VECTOR('',#2327,10.);
#574=VECTOR('',#2328,10.);
#575=VECTOR('',#2331,2.);
#576=VECTOR('',#2334,10.);
#577=VECTOR('',#2335,10.);
#578=VECTOR('',#2336,10.);
#579=VECTOR('',#2337,10.);
#580=VECTOR('',#2338,10.);
#581=VECTOR('',#2341,10.);
#582=VECTOR('',#2344,2.);
#583=VECTOR('',#2349,10.);
#584=VECTOR('',#2354,10.);
#585=VECTOR('',#2357,10.);
#586=VECTOR('',#2376,10.);
#587=VECTOR('',#2395,10.);
#588=VECTOR('',#2400,10.);
#589=VECTOR('',#2405,10.);
#590=VECTOR('',#2406,10.);
#591=VECTOR('',#2413,10.);
#592=VECTOR('',#2414,10.);
#593=VECTOR('',#2421,10.);
#594=VECTOR('',#2422,10.);
#595=VECTOR('',#2423,10.);
#596=VECTOR('',#2428,10.);
#597=VECTOR('',#2431,10.);
#598=VECTOR('',#2432,10.);
#599=VECTOR('',#2435,10.);
#600=VECTOR('',#2440,10.);
#601=VECTOR('',#2441,10.);
#602=VECTOR('',#2446,10.);
#603=VECTOR('',#2449,10.);
#604=VECTOR('',#2450,10.);
#605=VECTOR('',#2457,10.);
#606=VECTOR('',#2460,10.);
#607=VECTOR('',#2463,10.);
#608=VECTOR('',#2466,10.);
#609=VECTOR('',#2469,10.);
#610=VECTOR('',#2472,10.);
#611=VECTOR('',#2475,10.);
#612=VECTOR('',#2478,10.);
#613=VECTOR('',#2481,10.);
#614=VECTOR('',#2484,10.);
#615=VECTOR('',#2487,10.);
#616=VECTOR('',#2490,10.);
#617=VECTOR('',#2505,10.);
#618=VECTOR('',#2516,10.);
#619=VECTOR('',#2527,10.);
#620=VECTOR('',#2536,10.);
#621=CIRCLE('',#1772,3.45);
#622=CIRCLE('',#1773,2.45);
#623=CIRCLE('',#1774,2.45);
#624=CIRCLE('',#1776,2.);
#625=CIRCLE('',#1777,1.);
#626=CIRCLE('',#1778,6.49999998807905);
#627=CIRCLE('',#1779,6.49999998807907);
#628=CIRCLE('',#1780,1.);
#629=CIRCLE('',#1781,2.);
#630=CIRCLE('',#1782,3.45);
#631=CIRCLE('',#1783,3.45);
#632=CIRCLE('',#1784,44.8191196085889);
#633=CIRCLE('',#1785,44.8191131882839);
#634=CIRCLE('',#1786,44.8191196601666);
#635=CIRCLE('',#1787,44.8191196085881);
#636=CIRCLE('',#1788,3.45);
#637=CIRCLE('',#1790,2.45);
#638=CIRCLE('',#1792,2.45);
#639=CIRCLE('',#1794,2.45);
#640=CIRCLE('',#1796,2.45);
#641=CIRCLE('',#1797,2.45);
#642=CIRCLE('',#1799,2.45);
#643=CIRCLE('',#1801,2.45);
#644=CIRCLE('',#1803,2.45);
#645=CIRCLE('',#1805,2.);
#646=CIRCLE('',#1806,1.);
#647=CIRCLE('',#1807,6.49999998807907);
#648=CIRCLE('',#1808,6.49999998807905);
#649=CIRCLE('',#1809,1.);
#650=CIRCLE('',#1810,2.);
#651=CIRCLE('',#1811,44.8191196601666);
#652=CIRCLE('',#1812,44.8191131882839);
#653=CIRCLE('',#1813,0.499999988079045);
#654=CIRCLE('',#1814,44.8191131882839);
#655=CIRCLE('',#1815,44.8191196085889);
#656=CIRCLE('',#1816,0.499999988079076);
#657=CIRCLE('',#1817,44.8191196085889);
#658=CIRCLE('',#1818,44.8191196085881);
#659=CIRCLE('',#1819,0.499999988079071);
#660=CIRCLE('',#1820,44.8191196085881);
#661=CIRCLE('',#1821,44.8191196601666);
#662=CIRCLE('',#1822,0.499999988079067);
#663=CIRCLE('',#1825,6.49999998807905);
#664=CIRCLE('',#1828,46.3191196601666);
#665=CIRCLE('',#1829,44.8191196601666);
#666=CIRCLE('',#1831,1.49999999999999);
#667=CIRCLE('',#1833,46.3191196601666);
#668=CIRCLE('',#1834,44.8191196601666);
#669=CIRCLE('',#1837,46.3191131882839);
#670=CIRCLE('',#1838,44.8191131882839);
#671=CIRCLE('',#1840,1.5);
#672=CIRCLE('',#1842,46.3191131882839);
#673=CIRCLE('',#1843,44.8191131882839);
#674=CIRCLE('',#1846,44.8191196085889);
#675=CIRCLE('',#1847,46.3191196085889);
#676=CIRCLE('',#1849,1.5);
#677=CIRCLE('',#1851,1.5);
#678=CIRCLE('',#1852,1.99999998807908);
#679=CIRCLE('',#1853,0.499999988079076);
#680=CIRCLE('',#1856,1.5);
#681=CIRCLE('',#1857,1.99999998807905);
#682=CIRCLE('',#1858,0.499999988079045);
#683=CIRCLE('',#1861,44.8191196085889);
#684=CIRCLE('',#1862,46.3191196085889);
#685=CIRCLE('',#1865,44.8191196085881);
#686=CIRCLE('',#1866,46.3191196085881);
#687=CIRCLE('',#1868,1.5);
#688=CIRCLE('',#1870,1.5);
#689=CIRCLE('',#1871,1.99999998807907);
#690=CIRCLE('',#1872,0.499999988079071);
#691=CIRCLE('',#1875,1.5);
#692=CIRCLE('',#1876,1.99999998807907);
#693=CIRCLE('',#1877,0.499999988079067);
#694=CIRCLE('',#1880,44.8191196085881);
#695=CIRCLE('',#1881,46.3191196085881);
#696=CIRCLE('',#1895,4.49999998807907);
#697=CIRCLE('',#1896,4.49999998807907);
#698=CIRCLE('',#1897,4.49999998807905);
#699=CIRCLE('',#1898,4.49999998807907);
#700=CIRCLE('',#1905,6.49999998807905);
#701=CIRCLE('',#1907,6.49999998807907);
#702=CIRCLE('',#1909,6.49999998807907);
#703=CIRCLE('',#1911,2.);
#704=CIRCLE('',#1912,1.99999999999998);
#705=CIRCLE('',#1914,2.);
#706=CIRCLE('',#1915,6.49999998807907);
#707=CIRCLE('',#1917,2.);
#708=CIRCLE('',#1919,1.99999999999999);
#709=CIRCLE('',#1920,6.49999998807907);
#710=CIRCLE('',#1922,2.);
#711=CIRCLE('',#1924,1.99999999999999);
#712=CIRCLE('',#1926,2.00000000000001);
#713=CIRCLE('',#1929,6.49999998807907);
#714=CIRCLE('',#1932,6.49999998807907);
#715=CIRCLE('',#1938,44.8191196085889);
#716=CIRCLE('',#1941,44.8191196085881);
#717=CIRCLE('',#1944,44.8191131882839);
#718=CIRCLE('',#1947,44.8191196601666);
#719=CIRCLE('',#1962,2.00000000000001);
#720=CIRCLE('',#1963,4.49999998807907);
#721=CIRCLE('',#1964,2.);
#722=CIRCLE('',#1966,2.);
#723=CIRCLE('',#1968,2.);
#724=CIRCLE('',#1969,4.49999998807907);
#725=CIRCLE('',#1971,2.);
#726=CIRCLE('',#1973,2.);
#727=CIRCLE('',#1974,4.49999998807907);
#728=CIRCLE('',#1976,2.);
#729=CIRCLE('',#1978,2.);
#730=CIRCLE('',#1979,4.49999998807905);
#731=VERTEX_POINT('',#2543);
#732=VERTEX_POINT('',#2545);
#733=VERTEX_POINT('',#2547);
#734=VERTEX_POINT('',#2551);
#735=VERTEX_POINT('',#2552);
#736=VERTEX_POINT('',#2554);
#737=VERTEX_POINT('',#2556);
#738=VERTEX_POINT('',#2558);
#739=VERTEX_POINT('',#2560);
#740=VERTEX_POINT('',#2562);
#741=VERTEX_POINT('',#2564);
#742=VERTEX_POINT('',#2566);
#743=VERTEX_POINT('',#2568);
#744=VERTEX_POINT('',#2570);
#745=VERTEX_POINT('',#2572);
#746=VERTEX_POINT('',#2575);
#747=VERTEX_POINT('',#2577);
#748=VERTEX_POINT('',#2579);
#749=VERTEX_POINT('',#2580);
#750=VERTEX_POINT('',#2582);
#751=VERTEX_POINT('',#2584);
#752=VERTEX_POINT('',#2586);
#753=VERTEX_POINT('',#2588);
#754=VERTEX_POINT('',#2590);
#755=VERTEX_POINT('',#2592);
#756=VERTEX_POINT('',#2595);
#757=VERTEX_POINT('',#2598);
#758=VERTEX_POINT('',#2602);
#759=VERTEX_POINT('',#2606);
#760=VERTEX_POINT('',#2610);
#761=VERTEX_POINT('',#2612);
#762=VERTEX_POINT('',#2616);
#763=VERTEX_POINT('',#2620);
#764=VERTEX_POINT('',#2624);
#765=VERTEX_POINT('',#2628);
#766=VERTEX_POINT('',#2629);
#767=VERTEX_POINT('',#2631);
#768=VERTEX_POINT('',#2633);
#769=VERTEX_POINT('',#2635);
#770=VERTEX_POINT('',#2637);
#771=VERTEX_POINT('',#2639);
#772=VERTEX_POINT('',#2641);
#773=VERTEX_POINT('',#2643);
#774=VERTEX_POINT('',#2645);
#775=VERTEX_POINT('',#2647);
#776=VERTEX_POINT('',#2649);
#777=VERTEX_POINT('',#2652);
#778=VERTEX_POINT('',#2653);
#779=VERTEX_POINT('',#2655);
#780=VERTEX_POINT('',#2657);
#781=VERTEX_POINT('',#2659);
#782=VERTEX_POINT('',#2661);
#783=VERTEX_POINT('',#2663);
#784=VERTEX_POINT('',#2665);
#785=VERTEX_POINT('',#2667);
#786=VERTEX_POINT('',#2669);
#787=VERTEX_POINT('',#2671);
#788=VERTEX_POINT('',#2673);
#789=VERTEX_POINT('',#2675);
#790=VERTEX_POINT('',#2677);
#791=VERTEX_POINT('',#2679);
#792=VERTEX_POINT('',#2681);
#793=VERTEX_POINT('',#2683);
#794=VERTEX_POINT('',#2685);
#795=VERTEX_POINT('',#2687);
#796=VERTEX_POINT('',#2689);
#797=VERTEX_POINT('',#2691);
#798=VERTEX_POINT('',#2693);
#799=VERTEX_POINT('',#2695);
#800=VERTEX_POINT('',#2697);
#801=VERTEX_POINT('',#2702);
#802=VERTEX_POINT('',#2704);
#803=VERTEX_POINT('',#2706);
#804=VERTEX_POINT('',#2708);
#805=VERTEX_POINT('',#2712);
#806=VERTEX_POINT('',#2716);
#807=VERTEX_POINT('',#2717);
#808=VERTEX_POINT('',#2719);
#809=VERTEX_POINT('',#2736);
#810=VERTEX_POINT('',#2751);
#811=VERTEX_POINT('',#2753);
#812=VERTEX_POINT('',#2770);
#813=VERTEX_POINT('',#2771);
#814=VERTEX_POINT('',#2773);
#815=VERTEX_POINT('',#2775);
#816=VERTEX_POINT('',#2792);
#817=VERTEX_POINT('',#2794);
#818=VERTEX_POINT('',#2813);
#819=VERTEX_POINT('',#2815);
#820=VERTEX_POINT('',#2830);
#821=VERTEX_POINT('',#2832);
#822=VERTEX_POINT('',#2849);
#823=VERTEX_POINT('',#2850);
#824=VERTEX_POINT('',#2852);
#825=VERTEX_POINT('',#2854);
#826=VERTEX_POINT('',#2871);
#827=VERTEX_POINT('',#2873);
#828=VERTEX_POINT('',#2888);
#829=VERTEX_POINT('',#2890);
#830=VERTEX_POINT('',#2905);
#831=VERTEX_POINT('',#2907);
#832=VERTEX_POINT('',#2924);
#833=VERTEX_POINT('',#2925);
#834=VERTEX_POINT('',#2927);
#835=VERTEX_POINT('',#2929);
#836=VERTEX_POINT('',#2946);
#837=VERTEX_POINT('',#2947);
#838=VERTEX_POINT('',#2955);
#839=VERTEX_POINT('',#2956);
#840=VERTEX_POINT('',#2964);
#841=VERTEX_POINT('',#2966);
#842=VERTEX_POINT('',#2985);
#843=VERTEX_POINT('',#2987);
#844=VERTEX_POINT('',#3002);
#845=VERTEX_POINT('',#3004);
#846=VERTEX_POINT('',#3021);
#847=VERTEX_POINT('',#3022);
#848=VERTEX_POINT('',#3024);
#849=VERTEX_POINT('',#3026);
#850=VERTEX_POINT('',#3043);
#851=VERTEX_POINT('',#3044);
#852=VERTEX_POINT('',#3052);
#853=VERTEX_POINT('',#3053);
#854=VERTEX_POINT('',#3089);
#855=VERTEX_POINT('',#3090);
#856=VERTEX_POINT('',#3092);
#857=VERTEX_POINT('',#3094);
#858=VERTEX_POINT('',#3096);
#859=VERTEX_POINT('',#3098);
#860=VERTEX_POINT('',#3100);
#861=VERTEX_POINT('',#3102);
#862=VERTEX_POINT('',#3111);
#863=VERTEX_POINT('',#3113);
#864=VERTEX_POINT('',#3115);
#865=VERTEX_POINT('',#3117);
#866=VERTEX_POINT('',#3125);
#867=VERTEX_POINT('',#3129);
#868=VERTEX_POINT('',#3133);
#869=VERTEX_POINT('',#3140);
#870=VERTEX_POINT('',#3144);
#871=VERTEX_POINT('',#3159);
#872=VERTEX_POINT('',#3163);
#873=VERTEX_POINT('',#3174);
#874=VERTEX_POINT('',#3176);
#875=VERTEX_POINT('',#3180);
#876=VERTEX_POINT('',#3184);
#877=VERTEX_POINT('',#3188);
#878=VERTEX_POINT('',#3192);
#879=VERTEX_POINT('',#3196);
#880=VERTEX_POINT('',#3200);
#881=VERTEX_POINT('',#3231);
#882=VERTEX_POINT('',#3233);
#883=VERTEX_POINT('',#3237);
#884=VERTEX_POINT('',#3241);
#885=VERTEX_POINT('',#3245);
#886=VERTEX_POINT('',#3249);
#887=VERTEX_POINT('',#3253);
#888=VERTEX_POINT('',#3257);
#889=EDGE_CURVE('',#731,#731,#621,.T.);
#890=EDGE_CURVE('',#731,#732,#357,.T.);
#891=EDGE_CURVE('',#732,#733,#622,.T.);
#892=EDGE_CURVE('',#733,#732,#623,.T.);
#893=EDGE_CURVE('',#734,#735,#358,.T.);
#894=EDGE_CURVE('',#736,#734,#359,.T.);
#895=EDGE_CURVE('',#737,#736,#360,.T.);
#896=EDGE_CURVE('',#738,#737,#624,.F.);
#897=EDGE_CURVE('',#739,#738,#625,.F.);
#898=EDGE_CURVE('',#739,#740,#361,.T.);
#899=EDGE_CURVE('',#740,#741,#626,.T.);
#900=EDGE_CURVE('',#742,#741,#362,.T.);
#901=EDGE_CURVE('',#742,#743,#627,.T.);
#902=EDGE_CURVE('',#743,#744,#363,.T.);
#903=EDGE_CURVE('',#744,#745,#628,.T.);
#904=EDGE_CURVE('',#745,#735,#629,.T.);
#905=EDGE_CURVE('',#746,#746,#630,.T.);
#906=EDGE_CURVE('',#747,#747,#631,.T.);
#907=EDGE_CURVE('',#748,#749,#632,.T.);
#908=EDGE_CURVE('',#750,#749,#364,.T.);
#909=EDGE_CURVE('',#750,#751,#633,.T.);
#910=EDGE_CURVE('',#752,#751,#365,.T.);
#911=EDGE_CURVE('',#752,#753,#634,.T.);
#912=EDGE_CURVE('',#754,#753,#366,.T.);
#913=EDGE_CURVE('',#754,#755,#635,.T.);
#914=EDGE_CURVE('',#748,#755,#367,.T.);
#915=EDGE_CURVE('',#756,#756,#636,.T.);
#916=EDGE_CURVE('',#733,#757,#368,.T.);
#917=EDGE_CURVE('',#757,#757,#637,.T.);
#918=EDGE_CURVE('',#746,#758,#369,.T.);
#919=EDGE_CURVE('',#758,#758,#638,.T.);
#920=EDGE_CURVE('',#758,#759,#370,.T.);
#921=EDGE_CURVE('',#759,#759,#639,.T.);
#922=EDGE_CURVE('',#756,#760,#371,.T.);
#923=EDGE_CURVE('',#760,#761,#640,.T.);
#924=EDGE_CURVE('',#761,#760,#641,.T.);
#925=EDGE_CURVE('',#761,#762,#372,.T.);
#926=EDGE_CURVE('',#762,#762,#642,.T.);
#927=EDGE_CURVE('',#747,#763,#373,.T.);
#928=EDGE_CURVE('',#763,#763,#643,.T.);
#929=EDGE_CURVE('',#763,#764,#374,.T.);
#930=EDGE_CURVE('',#764,#764,#644,.T.);
#931=EDGE_CURVE('',#765,#766,#375,.T.);
#932=EDGE_CURVE('',#765,#767,#376,.T.);
#933=EDGE_CURVE('',#767,#768,#377,.T.);
#934=EDGE_CURVE('',#769,#768,#645,.F.);
#935=EDGE_CURVE('',#770,#769,#646,.F.);
#936=EDGE_CURVE('',#770,#771,#378,.T.);
#937=EDGE_CURVE('',#772,#771,#647,.T.);
#938=EDGE_CURVE('',#773,#772,#379,.T.);
#939=EDGE_CURVE('',#774,#773,#648,.T.);
#940=EDGE_CURVE('',#775,#774,#380,.T.);
#941=EDGE_CURVE('',#776,#775,#649,.T.);
#942=EDGE_CURVE('',#766,#776,#650,.T.);
#943=EDGE_CURVE('',#777,#778,#381,.T.);
#944=EDGE_CURVE('',#779,#777,#651,.T.);
#945=EDGE_CURVE('',#780,#779,#382,.T.);
#946=EDGE_CURVE('',#781,#780,#652,.T.);
#947=EDGE_CURVE('',#782,#781,#383,.T.);
#948=EDGE_CURVE('',#783,#782,#653,.T.);
#949=EDGE_CURVE('',#784,#783,#384,.T.);
#950=EDGE_CURVE('',#785,#784,#654,.T.);
#951=EDGE_CURVE('',#786,#785,#385,.T.);
#952=EDGE_CURVE('',#787,#786,#655,.T.);
#953=EDGE_CURVE('',#788,#787,#386,.T.);
#954=EDGE_CURVE('',#789,#788,#656,.T.);
#955=EDGE_CURVE('',#790,#789,#387,.T.);
#956=EDGE_CURVE('',#791,#790,#657,.T.);
#957=EDGE_CURVE('',#792,#791,#388,.T.);
#958=EDGE_CURVE('',#793,#792,#658,.T.);
#959=EDGE_CURVE('',#794,#793,#389,.T.);
#960=EDGE_CURVE('',#795,#794,#659,.T.);
#961=EDGE_CURVE('',#796,#795,#390,.T.);
#962=EDGE_CURVE('',#797,#796,#660,.T.);
#963=EDGE_CURVE('',#798,#797,#391,.T.);
#964=EDGE_CURVE('',#799,#798,#661,.T.);
#965=EDGE_CURVE('',#800,#799,#392,.T.);
#966=EDGE_CURVE('',#778,#800,#662,.T.);
#967=EDGE_CURVE('',#775,#739,#393,.T.);
#968=EDGE_CURVE('',#774,#801,#394,.T.);
#969=EDGE_CURVE('',#802,#801,#395,.T.);
#970=EDGE_CURVE('',#803,#802,#396,.T.);
#971=EDGE_CURVE('',#804,#803,#397,.T.);
#972=EDGE_CURVE('',#804,#740,#398,.T.);
#973=EDGE_CURVE('',#773,#805,#399,.T.);
#974=EDGE_CURVE('',#801,#805,#663,.T.);
#975=EDGE_CURVE('',#806,#807,#400,.T.);
#976=EDGE_CURVE('',#807,#808,#35,.T.);
#977=EDGE_CURVE('',#808,#809,#401,.T.);
#978=EDGE_CURVE('',#806,#809,#36,.T.);
#979=EDGE_CURVE('',#807,#810,#664,.T.);
#980=EDGE_CURVE('',#810,#811,#37,.T.);
#981=EDGE_CURVE('',#811,#808,#665,.T.);
#982=EDGE_CURVE('',#812,#813,#402,.T.);
#983=EDGE_CURVE('',#813,#814,#666,.T.);
#984=EDGE_CURVE('',#814,#815,#403,.T.);
#985=EDGE_CURVE('',#815,#812,#38,.T.);
#986=EDGE_CURVE('',#815,#816,#667,.T.);
#987=EDGE_CURVE('',#816,#817,#39,.T.);
#988=EDGE_CURVE('',#817,#812,#668,.T.);
#989=EDGE_CURVE('',#816,#818,#404,.T.);
#990=EDGE_CURVE('',#818,#819,#40,.T.);
#991=EDGE_CURVE('',#819,#817,#405,.T.);
#992=EDGE_CURVE('',#818,#820,#669,.T.);
#993=EDGE_CURVE('',#820,#821,#41,.T.);
#994=EDGE_CURVE('',#821,#819,#670,.T.);
#995=EDGE_CURVE('',#822,#823,#406,.T.);
#996=EDGE_CURVE('',#823,#824,#671,.T.);
#997=EDGE_CURVE('',#824,#825,#407,.T.);
#998=EDGE_CURVE('',#825,#822,#42,.T.);
#999=EDGE_CURVE('',#825,#826,#672,.T.);
#1000=EDGE_CURVE('',#826,#827,#43,.T.);
#1001=EDGE_CURVE('',#827,#822,#673,.T.);
#1002=EDGE_CURVE('',#826,#828,#408,.T.);
#1003=EDGE_CURVE('',#828,#829,#44,.T.);
#1004=EDGE_CURVE('',#829,#827,#409,.T.);
#1005=EDGE_CURVE('',#830,#829,#674,.T.);
#1006=EDGE_CURVE('',#828,#831,#675,.T.);
#1007=EDGE_CURVE('',#831,#830,#45,.T.);
#1008=EDGE_CURVE('',#832,#833,#410,.T.);
#1009=EDGE_CURVE('',#833,#834,#676,.T.);
#1010=EDGE_CURVE('',#834,#835,#411,.T.);
#1011=EDGE_CURVE('',#835,#832,#46,.T.);
#1012=EDGE_CURVE('',#836,#837,#677,.T.);
#1013=EDGE_CURVE('',#837,#834,#678,.T.);
#1014=EDGE_CURVE('',#833,#836,#679,.T.);
#1015=EDGE_CURVE('',#831,#837,#412,.T.);
#1016=EDGE_CURVE('',#836,#830,#413,.T.);
#1017=EDGE_CURVE('',#838,#839,#680,.T.);
#1018=EDGE_CURVE('',#839,#824,#681,.T.);
#1019=EDGE_CURVE('',#823,#838,#682,.T.);
#1020=EDGE_CURVE('',#820,#839,#414,.T.);
#1021=EDGE_CURVE('',#838,#821,#415,.T.);
#1022=EDGE_CURVE('',#840,#832,#683,.T.);
#1023=EDGE_CURVE('',#835,#841,#684,.T.);
#1024=EDGE_CURVE('',#841,#840,#47,.T.);
#1025=EDGE_CURVE('',#842,#840,#416,.T.);
#1026=EDGE_CURVE('',#841,#843,#417,.T.);
#1027=EDGE_CURVE('',#843,#842,#48,.T.);
#1028=EDGE_CURVE('',#844,#842,#685,.T.);
#1029=EDGE_CURVE('',#843,#845,#686,.T.);
#1030=EDGE_CURVE('',#845,#844,#49,.T.);
#1031=EDGE_CURVE('',#846,#847,#418,.T.);
#1032=EDGE_CURVE('',#847,#848,#687,.T.);
#1033=EDGE_CURVE('',#848,#849,#419,.T.);
#1034=EDGE_CURVE('',#849,#846,#50,.T.);
#1035=EDGE_CURVE('',#850,#851,#688,.T.);
#1036=EDGE_CURVE('',#851,#848,#689,.T.);
#1037=EDGE_CURVE('',#847,#850,#690,.T.);
#1038=EDGE_CURVE('',#845,#851,#420,.T.);
#1039=EDGE_CURVE('',#850,#844,#421,.T.);
#1040=EDGE_CURVE('',#852,#853,#691,.T.);
#1041=EDGE_CURVE('',#853,#814,#692,.T.);
#1042=EDGE_CURVE('',#813,#852,#693,.T.);
#1043=EDGE_CURVE('',#810,#853,#422,.T.);
#1044=EDGE_CURVE('',#852,#811,#423,.T.);
#1045=EDGE_CURVE('',#809,#846,#694,.T.);
#1046=EDGE_CURVE('',#849,#806,#695,.T.);
#1047=EDGE_CURVE('',#785,#827,#424,.T.);
#1048=EDGE_CURVE('',#784,#822,#425,.T.);
#1049=EDGE_CURVE('',#786,#829,#426,.T.);
#1050=EDGE_CURVE('',#787,#830,#427,.T.);
#1051=EDGE_CURVE('',#788,#836,#428,.T.);
#1052=EDGE_CURVE('',#789,#833,#429,.T.);
#1053=EDGE_CURVE('',#790,#832,#430,.T.);
#1054=EDGE_CURVE('',#791,#840,#431,.T.);
#1055=EDGE_CURVE('',#792,#842,#432,.T.);
#1056=EDGE_CURVE('',#793,#844,#433,.T.);
#1057=EDGE_CURVE('',#794,#850,#434,.T.);
#1058=EDGE_CURVE('',#795,#847,#435,.T.);
#1059=EDGE_CURVE('',#796,#846,#436,.T.);
#1060=EDGE_CURVE('',#854,#855,#437,.T.);
#1061=EDGE_CURVE('',#856,#854,#696,.T.);
#1062=EDGE_CURVE('',#857,#856,#438,.T.);
#1063=EDGE_CURVE('',#858,#857,#697,.T.);
#1064=EDGE_CURVE('',#859,#858,#439,.T.);
#1065=EDGE_CURVE('',#860,#859,#698,.T.);
#1066=EDGE_CURVE('',#861,#860,#440,.T.);
#1067=EDGE_CURVE('',#855,#861,#699,.T.);
#1068=EDGE_CURVE('',#770,#744,#441,.T.);
#1069=EDGE_CURVE('',#769,#745,#442,.T.);
#1070=EDGE_CURVE('',#768,#735,#443,.T.);
#1071=EDGE_CURVE('',#862,#743,#444,.T.);
#1072=EDGE_CURVE('',#863,#862,#445,.T.);
#1073=EDGE_CURVE('',#863,#864,#446,.T.);
#1074=EDGE_CURVE('',#865,#864,#447,.T.);
#1075=EDGE_CURVE('',#771,#865,#448,.T.);
#1076=EDGE_CURVE('',#738,#776,#449,.T.);
#1077=EDGE_CURVE('',#737,#766,#450,.T.);
#1078=EDGE_CURVE('',#866,#804,#700,.T.);
#1079=EDGE_CURVE('',#866,#741,#451,.T.);
#1080=EDGE_CURVE('',#867,#865,#701,.T.);
#1081=EDGE_CURVE('',#772,#867,#452,.T.);
#1082=EDGE_CURVE('',#868,#742,#453,.T.);
#1083=EDGE_CURVE('',#862,#868,#702,.T.);
#1084=EDGE_CURVE('',#855,#865,#703,.T.);
#1085=EDGE_CURVE('',#864,#854,#704,.T.);
#1086=EDGE_CURVE('',#869,#856,#705,.T.);
#1087=EDGE_CURVE('',#864,#869,#706,.T.);
#1088=EDGE_CURVE('',#870,#857,#707,.T.);
#1089=EDGE_CURVE('',#869,#870,#454,.T.);
#1090=EDGE_CURVE('',#802,#858,#708,.T.);
#1091=EDGE_CURVE('',#870,#802,#709,.T.);
#1092=EDGE_CURVE('',#801,#859,#710,.T.);
#1093=EDGE_CURVE('',#805,#860,#711,.T.);
#1094=EDGE_CURVE('',#867,#861,#712,.T.);
#1095=EDGE_CURVE('',#805,#867,#455,.T.);
#1096=EDGE_CURVE('',#871,#870,#456,.T.);
#1097=EDGE_CURVE('',#803,#871,#713,.T.);
#1098=EDGE_CURVE('',#872,#869,#457,.T.);
#1099=EDGE_CURVE('',#871,#872,#458,.T.);
#1100=EDGE_CURVE('',#872,#863,#714,.T.);
#1101=EDGE_CURVE('',#765,#736,#459,.T.);
#1102=EDGE_CURVE('',#767,#734,#460,.F.);
#1103=EDGE_CURVE('',#873,#755,#461,.T.);
#1104=EDGE_CURVE('',#873,#874,#462,.T.);
#1105=EDGE_CURVE('',#874,#748,#463,.T.);
#1106=EDGE_CURVE('',#874,#875,#715,.T.);
#1107=EDGE_CURVE('',#875,#749,#464,.T.);
#1108=EDGE_CURVE('',#875,#876,#465,.T.);
#1109=EDGE_CURVE('',#876,#750,#466,.T.);
#1110=EDGE_CURVE('',#877,#754,#467,.T.);
#1111=EDGE_CURVE('',#877,#873,#716,.T.);
#1112=EDGE_CURVE('',#878,#753,#468,.T.);
#1113=EDGE_CURVE('',#878,#877,#469,.T.);
#1114=EDGE_CURVE('',#876,#879,#717,.T.);
#1115=EDGE_CURVE('',#879,#751,#470,.T.);
#1116=EDGE_CURVE('',#879,#880,#471,.T.);
#1117=EDGE_CURVE('',#880,#752,#472,.T.);
#1118=EDGE_CURVE('',#880,#878,#718,.T.);
#1119=EDGE_CURVE('',#868,#866,#473,.T.);
#1120=EDGE_CURVE('',#783,#823,#474,.T.);
#1121=EDGE_CURVE('',#782,#838,#475,.T.);
#1122=EDGE_CURVE('',#781,#821,#476,.T.);
#1123=EDGE_CURVE('',#780,#819,#477,.T.);
#1124=EDGE_CURVE('',#779,#817,#478,.T.);
#1125=EDGE_CURVE('',#777,#812,#479,.T.);
#1126=EDGE_CURVE('',#797,#809,#480,.T.);
#1127=EDGE_CURVE('',#798,#808,#481,.T.);
#1128=EDGE_CURVE('',#778,#813,#482,.T.);
#1129=EDGE_CURVE('',#799,#811,#483,.T.);
#1130=EDGE_CURVE('',#800,#852,#484,.T.);
#1131=EDGE_CURVE('',#868,#881,#719,.T.);
#1132=EDGE_CURVE('',#881,#882,#720,.T.);
#1133=EDGE_CURVE('',#882,#862,#721,.T.);
#1134=EDGE_CURVE('',#883,#863,#722,.T.);
#1135=EDGE_CURVE('',#882,#883,#485,.T.);
#1136=EDGE_CURVE('',#884,#872,#723,.T.);
#1137=EDGE_CURVE('',#883,#884,#724,.T.);
#1138=EDGE_CURVE('',#885,#871,#725,.T.);
#1139=EDGE_CURVE('',#884,#885,#486,.T.);
#1140=EDGE_CURVE('',#886,#803,#726,.T.);
#1141=EDGE_CURVE('',#885,#886,#727,.T.);
#1142=EDGE_CURVE('',#887,#804,#728,.T.);
#1143=EDGE_CURVE('',#886,#887,#487,.T.);
#1144=EDGE_CURVE('',#888,#866,#729,.T.);
#1145=EDGE_CURVE('',#887,#888,#730,.T.);
#1146=EDGE_CURVE('',#888,#881,#488,.T.);
#1147=ORIENTED_EDGE('',*,*,#889,.T.);
#1148=ORIENTED_EDGE('',*,*,#890,.T.);
#1149=ORIENTED_EDGE('',*,*,#891,.T.);
#1150=ORIENTED_EDGE('',*,*,#892,.T.);
#1151=ORIENTED_EDGE('',*,*,#890,.F.);
#1152=ORIENTED_EDGE('',*,*,#893,.F.);
#1153=ORIENTED_EDGE('',*,*,#894,.F.);
#1154=ORIENTED_EDGE('',*,*,#895,.F.);
#1155=ORIENTED_EDGE('',*,*,#896,.F.);
#1156=ORIENTED_EDGE('',*,*,#897,.F.);
#1157=ORIENTED_EDGE('',*,*,#898,.T.);
#1158=ORIENTED_EDGE('',*,*,#899,.T.);
#1159=ORIENTED_EDGE('',*,*,#900,.F.);
#1160=ORIENTED_EDGE('',*,*,#901,.T.);
#1161=ORIENTED_EDGE('',*,*,#902,.T.);
#1162=ORIENTED_EDGE('',*,*,#903,.T.);
#1163=ORIENTED_EDGE('',*,*,#904,.T.);
#1164=ORIENTED_EDGE('',*,*,#905,.F.);
#1165=ORIENTED_EDGE('',*,*,#906,.F.);
#1166=ORIENTED_EDGE('',*,*,#907,.T.);
#1167=ORIENTED_EDGE('',*,*,#908,.F.);
#1168=ORIENTED_EDGE('',*,*,#909,.T.);
#1169=ORIENTED_EDGE('',*,*,#910,.F.);
#1170=ORIENTED_EDGE('',*,*,#911,.T.);
#1171=ORIENTED_EDGE('',*,*,#912,.F.);
#1172=ORIENTED_EDGE('',*,*,#913,.T.);
#1173=ORIENTED_EDGE('',*,*,#914,.F.);
#1174=ORIENTED_EDGE('',*,*,#915,.F.);
#1175=ORIENTED_EDGE('',*,*,#889,.F.);
#1176=ORIENTED_EDGE('',*,*,#891,.F.);
#1177=ORIENTED_EDGE('',*,*,#892,.F.);
#1178=ORIENTED_EDGE('',*,*,#916,.T.);
#1179=ORIENTED_EDGE('',*,*,#917,.T.);
#1180=ORIENTED_EDGE('',*,*,#916,.F.);
#1181=ORIENTED_EDGE('',*,*,#905,.T.);
#1182=ORIENTED_EDGE('',*,*,#918,.T.);
#1183=ORIENTED_EDGE('',*,*,#919,.T.);
#1184=ORIENTED_EDGE('',*,*,#918,.F.);
#1185=ORIENTED_EDGE('',*,*,#919,.F.);
#1186=ORIENTED_EDGE('',*,*,#920,.T.);
#1187=ORIENTED_EDGE('',*,*,#921,.T.);
#1188=ORIENTED_EDGE('',*,*,#920,.F.);
#1189=ORIENTED_EDGE('',*,*,#915,.T.);
#1190=ORIENTED_EDGE('',*,*,#922,.T.);
#1191=ORIENTED_EDGE('',*,*,#923,.T.);
#1192=ORIENTED_EDGE('',*,*,#924,.T.);
#1193=ORIENTED_EDGE('',*,*,#922,.F.);
#1194=ORIENTED_EDGE('',*,*,#923,.F.);
#1195=ORIENTED_EDGE('',*,*,#924,.F.);
#1196=ORIENTED_EDGE('',*,*,#925,.T.);
#1197=ORIENTED_EDGE('',*,*,#926,.T.);
#1198=ORIENTED_EDGE('',*,*,#925,.F.);
#1199=ORIENTED_EDGE('',*,*,#906,.T.);
#1200=ORIENTED_EDGE('',*,*,#927,.T.);
#1201=ORIENTED_EDGE('',*,*,#928,.T.);
#1202=ORIENTED_EDGE('',*,*,#927,.F.);
#1203=ORIENTED_EDGE('',*,*,#928,.F.);
#1204=ORIENTED_EDGE('',*,*,#929,.T.);
#1205=ORIENTED_EDGE('',*,*,#930,.T.);
#1206=ORIENTED_EDGE('',*,*,#929,.F.);
#1207=ORIENTED_EDGE('',*,*,#931,.F.);
#1208=ORIENTED_EDGE('',*,*,#932,.T.);
#1209=ORIENTED_EDGE('',*,*,#933,.T.);
#1210=ORIENTED_EDGE('',*,*,#934,.F.);
#1211=ORIENTED_EDGE('',*,*,#935,.F.);
#1212=ORIENTED_EDGE('',*,*,#936,.T.);
#1213=ORIENTED_EDGE('',*,*,#937,.F.);
#1214=ORIENTED_EDGE('',*,*,#938,.F.);
#1215=ORIENTED_EDGE('',*,*,#939,.F.);
#1216=ORIENTED_EDGE('',*,*,#940,.F.);
#1217=ORIENTED_EDGE('',*,*,#941,.F.);
#1218=ORIENTED_EDGE('',*,*,#942,.F.);
#1219=ORIENTED_EDGE('',*,*,#943,.F.);
#1220=ORIENTED_EDGE('',*,*,#944,.F.);
#1221=ORIENTED_EDGE('',*,*,#945,.F.);
#1222=ORIENTED_EDGE('',*,*,#946,.F.);
#1223=ORIENTED_EDGE('',*,*,#947,.F.);
#1224=ORIENTED_EDGE('',*,*,#948,.F.);
#1225=ORIENTED_EDGE('',*,*,#949,.F.);
#1226=ORIENTED_EDGE('',*,*,#950,.F.);
#1227=ORIENTED_EDGE('',*,*,#951,.F.);
#1228=ORIENTED_EDGE('',*,*,#952,.F.);
#1229=ORIENTED_EDGE('',*,*,#953,.F.);
#1230=ORIENTED_EDGE('',*,*,#954,.F.);
#1231=ORIENTED_EDGE('',*,*,#955,.F.);
#1232=ORIENTED_EDGE('',*,*,#956,.F.);
#1233=ORIENTED_EDGE('',*,*,#957,.F.);
#1234=ORIENTED_EDGE('',*,*,#958,.F.);
#1235=ORIENTED_EDGE('',*,*,#959,.F.);
#1236=ORIENTED_EDGE('',*,*,#960,.F.);
#1237=ORIENTED_EDGE('',*,*,#961,.F.);
#1238=ORIENTED_EDGE('',*,*,#962,.F.);
#1239=ORIENTED_EDGE('',*,*,#963,.F.);
#1240=ORIENTED_EDGE('',*,*,#964,.F.);
#1241=ORIENTED_EDGE('',*,*,#965,.F.);
#1242=ORIENTED_EDGE('',*,*,#966,.F.);
#1243=ORIENTED_EDGE('',*,*,#967,.F.);
#1244=ORIENTED_EDGE('',*,*,#940,.T.);
#1245=ORIENTED_EDGE('',*,*,#968,.T.);
#1246=ORIENTED_EDGE('',*,*,#969,.F.);
#1247=ORIENTED_EDGE('',*,*,#970,.F.);
#1248=ORIENTED_EDGE('',*,*,#971,.F.);
#1249=ORIENTED_EDGE('',*,*,#972,.T.);
#1250=ORIENTED_EDGE('',*,*,#898,.F.);
#1251=ORIENTED_EDGE('',*,*,#939,.T.);
#1252=ORIENTED_EDGE('',*,*,#973,.T.);
#1253=ORIENTED_EDGE('',*,*,#974,.F.);
#1254=ORIENTED_EDGE('',*,*,#968,.F.);
#1255=ORIENTED_EDGE('',*,*,#975,.T.);
#1256=ORIENTED_EDGE('',*,*,#976,.T.);
#1257=ORIENTED_EDGE('',*,*,#977,.T.);
#1258=ORIENTED_EDGE('',*,*,#978,.F.);
#1259=ORIENTED_EDGE('',*,*,#979,.T.);
#1260=ORIENTED_EDGE('',*,*,#980,.T.);
#1261=ORIENTED_EDGE('',*,*,#981,.T.);
#1262=ORIENTED_EDGE('',*,*,#976,.F.);
#1263=ORIENTED_EDGE('',*,*,#982,.T.);
#1264=ORIENTED_EDGE('',*,*,#983,.T.);
#1265=ORIENTED_EDGE('',*,*,#984,.T.);
#1266=ORIENTED_EDGE('',*,*,#985,.T.);
#1267=ORIENTED_EDGE('',*,*,#986,.T.);
#1268=ORIENTED_EDGE('',*,*,#987,.T.);
#1269=ORIENTED_EDGE('',*,*,#988,.T.);
#1270=ORIENTED_EDGE('',*,*,#985,.F.);
#1271=ORIENTED_EDGE('',*,*,#989,.T.);
#1272=ORIENTED_EDGE('',*,*,#990,.T.);
#1273=ORIENTED_EDGE('',*,*,#991,.T.);
#1274=ORIENTED_EDGE('',*,*,#987,.F.);
#1275=ORIENTED_EDGE('',*,*,#992,.T.);
#1276=ORIENTED_EDGE('',*,*,#993,.T.);
#1277=ORIENTED_EDGE('',*,*,#994,.T.);
#1278=ORIENTED_EDGE('',*,*,#990,.F.);
#1279=ORIENTED_EDGE('',*,*,#995,.T.);
#1280=ORIENTED_EDGE('',*,*,#996,.T.);
#1281=ORIENTED_EDGE('',*,*,#997,.T.);
#1282=ORIENTED_EDGE('',*,*,#998,.T.);
#1283=ORIENTED_EDGE('',*,*,#999,.T.);
#1284=ORIENTED_EDGE('',*,*,#1000,.T.);
#1285=ORIENTED_EDGE('',*,*,#1001,.T.);
#1286=ORIENTED_EDGE('',*,*,#998,.F.);
#1287=ORIENTED_EDGE('',*,*,#1002,.T.);
#1288=ORIENTED_EDGE('',*,*,#1003,.T.);
#1289=ORIENTED_EDGE('',*,*,#1004,.T.);
#1290=ORIENTED_EDGE('',*,*,#1000,.F.);
#1291=ORIENTED_EDGE('',*,*,#1005,.T.);
#1292=ORIENTED_EDGE('',*,*,#1003,.F.);
#1293=ORIENTED_EDGE('',*,*,#1006,.T.);
#1294=ORIENTED_EDGE('',*,*,#1007,.T.);
#1295=ORIENTED_EDGE('',*,*,#1008,.T.);
#1296=ORIENTED_EDGE('',*,*,#1009,.T.);
#1297=ORIENTED_EDGE('',*,*,#1010,.T.);
#1298=ORIENTED_EDGE('',*,*,#1011,.T.);
#1299=ORIENTED_EDGE('',*,*,#1012,.T.);
#1300=ORIENTED_EDGE('',*,*,#1013,.T.);
#1301=ORIENTED_EDGE('',*,*,#1009,.F.);
#1302=ORIENTED_EDGE('',*,*,#1014,.T.);
#1303=ORIENTED_EDGE('',*,*,#1015,.T.);
#1304=ORIENTED_EDGE('',*,*,#1012,.F.);
#1305=ORIENTED_EDGE('',*,*,#1016,.T.);
#1306=ORIENTED_EDGE('',*,*,#1007,.F.);
#1307=ORIENTED_EDGE('',*,*,#1017,.T.);
#1308=ORIENTED_EDGE('',*,*,#1018,.T.);
#1309=ORIENTED_EDGE('',*,*,#996,.F.);
#1310=ORIENTED_EDGE('',*,*,#1019,.T.);
#1311=ORIENTED_EDGE('',*,*,#1020,.T.);
#1312=ORIENTED_EDGE('',*,*,#1017,.F.);
#1313=ORIENTED_EDGE('',*,*,#1021,.T.);
#1314=ORIENTED_EDGE('',*,*,#993,.F.);
#1315=ORIENTED_EDGE('',*,*,#1022,.T.);
#1316=ORIENTED_EDGE('',*,*,#1011,.F.);
#1317=ORIENTED_EDGE('',*,*,#1023,.T.);
#1318=ORIENTED_EDGE('',*,*,#1024,.T.);
#1319=ORIENTED_EDGE('',*,*,#1025,.T.);
#1320=ORIENTED_EDGE('',*,*,#1024,.F.);
#1321=ORIENTED_EDGE('',*,*,#1026,.T.);
#1322=ORIENTED_EDGE('',*,*,#1027,.T.);
#1323=ORIENTED_EDGE('',*,*,#1028,.T.);
#1324=ORIENTED_EDGE('',*,*,#1027,.F.);
#1325=ORIENTED_EDGE('',*,*,#1029,.T.);
#1326=ORIENTED_EDGE('',*,*,#1030,.T.);
#1327=ORIENTED_EDGE('',*,*,#1031,.T.);
#1328=ORIENTED_EDGE('',*,*,#1032,.T.);
#1329=ORIENTED_EDGE('',*,*,#1033,.T.);
#1330=ORIENTED_EDGE('',*,*,#1034,.T.);
#1331=ORIENTED_EDGE('',*,*,#1035,.T.);
#1332=ORIENTED_EDGE('',*,*,#1036,.T.);
#1333=ORIENTED_EDGE('',*,*,#1032,.F.);
#1334=ORIENTED_EDGE('',*,*,#1037,.T.);
#1335=ORIENTED_EDGE('',*,*,#1038,.T.);
#1336=ORIENTED_EDGE('',*,*,#1035,.F.);
#1337=ORIENTED_EDGE('',*,*,#1039,.T.);
#1338=ORIENTED_EDGE('',*,*,#1030,.F.);
#1339=ORIENTED_EDGE('',*,*,#1040,.T.);
#1340=ORIENTED_EDGE('',*,*,#1041,.T.);
#1341=ORIENTED_EDGE('',*,*,#983,.F.);
#1342=ORIENTED_EDGE('',*,*,#1042,.T.);
#1343=ORIENTED_EDGE('',*,*,#1043,.T.);
#1344=ORIENTED_EDGE('',*,*,#1040,.F.);
#1345=ORIENTED_EDGE('',*,*,#1044,.T.);
#1346=ORIENTED_EDGE('',*,*,#980,.F.);
#1347=ORIENTED_EDGE('',*,*,#1045,.T.);
#1348=ORIENTED_EDGE('',*,*,#1034,.F.);
#1349=ORIENTED_EDGE('',*,*,#1046,.T.);
#1350=ORIENTED_EDGE('',*,*,#978,.T.);
#1351=ORIENTED_EDGE('',*,*,#1001,.F.);
#1352=ORIENTED_EDGE('',*,*,#1047,.F.);
#1353=ORIENTED_EDGE('',*,*,#950,.T.);
#1354=ORIENTED_EDGE('',*,*,#1048,.T.);
#1355=ORIENTED_EDGE('',*,*,#1004,.F.);
#1356=ORIENTED_EDGE('',*,*,#1049,.F.);
#1357=ORIENTED_EDGE('',*,*,#951,.T.);
#1358=ORIENTED_EDGE('',*,*,#1047,.T.);
#1359=ORIENTED_EDGE('',*,*,#1005,.F.);
#1360=ORIENTED_EDGE('',*,*,#1050,.F.);
#1361=ORIENTED_EDGE('',*,*,#952,.T.);
#1362=ORIENTED_EDGE('',*,*,#1049,.T.);
#1363=ORIENTED_EDGE('',*,*,#1016,.F.);
#1364=ORIENTED_EDGE('',*,*,#1051,.F.);
#1365=ORIENTED_EDGE('',*,*,#953,.T.);
#1366=ORIENTED_EDGE('',*,*,#1050,.T.);
#1367=ORIENTED_EDGE('',*,*,#1014,.F.);
#1368=ORIENTED_EDGE('',*,*,#1052,.F.);
#1369=ORIENTED_EDGE('',*,*,#954,.T.);
#1370=ORIENTED_EDGE('',*,*,#1051,.T.);
#1371=ORIENTED_EDGE('',*,*,#1008,.F.);
#1372=ORIENTED_EDGE('',*,*,#1053,.F.);
#1373=ORIENTED_EDGE('',*,*,#955,.T.);
#1374=ORIENTED_EDGE('',*,*,#1052,.T.);
#1375=ORIENTED_EDGE('',*,*,#1022,.F.);
#1376=ORIENTED_EDGE('',*,*,#1054,.F.);
#1377=ORIENTED_EDGE('',*,*,#956,.T.);
#1378=ORIENTED_EDGE('',*,*,#1053,.T.);
#1379=ORIENTED_EDGE('',*,*,#1025,.F.);
#1380=ORIENTED_EDGE('',*,*,#1055,.F.);
#1381=ORIENTED_EDGE('',*,*,#957,.T.);
#1382=ORIENTED_EDGE('',*,*,#1054,.T.);
#1383=ORIENTED_EDGE('',*,*,#1028,.F.);
#1384=ORIENTED_EDGE('',*,*,#1056,.F.);
#1385=ORIENTED_EDGE('',*,*,#958,.T.);
#1386=ORIENTED_EDGE('',*,*,#1055,.T.);
#1387=ORIENTED_EDGE('',*,*,#1039,.F.);
#1388=ORIENTED_EDGE('',*,*,#1057,.F.);
#1389=ORIENTED_EDGE('',*,*,#959,.T.);
#1390=ORIENTED_EDGE('',*,*,#1056,.T.);
#1391=ORIENTED_EDGE('',*,*,#1037,.F.);
#1392=ORIENTED_EDGE('',*,*,#1058,.F.);
#1393=ORIENTED_EDGE('',*,*,#960,.T.);
#1394=ORIENTED_EDGE('',*,*,#1057,.T.);
#1395=ORIENTED_EDGE('',*,*,#1031,.F.);
#1396=ORIENTED_EDGE('',*,*,#1059,.F.);
#1397=ORIENTED_EDGE('',*,*,#961,.T.);
#1398=ORIENTED_EDGE('',*,*,#1058,.T.);
#1399=ORIENTED_EDGE('',*,*,#1060,.F.);
#1400=ORIENTED_EDGE('',*,*,#1061,.F.);
#1401=ORIENTED_EDGE('',*,*,#1062,.F.);
#1402=ORIENTED_EDGE('',*,*,#1063,.F.);
#1403=ORIENTED_EDGE('',*,*,#1064,.F.);
#1404=ORIENTED_EDGE('',*,*,#1065,.F.);
#1405=ORIENTED_EDGE('',*,*,#1066,.F.);
#1406=ORIENTED_EDGE('',*,*,#1067,.F.);
#1407=ORIENTED_EDGE('',*,*,#1033,.F.);
#1408=ORIENTED_EDGE('',*,*,#1036,.F.);
#1409=ORIENTED_EDGE('',*,*,#1038,.F.);
#1410=ORIENTED_EDGE('',*,*,#1029,.F.);
#1411=ORIENTED_EDGE('',*,*,#1026,.F.);
#1412=ORIENTED_EDGE('',*,*,#1023,.F.);
#1413=ORIENTED_EDGE('',*,*,#1010,.F.);
#1414=ORIENTED_EDGE('',*,*,#1013,.F.);
#1415=ORIENTED_EDGE('',*,*,#1015,.F.);
#1416=ORIENTED_EDGE('',*,*,#1006,.F.);
#1417=ORIENTED_EDGE('',*,*,#1002,.F.);
#1418=ORIENTED_EDGE('',*,*,#999,.F.);
#1419=ORIENTED_EDGE('',*,*,#997,.F.);
#1420=ORIENTED_EDGE('',*,*,#1018,.F.);
#1421=ORIENTED_EDGE('',*,*,#1020,.F.);
#1422=ORIENTED_EDGE('',*,*,#992,.F.);
#1423=ORIENTED_EDGE('',*,*,#989,.F.);
#1424=ORIENTED_EDGE('',*,*,#986,.F.);
#1425=ORIENTED_EDGE('',*,*,#984,.F.);
#1426=ORIENTED_EDGE('',*,*,#1041,.F.);
#1427=ORIENTED_EDGE('',*,*,#1043,.F.);
#1428=ORIENTED_EDGE('',*,*,#979,.F.);
#1429=ORIENTED_EDGE('',*,*,#975,.F.);
#1430=ORIENTED_EDGE('',*,*,#1046,.F.);
#1431=ORIENTED_EDGE('',*,*,#903,.F.);
#1432=ORIENTED_EDGE('',*,*,#1068,.F.);
#1433=ORIENTED_EDGE('',*,*,#935,.T.);
#1434=ORIENTED_EDGE('',*,*,#1069,.T.);
#1435=ORIENTED_EDGE('',*,*,#1069,.F.);
#1436=ORIENTED_EDGE('',*,*,#934,.T.);
#1437=ORIENTED_EDGE('',*,*,#1070,.T.);
#1438=ORIENTED_EDGE('',*,*,#904,.F.);
#1439=ORIENTED_EDGE('',*,*,#1068,.T.);
#1440=ORIENTED_EDGE('',*,*,#902,.F.);
#1441=ORIENTED_EDGE('',*,*,#1071,.F.);
#1442=ORIENTED_EDGE('',*,*,#1072,.F.);
#1443=ORIENTED_EDGE('',*,*,#1073,.T.);
#1444=ORIENTED_EDGE('',*,*,#1074,.F.);
#1445=ORIENTED_EDGE('',*,*,#1075,.F.);
#1446=ORIENTED_EDGE('',*,*,#936,.F.);
#1447=ORIENTED_EDGE('',*,*,#967,.T.);
#1448=ORIENTED_EDGE('',*,*,#897,.T.);
#1449=ORIENTED_EDGE('',*,*,#1076,.T.);
#1450=ORIENTED_EDGE('',*,*,#941,.T.);
#1451=ORIENTED_EDGE('',*,*,#1076,.F.);
#1452=ORIENTED_EDGE('',*,*,#896,.T.);
#1453=ORIENTED_EDGE('',*,*,#1077,.T.);
#1454=ORIENTED_EDGE('',*,*,#942,.T.);
#1455=ORIENTED_EDGE('',*,*,#899,.F.);
#1456=ORIENTED_EDGE('',*,*,#972,.F.);
#1457=ORIENTED_EDGE('',*,*,#1078,.F.);
#1458=ORIENTED_EDGE('',*,*,#1079,.T.);
#1459=ORIENTED_EDGE('',*,*,#937,.T.);
#1460=ORIENTED_EDGE('',*,*,#1075,.T.);
#1461=ORIENTED_EDGE('',*,*,#1080,.F.);
#1462=ORIENTED_EDGE('',*,*,#1081,.F.);
#1463=ORIENTED_EDGE('',*,*,#901,.F.);
#1464=ORIENTED_EDGE('',*,*,#1082,.F.);
#1465=ORIENTED_EDGE('',*,*,#1083,.F.);
#1466=ORIENTED_EDGE('',*,*,#1071,.T.);
#1467=ORIENTED_EDGE('',*,*,#1084,.T.);
#1468=ORIENTED_EDGE('',*,*,#1074,.T.);
#1469=ORIENTED_EDGE('',*,*,#1085,.T.);
#1470=ORIENTED_EDGE('',*,*,#1060,.T.);
#1471=ORIENTED_EDGE('',*,*,#1086,.T.);
#1472=ORIENTED_EDGE('',*,*,#1061,.T.);
#1473=ORIENTED_EDGE('',*,*,#1085,.F.);
#1474=ORIENTED_EDGE('',*,*,#1087,.T.);
#1475=ORIENTED_EDGE('',*,*,#1088,.T.);
#1476=ORIENTED_EDGE('',*,*,#1062,.T.);
#1477=ORIENTED_EDGE('',*,*,#1086,.F.);
#1478=ORIENTED_EDGE('',*,*,#1089,.T.);
#1479=ORIENTED_EDGE('',*,*,#1090,.T.);
#1480=ORIENTED_EDGE('',*,*,#1063,.T.);
#1481=ORIENTED_EDGE('',*,*,#1088,.F.);
#1482=ORIENTED_EDGE('',*,*,#1091,.T.);
#1483=ORIENTED_EDGE('',*,*,#1092,.T.);
#1484=ORIENTED_EDGE('',*,*,#1064,.T.);
#1485=ORIENTED_EDGE('',*,*,#1090,.F.);
#1486=ORIENTED_EDGE('',*,*,#969,.T.);
#1487=ORIENTED_EDGE('',*,*,#1093,.T.);
#1488=ORIENTED_EDGE('',*,*,#1065,.T.);
#1489=ORIENTED_EDGE('',*,*,#1092,.F.);
#1490=ORIENTED_EDGE('',*,*,#974,.T.);
#1491=ORIENTED_EDGE('',*,*,#1094,.T.);
#1492=ORIENTED_EDGE('',*,*,#1066,.T.);
#1493=ORIENTED_EDGE('',*,*,#1093,.F.);
#1494=ORIENTED_EDGE('',*,*,#1095,.T.);
#1495=ORIENTED_EDGE('',*,*,#1084,.F.);
#1496=ORIENTED_EDGE('',*,*,#1067,.T.);
#1497=ORIENTED_EDGE('',*,*,#1094,.F.);
#1498=ORIENTED_EDGE('',*,*,#1080,.T.);
#1499=ORIENTED_EDGE('',*,*,#1091,.F.);
#1500=ORIENTED_EDGE('',*,*,#1096,.F.);
#1501=ORIENTED_EDGE('',*,*,#1097,.F.);
#1502=ORIENTED_EDGE('',*,*,#970,.T.);
#1503=ORIENTED_EDGE('',*,*,#1089,.F.);
#1504=ORIENTED_EDGE('',*,*,#1098,.F.);
#1505=ORIENTED_EDGE('',*,*,#1099,.F.);
#1506=ORIENTED_EDGE('',*,*,#1096,.T.);
#1507=ORIENTED_EDGE('',*,*,#1087,.F.);
#1508=ORIENTED_EDGE('',*,*,#1073,.F.);
#1509=ORIENTED_EDGE('',*,*,#1100,.F.);
#1510=ORIENTED_EDGE('',*,*,#1098,.T.);
#1511=ORIENTED_EDGE('',*,*,#1101,.T.);
#1512=ORIENTED_EDGE('',*,*,#894,.T.);
#1513=ORIENTED_EDGE('',*,*,#1102,.F.);
#1514=ORIENTED_EDGE('',*,*,#932,.F.);
#1515=ORIENTED_EDGE('',*,*,#1077,.F.);
#1516=ORIENTED_EDGE('',*,*,#895,.T.);
#1517=ORIENTED_EDGE('',*,*,#1101,.F.);
#1518=ORIENTED_EDGE('',*,*,#931,.T.);
#1519=ORIENTED_EDGE('',*,*,#1070,.F.);
#1520=ORIENTED_EDGE('',*,*,#933,.F.);
#1521=ORIENTED_EDGE('',*,*,#1102,.T.);
#1522=ORIENTED_EDGE('',*,*,#893,.T.);
#1523=ORIENTED_EDGE('',*,*,#914,.T.);
#1524=ORIENTED_EDGE('',*,*,#1103,.F.);
#1525=ORIENTED_EDGE('',*,*,#1104,.T.);
#1526=ORIENTED_EDGE('',*,*,#1105,.T.);
#1527=ORIENTED_EDGE('',*,*,#907,.F.);
#1528=ORIENTED_EDGE('',*,*,#1105,.F.);
#1529=ORIENTED_EDGE('',*,*,#1106,.T.);
#1530=ORIENTED_EDGE('',*,*,#1107,.T.);
#1531=ORIENTED_EDGE('',*,*,#908,.T.);
#1532=ORIENTED_EDGE('',*,*,#1107,.F.);
#1533=ORIENTED_EDGE('',*,*,#1108,.T.);
#1534=ORIENTED_EDGE('',*,*,#1109,.T.);
#1535=ORIENTED_EDGE('',*,*,#913,.F.);
#1536=ORIENTED_EDGE('',*,*,#1110,.F.);
#1537=ORIENTED_EDGE('',*,*,#1111,.T.);
#1538=ORIENTED_EDGE('',*,*,#1103,.T.);
#1539=ORIENTED_EDGE('',*,*,#912,.T.);
#1540=ORIENTED_EDGE('',*,*,#1112,.F.);
#1541=ORIENTED_EDGE('',*,*,#1113,.T.);
#1542=ORIENTED_EDGE('',*,*,#1110,.T.);
#1543=ORIENTED_EDGE('',*,*,#909,.F.);
#1544=ORIENTED_EDGE('',*,*,#1109,.F.);
#1545=ORIENTED_EDGE('',*,*,#1114,.T.);
#1546=ORIENTED_EDGE('',*,*,#1115,.T.);
#1547=ORIENTED_EDGE('',*,*,#910,.T.);
#1548=ORIENTED_EDGE('',*,*,#1115,.F.);
#1549=ORIENTED_EDGE('',*,*,#1116,.T.);
#1550=ORIENTED_EDGE('',*,*,#1117,.T.);
#1551=ORIENTED_EDGE('',*,*,#911,.F.);
#1552=ORIENTED_EDGE('',*,*,#1117,.F.);
#1553=ORIENTED_EDGE('',*,*,#1118,.T.);
#1554=ORIENTED_EDGE('',*,*,#1112,.T.);
#1555=ORIENTED_EDGE('',*,*,#900,.T.);
#1556=ORIENTED_EDGE('',*,*,#1079,.F.);
#1557=ORIENTED_EDGE('',*,*,#1119,.F.);
#1558=ORIENTED_EDGE('',*,*,#1082,.T.);
#1559=ORIENTED_EDGE('',*,*,#995,.F.);
#1560=ORIENTED_EDGE('',*,*,#1048,.F.);
#1561=ORIENTED_EDGE('',*,*,#949,.T.);
#1562=ORIENTED_EDGE('',*,*,#1120,.T.);
#1563=ORIENTED_EDGE('',*,*,#1019,.F.);
#1564=ORIENTED_EDGE('',*,*,#1120,.F.);
#1565=ORIENTED_EDGE('',*,*,#948,.T.);
#1566=ORIENTED_EDGE('',*,*,#1121,.T.);
#1567=ORIENTED_EDGE('',*,*,#1021,.F.);
#1568=ORIENTED_EDGE('',*,*,#1121,.F.);
#1569=ORIENTED_EDGE('',*,*,#947,.T.);
#1570=ORIENTED_EDGE('',*,*,#1122,.T.);
#1571=ORIENTED_EDGE('',*,*,#994,.F.);
#1572=ORIENTED_EDGE('',*,*,#1122,.F.);
#1573=ORIENTED_EDGE('',*,*,#946,.T.);
#1574=ORIENTED_EDGE('',*,*,#1123,.T.);
#1575=ORIENTED_EDGE('',*,*,#991,.F.);
#1576=ORIENTED_EDGE('',*,*,#1123,.F.);
#1577=ORIENTED_EDGE('',*,*,#945,.T.);
#1578=ORIENTED_EDGE('',*,*,#1124,.T.);
#1579=ORIENTED_EDGE('',*,*,#988,.F.);
#1580=ORIENTED_EDGE('',*,*,#1124,.F.);
#1581=ORIENTED_EDGE('',*,*,#944,.T.);
#1582=ORIENTED_EDGE('',*,*,#1125,.T.);
#1583=ORIENTED_EDGE('',*,*,#1045,.F.);
#1584=ORIENTED_EDGE('',*,*,#1126,.F.);
#1585=ORIENTED_EDGE('',*,*,#962,.T.);
#1586=ORIENTED_EDGE('',*,*,#1059,.T.);
#1587=ORIENTED_EDGE('',*,*,#977,.F.);
#1588=ORIENTED_EDGE('',*,*,#1127,.F.);
#1589=ORIENTED_EDGE('',*,*,#963,.T.);
#1590=ORIENTED_EDGE('',*,*,#1126,.T.);
#1591=ORIENTED_EDGE('',*,*,#982,.F.);
#1592=ORIENTED_EDGE('',*,*,#1125,.F.);
#1593=ORIENTED_EDGE('',*,*,#943,.T.);
#1594=ORIENTED_EDGE('',*,*,#1128,.T.);
#1595=ORIENTED_EDGE('',*,*,#981,.F.);
#1596=ORIENTED_EDGE('',*,*,#1129,.F.);
#1597=ORIENTED_EDGE('',*,*,#964,.T.);
#1598=ORIENTED_EDGE('',*,*,#1127,.T.);
#1599=ORIENTED_EDGE('',*,*,#1042,.F.);
#1600=ORIENTED_EDGE('',*,*,#1128,.F.);
#1601=ORIENTED_EDGE('',*,*,#966,.T.);
#1602=ORIENTED_EDGE('',*,*,#1130,.T.);
#1603=ORIENTED_EDGE('',*,*,#1044,.F.);
#1604=ORIENTED_EDGE('',*,*,#1130,.F.);
#1605=ORIENTED_EDGE('',*,*,#965,.T.);
#1606=ORIENTED_EDGE('',*,*,#1129,.T.);
#1607=ORIENTED_EDGE('',*,*,#1131,.T.);
#1608=ORIENTED_EDGE('',*,*,#1132,.T.);
#1609=ORIENTED_EDGE('',*,*,#1133,.T.);
#1610=ORIENTED_EDGE('',*,*,#1083,.T.);
#1611=ORIENTED_EDGE('',*,*,#1134,.T.);
#1612=ORIENTED_EDGE('',*,*,#1072,.T.);
#1613=ORIENTED_EDGE('',*,*,#1133,.F.);
#1614=ORIENTED_EDGE('',*,*,#1135,.T.);
#1615=ORIENTED_EDGE('',*,*,#1136,.T.);
#1616=ORIENTED_EDGE('',*,*,#1100,.T.);
#1617=ORIENTED_EDGE('',*,*,#1134,.F.);
#1618=ORIENTED_EDGE('',*,*,#1137,.T.);
#1619=ORIENTED_EDGE('',*,*,#1138,.T.);
#1620=ORIENTED_EDGE('',*,*,#1099,.T.);
#1621=ORIENTED_EDGE('',*,*,#1136,.F.);
#1622=ORIENTED_EDGE('',*,*,#1139,.T.);
#1623=ORIENTED_EDGE('',*,*,#1140,.T.);
#1624=ORIENTED_EDGE('',*,*,#1097,.T.);
#1625=ORIENTED_EDGE('',*,*,#1138,.F.);
#1626=ORIENTED_EDGE('',*,*,#1141,.T.);
#1627=ORIENTED_EDGE('',*,*,#1142,.T.);
#1628=ORIENTED_EDGE('',*,*,#971,.T.);
#1629=ORIENTED_EDGE('',*,*,#1140,.F.);
#1630=ORIENTED_EDGE('',*,*,#1143,.T.);
#1631=ORIENTED_EDGE('',*,*,#1144,.T.);
#1632=ORIENTED_EDGE('',*,*,#1078,.T.);
#1633=ORIENTED_EDGE('',*,*,#1142,.F.);
#1634=ORIENTED_EDGE('',*,*,#1145,.T.);
#1635=ORIENTED_EDGE('',*,*,#1131,.F.);
#1636=ORIENTED_EDGE('',*,*,#1119,.T.);
#1637=ORIENTED_EDGE('',*,*,#1144,.F.);
#1638=ORIENTED_EDGE('',*,*,#1146,.T.);
#1639=ORIENTED_EDGE('',*,*,#1095,.F.);
#1640=ORIENTED_EDGE('',*,*,#973,.F.);
#1641=ORIENTED_EDGE('',*,*,#938,.T.);
#1642=ORIENTED_EDGE('',*,*,#1081,.T.);
#1643=ORIENTED_EDGE('',*,*,#1132,.F.);
#1644=ORIENTED_EDGE('',*,*,#1146,.F.);
#1645=ORIENTED_EDGE('',*,*,#1145,.F.);
#1646=ORIENTED_EDGE('',*,*,#1143,.F.);
#1647=ORIENTED_EDGE('',*,*,#1141,.F.);
#1648=ORIENTED_EDGE('',*,*,#1139,.F.);
#1649=ORIENTED_EDGE('',*,*,#1137,.F.);
#1650=ORIENTED_EDGE('',*,*,#1135,.F.);
#1651=ORIENTED_EDGE('',*,*,#921,.F.);
#1652=ORIENTED_EDGE('',*,*,#917,.F.);
#1653=ORIENTED_EDGE('',*,*,#1104,.F.);
#1654=ORIENTED_EDGE('',*,*,#1111,.F.);
#1655=ORIENTED_EDGE('',*,*,#1113,.F.);
#1656=ORIENTED_EDGE('',*,*,#1118,.F.);
#1657=ORIENTED_EDGE('',*,*,#1116,.F.);
#1658=ORIENTED_EDGE('',*,*,#1114,.F.);
#1659=ORIENTED_EDGE('',*,*,#1108,.F.);
#1660=ORIENTED_EDGE('',*,*,#1106,.F.);
#1661=ORIENTED_EDGE('',*,*,#930,.F.);
#1662=ORIENTED_EDGE('',*,*,#926,.F.);
#1663=CONICAL_SURFACE('',#1771,2.95,0.785398163397447);
#1664=CONICAL_SURFACE('',#1791,2.95,0.785398163397448);
#1665=CONICAL_SURFACE('',#1795,2.95,0.785398163397447);
#1666=CONICAL_SURFACE('',#1800,2.95,0.785398163397448);
#1667=ADVANCED_FACE('',(#141),#1663,.F.);
#1668=ADVANCED_FACE('',(#142,#101,#102,#103,#104,#105),#113,.T.);
#1669=ADVANCED_FACE('',(#143),#51,.F.);
#1670=ADVANCED_FACE('',(#144),#1664,.F.);
#1671=ADVANCED_FACE('',(#145),#52,.F.);
#1672=ADVANCED_FACE('',(#146),#1665,.F.);
#1673=ADVANCED_FACE('',(#147),#53,.F.);
#1674=ADVANCED_FACE('',(#148),#1666,.F.);
#1675=ADVANCED_FACE('',(#149),#54,.F.);
#1676=ADVANCED_FACE('',(#150,#106),#114,.T.);
#1677=ADVANCED_FACE('',(#151),#115,.T.);
#1678=ADVANCED_FACE('',(#152),#55,.T.);
#1679=ADVANCED_FACE('',(#153),#56,.T.);
#1680=ADVANCED_FACE('',(#154),#15,.T.);
#1681=ADVANCED_FACE('',(#155),#57,.T.);
#1682=ADVANCED_FACE('',(#156),#16,.T.);
#1683=ADVANCED_FACE('',(#157),#58,.T.);
#1684=ADVANCED_FACE('',(#158),#17,.T.);
#1685=ADVANCED_FACE('',(#159),#59,.T.);
#1686=ADVANCED_FACE('',(#160),#18,.T.);
#1687=ADVANCED_FACE('',(#161),#60,.T.);
#1688=ADVANCED_FACE('',(#162),#19,.T.);
#1689=ADVANCED_FACE('',(#163),#61,.T.);
#1690=ADVANCED_FACE('',(#164),#20,.T.);
#1691=ADVANCED_FACE('',(#165),#62,.T.);
#1692=ADVANCED_FACE('',(#166),#21,.T.);
#1693=ADVANCED_FACE('',(#167),#63,.T.);
#1694=ADVANCED_FACE('',(#168),#22,.T.);
#1695=ADVANCED_FACE('',(#169),#64,.T.);
#1696=ADVANCED_FACE('',(#170),#23,.T.);
#1697=ADVANCED_FACE('',(#171),#65,.T.);
#1698=ADVANCED_FACE('',(#172),#24,.T.);
#1699=ADVANCED_FACE('',(#173),#66,.T.);
#1700=ADVANCED_FACE('',(#174),#25,.T.);
#1701=ADVANCED_FACE('',(#175),#67,.T.);
#1702=ADVANCED_FACE('',(#176),#26,.T.);
#1703=ADVANCED_FACE('',(#177),#68,.F.);
#1704=ADVANCED_FACE('',(#178),#116,.T.);
#1705=ADVANCED_FACE('',(#179),#69,.F.);
#1706=ADVANCED_FACE('',(#180),#117,.T.);
#1707=ADVANCED_FACE('',(#181),#70,.F.);
#1708=ADVANCED_FACE('',(#182),#118,.T.);
#1709=ADVANCED_FACE('',(#183),#71,.F.);
#1710=ADVANCED_FACE('',(#184),#119,.T.);
#1711=ADVANCED_FACE('',(#185),#72,.F.);
#1712=ADVANCED_FACE('',(#186),#120,.T.);
#1713=ADVANCED_FACE('',(#187),#73,.F.);
#1714=ADVANCED_FACE('',(#188),#121,.T.);
#1715=ADVANCED_FACE('',(#189,#107),#122,.T.);
#1716=ADVANCED_FACE('',(#190),#74,.T.);
#1717=ADVANCED_FACE('',(#191),#75,.T.);
#1718=ADVANCED_FACE('',(#192),#123,.T.);
#1719=ADVANCED_FACE('',(#193),#76,.T.);
#1720=ADVANCED_FACE('',(#194),#77,.T.);
#1721=ADVANCED_FACE('',(#195),#78,.T.);
#1722=ADVANCED_FACE('',(#196),#79,.T.);
#1723=ADVANCED_FACE('',(#197),#80,.T.);
#1724=ADVANCED_FACE('',(#198),#81,.T.);
#1725=ADVANCED_FACE('',(#199),#27,.T.);
#1726=ADVANCED_FACE('',(#200),#82,.T.);
#1727=ADVANCED_FACE('',(#201),#28,.T.);
#1728=ADVANCED_FACE('',(#202),#83,.T.);
#1729=ADVANCED_FACE('',(#203),#29,.T.);
#1730=ADVANCED_FACE('',(#204),#84,.T.);
#1731=ADVANCED_FACE('',(#205),#30,.T.);
#1732=ADVANCED_FACE('',(#206),#85,.T.);
#1733=ADVANCED_FACE('',(#207),#124,.T.);
#1734=ADVANCED_FACE('',(#208),#86,.T.);
#1735=ADVANCED_FACE('',(#209),#125,.F.);
#1736=ADVANCED_FACE('',(#210),#126,.F.);
#1737=ADVANCED_FACE('',(#211),#127,.F.);
#1738=ADVANCED_FACE('',(#212),#128,.T.);
#1739=ADVANCED_FACE('',(#213),#87,.F.);
#1740=ADVANCED_FACE('',(#214),#129,.T.);
#1741=ADVANCED_FACE('',(#215),#88,.F.);
#1742=ADVANCED_FACE('',(#216),#130,.T.);
#1743=ADVANCED_FACE('',(#217),#89,.F.);
#1744=ADVANCED_FACE('',(#218),#131,.T.);
#1745=ADVANCED_FACE('',(#219),#90,.F.);
#1746=ADVANCED_FACE('',(#220),#132,.T.);
#1747=ADVANCED_FACE('',(#221),#133,.T.);
#1748=ADVANCED_FACE('',(#222),#91,.F.);
#1749=ADVANCED_FACE('',(#223),#134,.T.);
#1750=ADVANCED_FACE('',(#224),#92,.F.);
#1751=ADVANCED_FACE('',(#225),#135,.T.);
#1752=ADVANCED_FACE('',(#226),#93,.F.);
#1753=ADVANCED_FACE('',(#227),#94,.F.);
#1754=ADVANCED_FACE('',(#228),#136,.T.);
#1755=ADVANCED_FACE('',(#229),#137,.T.);
#1756=ADVANCED_FACE('',(#230),#95,.F.);
#1757=ADVANCED_FACE('',(#231),#96,.F.);
#1758=ADVANCED_FACE('',(#232),#138,.T.);
#1759=ADVANCED_FACE('',(#233),#31,.T.);
#1760=ADVANCED_FACE('',(#234),#97,.T.);
#1761=ADVANCED_FACE('',(#235),#32,.T.);
#1762=ADVANCED_FACE('',(#236),#98,.T.);
#1763=ADVANCED_FACE('',(#237),#33,.T.);
#1764=ADVANCED_FACE('',(#238),#99,.T.);
#1765=ADVANCED_FACE('',(#239),#34,.T.);
#1766=ADVANCED_FACE('',(#240),#100,.T.);
#1767=ADVANCED_FACE('',(#241),#139,.T.);
#1768=ADVANCED_FACE('',(#242,#108,#109,#110,#111,#112),#140,.F.);
#1769=CLOSED_SHELL('',(#1667,#1668,#1669,#1670,#1671,#1672,#1673,#1674,
#1675,#1676,#1677,#1678,#1679,#1680,#1681,#1682,#1683,#1684,#1685,#1686,
#1687,#1688,#1689,#1690,#1691,#1692,#1693,#1694,#1695,#1696,#1697,#1698,
#1699,#1700,#1701,#1702,#1703,#1704,#1705,#1706,#1707,#1708,#1709,#1710,
#1711,#1712,#1713,#1714,#1715,#1716,#1717,#1718,#1719,#1720,#1721,#1722,
#1723,#1724,#1725,#1726,#1727,#1728,#1729,#1730,#1731,#1732,#1733,#1734,
#1735,#1736,#1737,#1738,#1739,#1740,#1741,#1742,#1743,#1744,#1745,#1746,
#1747,#1748,#1749,#1750,#1751,#1752,#1753,#1754,#1755,#1756,#1757,#1758,
#1759,#1760,#1761,#1762,#1763,#1764,#1765,#1766,#1767,#1768));
#1770=AXIS2_PLACEMENT_3D('',#2541,#1983,#1984);
#1771=AXIS2_PLACEMENT_3D('',#2542,#1985,#1986);
#1772=AXIS2_PLACEMENT_3D('',#2544,#1987,#1988);
#1773=AXIS2_PLACEMENT_3D('',#2548,#1990,#1991);
#1774=AXIS2_PLACEMENT_3D('',#2549,#1992,#1993);
#1775=AXIS2_PLACEMENT_3D('',#2550,#1994,#1995);
#1776=AXIS2_PLACEMENT_3D('',#2559,#1999,#2000);
#1777=AXIS2_PLACEMENT_3D('',#2561,#2001,#2002);
#1778=AXIS2_PLACEMENT_3D('',#2565,#2004,#2005);
#1779=AXIS2_PLACEMENT_3D('',#2569,#2007,#2008);
#1780=AXIS2_PLACEMENT_3D('',#2573,#2010,#2011);
#1781=AXIS2_PLACEMENT_3D('',#2574,#2012,#2013);
#1782=AXIS2_PLACEMENT_3D('',#2576,#2014,#2015);
#1783=AXIS2_PLACEMENT_3D('',#2578,#2016,#2017);
#1784=AXIS2_PLACEMENT_3D('',#2581,#2018,#2019);
#1785=AXIS2_PLACEMENT_3D('',#2585,#2021,#2022);
#1786=AXIS2_PLACEMENT_3D('',#2589,#2024,#2025);
#1787=AXIS2_PLACEMENT_3D('',#2593,#2027,#2028);
#1788=AXIS2_PLACEMENT_3D('',#2596,#2030,#2031);
#1789=AXIS2_PLACEMENT_3D('',#2597,#2032,#2033);
#1790=AXIS2_PLACEMENT_3D('',#2600,#2035,#2036);
#1791=AXIS2_PLACEMENT_3D('',#2601,#2037,#2038);
#1792=AXIS2_PLACEMENT_3D('',#2604,#2040,#2041);
#1793=AXIS2_PLACEMENT_3D('',#2605,#2042,#2043);
#1794=AXIS2_PLACEMENT_3D('',#2608,#2045,#2046);
#1795=AXIS2_PLACEMENT_3D('',#2609,#2047,#2048);
#1796=AXIS2_PLACEMENT_3D('',#2613,#2050,#2051);
#1797=AXIS2_PLACEMENT_3D('',#2614,#2052,#2053);
#1798=AXIS2_PLACEMENT_3D('',#2615,#2054,#2055);
#1799=AXIS2_PLACEMENT_3D('',#2618,#2057,#2058);
#1800=AXIS2_PLACEMENT_3D('',#2619,#2059,#2060);
#1801=AXIS2_PLACEMENT_3D('',#2622,#2062,#2063);
#1802=AXIS2_PLACEMENT_3D('',#2623,#2064,#2065);
#1803=AXIS2_PLACEMENT_3D('',#2626,#2067,#2068);
#1804=AXIS2_PLACEMENT_3D('',#2627,#2069,#2070);
#1805=AXIS2_PLACEMENT_3D('',#2636,#2074,#2075);
#1806=AXIS2_PLACEMENT_3D('',#2638,#2076,#2077);
#1807=AXIS2_PLACEMENT_3D('',#2642,#2079,#2080);
#1808=AXIS2_PLACEMENT_3D('',#2646,#2082,#2083);
#1809=AXIS2_PLACEMENT_3D('',#2650,#2085,#2086);
#1810=AXIS2_PLACEMENT_3D('',#2651,#2087,#2088);
#1811=AXIS2_PLACEMENT_3D('',#2656,#2090,#2091);
#1812=AXIS2_PLACEMENT_3D('',#2660,#2093,#2094);
#1813=AXIS2_PLACEMENT_3D('',#2664,#2096,#2097);
#1814=AXIS2_PLACEMENT_3D('',#2668,#2099,#2100);
#1815=AXIS2_PLACEMENT_3D('',#2672,#2102,#2103);
#1816=AXIS2_PLACEMENT_3D('',#2676,#2105,#2106);
#1817=AXIS2_PLACEMENT_3D('',#2680,#2108,#2109);
#1818=AXIS2_PLACEMENT_3D('',#2684,#2111,#2112);
#1819=AXIS2_PLACEMENT_3D('',#2688,#2114,#2115);
#1820=AXIS2_PLACEMENT_3D('',#2692,#2117,#2118);
#1821=AXIS2_PLACEMENT_3D('',#2696,#2120,#2121);
#1822=AXIS2_PLACEMENT_3D('',#2699,#2123,#2124);
#1823=AXIS2_PLACEMENT_3D('',#2700,#2125,#2126);
#1824=AXIS2_PLACEMENT_3D('',#2711,#2133,#2134);
#1825=AXIS2_PLACEMENT_3D('',#2714,#2136,#2137);
#1826=AXIS2_PLACEMENT_3D('',#2715,#2138,#2139);
#1827=AXIS2_PLACEMENT_3D('',#2750,#2142,#2143);
#1828=AXIS2_PLACEMENT_3D('',#2752,#2144,#2145);
#1829=AXIS2_PLACEMENT_3D('',#2768,#2146,#2147);
#1830=AXIS2_PLACEMENT_3D('',#2769,#2148,#2149);
#1831=AXIS2_PLACEMENT_3D('',#2774,#2151,#2152);
#1832=AXIS2_PLACEMENT_3D('',#2791,#2154,#2155);
#1833=AXIS2_PLACEMENT_3D('',#2793,#2156,#2157);
#1834=AXIS2_PLACEMENT_3D('',#2811,#2158,#2159);
#1835=AXIS2_PLACEMENT_3D('',#2812,#2160,#2161);
#1836=AXIS2_PLACEMENT_3D('',#2829,#2164,#2165);
#1837=AXIS2_PLACEMENT_3D('',#2831,#2166,#2167);
#1838=AXIS2_PLACEMENT_3D('',#2847,#2168,#2169);
#1839=AXIS2_PLACEMENT_3D('',#2848,#2170,#2171);
#1840=AXIS2_PLACEMENT_3D('',#2853,#2173,#2174);
#1841=AXIS2_PLACEMENT_3D('',#2870,#2176,#2177);
#1842=AXIS2_PLACEMENT_3D('',#2872,#2178,#2179);
#1843=AXIS2_PLACEMENT_3D('',#2886,#2180,#2181);
#1844=AXIS2_PLACEMENT_3D('',#2887,#2182,#2183);
#1845=AXIS2_PLACEMENT_3D('',#2904,#2186,#2187);
#1846=AXIS2_PLACEMENT_3D('',#2906,#2188,#2189);
#1847=AXIS2_PLACEMENT_3D('',#2908,#2190,#2191);
#1848=AXIS2_PLACEMENT_3D('',#2923,#2192,#2193);
#1849=AXIS2_PLACEMENT_3D('',#2928,#2195,#2196);
#1850=AXIS2_PLACEMENT_3D('',#2945,#2198,#2199);
#1851=AXIS2_PLACEMENT_3D('',#2948,#2200,#2201);
#1852=AXIS2_PLACEMENT_3D('',#2949,#2202,#2203);
#1853=AXIS2_PLACEMENT_3D('',#2950,#2204,#2205);
#1854=AXIS2_PLACEMENT_3D('',#2951,#2206,#2207);
#1855=AXIS2_PLACEMENT_3D('',#2954,#2210,#2211);
#1856=AXIS2_PLACEMENT_3D('',#2957,#2212,#2213);
#1857=AXIS2_PLACEMENT_3D('',#2958,#2214,#2215);
#1858=AXIS2_PLACEMENT_3D('',#2959,#2216,#2217);
#1859=AXIS2_PLACEMENT_3D('',#2960,#2218,#2219);
#1860=AXIS2_PLACEMENT_3D('',#2963,#2222,#2223);
#1861=AXIS2_PLACEMENT_3D('',#2965,#2224,#2225);
#1862=AXIS2_PLACEMENT_3D('',#2967,#2226,#2227);
#1863=AXIS2_PLACEMENT_3D('',#2984,#2228,#2229);
#1864=AXIS2_PLACEMENT_3D('',#3001,#2232,#2233);
#1865=AXIS2_PLACEMENT_3D('',#3003,#2234,#2235);
#1866=AXIS2_PLACEMENT_3D('',#3005,#2236,#2237);
#1867=AXIS2_PLACEMENT_3D('',#3020,#2238,#2239);
#1868=AXIS2_PLACEMENT_3D('',#3025,#2241,#2242);
#1869=AXIS2_PLACEMENT_3D('',#3042,#2244,#2245);
#1870=AXIS2_PLACEMENT_3D('',#3045,#2246,#2247);
#1871=AXIS2_PLACEMENT_3D('',#3046,#2248,#2249);
#1872=AXIS2_PLACEMENT_3D('',#3047,#2250,#2251);
#1873=AXIS2_PLACEMENT_3D('',#3048,#2252,#2253);
#1874=AXIS2_PLACEMENT_3D('',#3051,#2256,#2257);
#1875=AXIS2_PLACEMENT_3D('',#3054,#2258,#2259);
#1876=AXIS2_PLACEMENT_3D('',#3055,#2260,#2261);
#1877=AXIS2_PLACEMENT_3D('',#3056,#2262,#2263);
#1878=AXIS2_PLACEMENT_3D('',#3057,#2264,#2265);
#1879=AXIS2_PLACEMENT_3D('',#3060,#2268,#2269);
#1880=AXIS2_PLACEMENT_3D('',#3061,#2270,#2271);
#1881=AXIS2_PLACEMENT_3D('',#3062,#2272,#2273);
#1882=AXIS2_PLACEMENT_3D('',#3063,#2274,#2275);
#1883=AXIS2_PLACEMENT_3D('',#3066,#2278,#2279);
#1884=AXIS2_PLACEMENT_3D('',#3068,#2281,#2282);
#1885=AXIS2_PLACEMENT_3D('',#3070,#2284,#2285);
#1886=AXIS2_PLACEMENT_3D('',#3072,#2287,#2288);
#1887=AXIS2_PLACEMENT_3D('',#3074,#2290,#2291);
#1888=AXIS2_PLACEMENT_3D('',#3076,#2293,#2294);
#1889=AXIS2_PLACEMENT_3D('',#3078,#2296,#2297);
#1890=AXIS2_PLACEMENT_3D('',#3080,#2299,#2300);
#1891=AXIS2_PLACEMENT_3D('',#3082,#2302,#2303);
#1892=AXIS2_PLACEMENT_3D('',#3084,#2305,#2306);
#1893=AXIS2_PLACEMENT_3D('',#3086,#2308,#2309);
#1894=AXIS2_PLACEMENT_3D('',#3088,#2311,#2312);
#1895=AXIS2_PLACEMENT_3D('',#3093,#2314,#2315);
#1896=AXIS2_PLACEMENT_3D('',#3097,#2317,#2318);
#1897=AXIS2_PLACEMENT_3D('',#3101,#2320,#2321);
#1898=AXIS2_PLACEMENT_3D('',#3104,#2323,#2324);
#1899=AXIS2_PLACEMENT_3D('',#3105,#2325,#2326);
#1900=AXIS2_PLACEMENT_3D('',#3108,#2329,#2330);
#1901=AXIS2_PLACEMENT_3D('',#3110,#2332,#2333);
#1902=AXIS2_PLACEMENT_3D('',#3120,#2339,#2340);
#1903=AXIS2_PLACEMENT_3D('',#3122,#2342,#2343);
#1904=AXIS2_PLACEMENT_3D('',#3124,#2345,#2346);
#1905=AXIS2_PLACEMENT_3D('',#3126,#2347,#2348);
#1906=AXIS2_PLACEMENT_3D('',#3128,#2350,#2351);
#1907=AXIS2_PLACEMENT_3D('',#3130,#2352,#2353);
#1908=AXIS2_PLACEMENT_3D('',#3132,#2355,#2356);
#1909=AXIS2_PLACEMENT_3D('',#3135,#2358,#2359);
#1910=AXIS2_PLACEMENT_3D('',#3136,#2360,#2361);
#1911=AXIS2_PLACEMENT_3D('',#3137,#2362,#2363);
#1912=AXIS2_PLACEMENT_3D('',#3138,#2364,#2365);
#1913=AXIS2_PLACEMENT_3D('',#3139,#2366,#2367);
#1914=AXIS2_PLACEMENT_3D('',#3141,#2368,#2369);
#1915=AXIS2_PLACEMENT_3D('',#3142,#2370,#2371);
#1916=AXIS2_PLACEMENT_3D('',#3143,#2372,#2373);
#1917=AXIS2_PLACEMENT_3D('',#3145,#2374,#2375);
#1918=AXIS2_PLACEMENT_3D('',#3147,#2377,#2378);
#1919=AXIS2_PLACEMENT_3D('',#3148,#2379,#2380);
#1920=AXIS2_PLACEMENT_3D('',#3149,#2381,#2382);
#1921=AXIS2_PLACEMENT_3D('',#3150,#2383,#2384);
#1922=AXIS2_PLACEMENT_3D('',#3151,#2385,#2386);
#1923=AXIS2_PLACEMENT_3D('',#3152,#2387,#2388);
#1924=AXIS2_PLACEMENT_3D('',#3153,#2389,#2390);
#1925=AXIS2_PLACEMENT_3D('',#3154,#2391,#2392);
#1926=AXIS2_PLACEMENT_3D('',#3155,#2393,#2394);
#1927=AXIS2_PLACEMENT_3D('',#3157,#2396,#2397);
#1928=AXIS2_PLACEMENT_3D('',#3158,#2398,#2399);
#1929=AXIS2_PLACEMENT_3D('',#3161,#2401,#2402);
#1930=AXIS2_PLACEMENT_3D('',#3162,#2403,#2404);
#1931=AXIS2_PLACEMENT_3D('',#3166,#2407,#2408);
#1932=AXIS2_PLACEMENT_3D('',#3167,#2409,#2410);
#1933=AXIS2_PLACEMENT_3D('',#3168,#2411,#2412);
#1934=AXIS2_PLACEMENT_3D('',#3171,#2415,#2416);
#1935=AXIS2_PLACEMENT_3D('',#3172,#2417,#2418);
#1936=AXIS2_PLACEMENT_3D('',#3173,#2419,#2420);
#1937=AXIS2_PLACEMENT_3D('',#3179,#2424,#2425);
#1938=AXIS2_PLACEMENT_3D('',#3181,#2426,#2427);
#1939=AXIS2_PLACEMENT_3D('',#3183,#2429,#2430);
#1940=AXIS2_PLACEMENT_3D('',#3187,#2433,#2434);
#1941=AXIS2_PLACEMENT_3D('',#3190,#2436,#2437);
#1942=AXIS2_PLACEMENT_3D('',#3191,#2438,#2439);
#1943=AXIS2_PLACEMENT_3D('',#3195,#2442,#2443);
#1944=AXIS2_PLACEMENT_3D('',#3197,#2444,#2445);
#1945=AXIS2_PLACEMENT_3D('',#3199,#2447,#2448);
#1946=AXIS2_PLACEMENT_3D('',#3203,#2451,#2452);
#1947=AXIS2_PLACEMENT_3D('',#3204,#2453,#2454);
#1948=AXIS2_PLACEMENT_3D('',#3205,#2455,#2456);
#1949=AXIS2_PLACEMENT_3D('',#3207,#2458,#2459);
#1950=AXIS2_PLACEMENT_3D('',#3209,#2461,#2462);
#1951=AXIS2_PLACEMENT_3D('',#3211,#2464,#2465);
#1952=AXIS2_PLACEMENT_3D('',#3213,#2467,#2468);
#1953=AXIS2_PLACEMENT_3D('',#3215,#2470,#2471);
#1954=AXIS2_PLACEMENT_3D('',#3217,#2473,#2474);
#1955=AXIS2_PLACEMENT_3D('',#3219,#2476,#2477);
#1956=AXIS2_PLACEMENT_3D('',#3221,#2479,#2480);
#1957=AXIS2_PLACEMENT_3D('',#3223,#2482,#2483);
#1958=AXIS2_PLACEMENT_3D('',#3225,#2485,#2486);
#1959=AXIS2_PLACEMENT_3D('',#3227,#2488,#2489);
#1960=AXIS2_PLACEMENT_3D('',#3229,#2491,#2492);
#1961=AXIS2_PLACEMENT_3D('',#3230,#2493,#2494);
#1962=AXIS2_PLACEMENT_3D('',#3232,#2495,#2496);
#1963=AXIS2_PLACEMENT_3D('',#3234,#2497,#2498);
#1964=AXIS2_PLACEMENT_3D('',#3235,#2499,#2500);
#1965=AXIS2_PLACEMENT_3D('',#3236,#2501,#2502);
#1966=AXIS2_PLACEMENT_3D('',#3238,#2503,#2504);
#1967=AXIS2_PLACEMENT_3D('',#3240,#2506,#2507);
#1968=AXIS2_PLACEMENT_3D('',#3242,#2508,#2509);
#1969=AXIS2_PLACEMENT_3D('',#3243,#2510,#2511);
#1970=AXIS2_PLACEMENT_3D('',#3244,#2512,#2513);
#1971=AXIS2_PLACEMENT_3D('',#3246,#2514,#2515);
#1972=AXIS2_PLACEMENT_3D('',#3248,#2517,#2518);
#1973=AXIS2_PLACEMENT_3D('',#3250,#2519,#2520);
#1974=AXIS2_PLACEMENT_3D('',#3251,#2521,#2522);
#1975=AXIS2_PLACEMENT_3D('',#3252,#2523,#2524);
#1976=AXIS2_PLACEMENT_3D('',#3254,#2525,#2526);
#1977=AXIS2_PLACEMENT_3D('',#3256,#2528,#2529);
#1978=AXIS2_PLACEMENT_3D('',#3258,#2530,#2531);
#1979=AXIS2_PLACEMENT_3D('',#3259,#2532,#2533);
#1980=AXIS2_PLACEMENT_3D('',#3260,#2534,#2535);
#1981=AXIS2_PLACEMENT_3D('',#3262,#2537,#2538);
#1982=AXIS2_PLACEMENT_3D('',#3263,#2539,#2540);
#1983=DIRECTION('axis',(0.,0.,1.));
#1984=DIRECTION('refdir',(1.,0.,0.));
#1985=DIRECTION('center_axis',(-1.,0.,0.));
#1986=DIRECTION('ref_axis',(-9.95799250102959E-17,-2.22044604925031E-16,
1.));
#1987=DIRECTION('center_axis',(-1.,-2.22044604925031E-16,-9.9579925010296E-17));
#1988=DIRECTION('ref_axis',(-9.95799250102959E-17,-2.22044604925031E-16,
1.));
#1989=DIRECTION('',(0.707106781186548,-7.04136402448281E-17,0.707106781186547));
#1990=DIRECTION('center_axis',(1.,2.22044604925031E-16,9.9579925010296E-17));
#1991=DIRECTION('ref_axis',(-9.95799250102959E-17,-2.22044604925031E-16,
1.));
#1992=DIRECTION('center_axis',(1.,2.22044604925031E-16,9.9579925010296E-17));
#1993=DIRECTION('ref_axis',(-9.95799250102959E-17,-2.22044604925031E-16,
1.));
#1994=DIRECTION('center_axis',(-1.,-2.22044604925031E-16,-9.9579925010296E-17));
#1995=DIRECTION('ref_axis',(9.95799250102959E-17,2.22044604925031E-16,-1.));
#1996=DIRECTION('',(-9.9579925010296E-17,-1.8239378261699E-16,1.));
#1997=DIRECTION('',(-2.22044604925031E-16,1.,1.66533453693773E-16));
#1998=DIRECTION('',(9.95799250102959E-17,1.66533453693773E-16,-1.));
#1999=DIRECTION('center_axis',(1.,2.22044604925031E-16,9.9579925010296E-17));
#2000=DIRECTION('ref_axis',(-6.93889390390723E-17,-0.249999994040908,0.968245838090485));
#2001=DIRECTION('center_axis',(1.,2.22044604925031E-16,9.9579925010296E-17));
#2002=DIRECTION('ref_axis',(0.,-0.499999994040904,0.866025407224925));
#2003=DIRECTION('',(-9.95799250102959E-17,-3.43712881596281E-16,1.));
#2004=DIRECTION('center_axis',(-1.,-2.22044604925031E-16,-9.9579925010296E-17));
#2005=DIRECTION('ref_axis',(2.22044604925032E-16,-1.,-3.63811545619056E-15));
#2006=DIRECTION('',(2.22044604925031E-16,-1.,-2.22044604925031E-16));
#2007=DIRECTION('center_axis',(-1.,-2.22044604925031E-16,-9.9579925010296E-17));
#2008=DIRECTION('ref_axis',(-9.95799250102962E-17,8.02776650454625E-16,
1.));
#2009=DIRECTION('',(9.95799250102958E-17,6.1159654311843E-16,-1.));
#2010=DIRECTION('center_axis',(1.,2.22044604925031E-16,9.9579925010296E-17));
#2011=DIRECTION('ref_axis',(-5.55111518931292E-16,0.499999994038387,0.866025407226378));
#2012=DIRECTION('center_axis',(1.,2.22044604925031E-16,9.9579925010296E-17));
#2013=DIRECTION('ref_axis',(-6.93889390390724E-17,0.249999994038395,0.968245838091134));
#2014=DIRECTION('center_axis',(-1.,-2.22044604925031E-16,-9.9579925010296E-17));
#2015=DIRECTION('ref_axis',(9.95799250102959E-17,2.22044604925031E-16,-1.));
#2016=DIRECTION('center_axis',(-1.,-2.22044604925031E-16,-9.9579925010296E-17));
#2017=DIRECTION('ref_axis',(9.95799250102959E-17,2.22044604925031E-16,-1.));
#2018=DIRECTION('center_axis',(1.,2.22044604925032E-16,9.95799250102983E-17));
#2019=DIRECTION('ref_axis',(-1.96493519978706E-16,0.495345718657246,0.868695930120509));
#2020=DIRECTION('',(-2.22044604925032E-16,1.,1.62226540946599E-15));
#2021=DIRECTION('center_axis',(1.,2.22044604925001E-16,9.9579925010326E-17));
#2022=DIRECTION('ref_axis',(1.43562771741793E-16,-0.868695972109821,0.495345645019893));
#2023=DIRECTION('',(-2.22044604925031E-16,1.78018482086677E-16,1.));
#2024=DIRECTION('center_axis',(1.,2.22044604925033E-16,9.95799250102978E-17));
#2025=DIRECTION('ref_axis',(1.96493519734348E-16,-0.495345717178638,-0.868695930963637));
#2026=DIRECTION('',(2.22044604925031E-16,-1.,-3.22060376677956E-16));
#2027=DIRECTION('center_axis',(1.,2.22044604925119E-16,9.95799250102222E-17));
#2028=DIRECTION('ref_axis',(-1.43562755085648E-16,0.86869593012052,-0.495345718657227));
#2029=DIRECTION('',(2.22044604925032E-16,-8.65626912888014E-16,-1.));
#2030=DIRECTION('center_axis',(-1.,-2.22044604925031E-16,-9.9579925010296E-17));
#2031=DIRECTION('ref_axis',(-9.9579925010296E-17,-2.22044604925031E-16,
1.));
#2032=DIRECTION('center_axis',(-1.,-2.22044604925031E-16,-9.9579925010296E-17));
#2033=DIRECTION('ref_axis',(9.95799250102959E-17,2.22044604925031E-16,-1.));
#2034=DIRECTION('',(1.,2.22044604925031E-16,9.9579925010296E-17));
#2035=DIRECTION('center_axis',(1.,2.22044604925031E-16,9.9579925010296E-17));
#2036=DIRECTION('ref_axis',(9.95799250102959E-17,2.22044604925031E-16,-1.));
#2037=DIRECTION('center_axis',(-1.,0.,0.));
#2038=DIRECTION('ref_axis',(9.95799250102959E-17,2.22044604925031E-16,-1.));
#2039=DIRECTION('',(0.707106781186548,7.04136402448281E-17,-0.707106781186547));
#2040=DIRECTION('center_axis',(1.,2.22044604925031E-16,9.9579925010296E-17));
#2041=DIRECTION('ref_axis',(9.95799250102959E-17,2.22044604925031E-16,-1.));
#2042=DIRECTION('center_axis',(-1.,-2.22044604925031E-16,-9.9579925010296E-17));
#2043=DIRECTION('ref_axis',(9.95799250102959E-17,2.22044604925031E-16,-1.));
#2044=DIRECTION('',(1.,2.22044604925031E-16,9.9579925010296E-17));
#2045=DIRECTION('center_axis',(1.,2.22044604925031E-16,9.9579925010296E-17));
#2046=DIRECTION('ref_axis',(9.95799250102959E-17,2.22044604925031E-16,-1.));
#2047=DIRECTION('center_axis',(-1.,0.,-1.38777878078145E-16));
#2048=DIRECTION('ref_axis',(-9.95799250102959E-17,-2.22044604925031E-16,
1.));
#2049=DIRECTION('',(0.707106781186548,-7.04136402448281E-17,0.707106781186547));
#2050=DIRECTION('center_axis',(1.,2.22044604925031E-16,9.9579925010296E-17));
#2051=DIRECTION('ref_axis',(-9.95799250102959E-17,-2.22044604925031E-16,
1.));
#2052=DIRECTION('center_axis',(1.,2.22044604925031E-16,9.9579925010296E-17));
#2053=DIRECTION('ref_axis',(-9.95799250102959E-17,-2.22044604925031E-16,
1.));
#2054=DIRECTION('center_axis',(-1.,-2.22044604925031E-16,-9.9579925010296E-17));
#2055=DIRECTION('ref_axis',(9.95799250102959E-17,2.22044604925031E-16,-1.));
#2056=DIRECTION('',(1.,2.22044604925031E-16,9.9579925010296E-17));
#2057=DIRECTION('center_axis',(1.,2.22044604925031E-16,9.9579925010296E-17));
#2058=DIRECTION('ref_axis',(9.95799250102959E-17,2.22044604925031E-16,-1.));
#2059=DIRECTION('center_axis',(-1.,0.,0.));
#2060=DIRECTION('ref_axis',(9.95799250102959E-17,2.22044604925031E-16,-1.));
#2061=DIRECTION('',(0.707106781186548,7.04136402448281E-17,-0.707106781186547));
#2062=DIRECTION('center_axis',(1.,2.22044604925031E-16,9.9579925010296E-17));
#2063=DIRECTION('ref_axis',(9.95799250102959E-17,2.22044604925031E-16,-1.));
#2064=DIRECTION('center_axis',(-1.,-2.22044604925031E-16,-9.9579925010296E-17));
#2065=DIRECTION('ref_axis',(9.95799250102959E-17,2.22044604925031E-16,-1.));
#2066=DIRECTION('',(1.,2.22044604925031E-16,9.9579925010296E-17));
#2067=DIRECTION('center_axis',(1.,2.22044604925031E-16,9.9579925010296E-17));
#2068=DIRECTION('ref_axis',(9.95799250102959E-17,2.22044604925031E-16,-1.));
#2069=DIRECTION('center_axis',(1.,2.22044604925031E-16,2.22044604925031E-16));
#2070=DIRECTION('ref_axis',(-2.22044604925031E-16,-1.66533453693773E-16,
1.));
#2071=DIRECTION('',(-2.22044604925031E-16,-1.66533453693773E-16,1.));
#2072=DIRECTION('',(-2.22044604925031E-16,1.,1.66533453693773E-16));
#2073=DIRECTION('',(-2.22044604925031E-16,-1.66533453693773E-16,1.));
#2074=DIRECTION('center_axis',(-1.,-2.22044604925031E-16,-2.22044604925031E-16));
#2075=DIRECTION('ref_axis',(-1.38777878078145E-16,0.249999994038395,0.968245838091134));
#2076=DIRECTION('center_axis',(-1.,-2.22044604925031E-16,-2.22044604925031E-16));
#2077=DIRECTION('ref_axis',(-2.77555759465646E-16,0.499999994038387,0.866025407226378));
#2078=DIRECTION('',(-2.22044604925031E-16,-6.1159654311843E-16,1.));
#2079=DIRECTION('center_axis',(-1.,-2.22044604925031E-16,-2.22044604925031E-16));
#2080=DIRECTION('ref_axis',(-9.95799250102962E-17,8.02776650454625E-16,
1.));
#2081=DIRECTION('',(-2.22044604925031E-16,1.,2.22044604925031E-16));
#2082=DIRECTION('center_axis',(-1.,-2.22044604925031E-16,-2.22044604925031E-16));
#2083=DIRECTION('ref_axis',(2.22044604925032E-16,-1.,-3.63811545619056E-15));
#2084=DIRECTION('',(-2.22044604925031E-16,-3.43712881596281E-16,1.));
#2085=DIRECTION('center_axis',(1.,2.22044604925031E-16,2.22044604925031E-16));
#2086=DIRECTION('ref_axis',(0.,-0.499999994040904,0.866025407224925));
#2087=DIRECTION('center_axis',(1.,2.22044604925031E-16,2.22044604925031E-16));
#2088=DIRECTION('ref_axis',(-6.93889390390723E-17,-0.249999994040908,0.968245838090485));
#2089=DIRECTION('',(2.22044604925031E-16,3.43712881596281E-16,-1.));
#2090=DIRECTION('center_axis',(1.,2.22044604925031E-16,2.22044604925031E-16));
#2091=DIRECTION('ref_axis',(1.96493519734345E-16,-0.495345717178638,-0.868695930963637));
#2092=DIRECTION('',(2.22044604925031E-16,-1.78018482086677E-16,-1.));
#2093=DIRECTION('center_axis',(1.,2.22044604925031E-16,2.22044604925031E-16));
#2094=DIRECTION('ref_axis',(1.43562771741834E-16,-0.868695972109821,0.495345645019893));
#2095=DIRECTION('',(2.22044604925031E-16,3.43712881596281E-16,-1.));
#2096=DIRECTION('center_axis',(1.,2.22044604925031E-16,2.22044604925031E-16));
#2097=DIRECTION('ref_axis',(2.22044604925039E-16,-1.,-3.57491822399648E-14));
#2098=DIRECTION('',(2.22044604925031E-16,-1.,-2.22044604925031E-16));
#2099=DIRECTION('center_axis',(1.,2.22044604925031E-16,2.22044604925031E-16));
#2100=DIRECTION('ref_axis',(1.43562771741834E-16,-0.868695972109821,0.495345645019893));
#2101=DIRECTION('',(2.22044604925032E-16,-1.,-1.62226540946599E-15));
#2102=DIRECTION('center_axis',(1.,2.22044604925031E-16,2.22044604925031E-16));
#2103=DIRECTION('ref_axis',(-1.96493519978704E-16,0.495345718657246,0.868695930120509));
#2104=DIRECTION('',(2.22044604925031E-16,-1.,-2.22044604925031E-16));
#2105=DIRECTION('center_axis',(1.,2.22044604925031E-16,2.22044604925031E-16));
#2106=DIRECTION('ref_axis',(-2.22044604925034E-16,1.31006320082141E-14,
1.));
#2107=DIRECTION('',(-2.22044604925031E-16,-1.91627535757219E-16,1.));
#2108=DIRECTION('center_axis',(1.,2.22044604925031E-16,2.22044604925031E-16));
#2109=DIRECTION('ref_axis',(-1.96493519978704E-16,0.495345718657246,0.868695930120509));
#2110=DIRECTION('',(-2.22044604925032E-16,8.65626912888014E-16,1.));
#2111=DIRECTION('center_axis',(1.,2.22044604925031E-16,2.22044604925031E-16));
#2112=DIRECTION('ref_axis',(-1.43562755085536E-16,0.86869593012052,-0.495345718657227));
#2113=DIRECTION('',(-2.22044604925031E-16,-1.91627535757219E-16,1.));
#2114=DIRECTION('center_axis',(1.,2.22044604925031E-16,2.22044604925031E-16));
#2115=DIRECTION('ref_axis',(-2.22044604925031E-16,1.,2.22044604925031E-16));
#2116=DIRECTION('',(-2.22044604925031E-16,1.,1.61210466589407E-16));
#2117=DIRECTION('center_axis',(1.,2.22044604925031E-16,2.22044604925031E-16));
#2118=DIRECTION('ref_axis',(-1.43562755085536E-16,0.86869593012052,-0.495345718657227));
#2119=DIRECTION('',(-2.22044604925031E-16,1.,3.22060376677956E-16));
#2120=DIRECTION('center_axis',(1.,2.22044604925031E-16,2.22044604925031E-16));
#2121=DIRECTION('ref_axis',(1.96493519734345E-16,-0.495345717178638,-0.868695930963637));
#2122=DIRECTION('',(-2.22044604925031E-16,1.,1.61210466589407E-16));
#2123=DIRECTION('center_axis',(1.,2.22044604925031E-16,2.22044604925031E-16));
#2124=DIRECTION('ref_axis',(2.22044604925039E-16,-3.53050930301132E-14,
-1.));
#2125=DIRECTION('center_axis',(2.22044604925031E-16,-1.,-3.43712881596281E-16));
#2126=DIRECTION('ref_axis',(-9.95799250102959E-17,-3.43712881596281E-16,
1.));
#2127=DIRECTION('',(1.,0.,1.85037170770859E-16));
#2128=DIRECTION('',(-1.,-2.22044604925031E-16,-9.9579925010296E-17));
#2129=DIRECTION('',(-2.22044604925031E-16,-3.43712881596281E-16,1.));
#2130=DIRECTION('',(-1.,-2.22044604925031E-16,-9.9579925010296E-17));
#2131=DIRECTION('',(9.95799250102959E-17,3.43712881596281E-16,-1.));
#2132=DIRECTION('',(-1.,-2.22044604925031E-16,-9.9579925010296E-17));
#2133=DIRECTION('center_axis',(-1.,-2.22044604925031E-16,-9.9579925010296E-17));
#2134=DIRECTION('ref_axis',(2.22044604925032E-16,-1.,-3.63811545619056E-15));
#2135=DIRECTION('',(-1.,-2.22044604925031E-16,-9.9579925010296E-17));
#2136=DIRECTION('center_axis',(-1.,-2.22044604925031E-16,-2.22044604925031E-16));
#2137=DIRECTION('ref_axis',(0.,-0.707106781186548,0.707106781186547));
#2138=DIRECTION('center_axis',(-2.22044604925031E-16,1.,3.22060376677956E-16));
#2139=DIRECTION('ref_axis',(-0.707106781186547,0.,0.707106781186547));
#2140=DIRECTION('',(2.22044604925031E-16,-1.,-3.22060376677956E-16));
#2141=DIRECTION('',(-2.22044604925031E-16,1.,3.22060376677956E-16));
#2142=DIRECTION('center_axis',(1.,2.22044604925031E-16,2.22044604925031E-16));
#2143=DIRECTION('ref_axis',(2.22884509630146E-16,0.,-1.));
#2144=DIRECTION('center_axis',(-1.,-2.22044604925031E-16,-2.22044604925031E-16));
#2145=DIRECTION('ref_axis',(3.06000529963911E-16,-0.530283460276151,-0.847820412444494));
#2146=DIRECTION('center_axis',(1.,2.22044604925031E-16,2.22044604925031E-16));
#2147=DIRECTION('ref_axis',(3.03447103708855E-16,-0.530283460276151,-0.847820412444494));
#2148=DIRECTION('center_axis',(2.22044604925031E-16,3.43712881596281E-16,
-1.));
#2149=DIRECTION('ref_axis',(-0.707106781186546,0.707106781186549,0.));
#2150=DIRECTION('',(2.22044604925031E-16,3.43712881596281E-16,-1.));
#2151=DIRECTION('center_axis',(0.,1.11022302462516E-15,1.));
#2152=DIRECTION('ref_axis',(0.,1.,-1.11022302462516E-15));
#2153=DIRECTION('',(-2.22044604925031E-16,-3.43712881596281E-16,1.));
#2154=DIRECTION('center_axis',(1.,2.22044604925031E-16,2.22044604925031E-16));
#2155=DIRECTION('ref_axis',(2.22884509630146E-16,0.,-1.));
#2156=DIRECTION('center_axis',(-1.,-2.22044604925031E-16,-2.22044604925031E-16));
#2157=DIRECTION('ref_axis',(3.06000530268091E-16,-0.847820410156769,-0.530283463933779));
#2158=DIRECTION('center_axis',(1.,2.22044604925031E-16,2.22044604925031E-16));
#2159=DIRECTION('ref_axis',(3.03447103708855E-16,-0.847820410156769,-0.530283463933779));
#2160=DIRECTION('center_axis',(2.22044604925031E-16,-1.78018482086677E-16,
-1.));
#2161=DIRECTION('ref_axis',(-0.707106781186546,0.707106781186549,0.));
#2162=DIRECTION('',(-2.22044604925031E-16,1.78018482086677E-16,1.));
#2163=DIRECTION('',(2.22044604925031E-16,-1.78018482086677E-16,-1.));
#2164=DIRECTION('center_axis',(1.,2.22044604925031E-16,2.22044604925031E-16));
#2165=DIRECTION('ref_axis',(2.2288453979554E-16,0.,-1.));
#2166=DIRECTION('center_axis',(-1.,-2.22044604925031E-16,-2.22044604925031E-16));
#2167=DIRECTION('ref_axis',(7.05073892681459E-17,-0.847820450872348,0.53028339883746));
#2168=DIRECTION('center_axis',(1.,2.22044604925031E-16,2.22044604925031E-16));
#2169=DIRECTION('ref_axis',(6.81207882202651E-17,-0.847820450872348,0.53028339883746));
#2170=DIRECTION('center_axis',(2.22044604925031E-16,-1.,-2.22044604925031E-16));
#2171=DIRECTION('ref_axis',(-0.707106781186546,0.,-0.707106781186549));
#2172=DIRECTION('',(2.22044604925031E-16,-1.,-2.22044604925031E-16));
#2173=DIRECTION('center_axis',(0.,1.,0.));
#2174=DIRECTION('ref_axis',(1.48029736616687E-15,0.,-1.));
#2175=DIRECTION('',(-2.22044604925031E-16,1.,2.22044604925031E-16));
#2176=DIRECTION('center_axis',(1.,2.22044604925031E-16,2.22044604925031E-16));
#2177=DIRECTION('ref_axis',(2.2288453979554E-16,0.,-1.));
#2178=DIRECTION('center_axis',(-1.,-2.22044604925031E-16,-2.22044604925031E-16));
#2179=DIRECTION('ref_axis',(-7.05073594505334E-17,-0.530283481451634,0.847820399199934));
#2180=DIRECTION('center_axis',(1.,2.22044604925031E-16,2.22044604925031E-16));
#2181=DIRECTION('ref_axis',(-6.81207882202651E-17,-0.530283481451634,0.847820399199934));
#2182=DIRECTION('center_axis',(2.22044604925032E-16,-1.,-1.62226540946599E-15));
#2183=DIRECTION('ref_axis',(-0.707106781186546,0.,-0.707106781186549));
#2184=DIRECTION('',(-2.22044604925032E-16,1.,1.62226540946599E-15));
#2185=DIRECTION('',(2.22044604925032E-16,-1.,-1.62226540946599E-15));
#2186=DIRECTION('center_axis',(1.,2.22044604925031E-16,2.22044604925031E-16));
#2187=DIRECTION('ref_axis',(2.22884509870549E-16,0.,-1.));
#2188=DIRECTION('center_axis',(1.,2.22044604925031E-16,2.22044604925031E-16));
#2189=DIRECTION('ref_axis',(-3.03447104058061E-16,0.530283461668316,0.847820411573741));
#2190=DIRECTION('center_axis',(-1.,-2.22044604925031E-16,-2.22044604925031E-16));
#2191=DIRECTION('ref_axis',(-3.06000530079688E-16,0.530283461668316,0.847820411573741));
#2192=DIRECTION('center_axis',(-2.22044604925031E-16,-1.91627535757219E-16,
1.));
#2193=DIRECTION('ref_axis',(-0.707106781186548,-0.707106781186547,0.));
#2194=DIRECTION('',(-2.22044604925031E-16,-1.91627535757219E-16,1.));
#2195=DIRECTION('center_axis',(0.,0.,-1.));
#2196=DIRECTION('ref_axis',(-1.48029736616688E-15,-1.,0.));
#2197=DIRECTION('',(2.22044604925031E-16,1.91627535757219E-16,-1.));
#2198=DIRECTION('center_axis',(1.,2.22044604925031E-16,2.22044604925031E-16));
#2199=DIRECTION('ref_axis',(0.,0.,-1.));
#2200=DIRECTION('center_axis',(0.,1.,-1.77635683940025E-14));
#2201=DIRECTION('ref_axis',(0.,-1.77635683940025E-14,-1.));
#2202=DIRECTION('center_axis',(-1.,-2.22044604925031E-16,-2.22044604925031E-16));
#2203=DIRECTION('ref_axis',(-3.14018491736755E-16,0.707106781186556,0.707106781186539));
#2204=DIRECTION('center_axis',(1.,2.22044604925031E-16,2.22044604925031E-16));
#2205=DIRECTION('ref_axis',(0.,0.707106781186556,0.707106781186539));
#2206=DIRECTION('center_axis',(2.22044604925031E-16,-1.,-2.22044604925031E-16));
#2207=DIRECTION('ref_axis',(-0.707106781186546,0.,-0.707106781186549));
#2208=DIRECTION('',(-2.22044604925031E-16,1.,2.22044604925031E-16));
#2209=DIRECTION('',(2.22044604925031E-16,-1.,-2.22044604925031E-16));
#2210=DIRECTION('center_axis',(1.,2.22044604925031E-16,2.22044604925031E-16));
#2211=DIRECTION('ref_axis',(0.,0.,-1.));
#2212=DIRECTION('center_axis',(0.,-3.55271367880049E-14,1.));
#2213=DIRECTION('ref_axis',(0.,1.,3.55271367880049E-14));
#2214=DIRECTION('center_axis',(-1.,-2.22044604925031E-16,-2.22044604925031E-16));
#2215=DIRECTION('ref_axis',(7.58046030629132E-30,-0.707106781186565,0.70710678118653));
#2216=DIRECTION('center_axis',(1.,2.22044604925031E-16,2.22044604925031E-16));
#2217=DIRECTION('ref_axis',(0.,-0.707106781186565,0.70710678118653));
#2218=DIRECTION('center_axis',(2.22044604925031E-16,3.43712881596281E-16,
-1.));
#2219=DIRECTION('ref_axis',(-0.707106781186546,0.707106781186549,0.));
#2220=DIRECTION('',(-2.22044604925031E-16,-3.43712881596281E-16,1.));
#2221=DIRECTION('',(2.22044604925031E-16,3.43712881596281E-16,-1.));
#2222=DIRECTION('center_axis',(1.,2.22044604925031E-16,2.22044604925031E-16));
#2223=DIRECTION('ref_axis',(2.22884509870549E-16,0.,-1.));
#2224=DIRECTION('center_axis',(1.,2.22044604925031E-16,2.22044604925031E-16));
#2225=DIRECTION('ref_axis',(-3.03447104058061E-16,0.847820411573732,0.530283461668331));
#2226=DIRECTION('center_axis',(-1.,-2.22044604925031E-16,-2.22044604925031E-16));
#2227=DIRECTION('ref_axis',(-3.06000530079689E-16,0.847820411573732,0.530283461668331));
#2228=DIRECTION('center_axis',(-2.22044604925032E-16,8.65626912888014E-16,
1.));
#2229=DIRECTION('ref_axis',(-0.707106781186551,-0.707106781186544,0.));
#2230=DIRECTION('',(-2.22044604925032E-16,8.65626912888014E-16,1.));
#2231=DIRECTION('',(2.22044604925032E-16,-8.65626912888014E-16,-1.));
#2232=DIRECTION('center_axis',(1.,2.22044604925031E-16,2.22044604925031E-16));
#2233=DIRECTION('ref_axis',(2.22884509870553E-16,0.,-1.));
#2234=DIRECTION('center_axis',(1.,2.22044604925031E-16,2.22044604925031E-16));
#2235=DIRECTION('ref_axis',(-6.8120778462015E-17,0.847820411573743,-0.530283461668314));
#2236=DIRECTION('center_axis',(-1.,-2.22044604925031E-16,-2.22044604925031E-16));
#2237=DIRECTION('ref_axis',(-7.05073665908504E-17,0.847820411573742,-0.530283461668314));
#2238=DIRECTION('center_axis',(-2.22044604925031E-16,1.,1.61210466589407E-16));
#2239=DIRECTION('ref_axis',(-0.707106781186547,0.,0.707106781186548));
#2240=DIRECTION('',(-2.22044604925031E-16,1.,1.61210466589407E-16));
#2241=DIRECTION('center_axis',(0.,-1.,0.));
#2242=DIRECTION('ref_axis',(0.,0.,1.));
#2243=DIRECTION('',(2.22044604925031E-16,-1.,-1.61210466589407E-16));
#2244=DIRECTION('center_axis',(1.,2.22044604925031E-16,2.22044604925031E-16));
#2245=DIRECTION('ref_axis',(0.,0.,-1.));
#2246=DIRECTION('center_axis',(2.31296463463574E-16,-5.55111512312579E-16,
-1.));
#2247=DIRECTION('ref_axis',(0.,-1.,5.55111512312579E-16));
#2248=DIRECTION('center_axis',(-1.,-2.22044604925031E-16,-2.22044604925031E-16));
#2249=DIRECTION('ref_axis',(2.58844986068481E-30,0.707106781186542,-0.707106781186553));
#2250=DIRECTION('center_axis',(1.,2.22044604925031E-16,2.22044604925031E-16));
#2251=DIRECTION('ref_axis',(0.,0.707106781186542,-0.707106781186553));
#2252=DIRECTION('center_axis',(-2.22044604925031E-16,-1.91627535757219E-16,
1.));
#2253=DIRECTION('ref_axis',(-0.707106781186548,-0.707106781186547,0.));
#2254=DIRECTION('',(2.22044604925031E-16,1.91627535757219E-16,-1.));
#2255=DIRECTION('',(-2.22044604925031E-16,-1.91627535757219E-16,1.));
#2256=DIRECTION('center_axis',(1.,2.22044604925031E-16,2.22044604925031E-16));
#2257=DIRECTION('ref_axis',(0.,0.,-1.));
#2258=DIRECTION('center_axis',(-1.31476817536835E-29,-1.,3.5527136788005E-14));
#2259=DIRECTION('ref_axis',(0.,3.5527136788005E-14,1.));
#2260=DIRECTION('center_axis',(-1.,-2.22044604925031E-16,-2.22044604925031E-16));
#2261=DIRECTION('ref_axis',(3.14018491736755E-16,-0.707106781186559,-0.707106781186536));
#2262=DIRECTION('center_axis',(1.,2.22044604925031E-16,2.22044604925031E-16));
#2263=DIRECTION('ref_axis',(0.,-0.707106781186559,-0.707106781186536));
#2264=DIRECTION('center_axis',(-2.22044604925031E-16,1.,1.61210466589407E-16));
#2265=DIRECTION('ref_axis',(-0.707106781186548,0.,0.707106781186547));
#2266=DIRECTION('',(2.22044604925031E-16,-1.,-1.61210466589407E-16));
#2267=DIRECTION('',(-2.22044604925031E-16,1.,1.61210466589407E-16));
#2268=DIRECTION('center_axis',(1.,2.22044604925031E-16,2.22044604925031E-16));
#2269=DIRECTION('ref_axis',(2.22884509870553E-16,0.,-1.));
#2270=DIRECTION('center_axis',(1.,2.22044604925031E-16,2.22044604925031E-16));
#2271=DIRECTION('ref_axis',(6.8120778462015E-17,0.530283461668298,-0.847820411573752));
#2272=DIRECTION('center_axis',(-1.,-2.22044604925031E-16,-2.22044604925031E-16));
#2273=DIRECTION('ref_axis',(7.05073665908561E-17,0.530283461668298,-0.847820411573752));
#2274=DIRECTION('center_axis',(-1.,-2.22044604925031E-16,-9.9579925010296E-17));
#2275=DIRECTION('ref_axis',(1.43562771741834E-16,-0.868695972109821,0.495345645019893));
#2276=DIRECTION('',(-1.,-2.22044604925031E-16,-9.9579925010296E-17));
#2277=DIRECTION('',(-1.,-2.22044604925031E-16,-2.22044604925031E-16));
#2278=DIRECTION('center_axis',(9.95799250102956E-17,1.62226540946599E-15,
-1.));
#2279=DIRECTION('ref_axis',(2.22044604925034E-16,-1.,-1.62226540946599E-15));
#2280=DIRECTION('',(-1.,-2.22044604925031E-16,-9.9579925010296E-17));
#2281=DIRECTION('center_axis',(-1.,-2.22044604925031E-16,-9.9579925010296E-17));
#2282=DIRECTION('ref_axis',(-1.96493519978704E-16,0.495345718657246,0.868695930120509));
#2283=DIRECTION('',(-1.,-2.22044604925031E-16,-2.22044604925031E-16));
#2284=DIRECTION('center_axis',(2.22044604925031E-16,2.22044604925031E-16,
-1.));
#2285=DIRECTION('ref_axis',(2.22044604925031E-16,-1.,-2.22044604925031E-16));
#2286=DIRECTION('',(-1.,-2.22044604925031E-16,-2.22044604925031E-16));
#2287=DIRECTION('center_axis',(-1.,-2.22044604925031E-16,-2.22044604925031E-16));
#2288=DIRECTION('ref_axis',(-2.22044604925034E-16,1.31006320082141E-14,
1.));
#2289=DIRECTION('',(-1.,-2.22044604925031E-16,-2.22044604925031E-16));
#2290=DIRECTION('center_axis',(2.22044604925031E-16,-1.,-1.91627535757219E-16));
#2291=DIRECTION('ref_axis',(-2.22044604925031E-16,-1.91627535757219E-16,
1.));
#2292=DIRECTION('',(-1.,-2.22044604925031E-16,-2.22044604925031E-16));
#2293=DIRECTION('center_axis',(-1.,-2.22044604925031E-16,-9.9579925010296E-17));
#2294=DIRECTION('ref_axis',(-1.96493519978704E-16,0.495345718657246,0.868695930120509));
#2295=DIRECTION('',(-1.,-2.22044604925031E-16,-9.9579925010296E-17));
#2296=DIRECTION('center_axis',(2.22044604925031E-16,-1.,8.65626912888014E-16));
#2297=DIRECTION('ref_axis',(-9.95799250102957E-17,8.65626912888014E-16,
1.));
#2298=DIRECTION('',(-1.,-2.22044604925031E-16,-9.9579925010296E-17));
#2299=DIRECTION('center_axis',(-1.,-2.22044604925031E-16,-9.9579925010296E-17));
#2300=DIRECTION('ref_axis',(-1.43562755085536E-16,0.86869593012052,-0.495345718657227));
#2301=DIRECTION('',(-1.,-2.22044604925031E-16,-2.22044604925031E-16));
#2302=DIRECTION('center_axis',(2.22044604925031E-16,-1.,-1.91627535757219E-16));
#2303=DIRECTION('ref_axis',(-2.22044604925031E-16,-1.91627535757219E-16,
1.));
#2304=DIRECTION('',(-1.,-2.22044604925031E-16,-2.22044604925031E-16));
#2305=DIRECTION('center_axis',(-1.,-2.22044604925031E-16,-2.22044604925031E-16));
#2306=DIRECTION('ref_axis',(-2.22044604925031E-16,1.,2.22044604925031E-16));
#2307=DIRECTION('',(-1.,-2.22044604925031E-16,-2.22044604925031E-16));
#2308=DIRECTION('center_axis',(-2.22044604925031E-16,-1.61210466589407E-16,
1.));
#2309=DIRECTION('ref_axis',(-2.22044604925031E-16,1.,1.61210466589407E-16));
#2310=DIRECTION('',(-1.,-2.22044604925031E-16,-2.22044604925031E-16));
#2311=DIRECTION('center_axis',(-1.,-2.22044604925031E-16,-2.22044604925031E-16));
#2312=DIRECTION('ref_axis',(2.22044604925031E-16,2.22044604925031E-16,-1.));
#2313=DIRECTION('',(-2.22044604925031E-16,-6.1159654311843E-16,1.));
#2314=DIRECTION('center_axis',(1.,2.22044604925031E-16,2.22044604925031E-16));
#2315=DIRECTION('ref_axis',(1.91737026082481E-31,0.707106781186547,-0.707106781186548));
#2316=DIRECTION('',(-2.22044604925031E-16,1.,2.22044604925031E-16));
#2317=DIRECTION('center_axis',(1.,2.22044604925031E-16,2.22044604925031E-16));
#2318=DIRECTION('ref_axis',(3.14018491736755E-16,-0.707106781186548,-0.707106781186547));
#2319=DIRECTION('',(2.22044604925031E-16,3.43712881596281E-16,-1.));
#2320=DIRECTION('center_axis',(1.,2.22044604925031E-16,2.22044604925031E-16));
#2321=DIRECTION('ref_axis',(1.36955018630344E-31,-0.707106781186548,0.707106781186547));
#2322=DIRECTION('',(2.22044604925031E-16,-1.,-2.22044604925031E-16));
#2323=DIRECTION('center_axis',(1.,2.22044604925031E-16,2.22044604925031E-16));
#2324=DIRECTION('ref_axis',(-3.14018491736755E-16,0.707106781186547,0.707106781186547));
#2325=DIRECTION('center_axis',(-1.,-2.22044604925031E-16,-2.27777441511936E-16));
#2326=DIRECTION('ref_axis',(-5.55111518931292E-16,0.499999994038387,0.866025407226378));
#2327=DIRECTION('',(1.,0.,1.85037170770859E-16));
#2328=DIRECTION('',(1.,2.22044604925031E-16,9.9579925010296E-17));
#2329=DIRECTION('center_axis',(1.,-1.81627591953441E-32,9.9579925010296E-17));
#2330=DIRECTION('ref_axis',(-6.93889390390724E-17,0.249999994038395,0.968245838091134));
#2331=DIRECTION('',(1.,-1.81627591953441E-32,9.9579925010296E-17));
#2332=DIRECTION('center_axis',(-2.22044604925031E-16,1.,6.1159654311843E-16));
#2333=DIRECTION('ref_axis',(9.95799250102959E-17,6.1159654311843E-16,-1.));
#2334=DIRECTION('',(-1.,-2.22044604925031E-16,-9.9579925010296E-17));
#2335=DIRECTION('',(-9.95799250102958E-17,-6.1159654311843E-16,1.));
#2336=DIRECTION('',(-1.,-2.22044604925031E-16,-9.9579925010296E-17));
#2337=DIRECTION('',(2.22044604925031E-16,6.1159654311843E-16,-1.));
#2338=DIRECTION('',(-1.,-2.22044604925031E-16,-9.9579925010296E-17));
#2339=DIRECTION('center_axis',(-1.,-2.22044604925031E-16,2.86175914896235E-17));
#2340=DIRECTION('ref_axis',(0.,-0.499999994040904,0.866025407224925));
#2341=DIRECTION('',(-1.,1.65833888305316E-32,-9.95799250102959E-17));
#2342=DIRECTION('center_axis',(-1.,1.65833888305316E-32,-9.9579925010296E-17));
#2343=DIRECTION('ref_axis',(-6.93889390390723E-17,-0.249999994040908,0.968245838090485));
#2344=DIRECTION('',(-1.,1.65833888305316E-32,-9.9579925010296E-17));
#2345=DIRECTION('center_axis',(-1.,-2.22044604925031E-16,-9.9579925010296E-17));
#2346=DIRECTION('ref_axis',(2.22044604925032E-16,-1.,-3.63811545619056E-15));
#2347=DIRECTION('center_axis',(1.,2.22044604925031E-16,9.9579925010296E-17));
#2348=DIRECTION('ref_axis',(8.5401771281638E-17,-0.707106781186547,0.707106781186548));
#2349=DIRECTION('',(-1.,-2.22044604925031E-16,-9.9579925010296E-17));
#2350=DIRECTION('center_axis',(-1.,-2.22044604925031E-16,-9.9579925010296E-17));
#2351=DIRECTION('ref_axis',(-9.95799250102962E-17,8.02776650454625E-16,
1.));
#2352=DIRECTION('center_axis',(-1.,-2.22044604925031E-16,-2.22044604925031E-16));
#2353=DIRECTION('ref_axis',(-3.41607085126551E-16,0.707106781186547,0.707106781186547));
#2354=DIRECTION('',(-1.,-2.22044604925031E-16,-9.9579925010296E-17));
#2355=DIRECTION('center_axis',(-1.,-2.22044604925031E-16,-9.9579925010296E-17));
#2356=DIRECTION('ref_axis',(-9.95799250102962E-17,8.02776650454625E-16,
1.));
#2357=DIRECTION('',(-1.,-2.22044604925031E-16,-9.9579925010296E-17));
#2358=DIRECTION('center_axis',(1.,2.22044604925031E-16,9.9579925010296E-17));
#2359=DIRECTION('ref_axis',(-2.28616720455117E-16,0.707106781186548,0.707106781186547));
#2360=DIRECTION('center_axis',(2.22044604925031E-16,6.1159654311843E-16,
-1.));
#2361=DIRECTION('ref_axis',(-0.707106781186548,0.707106781186547,0.));
#2362=DIRECTION('center_axis',(0.,0.,-1.));
#2363=DIRECTION('ref_axis',(-1.,0.,0.));
#2364=DIRECTION('center_axis',(0.,4.8572257327351E-16,1.));
#2365=DIRECTION('ref_axis',(1.11022302462517E-15,1.,-4.8572257327351E-16));
#2366=DIRECTION('center_axis',(-1.,-2.22044604925031E-16,-2.22044604925031E-16));
#2367=DIRECTION('ref_axis',(-2.73285668101242E-16,0.,1.));
#2368=DIRECTION('center_axis',(0.,1.,0.));
#2369=DIRECTION('ref_axis',(1.11022302462516E-15,0.,-1.));
#2370=DIRECTION('center_axis',(-1.,-2.22044604925031E-16,-2.22044604925031E-16));
#2371=DIRECTION('ref_axis',(0.,0.707106781186547,-0.707106781186548));
#2372=DIRECTION('center_axis',(2.22044604925031E-16,-1.,-2.22044604925031E-16));
#2373=DIRECTION('ref_axis',(-0.707106781186548,0.,-0.707106781186548));
#2374=DIRECTION('center_axis',(0.,1.,0.));
#2375=DIRECTION('ref_axis',(1.11022302462515E-15,0.,-1.));
#2376=DIRECTION('',(2.22044604925031E-16,-1.,-2.22044604925031E-16));
#2377=DIRECTION('center_axis',(-1.,-2.22044604925031E-16,-2.22044604925031E-16));
#2378=DIRECTION('ref_axis',(-2.73285668101242E-16,0.,1.));
#2379=DIRECTION('center_axis',(2.77555756156289E-16,6.93889390390728E-17,
-1.));
#2380=DIRECTION('ref_axis',(1.11022302462516E-15,-1.,-6.93889390390725E-17));
#2381=DIRECTION('center_axis',(-1.,-2.22044604925031E-16,-2.22044604925031E-16));
#2382=DIRECTION('ref_axis',(3.41607085126552E-16,-0.707106781186548,-0.707106781186547));
#2383=DIRECTION('center_axis',(-2.22044604925031E-16,-3.43712881596281E-16,
1.));
#2384=DIRECTION('ref_axis',(-0.707106781186548,-0.707106781186547,0.));
#2385=DIRECTION('center_axis',(0.,0.,-1.));
#2386=DIRECTION('ref_axis',(0.,-1.,0.));
#2387=DIRECTION('center_axis',(-1.,-2.22044604925031E-16,-2.22044604925031E-16));
#2388=DIRECTION('ref_axis',(-2.73285668101242E-16,0.,1.));
#2389=DIRECTION('center_axis',(0.,-1.,6.66133814775096E-15));
#2390=DIRECTION('ref_axis',(-1.11022302462516E-15,6.66133814775096E-15,
1.));
#2391=DIRECTION('center_axis',(-2.22044604925031E-16,1.,2.22044604925031E-16));
#2392=DIRECTION('ref_axis',(-0.707106781186548,0.,0.707106781186547));
#2393=DIRECTION('center_axis',(0.,-1.,2.2204460492503E-15));
#2394=DIRECTION('ref_axis',(0.,2.2204460492503E-15,1.));
#2395=DIRECTION('',(-2.22044604925031E-16,1.,2.22044604925031E-16));
#2396=DIRECTION('center_axis',(-1.,-2.22044604925031E-16,-2.22044604925031E-16));
#2397=DIRECTION('ref_axis',(-2.73285668101242E-16,0.,1.));
#2398=DIRECTION('center_axis',(-1.,-2.22044604925031E-16,-9.9579925010296E-17));
#2399=DIRECTION('ref_axis',(9.95799250102966E-17,-2.51081207608738E-15,
-1.));
#2400=DIRECTION('',(-1.,-2.22044604925031E-16,-9.9579925010296E-17));
#2401=DIRECTION('center_axis',(1.,2.22044604925031E-16,9.9579925010296E-17));
#2402=DIRECTION('ref_axis',(2.28616720455117E-16,-0.707106781186547,-0.707106781186548));
#2403=DIRECTION('center_axis',(9.95799250102959E-17,2.22044604925031E-16,
-1.));
#2404=DIRECTION('ref_axis',(2.22044604925031E-16,-1.,-2.22044604925031E-16));
#2405=DIRECTION('',(-1.,-2.22044604925031E-16,-9.9579925010296E-17));
#2406=DIRECTION('',(-2.22044604925031E-16,1.,2.22044604925031E-16));
#2407=DIRECTION('center_axis',(-1.,-2.22044604925031E-16,-9.9579925010296E-17));
#2408=DIRECTION('ref_axis',(-2.22044604925031E-16,1.,2.22044604925031E-16));
#2409=DIRECTION('center_axis',(1.,2.22044604925031E-16,9.9579925010296E-17));
#2410=DIRECTION('ref_axis',(-8.54017712816381E-17,0.707106781186548,-0.707106781186547));
#2411=DIRECTION('center_axis',(0.,1.66533453693773E-16,-1.));
#2412=DIRECTION('ref_axis',(-2.22044604925031E-16,1.,1.66533453693773E-16));
#2413=DIRECTION('',(1.,0.,0.));
#2414=DIRECTION('',(-1.,0.,0.));
#2415=DIRECTION('center_axis',(0.,-1.,-1.66533453693773E-16));
#2416=DIRECTION('ref_axis',(2.22044604925031E-16,1.66533453693773E-16,-1.));
#2417=DIRECTION('center_axis',(0.,1.,1.8239378261699E-16));
#2418=DIRECTION('ref_axis',(-2.22044604925031E-16,-1.8239378261699E-16,
1.));
#2419=DIRECTION('center_axis',(2.22044604925031E-16,-1.,8.65626912888014E-16));
#2420=DIRECTION('ref_axis',(-9.95799250102957E-17,8.65626912888014E-16,
1.));
#2421=DIRECTION('',(-1.,-2.22044604925031E-16,-9.9579925010296E-17));
#2422=DIRECTION('',(-9.95799250102957E-17,8.65626912888014E-16,1.));
#2423=DIRECTION('',(-1.,-2.22044604925031E-16,-9.9579925010296E-17));
#2424=DIRECTION('center_axis',(-1.,-2.22044604925031E-16,-9.9579925010296E-17));
#2425=DIRECTION('ref_axis',(-1.96493519978704E-16,0.495345718657246,0.868695930120509));
#2426=DIRECTION('center_axis',(1.,2.22044604925032E-16,9.95799250102983E-17));
#2427=DIRECTION('ref_axis',(-1.96493519978706E-16,0.495345718657246,0.868695930120509));
#2428=DIRECTION('',(-1.,-2.22044604925031E-16,-9.9579925010296E-17));
#2429=DIRECTION('center_axis',(9.95799250102956E-17,1.62226540946599E-15,
-1.));
#2430=DIRECTION('ref_axis',(2.22044604925034E-16,-1.,-1.62226540946599E-15));
#2431=DIRECTION('',(2.22044604925034E-16,-1.,-1.62226540946599E-15));
#2432=DIRECTION('',(-1.,-2.22044604925031E-16,-9.9579925010296E-17));
#2433=DIRECTION('center_axis',(-1.,-2.22044604925031E-16,-9.9579925010296E-17));
#2434=DIRECTION('ref_axis',(-1.43562755085536E-16,0.86869593012052,-0.495345718657227));
#2435=DIRECTION('',(-1.,-2.22044604925031E-16,-9.9579925010296E-17));
#2436=DIRECTION('center_axis',(1.,2.22044604925119E-16,9.95799250102222E-17));
#2437=DIRECTION('ref_axis',(-1.43562755085648E-16,0.86869593012052,-0.495345718657227));
#2438=DIRECTION('center_axis',(-9.95799250102959E-17,-3.22060376677956E-16,
1.));
#2439=DIRECTION('ref_axis',(-2.22044604925027E-16,1.,3.22060376677956E-16));
#2440=DIRECTION('',(-1.,-2.22044604925031E-16,-9.9579925010296E-17));
#2441=DIRECTION('',(-2.22044604925027E-16,1.,3.22060376677956E-16));
#2442=DIRECTION('center_axis',(-1.,-2.22044604925031E-16,-9.9579925010296E-17));
#2443=DIRECTION('ref_axis',(1.43562771741834E-16,-0.868695972109821,0.495345645019893));
#2444=DIRECTION('center_axis',(1.,2.22044604925001E-16,9.9579925010326E-17));
#2445=DIRECTION('ref_axis',(1.43562771741793E-16,-0.868695972109821,0.495345645019893));
#2446=DIRECTION('',(-1.,-2.22044604925031E-16,-9.9579925010296E-17));
#2447=DIRECTION('center_axis',(-2.22044604925031E-16,1.,-1.78018482086677E-16));
#2448=DIRECTION('ref_axis',(9.95799250102946E-17,-1.78018482086677E-16,
-1.));
#2449=DIRECTION('',(9.95799250102946E-17,-1.78018482086677E-16,-1.));
#2450=DIRECTION('',(-1.,-2.22044604925031E-16,-9.9579925010296E-17));
#2451=DIRECTION('center_axis',(-1.,-2.22044604925031E-16,-9.9579925010296E-17));
#2452=DIRECTION('ref_axis',(1.96493519734345E-16,-0.495345717178638,-0.868695930963637));
#2453=DIRECTION('center_axis',(1.,2.22044604925033E-16,9.95799250102978E-17));
#2454=DIRECTION('ref_axis',(1.96493519734348E-16,-0.495345717178638,-0.868695930963637));
#2455=DIRECTION('center_axis',(-9.95799250102959E-17,-2.22044604925031E-16,
1.));
#2456=DIRECTION('ref_axis',(-2.22044604925031E-16,1.,2.22044604925031E-16));
#2457=DIRECTION('',(2.22044604925031E-16,-1.,-2.22044604925031E-16));
#2458=DIRECTION('center_axis',(2.22044604925031E-16,2.22044604925031E-16,
-1.));
#2459=DIRECTION('ref_axis',(2.22044604925031E-16,-1.,-2.22044604925031E-16));
#2460=DIRECTION('',(-1.,-2.22044604925031E-16,-2.22044604925031E-16));
#2461=DIRECTION('center_axis',(-1.,-2.22044604925031E-16,-2.22044604925031E-16));
#2462=DIRECTION('ref_axis',(2.22044604925039E-16,-1.,-3.57491822399648E-14));
#2463=DIRECTION('',(-1.,-2.22044604925031E-16,-2.22044604925031E-16));
#2464=DIRECTION('center_axis',(-2.22044604925031E-16,1.,3.43712881596281E-16));
#2465=DIRECTION('ref_axis',(2.22044604925031E-16,3.43712881596281E-16,-1.));
#2466=DIRECTION('',(-1.,-2.22044604925031E-16,-2.22044604925031E-16));
#2467=DIRECTION('center_axis',(-1.,-2.22044604925031E-16,-9.9579925010296E-17));
#2468=DIRECTION('ref_axis',(1.43562771741834E-16,-0.868695972109821,0.495345645019893));
#2469=DIRECTION('',(-1.,-2.22044604925031E-16,-9.9579925010296E-17));
#2470=DIRECTION('center_axis',(-2.22044604925031E-16,1.,-1.78018482086677E-16));
#2471=DIRECTION('ref_axis',(9.95799250102946E-17,-1.78018482086677E-16,
-1.));
#2472=DIRECTION('',(-1.,-2.22044604925031E-16,-9.9579925010296E-17));
#2473=DIRECTION('center_axis',(-1.,-2.22044604925031E-16,-9.9579925010296E-17));
#2474=DIRECTION('ref_axis',(1.96493519734345E-16,-0.495345717178638,-0.868695930963637));
#2475=DIRECTION('',(-1.,-2.22044604925031E-16,-2.22044604925031E-16));
#2476=DIRECTION('center_axis',(-1.,-2.22044604925031E-16,-9.9579925010296E-17));
#2477=DIRECTION('ref_axis',(-1.43562755085536E-16,0.86869593012052,-0.495345718657227));
#2478=DIRECTION('',(-1.,-2.22044604925031E-16,-9.9579925010296E-17));
#2479=DIRECTION('center_axis',(-9.95799250102959E-17,-3.22060376677956E-16,
1.));
#2480=DIRECTION('ref_axis',(-2.22044604925027E-16,1.,3.22060376677956E-16));
#2481=DIRECTION('',(-1.,-2.22044604925031E-16,-9.9579925010296E-17));
#2482=DIRECTION('center_axis',(-2.22044604925031E-16,1.,3.43712881596281E-16));
#2483=DIRECTION('ref_axis',(2.22044604925031E-16,3.43712881596281E-16,-1.));
#2484=DIRECTION('',(-1.,-2.22044604925031E-16,-2.22044604925031E-16));
#2485=DIRECTION('center_axis',(-1.,-2.22044604925031E-16,-9.9579925010296E-17));
#2486=DIRECTION('ref_axis',(1.96493519734345E-16,-0.495345717178638,-0.868695930963637));
#2487=DIRECTION('',(-1.,-2.22044604925031E-16,-2.22044604925031E-16));
#2488=DIRECTION('center_axis',(-1.,-2.22044604925031E-16,-2.22044604925031E-16));
#2489=DIRECTION('ref_axis',(2.22044604925039E-16,-3.53050930301132E-14,
-1.));
#2490=DIRECTION('',(-1.,-2.22044604925031E-16,-2.22044604925031E-16));
#2491=DIRECTION('center_axis',(-2.22044604925031E-16,-1.61210466589407E-16,
1.));
#2492=DIRECTION('ref_axis',(-2.22044604925031E-16,1.,1.61210466589407E-16));
#2493=DIRECTION('center_axis',(-1.,-2.22044604925031E-16,-9.9579925010296E-17));
#2494=DIRECTION('ref_axis',(2.04964251075931E-16,-1.,0.));
#2495=DIRECTION('center_axis',(-2.22044604925031E-16,1.,-6.10622663543832E-16));
#2496=DIRECTION('ref_axis',(5.55111512312562E-17,6.10622663543832E-16,1.));
#2497=DIRECTION('center_axis',(-1.,-2.22044604925031E-16,-9.9579925010296E-17));
#2498=DIRECTION('ref_axis',(-2.27422886113206E-16,0.707106781186548,0.707106781186547));
#2499=DIRECTION('center_axis',(-2.22044604925031E-16,-2.22044604925031E-16,
1.));
#2500=DIRECTION('ref_axis',(1.,2.22044604925031E-16,2.22044604925031E-16));
#2501=DIRECTION('center_axis',(9.95799250102959E-17,6.1159654311843E-16,
-1.));
#2502=DIRECTION('ref_axis',(0.707106781186548,0.707106781186548,3.14018491736755E-16));
#2503=DIRECTION('center_axis',(-2.22044604925031E-16,-2.22044604925031E-16,
1.));
#2504=DIRECTION('ref_axis',(1.,2.22044604925031E-16,2.22044604925031E-16));
#2505=DIRECTION('',(9.95799250102958E-17,6.1159654311843E-16,-1.));
#2506=DIRECTION('center_axis',(-1.,-2.22044604925031E-16,-9.9579925010296E-17));
#2507=DIRECTION('ref_axis',(2.04964251075931E-16,-1.,-2.22044605332259E-16));
#2508=DIRECTION('center_axis',(-2.22044604925031E-16,1.,-7.14706072102444E-16));
#2509=DIRECTION('ref_axis',(1.,2.22044604925031E-16,2.22044604925031E-16));
#2510=DIRECTION('center_axis',(-1.,-2.22044604925031E-16,-9.9579925010296E-17));
#2511=DIRECTION('ref_axis',(-8.65956056235494E-17,0.707106781186548,-0.707106781186547));
#2512=DIRECTION('center_axis',(2.22044604925031E-16,-1.,-2.22044604925031E-16));
#2513=DIRECTION('ref_axis',(0.707106781186546,3.14018491736755E-16,-0.707106781186549));
#2514=DIRECTION('center_axis',(-2.2204460492503E-16,1.,-4.21884749357559E-15));
#2515=DIRECTION('ref_axis',(1.,2.22044604925031E-16,2.22044604925031E-16));
#2516=DIRECTION('',(2.22044604925031E-16,-1.,-2.22044604925031E-16));
#2517=DIRECTION('center_axis',(-1.,-2.22044604925031E-16,-9.9579925010296E-17));
#2518=DIRECTION('ref_axis',(2.04964251075931E-16,-1.,-2.22044605332259E-16));
#2519=DIRECTION('center_axis',(2.22044604925031E-16,2.22044604925031E-16,
-1.));
#2520=DIRECTION('ref_axis',(1.,2.22044604925031E-16,2.22044604925031E-16));
#2521=DIRECTION('center_axis',(-1.,-2.22044604925031E-16,-9.9579925010296E-17));
#2522=DIRECTION('ref_axis',(2.27422886113206E-16,-0.707106781186547,-0.707106781186548));
#2523=DIRECTION('center_axis',(-9.95799250102959E-17,-3.43712881596281E-16,
1.));
#2524=DIRECTION('ref_axis',(0.707106781186549,-0.707106781186546,6.16297582203915E-31));
#2525=DIRECTION('center_axis',(2.22044604925031E-16,2.22044604925031E-16,
-1.));
#2526=DIRECTION('ref_axis',(1.,2.22044604925031E-16,2.22044604925031E-16));
#2527=DIRECTION('',(-9.95799250102959E-17,-3.43712881596281E-16,1.));
#2528=DIRECTION('center_axis',(-1.,-2.22044604925031E-16,-9.9579925010296E-17));
#2529=DIRECTION('ref_axis',(2.04964251075932E-16,-1.,0.));
#2530=DIRECTION('center_axis',(2.22044604925029E-16,-1.,8.65973959207621E-15));
#2531=DIRECTION('ref_axis',(1.,2.22044604925031E-16,2.22044604925031E-16));
#2532=DIRECTION('center_axis',(-1.,-2.22044604925031E-16,-9.9579925010296E-17));
#2533=DIRECTION('ref_axis',(8.65956056235492E-17,-0.707106781186547,0.707106781186548));
#2534=DIRECTION('center_axis',(-2.22044604925031E-16,1.,2.22044604925031E-16));
#2535=DIRECTION('ref_axis',(0.707106781186549,5.8548270309372E-31,0.707106781186546));
#2536=DIRECTION('',(-2.22044604925031E-16,1.,2.22044604925031E-16));
#2537=DIRECTION('center_axis',(-9.95799250102959E-17,-2.22044604925031E-16,
1.));
#2538=DIRECTION('ref_axis',(-2.22044604925031E-16,1.,2.22044604925031E-16));
#2539=DIRECTION('center_axis',(-1.,-2.22044604925031E-16,-9.9579925010296E-17));
#2540=DIRECTION('ref_axis',(9.95799250102959E-17,2.22044604925031E-16,-1.));
#2541=CARTESIAN_POINT('',(0.,0.,0.));
#2542=CARTESIAN_POINT('Origin',(-3.50000000000001,35.7499999999986,72.7500000000027));
#2543=CARTESIAN_POINT('',(-4.00000000000001,35.7499999999986,69.3000000000027));
#2544=CARTESIAN_POINT('Origin',(-4.00000000000001,35.7499999999986,72.7500000000027));
#2545=CARTESIAN_POINT('',(-3.00000000000001,35.7499999999986,70.3000000000027));
#2546=CARTESIAN_POINT('',(-3.50000000000001,35.7499999999986,69.8000000000027));
#2547=CARTESIAN_POINT('',(-3.00000000000001,35.7499999999986,75.2000000000027));
#2548=CARTESIAN_POINT('Origin',(-3.00000000000001,35.7499999999986,72.7500000000027));
#2549=CARTESIAN_POINT('Origin',(-3.00000000000001,35.7499999999986,72.7500000000027));
#2550=CARTESIAN_POINT('Origin',(-3.99999999999999,-2.48689957516035E-12,
37.0000000000014));
#2551=CARTESIAN_POINT('',(-4.,40.5,-3.49999999999999));
#2552=CARTESIAN_POINT('',(-4.00000000000001,40.5,71.5635083238191));
#2553=CARTESIAN_POINT('',(-4.,40.5,17.0000000000007));
#2554=CARTESIAN_POINT('',(-3.99999999999998,-40.5,-3.5));
#2555=CARTESIAN_POINT('',(-3.99999999999999,-20.0000000000012,-3.49999999999999));
#2556=CARTESIAN_POINT('',(-3.99999999999999,-40.5,71.5635083238204));
#2557=CARTESIAN_POINT('',(-3.99999999999999,-40.5,57.9886127804546));
#2558=CARTESIAN_POINT('',(-4.,-41.4999999761636,73.2955591176273));
#2559=CARTESIAN_POINT('Origin',(-4.,-42.5,71.5635083238204));
#2560=CARTESIAN_POINT('',(-3.99999999999999,-42.9999999880818,72.4295337207239));
#2561=CARTESIAN_POINT('Origin',(-3.99999999999998,-41.9999999880818,72.4295337207239));
#2562=CARTESIAN_POINT('',(-3.99999999999999,-42.9999999880818,73.5000000000014));
#2563=CARTESIAN_POINT('',(-3.99999999999998,-42.9999999880818,18.7500000000013));
#2564=CARTESIAN_POINT('',(-4.,-36.5000000000027,79.9999999880804));
#2565=CARTESIAN_POINT('Origin',(-3.99999999999999,-36.5000000000027,73.5000000000014));
#2566=CARTESIAN_POINT('',(-4.00000000000001,36.4999999999977,79.9999999880804));
#2567=CARTESIAN_POINT('',(-4.,-18.2500000000013,79.9999999880804));
#2568=CARTESIAN_POINT('',(-4.00000000000001,42.9999999880768,73.5000000000014));
#2569=CARTESIAN_POINT('Origin',(-4.00000000000001,36.4999999999977,73.5000000000014));
#2570=CARTESIAN_POINT('',(-4.00000000000001,42.9999999880768,72.4295337207197));
#2571=CARTESIAN_POINT('',(-4.00000000000001,42.9999999880768,55.2500000000014));
#2572=CARTESIAN_POINT('',(-4.,41.4999999761536,73.2955591176202));
#2573=CARTESIAN_POINT('Origin',(-4.00000000000001,41.9999999880768,72.4295337207197));
#2574=CARTESIAN_POINT('Origin',(-4.,42.5,71.5635083238191));
#2575=CARTESIAN_POINT('',(-4.,35.75,4.70000000000137));
#2576=CARTESIAN_POINT('Origin',(-4.,35.75,1.25000000000137));
#2577=CARTESIAN_POINT('',(-3.99999999999999,-35.7500000000027,76.2000000000014));
#2578=CARTESIAN_POINT('Origin',(-3.99999999999999,-35.7500000000027,72.7500000000014));
#2579=CARTESIAN_POINT('',(-4.00000000000001,38.9341867955642,59.2009590121029));
#2580=CARTESIAN_POINT('',(-4.00000000000001,22.2009590121003,75.9341867955669));
#2581=CARTESIAN_POINT('Origin',(-3.99999999999999,-1.30118138486068E-12,
37.0000000000014));
#2582=CARTESIAN_POINT('',(-4.,-22.2009590121008,75.9341867955668));
#2583=CARTESIAN_POINT('',(-4.00000000000001,11.1004795060501,75.9341867955669));
#2584=CARTESIAN_POINT('',(-3.99999999999999,-38.9341867955668,59.2009590121009));
#2585=CARTESIAN_POINT('Origin',(-3.99999999999999,-3.69537040079138E-6,
37.0000064806308));
#2586=CARTESIAN_POINT('',(-3.99999999999998,-38.9341867955668,14.7990409879002));
#2587=CARTESIAN_POINT('',(-3.99999999999999,-38.9341867955668,48.1004795060504));
#2588=CARTESIAN_POINT('',(-3.99999999999998,-22.2009590121026,-1.93418679556414));
#2589=CARTESIAN_POINT('Origin',(-3.99999999999999,-4.07221456555362E-8,
37.0000000825949));
#2590=CARTESIAN_POINT('',(-3.99999999999999,22.2009590120992,-1.93418679556413));
#2591=CARTESIAN_POINT('',(-3.99999999999998,-11.1004795060513,-1.93418679556413));
#2592=CARTESIAN_POINT('',(-4.,38.9341867955641,14.7990409879008));
#2593=CARTESIAN_POINT('Origin',(-3.99999999999999,-1.12798659301916E-12,
37.0000000000011));
#2594=CARTESIAN_POINT('',(-4.,38.9341867955641,25.8995204939504));
#2595=CARTESIAN_POINT('',(-3.99999999999998,-35.7500000000013,-2.20000000000002));
#2596=CARTESIAN_POINT('Origin',(-3.99999999999998,-35.7500000000013,1.24999999999998));
#2597=CARTESIAN_POINT('Origin',(-1.00000000000001,35.7499999999986,72.7500000000027));
#2598=CARTESIAN_POINT('',(-1.00000000000001,35.7499999999986,75.2000000000027));
#2599=CARTESIAN_POINT('',(-1.00000000000001,35.7499999999986,75.2000000000027));
#2600=CARTESIAN_POINT('Origin',(-1.00000000000001,35.7499999999986,72.7500000000027));
#2601=CARTESIAN_POINT('Origin',(-3.5,35.75,1.25000000000137));
#2602=CARTESIAN_POINT('',(-3.,35.75,3.70000000000137));
#2603=CARTESIAN_POINT('',(-3.5,35.75,4.20000000000137));
#2604=CARTESIAN_POINT('Origin',(-3.,35.75,1.25000000000137));
#2605=CARTESIAN_POINT('Origin',(-1.,35.75,1.25000000000137));
#2606=CARTESIAN_POINT('',(-1.,35.75,3.70000000000136));
#2607=CARTESIAN_POINT('',(-1.,35.75,3.70000000000137));
#2608=CARTESIAN_POINT('Origin',(-1.,35.75,1.25000000000137));
#2609=CARTESIAN_POINT('Origin',(-3.49999999999998,-35.7500000000013,1.24999999999998));
#2610=CARTESIAN_POINT('',(-2.99999999999998,-35.7500000000013,-1.20000000000002));
#2611=CARTESIAN_POINT('',(-3.49999999999998,-35.7500000000013,-1.70000000000002));
#2612=CARTESIAN_POINT('',(-2.99999999999998,-35.7500000000013,3.69999999999998));
#2613=CARTESIAN_POINT('Origin',(-2.99999999999998,-35.7500000000013,1.24999999999998));
#2614=CARTESIAN_POINT('Origin',(-2.99999999999998,-35.7500000000013,1.24999999999998));
#2615=CARTESIAN_POINT('Origin',(-0.999999999999985,-35.7500000000013,1.24999999999998));
#2616=CARTESIAN_POINT('',(-0.999999999999986,-35.7500000000013,3.69999999999999));
#2617=CARTESIAN_POINT('',(-0.999999999999985,-35.7500000000013,3.69999999999998));
#2618=CARTESIAN_POINT('Origin',(-0.999999999999985,-35.7500000000013,1.24999999999998));
#2619=CARTESIAN_POINT('Origin',(-3.49999999999999,-35.7500000000027,72.7500000000014));
#2620=CARTESIAN_POINT('',(-2.99999999999999,-35.7500000000027,75.2000000000014));
#2621=CARTESIAN_POINT('',(-3.49999999999999,-35.7500000000027,75.7000000000014));
#2622=CARTESIAN_POINT('Origin',(-2.99999999999999,-35.7500000000027,72.7500000000014));
#2623=CARTESIAN_POINT('Origin',(-0.999999999999992,-35.7500000000027,72.7500000000014));
#2624=CARTESIAN_POINT('',(-0.999999999999993,-35.7500000000027,75.2000000000014));
#2625=CARTESIAN_POINT('',(-0.999999999999992,-35.7500000000027,75.2000000000014));
#2626=CARTESIAN_POINT('Origin',(-0.999999999999992,-35.7500000000027,72.7500000000014));
#2627=CARTESIAN_POINT('Origin',(-10.5,1.77635683940025E-14,37.));
#2628=CARTESIAN_POINT('',(-10.5,-40.5,-3.5));
#2629=CARTESIAN_POINT('',(-10.5,-40.5,71.5635083238204));
#2630=CARTESIAN_POINT('',(-10.5,-40.5,57.9886127804539));
#2631=CARTESIAN_POINT('',(-10.5,40.5,-3.49999999999998));
#2632=CARTESIAN_POINT('',(-10.5,2.52853293858379E-14,-3.49999999999999));
#2633=CARTESIAN_POINT('',(-10.5,40.5,71.5635083238191));
#2634=CARTESIAN_POINT('',(-10.5,40.5,37.));
#2635=CARTESIAN_POINT('',(-10.5,41.4999999761536,73.2955591176202));
#2636=CARTESIAN_POINT('Origin',(-10.5,42.5,71.5635083238191));
#2637=CARTESIAN_POINT('',(-10.5,42.9999999880768,72.4295337207197));
#2638=CARTESIAN_POINT('Origin',(-10.5,41.9999999880768,72.4295337207197));
#2639=CARTESIAN_POINT('',(-10.5,42.9999999880768,73.5000000000014));
#2640=CARTESIAN_POINT('',(-10.5,42.9999999880768,55.2500000000007));
#2641=CARTESIAN_POINT('',(-10.5,36.4999999999977,79.9999999880804));
#2642=CARTESIAN_POINT('Origin',(-10.5,36.4999999999977,73.5000000000014));
#2643=CARTESIAN_POINT('',(-10.5,-36.5000000000027,79.9999999880804));
#2644=CARTESIAN_POINT('',(-10.5,1.74999999999865,79.9999999880804));
#2645=CARTESIAN_POINT('',(-10.5,-42.9999999880818,73.5000000000013));
#2646=CARTESIAN_POINT('Origin',(-10.5,-36.5000000000027,73.5000000000014));
#2647=CARTESIAN_POINT('',(-10.5,-42.9999999880818,72.4295337207238));
#2648=CARTESIAN_POINT('',(-10.5,-42.9999999880818,18.7500000000007));
#2649=CARTESIAN_POINT('',(-10.5,-41.4999999761636,73.2955591176273));
#2650=CARTESIAN_POINT('Origin',(-10.5,-41.9999999880818,72.4295337207239));
#2651=CARTESIAN_POINT('Origin',(-10.5,-42.5,71.5635083238204));
#2652=CARTESIAN_POINT('',(-10.5,-36.9999999880818,11.7066513322274));
#2653=CARTESIAN_POINT('',(-10.5,-36.9999999880818,0.500000000001335));
#2654=CARTESIAN_POINT('',(-10.5,-36.9999999880818,24.3533256661137));
#2655=CARTESIAN_POINT('',(-10.5,-38.9341867955668,14.7990409879002));
#2656=CARTESIAN_POINT('Origin',(-10.5,-4.07221500964283E-8,37.0000000825949));
#2657=CARTESIAN_POINT('',(-10.5,-38.9341867955668,59.2009590121009));
#2658=CARTESIAN_POINT('',(-10.5,-38.9341867955668,48.1004795060504));
#2659=CARTESIAN_POINT('',(-10.5,-36.9999999880818,62.2933491091476));
#2660=CARTESIAN_POINT('Origin',(-10.5,-3.69537040523227E-6,37.0000064806308));
#2661=CARTESIAN_POINT('',(-10.5,-36.9999999880818,73.5000000000014));
#2662=CARTESIAN_POINT('',(-10.5,-36.9999999880818,55.2500000000007));
#2663=CARTESIAN_POINT('',(-10.5,-36.5000000000027,73.9999999880804));
#2664=CARTESIAN_POINT('Origin',(-10.5,-36.5000000000027,73.5000000000014));
#2665=CARTESIAN_POINT('',(-10.5,-25.2933503982662,73.9999999880804));
#2666=CARTESIAN_POINT('',(-10.5,-12.6466751991331,73.9999999880804));
#2667=CARTESIAN_POINT('',(-10.5,-22.2009590121008,75.9341867955668));
#2668=CARTESIAN_POINT('Origin',(-10.5,-3.69537040523227E-6,37.0000064806308));
#2669=CARTESIAN_POINT('',(-10.5,22.2009590121003,75.9341867955669));
#2670=CARTESIAN_POINT('',(-10.5,11.1004795060501,75.9341867955669));
#2671=CARTESIAN_POINT('',(-10.5,25.2933485994062,73.9999999880804));
#2672=CARTESIAN_POINT('Origin',(-10.5,-1.30562227695918E-12,37.0000000000014));
#2673=CARTESIAN_POINT('',(-10.5,36.4999999999977,73.9999999880804));
#2674=CARTESIAN_POINT('',(-10.5,18.2499999999989,73.9999999880804));
#2675=CARTESIAN_POINT('',(-10.5,36.9999999880768,73.5000000000014));
#2676=CARTESIAN_POINT('Origin',(-10.5,36.4999999999977,73.5000000000014));
#2677=CARTESIAN_POINT('',(-10.5,36.9999999880768,62.2933485994102));
#2678=CARTESIAN_POINT('',(-10.5,36.9999999880768,49.6466742997051));
#2679=CARTESIAN_POINT('',(-10.5,38.9341867955642,59.2009590121029));
#2680=CARTESIAN_POINT('Origin',(-10.5,-1.30562227695918E-12,37.0000000000014));
#2681=CARTESIAN_POINT('',(-10.5,38.9341867955641,14.7990409879008));
#2682=CARTESIAN_POINT('',(-10.5,38.9341867955641,25.8995204939504));
#2683=CARTESIAN_POINT('',(-10.5,36.9999999880768,11.7066514005935));
#2684=CARTESIAN_POINT('Origin',(-10.5,-1.13242748511766E-12,37.0000000000011));
#2685=CARTESIAN_POINT('',(-10.5,36.9999999880768,0.500000000001353));
#2686=CARTESIAN_POINT('',(-10.5,36.9999999880768,18.7500000000007));
#2687=CARTESIAN_POINT('',(-10.5,36.4999999999977,1.19222809402686E-8));
#2688=CARTESIAN_POINT('Origin',(-10.5,36.4999999999977,0.500000000001353));
#2689=CARTESIAN_POINT('',(-10.5,25.2933485994051,1.19222764993765E-8));
#2690=CARTESIAN_POINT('',(-10.5,12.6466742997026,1.19222764993765E-8));
#2691=CARTESIAN_POINT('',(-10.5,22.2009590120992,-1.93418679556413));
#2692=CARTESIAN_POINT('Origin',(-10.5,-1.13242748511766E-12,37.0000000000011));
#2693=CARTESIAN_POINT('',(-10.5,-22.2009590121026,-1.93418679556414));
#2694=CARTESIAN_POINT('',(-10.5,-11.1004795060513,-1.93418679556413));
#2695=CARTESIAN_POINT('',(-10.5,-25.293348610703,1.19222720584844E-8));
#2696=CARTESIAN_POINT('Origin',(-10.5,-4.07221500964283E-8,37.0000000825949));
#2697=CARTESIAN_POINT('',(-10.5,-36.5000000000027,1.19222676175923E-8));
#2698=CARTESIAN_POINT('',(-10.5,-18.2500000000013,1.19222676175923E-8));
#2699=CARTESIAN_POINT('Origin',(-10.5,-36.5000000000027,0.500000000001335));
#2700=CARTESIAN_POINT('Origin',(-0.999999999999983,-42.9999999880818,0.500000000001339));
#2701=CARTESIAN_POINT('',(-4.49999999999998,-42.9999999880818,72.4295337207239));
#2702=CARTESIAN_POINT('',(-11.,-42.9999999880818,73.5000000000014));
#2703=CARTESIAN_POINT('',(-0.99999999999999,-42.9999999880818,73.5000000000014));
#2704=CARTESIAN_POINT('',(-11.,-42.9999999880818,0.500000000001338));
#2705=CARTESIAN_POINT('',(-11.,-42.9999999880818,18.7500000000013));
#2706=CARTESIAN_POINT('',(-2.99999999999998,-42.9999999880818,0.500000000001339));
#2707=CARTESIAN_POINT('',(-0.999999999999983,-42.9999999880818,0.500000000001339));
#2708=CARTESIAN_POINT('',(-2.99999999999999,-42.9999999880818,73.5000000000014));
#2709=CARTESIAN_POINT('',(-2.99999999999999,-42.9999999880818,18.7500000000013));
#2710=CARTESIAN_POINT('',(-0.99999999999999,-42.9999999880818,73.5000000000014));
#2711=CARTESIAN_POINT('Origin',(-0.999999999999992,-36.5000000000027,73.5000000000014));
#2712=CARTESIAN_POINT('',(-11.,-36.5000000000027,79.9999999880804));
#2713=CARTESIAN_POINT('',(-0.999999999999993,-36.5000000000027,79.9999999880804));
#2714=CARTESIAN_POINT('Origin',(-11.,-36.5000000000027,73.5000000000014));
#2715=CARTESIAN_POINT('Origin',(-11.5,-11.1004795060525,-3.43418679556413));
#2716=CARTESIAN_POINT('',(-13.,22.5950742308136,-3.43418679556412));
#2717=CARTESIAN_POINT('',(-13.,-22.5950742294683,-3.43418679556413));
#2718=CARTESIAN_POINT('',(-13.,-11.1004795060525,-3.43418679556413));
#2719=CARTESIAN_POINT('',(-11.5,-22.2009590121026,-1.93418679556414));
#2720=CARTESIAN_POINT('Ctrl Pts',(-13.,-22.5950742294683,-3.43418679556414));
#2721=CARTESIAN_POINT('Ctrl Pts',(-13.,-22.5945979329307,-3.4323580651433));
#2722=CARTESIAN_POINT('Ctrl Pts',(-12.999996655745,-22.5941216225858,-3.43052933953572));
#2723=CARTESIAN_POINT('Ctrl Pts',(-12.9996075154254,-22.5664088031779,-3.32413328808554));
#2724=CARTESIAN_POINT('Ctrl Pts',(-12.988291483477,-22.5391913217298,-3.21983009284793));
#2725=CARTESIAN_POINT('Ctrl Pts',(-12.9441393832241,-22.4857560746186,-3.01541690935382));
#2726=CARTESIAN_POINT('Ctrl Pts',(-12.9114482702665,-22.4596480047259,-2.91572545765886));
#2727=CARTESIAN_POINT('Ctrl Pts',(-12.7890681146274,-22.3881075881969,-2.64299883840845));
#2728=CARTESIAN_POINT('Ctrl Pts',(-12.6755315939644,-22.3457291979652,-2.48200618030835));
#2729=CARTESIAN_POINT('Ctrl Pts',(-12.3958060467047,-22.2756163605667,-2.21620500073064));
#2730=CARTESIAN_POINT('Ctrl Pts',(-12.2340714764914,-22.2480801072692,-2.11211011069202));
#2731=CARTESIAN_POINT('Ctrl Pts',(-11.8811139163205,-22.2107856198284,-1.97123693813133));
#2732=CARTESIAN_POINT('Ctrl Pts',(-11.6942008289866,-22.2011282936903,-1.93482541185588));
#2733=CARTESIAN_POINT('Ctrl Pts',(-11.5033311103589,-22.2009597473687,-1.93418956936103));
#2734=CARTESIAN_POINT('Ctrl Pts',(-11.5016654721024,-22.2009590121026,-1.93418679556414));
#2735=CARTESIAN_POINT('Ctrl Pts',(-11.5,-22.2009590121026,-1.93418679556414));
#2736=CARTESIAN_POINT('',(-11.5,22.2009590120992,-1.93418679556413));
#2737=CARTESIAN_POINT('',(-11.5,-11.1004795060525,-1.93418679556413));
#2738=CARTESIAN_POINT('Ctrl Pts',(-13.,22.5950742308136,-3.43418679556415));
#2739=CARTESIAN_POINT('Ctrl Pts',(-13.,22.5945979342744,-3.43235806514335));
#2740=CARTESIAN_POINT('Ctrl Pts',(-12.999996655745,22.5941216239278,-3.43052933953574));
#2741=CARTESIAN_POINT('Ctrl Pts',(-12.9992531962571,22.5411757903609,-3.2272577946919));
#2742=CARTESIAN_POINT('Ctrl Pts',(-12.9579428237396,22.488972479559,-3.02756595534474));
#2743=CARTESIAN_POINT('Ctrl Pts',(-12.7994591272693,22.3923077835759,-2.65896742093032));
#2744=CARTESIAN_POINT('Ctrl Pts',(-12.6848832836397,22.3485312732804,-2.49263973752853));
#2745=CARTESIAN_POINT('Ctrl Pts',(-12.3999910109915,22.2762433112537,-2.21857188065391));
#2746=CARTESIAN_POINT('Ctrl Pts',(-12.2344426547273,22.2479535476953,-2.11163063900551));
#2747=CARTESIAN_POINT('Ctrl Pts',(-11.8765419297255,22.2104654589414,-1.97002897831173));
#2748=CARTESIAN_POINT('Ctrl Pts',(-11.6893447385767,22.2009590120992,-1.93418679556412));
#2749=CARTESIAN_POINT('Ctrl Pts',(-11.5,22.2009590120992,-1.93418679556412));
#2750=CARTESIAN_POINT('Origin',(-11.5,-4.07221479870046E-8,37.0000000825949));
#2751=CARTESIAN_POINT('',(-13.,-25.75288028063,-1.49999998807773));
#2752=CARTESIAN_POINT('Origin',(-13.,-4.07221483200715E-8,37.0000000825949));
#2753=CARTESIAN_POINT('',(-11.5,-25.293348610703,1.1922274834042E-8));
#2754=CARTESIAN_POINT('Ctrl Pts',(-13.,-25.75288028063,-1.49999998807772));
#2755=CARTESIAN_POINT('Ctrl Pts',(-13.,-25.7523253250001,-1.49817219842522));
#2756=CARTESIAN_POINT('Ctrl Pts',(-12.999996659185,-25.7517703532513,-1.49634441476896));
#2757=CARTESIAN_POINT('Ctrl Pts',(-12.9995973950583,-25.7186066168269,-1.38712412361746));
#2758=CARTESIAN_POINT('Ctrl Pts',(-12.9876723914816,-25.6860150657945,-1.27999457435948));
#2759=CARTESIAN_POINT('Ctrl Pts',(-12.9411350869397,-25.6221090610226,-1.07032325648197));
#2760=CARTESIAN_POINT('Ctrl Pts',(-12.9066926836842,-25.5909176531837,-0.968183625145233));
#2761=CARTESIAN_POINT('Ctrl Pts',(-12.7802241110749,-25.5072641585211,-0.694717186651301));
#2762=CARTESIAN_POINT('Ctrl Pts',(-12.6651350468742,-25.4582600221575,-0.535087490069115));
#2763=CARTESIAN_POINT('Ctrl Pts',(-12.3838242017754,-25.3778185129544,-0.273601410434345));
#2764=CARTESIAN_POINT('Ctrl Pts',(-12.222634952743,-25.3464202939156,-0.171827594311883));
#2765=CARTESIAN_POINT('Ctrl Pts',(-11.872003756844,-25.3041762010239,-0.0350047879052112));
#2766=CARTESIAN_POINT('Ctrl Pts',(-11.6871287462414,-25.2933486107031,1.19222737697826E-8));
#2767=CARTESIAN_POINT('Ctrl Pts',(-11.5,-25.2933486107031,1.19222737541766E-8));
#2768=CARTESIAN_POINT('Origin',(-11.5,-4.07221479870046E-8,37.0000000825949));
#2769=CARTESIAN_POINT('Origin',(-11.5,-38.4999999880818,24.3533256661144));
#2770=CARTESIAN_POINT('',(-11.5,-36.9999999880818,11.7066513322274));
#2771=CARTESIAN_POINT('',(-11.5,-36.9999999880818,0.500000000001338));
#2772=CARTESIAN_POINT('',(-11.5,-36.9999999880818,24.3533256661144));
#2773=CARTESIAN_POINT('',(-13.,-38.4999999880818,0.500000000001339));
#2774=CARTESIAN_POINT('Origin',(-11.5,-38.4999999880818,0.500000000001339));
#2775=CARTESIAN_POINT('',(-13.,-38.4999999880818,11.2471196583367));
#2776=CARTESIAN_POINT('',(-13.,-38.4999999880818,24.3533256661144));
#2777=CARTESIAN_POINT('Ctrl Pts',(-13.,-38.4999999880818,11.2471196583367));
#2778=CARTESIAN_POINT('Ctrl Pts',(-13.,-38.4981721984281,11.2476746139718));
#2779=CARTESIAN_POINT('Ctrl Pts',(-12.999996659185,-38.4963444147748,11.248229585723));
#2780=CARTESIAN_POINT('Ctrl Pts',(-12.9995973950578,-38.3871241234703,11.2813933225014));
#2781=CARTESIAN_POINT('Ctrl Pts',(-12.9876723914524,-38.2799945741055,11.3139848738267));
#2782=CARTESIAN_POINT('Ctrl Pts',(-12.9411350868037,-38.0703232559992,11.3778908792193));
#2783=CARTESIAN_POINT('Ctrl Pts',(-12.9066926834689,-37.9681836245528,11.4090822873608));
#2784=CARTESIAN_POINT('Ctrl Pts',(-12.7802241106788,-37.694717186034,11.4927357827531));
#2785=CARTESIAN_POINT('Ctrl Pts',(-12.6651350464129,-37.5350874895134,11.541739919521));
#2786=CARTESIAN_POINT('Ctrl Pts',(-12.3838242012688,-37.2736014100926,11.6221814293531));
#2787=CARTESIAN_POINT('Ctrl Pts',(-12.2226349522929,-37.171827594083,11.6535796486283));
#2788=CARTESIAN_POINT('Ctrl Pts',(-11.8720037565727,-37.0350047878594,11.6958237418284));
#2789=CARTESIAN_POINT('Ctrl Pts',(-11.6871287461086,-36.9999999880818,11.7066513322273));
#2790=CARTESIAN_POINT('Ctrl Pts',(-11.5,-36.9999999880818,11.7066513322273));
#2791=CARTESIAN_POINT('Origin',(-11.5,-4.07221479870046E-8,37.0000000825949));
#2792=CARTESIAN_POINT('',(-13.,-40.4341867955668,14.404925673176));
#2793=CARTESIAN_POINT('Origin',(-13.,-4.07221483200715E-8,37.0000000825949));
#2794=CARTESIAN_POINT('',(-11.5,-38.9341867955668,14.7990409879002));
#2795=CARTESIAN_POINT('Ctrl Pts',(-13.,-40.4341867955668,14.404925673176));
#2796=CARTESIAN_POINT('Ctrl Pts',(-13.,-40.4323580651462,14.4054019697189));
#2797=CARTESIAN_POINT('Ctrl Pts',(-12.999996655745,-40.4305293395384,14.4058782800691));
#2798=CARTESIAN_POINT('Ctrl Pts',(-12.9996075154252,-40.324133288037,14.4335910998));
#2799=CARTESIAN_POINT('Ctrl Pts',(-12.9882914834662,-40.2198300927493,14.4608085815661));
#2800=CARTESIAN_POINT('Ctrl Pts',(-12.9441393831712,-40.0154169091621,14.5142438292999));
#2801=CARTESIAN_POINT('Ctrl Pts',(-12.9114482701829,-39.9157254574225,14.5403518994967));
#2802=CARTESIAN_POINT('Ctrl Pts',(-12.7890681144757,-39.6429988381705,14.6118923168274));
#2803=CARTESIAN_POINT('Ctrl Pts',(-12.6755315937899,-39.4820061800914,14.6542707075285));
#2804=CARTESIAN_POINT('Ctrl Pts',(-12.3958060465504,-39.2162050006386,14.7243835456799));
#2805=CARTESIAN_POINT('Ctrl Pts',(-12.2340714764171,-39.1121101106646,14.7519197992689));
#2806=CARTESIAN_POINT('Ctrl Pts',(-11.8811139164558,-38.9712369381884,14.7892142871056));
#2807=CARTESIAN_POINT('Ctrl Pts',(-11.6942008292687,-38.9348254119115,14.7988716133523));
#2808=CARTESIAN_POINT('Ctrl Pts',(-11.5033311106339,-38.9341895693642,14.7990401596897));
#2809=CARTESIAN_POINT('Ctrl Pts',(-11.5016654722399,-38.9341867955668,14.7990408949559));
#2810=CARTESIAN_POINT('Ctrl Pts',(-11.5,-38.9341867955668,14.7990408949559));
#2811=CARTESIAN_POINT('Origin',(-11.5,-4.07221479870046E-8,37.0000000825949));
#2812=CARTESIAN_POINT('Origin',(-11.5,-40.4341867955668,48.1004795060511));
#2813=CARTESIAN_POINT('',(-13.,-40.4341867955641,59.5950741629606));
#2814=CARTESIAN_POINT('',(-13.,-40.4341867955668,48.1004795060511));
#2815=CARTESIAN_POINT('',(-11.5,-38.9341867955668,59.2009590121009));
#2816=CARTESIAN_POINT('Ctrl Pts',(-13.,-40.4341867955641,59.5950741629606));
#2817=CARTESIAN_POINT('Ctrl Pts',(-13.,-40.432358065145,59.5945978665043));
#2818=CARTESIAN_POINT('Ctrl Pts',(-12.999996655745,-40.4305293395306,59.5941215562332));
#2819=CARTESIAN_POINT('Ctrl Pts',(-12.9992531962638,-40.227257796761,59.5411757323759));
#2820=CARTESIAN_POINT('Ctrl Pts',(-12.9579428245888,-40.0275659595861,59.488972431165));
#2821=CARTESIAN_POINT('Ctrl Pts',(-12.7994591311531,-39.6589674277406,59.3923077525285));
#2822=CARTESIAN_POINT('Ctrl Pts',(-12.6848832892848,-39.4926397450518,59.3485312499533));
#2823=CARTESIAN_POINT('Ctrl Pts',(-12.3999910197677,-39.2185718870819,59.2762433000581));
#2824=CARTESIAN_POINT('Ctrl Pts',(-12.2344426641297,-39.1116306442697,59.247953541042));
#2825=CARTESIAN_POINT('Ctrl Pts',(-11.8765419368995,-38.9700289796727,59.2104654576775));
#2826=CARTESIAN_POINT('Ctrl Pts',(-11.6893447421599,-38.9341867955668,59.2009590121009));
#2827=CARTESIAN_POINT('Ctrl Pts',(-11.5,-38.9341867955668,59.2009590121009));
#2828=CARTESIAN_POINT('',(-11.5,-38.9341867955668,48.1004795060511));
#2829=CARTESIAN_POINT('Origin',(-11.5,-3.69537040312284E-6,37.0000064806308));
#2830=CARTESIAN_POINT('',(-13.,-38.4999999880818,62.7528807281836));
#2831=CARTESIAN_POINT('Origin',(-13.,-3.69537040345591E-6,37.0000064806308));
#2832=CARTESIAN_POINT('',(-11.5,-36.9999999880818,62.2933491091476));
#2833=CARTESIAN_POINT('Ctrl Pts',(-13.,-38.4999999880818,62.7528807281836));
#2834=CARTESIAN_POINT('Ctrl Pts',(-13.,-38.4981721984268,62.7523257726149));
#2835=CARTESIAN_POINT('Ctrl Pts',(-12.999996659185,-38.4963444147713,62.7517708009299));
#2836=CARTESIAN_POINT('Ctrl Pts',(-12.9995973950638,-38.387124125202,62.7186070686726));
#2837=CARTESIAN_POINT('Ctrl Pts',(-12.9876723918375,-38.2799945775838,62.6860155217981));
#2838=CARTESIAN_POINT('Ctrl Pts',(-12.9411350886781,-38.0703232627065,62.6221095250619));
#2839=CARTESIAN_POINT('Ctrl Pts',(-12.9066926864338,-37.9681836327681,62.5909181211193));
#2840=CARTESIAN_POINT('Ctrl Pts',(-12.7802241161275,-37.6947171945757,62.5072646358377));
#2841=CARTESIAN_POINT('Ctrl Pts',(-12.6651350527474,-37.5350874971982,62.4582605046492));
#2842=CARTESIAN_POINT('Ctrl Pts',(-12.3838242082138,-37.2736014148322,62.3778190034796));
#2843=CARTESIAN_POINT('Ctrl Pts',(-12.2226349584584,-37.1718275972732,62.3464207874488));
#2844=CARTESIAN_POINT('Ctrl Pts',(-11.8720037602857,-37.0350047885419,62.3041766984781));
#2845=CARTESIAN_POINT('Ctrl Pts',(-11.687128747927,-36.9999999880818,62.2933491091477));
#2846=CARTESIAN_POINT('Ctrl Pts',(-11.5,-36.9999999880818,62.2933491091477));
#2847=CARTESIAN_POINT('Origin',(-11.5,-3.69537040312284E-6,37.0000064806308));
#2848=CARTESIAN_POINT('Origin',(-11.5,-12.6466751991344,75.4999999880804));
#2849=CARTESIAN_POINT('',(-11.5,-25.2933503982662,73.9999999880804));
#2850=CARTESIAN_POINT('',(-11.5,-36.5000000000027,73.9999999880804));
#2851=CARTESIAN_POINT('',(-11.5,-12.6466751991344,73.9999999880804));
#2852=CARTESIAN_POINT('',(-13.,-36.5000000000027,75.4999999880804));
#2853=CARTESIAN_POINT('Origin',(-11.5,-36.5000000000027,75.4999999880804));
#2854=CARTESIAN_POINT('',(-13.,-25.7528821068295,75.4999999880804));
#2855=CARTESIAN_POINT('',(-13.,-12.6466751991344,75.4999999880804));
#2856=CARTESIAN_POINT('Ctrl Pts',(-13.,-25.7528821068295,75.4999999880804));
#2857=CARTESIAN_POINT('Ctrl Pts',(-13.,-25.7523271511528,75.4981721984253));
#2858=CARTESIAN_POINT('Ctrl Pts',(-12.999996659185,-25.7517721793624,75.4963444147738));
#2859=CARTESIAN_POINT('Ctrl Pts',(-12.9995973950536,-25.7186084397598,75.3871241223284));
#2860=CARTESIAN_POINT('Ctrl Pts',(-12.9876723912035,-25.6860168856959,75.2799945718666));
#2861=CARTESIAN_POINT('Ctrl Pts',(-12.9411350856033,-25.6221108749023,75.0703232517016));
#2862=CARTESIAN_POINT('Ctrl Pts',(-12.90669268157,-25.5909194641266,74.9681836192912));
#2863=CARTESIAN_POINT('Ctrl Pts',(-12.7802241071799,-25.507265962365,74.6947171805398));
#2864=CARTESIAN_POINT('Ctrl Pts',(-12.6651350423272,-25.4582618220451,74.5350874845526));
#2865=CARTESIAN_POINT('Ctrl Pts',(-12.3838241967721,-25.3778203066687,74.2736014070206));
#2866=CARTESIAN_POINT('Ctrl Pts',(-12.2226349482931,-25.3464220852981,74.1718275920111));
#2867=CARTESIAN_POINT('Ctrl Pts',(-11.8720037541588,-25.3041779893609,74.0350047874142));
#2868=CARTESIAN_POINT('Ctrl Pts',(-11.687128744927,-25.2933503982662,73.9999999880804));
#2869=CARTESIAN_POINT('Ctrl Pts',(-11.5,-25.2933503982662,73.9999999880804));
#2870=CARTESIAN_POINT('Origin',(-11.5,-3.69537040312284E-6,37.0000064806308));
#2871=CARTESIAN_POINT('',(-13.,-22.5950763619563,77.4341867955668));
#2872=CARTESIAN_POINT('Origin',(-13.,-3.69537040345591E-6,37.0000064806308));
#2873=CARTESIAN_POINT('',(-11.5,-22.2009590121008,75.9341867955668));
#2874=CARTESIAN_POINT('Ctrl Pts',(-13.,-22.5950763619563,77.4341867955668));
#2875=CARTESIAN_POINT('Ctrl Pts',(-13.,-22.5946000653792,77.4323580651457));
#2876=CARTESIAN_POINT('Ctrl Pts',(-12.9999966557451,-22.5941237549947,77.430529339538));
#2877=CARTESIAN_POINT('Ctrl Pts',(-12.9992531962535,-22.5411779169719,77.2272577937459));
#2878=CARTESIAN_POINT('Ctrl Pts',(-12.9579428233489,-22.4889746017318,77.0275659534053));
#2879=CARTESIAN_POINT('Ctrl Pts',(-12.7994591254839,-22.39230989765,76.6589674177964));
#2880=CARTESIAN_POINT('Ctrl Pts',(-12.6848832810263,-22.3485333837126,76.4926397340453));
#2881=CARTESIAN_POINT('Ctrl Pts',(-12.3999910069003,-22.2762454159288,76.2185718776591));
#2882=CARTESIAN_POINT('Ctrl Pts',(-12.2344426503296,-22.2479556501958,76.1116306365444));
#2883=CARTESIAN_POINT('Ctrl Pts',(-11.8765419263576,-22.2104675588524,75.9700289776769));
#2884=CARTESIAN_POINT('Ctrl Pts',(-11.6893447368956,-22.2009611113978,75.9341867955667));
#2885=CARTESIAN_POINT('Ctrl Pts',(-11.4999999999994,-22.2009611113976,75.9341867955668));
#2886=CARTESIAN_POINT('Origin',(-11.5,-3.69537040312284E-6,37.0000064806308));
#2887=CARTESIAN_POINT('Origin',(-11.5,11.1004795060488,77.4341867955669));
#2888=CARTESIAN_POINT('',(-13.,22.5950742308146,77.4341867955669));
#2889=CARTESIAN_POINT('',(-13.,11.1004795060488,77.4341867955669));
#2890=CARTESIAN_POINT('',(-11.5,22.2009590121002,75.9341867955669));
#2891=CARTESIAN_POINT('Ctrl Pts',(-13.,22.5950742308146,77.4341867955669));
#2892=CARTESIAN_POINT('Ctrl Pts',(-13.,22.5945979342754,77.4323580651461));
#2893=CARTESIAN_POINT('Ctrl Pts',(-12.9999966557451,22.5941216239289,77.4305293395385));
#2894=CARTESIAN_POINT('Ctrl Pts',(-12.9992531962571,22.5411757903647,77.2272577946985));
#2895=CARTESIAN_POINT('Ctrl Pts',(-12.9579428237409,22.4889724795615,77.0275659553533));
#2896=CARTESIAN_POINT('Ctrl Pts',(-12.7994591272737,22.3923077835789,76.6589674209404));
#2897=CARTESIAN_POINT('Ctrl Pts',(-12.684883283645,22.3485312732832,76.4926397375379));
#2898=CARTESIAN_POINT('Ctrl Pts',(-12.3999910109981,22.276243311256,76.2185718806616));
#2899=CARTESIAN_POINT('Ctrl Pts',(-12.2344426547345,22.2479535476974,76.1116306390122));
#2900=CARTESIAN_POINT('Ctrl Pts',(-11.8765419297309,22.2104654589427,75.9700289783156));
#2901=CARTESIAN_POINT('Ctrl Pts',(-11.6893447385795,22.2009590121002,75.9341867955669));
#2902=CARTESIAN_POINT('Ctrl Pts',(-11.5,22.2009590121002,75.9341867955669));
#2903=CARTESIAN_POINT('',(-11.5,11.1004795060488,75.9341867955669));
#2904=CARTESIAN_POINT('Origin',(-11.5,-1.3035128532124E-12,37.0000000000014));
#2905=CARTESIAN_POINT('',(-11.5,25.2933485994062,73.9999999880804));
#2906=CARTESIAN_POINT('Origin',(-11.5,-1.3035128532124E-12,37.0000000000014));
#2907=CARTESIAN_POINT('',(-13.,25.7528802706147,75.4999999880804));
#2908=CARTESIAN_POINT('Origin',(-13.,-1.30384592011978E-12,37.0000000000014));
#2909=CARTESIAN_POINT('Ctrl Pts',(-13.,25.7528802706147,75.4999999880804));
#2910=CARTESIAN_POINT('Ctrl Pts',(-13.,25.7523253149822,75.498172198425));
#2911=CARTESIAN_POINT('Ctrl Pts',(-12.999996659185,25.7517703432365,75.4963444147744));
#2912=CARTESIAN_POINT('Ctrl Pts',(-12.999597395058,25.7186066066479,75.3871241235272));
#2913=CARTESIAN_POINT('Ctrl Pts',(-12.98767239147,25.6860150555651,75.279994574269));
#2914=CARTESIAN_POINT('Ctrl Pts',(-12.9411350868958,25.6221090505959,75.0703232563272));
#2915=CARTESIAN_POINT('Ctrl Pts',(-12.9066926836145,25.5909176426592,74.9681836249549));
#2916=CARTESIAN_POINT('Ctrl Pts',(-12.7802241109466,25.5072641477608,74.6947171864527));
#2917=CARTESIAN_POINT('Ctrl Pts',(-12.6651350467247,25.4582600112664,74.5350874898903));
#2918=CARTESIAN_POINT('Ctrl Pts',(-12.3838242016112,25.3778185018596,74.2736014103249));
#2919=CARTESIAN_POINT('Ctrl Pts',(-12.222634952597,25.3464202827441,74.171827594239));
#2920=CARTESIAN_POINT('Ctrl Pts',(-11.872003756756,25.3041761897524,74.0350047878918));
#2921=CARTESIAN_POINT('Ctrl Pts',(-11.6871287461984,25.2933485994062,73.9999999880804));
#2922=CARTESIAN_POINT('Ctrl Pts',(-11.5,25.2933485994062,73.9999999880804));
#2923=CARTESIAN_POINT('Origin',(-11.5,38.4999999880768,49.6466742997058));
#2924=CARTESIAN_POINT('',(-11.5,36.9999999880768,62.2933485994103));
#2925=CARTESIAN_POINT('',(-11.5,36.9999999880768,73.5000000000014));
#2926=CARTESIAN_POINT('',(-11.5,36.9999999880768,49.6466742997058));
#2927=CARTESIAN_POINT('',(-13.,38.4999999880768,73.5000000000014));
#2928=CARTESIAN_POINT('Origin',(-11.5,38.4999999880768,73.5000000000014));
#2929=CARTESIAN_POINT('',(-13.,38.4999999880768,62.7528802706187));
#2930=CARTESIAN_POINT('',(-13.,38.4999999880768,49.6466742997058));
#2931=CARTESIAN_POINT('Ctrl Pts',(-13.,38.4999999880768,62.7528802706187));
#2932=CARTESIAN_POINT('Ctrl Pts',(-13.,38.4981721984247,62.7523253149873));
#2933=CARTESIAN_POINT('Ctrl Pts',(-12.999996659185,38.4963444147689,62.7517703432371));
#2934=CARTESIAN_POINT('Ctrl Pts',(-12.9995973950583,38.3871241235784,62.7186066067085));
#2935=CARTESIAN_POINT('Ctrl Pts',(-12.9876723914728,38.2799945742778,62.686015055573));
#2936=CARTESIAN_POINT('Ctrl Pts',(-12.9411350868958,38.0703232563236,62.6221090506));
#2937=CARTESIAN_POINT('Ctrl Pts',(-12.9066926836145,37.9681836249513,62.5909176426632));
#2938=CARTESIAN_POINT('Ctrl Pts',(-12.7802241109466,37.694717186449,62.5072641477648));
#2939=CARTESIAN_POINT('Ctrl Pts',(-12.6651350467247,37.5350874898867,62.4582600112704));
#2940=CARTESIAN_POINT('Ctrl Pts',(-12.3838242016112,37.2736014103213,62.3778185018636));
#2941=CARTESIAN_POINT('Ctrl Pts',(-12.222634952597,37.1718275942354,62.3464202827481));
#2942=CARTESIAN_POINT('Ctrl Pts',(-11.872003756756,37.0350047878881,62.3041761897564));
#2943=CARTESIAN_POINT('Ctrl Pts',(-11.6871287461984,36.9999999880768,62.2933485994102));
#2944=CARTESIAN_POINT('Ctrl Pts',(-11.5,36.9999999880768,62.2933485994102));
#2945=CARTESIAN_POINT('Origin',(-11.5,36.4999999999977,73.5000000000014));
#2946=CARTESIAN_POINT('',(-11.5,36.4999999999977,73.9999999880804));
#2947=CARTESIAN_POINT('',(-13.,36.4999999999978,75.4999999880804));
#2948=CARTESIAN_POINT('Origin',(-11.5,36.4999999999978,75.4999999880804));
#2949=CARTESIAN_POINT('Origin',(-13.,36.4999999999977,73.5000000000014));
#2950=CARTESIAN_POINT('Origin',(-11.5,36.4999999999977,73.5000000000014));
#2951=CARTESIAN_POINT('Origin',(-11.5,18.2499999999976,75.4999999880804));
#2952=CARTESIAN_POINT('',(-13.,18.2499999999976,75.4999999880804));
#2953=CARTESIAN_POINT('',(-11.5,18.2499999999976,73.9999999880804));
#2954=CARTESIAN_POINT('Origin',(-11.5,-36.5000000000027,73.5000000000014));
#2955=CARTESIAN_POINT('',(-11.5,-36.9999999880818,73.5000000000014));
#2956=CARTESIAN_POINT('',(-13.,-38.4999999880818,73.5000000000013));
#2957=CARTESIAN_POINT('Origin',(-11.5,-38.4999999880818,73.5000000000013));
#2958=CARTESIAN_POINT('Origin',(-13.,-36.5000000000027,73.5000000000014));
#2959=CARTESIAN_POINT('Origin',(-11.5,-36.5000000000027,73.5000000000014));
#2960=CARTESIAN_POINT('Origin',(-11.5,-38.4999999880818,55.2500000000013));
#2961=CARTESIAN_POINT('',(-13.,-38.4999999880818,55.2500000000013));
#2962=CARTESIAN_POINT('',(-11.5,-36.9999999880818,55.2500000000013));
#2963=CARTESIAN_POINT('Origin',(-11.5,-1.3035128532124E-12,37.0000000000014));
#2964=CARTESIAN_POINT('',(-11.5,38.9341867955642,59.2009590121029));
#2965=CARTESIAN_POINT('Origin',(-11.5,-1.3035128532124E-12,37.0000000000014));
#2966=CARTESIAN_POINT('',(-13.,40.4341867955642,59.5950742308221));
#2967=CARTESIAN_POINT('Origin',(-13.,-1.30384592011978E-12,37.0000000000014));
#2968=CARTESIAN_POINT('Ctrl Pts',(-13.,40.4341867955615,59.5950742308221));
#2969=CARTESIAN_POINT('Ctrl Pts',(-13.,40.4323580651445,59.5945979342838));
#2970=CARTESIAN_POINT('Ctrl Pts',(-12.999996655745,40.430529339532,59.5941216239307));
#2971=CARTESIAN_POINT('Ctrl Pts',(-12.9996075154254,40.3241332880708,59.5664088044255));
#2972=CARTESIAN_POINT('Ctrl Pts',(-12.9882914834742,40.2198300928217,59.5391913228815));
#2973=CARTESIAN_POINT('Ctrl Pts',(-12.9441393832106,40.0154169093041,59.4857560755816));
#2974=CARTESIAN_POINT('Ctrl Pts',(-12.9114482702452,39.9157254575977,59.4596480055967));
#2975=CARTESIAN_POINT('Ctrl Pts',(-12.7890681145889,39.6429988383476,59.3881075888231));
#2976=CARTESIAN_POINT('Ctrl Pts',(-12.6755315939204,39.4820061802527,59.3457291984476));
#2977=CARTESIAN_POINT('Ctrl Pts',(-12.3958060466693,39.2162050007104,59.275616360818));
#2978=CARTESIAN_POINT('Ctrl Pts',(-12.2340714764814,39.1121101106899,59.2480801074309));
#2979=CARTESIAN_POINT('Ctrl Pts',(-11.8811139163759,38.9712369381516,59.2107856198679));
#2980=CARTESIAN_POINT('Ctrl Pts',(-11.6942008290874,38.934825411874,59.201128293696));
#2981=CARTESIAN_POINT('Ctrl Pts',(-11.5033311104527,38.9341895693612,59.200959747369));
#2982=CARTESIAN_POINT('Ctrl Pts',(-11.5016654721493,38.9341867955642,59.2009590121029));
#2983=CARTESIAN_POINT('Ctrl Pts',(-11.5,38.9341867955642,59.2009590121029));
#2984=CARTESIAN_POINT('Origin',(-11.5,40.4341867955641,25.8995204939511));
#2985=CARTESIAN_POINT('',(-11.5,38.9341867955641,14.7990409879008));
#2986=CARTESIAN_POINT('',(-11.5,38.9341867955641,25.8995204939511));
#2987=CARTESIAN_POINT('',(-13.,40.4341867955641,14.4049257691864));
#2988=CARTESIAN_POINT('',(-13.,40.4341867955641,25.8995204939511));
#2989=CARTESIAN_POINT('Ctrl Pts',(-13.,40.4341867955641,14.4049257691864));
#2990=CARTESIAN_POINT('Ctrl Pts',(-13.,40.4323580651433,14.4054020657256));
#2991=CARTESIAN_POINT('Ctrl Pts',(-12.9999966557451,40.4305293395357,14.4058783760721));
#2992=CARTESIAN_POINT('Ctrl Pts',(-12.9992531962571,40.2272577946914,14.4588242096392));
#2993=CARTESIAN_POINT('Ctrl Pts',(-12.9579428237395,40.0275659553441,14.5110275204412));
#2994=CARTESIAN_POINT('Ctrl Pts',(-12.7994591272688,39.6589674209295,14.6076922164243));
#2995=CARTESIAN_POINT('Ctrl Pts',(-12.6848832836391,39.4926397375278,14.6514687267198));
#2996=CARTESIAN_POINT('Ctrl Pts',(-12.3999910109907,39.2185718806534,14.7237566887465));
#2997=CARTESIAN_POINT('Ctrl Pts',(-12.2344426547265,39.1116306390051,14.7520464523048));
#2998=CARTESIAN_POINT('Ctrl Pts',(-11.8765419297249,38.9700289783116,14.7895345410586));
#2999=CARTESIAN_POINT('Ctrl Pts',(-11.6893447385764,38.9341867955641,14.7990409879008));
#3000=CARTESIAN_POINT('Ctrl Pts',(-11.5,38.9341867955641,14.7990409879008));
#3001=CARTESIAN_POINT('Origin',(-11.5,-1.13031806137087E-12,37.0000000000011));
#3002=CARTESIAN_POINT('',(-11.5,36.9999999880768,11.7066514005935));
#3003=CARTESIAN_POINT('Origin',(-11.5,-1.13031806137087E-12,37.0000000000011));
#3004=CARTESIAN_POINT('',(-13.,38.4999999880768,11.247119729385));
#3005=CARTESIAN_POINT('Origin',(-13.,-1.13065112827826E-12,37.0000000000011));
#3006=CARTESIAN_POINT('Ctrl Pts',(-13.,38.4999999880768,11.247119729385));
#3007=CARTESIAN_POINT('Ctrl Pts',(-13.,38.4981721984229,11.2476746850169));
#3008=CARTESIAN_POINT('Ctrl Pts',(-12.999996659185,38.4963444147687,11.2482296567652));
#3009=CARTESIAN_POINT('Ctrl Pts',(-12.999597395058,38.3871241235514,11.2813933933234));
#3010=CARTESIAN_POINT('Ctrl Pts',(-12.9876723914713,38.279994574271,11.3139849444328));
#3011=CARTESIAN_POINT('Ctrl Pts',(-12.9411350868956,38.0703232563233,11.3778909494038));
#3012=CARTESIAN_POINT('Ctrl Pts',(-12.9066926836144,37.9681836249511,11.4090823573404));
#3013=CARTESIAN_POINT('Ctrl Pts',(-12.7802241109466,37.694717186449,11.4927358522388));
#3014=CARTESIAN_POINT('Ctrl Pts',(-12.6651350467247,37.5350874898867,11.5417399887333));
#3015=CARTESIAN_POINT('Ctrl Pts',(-12.3838242016111,37.2736014103212,11.6221814981401));
#3016=CARTESIAN_POINT('Ctrl Pts',(-12.222634952597,37.1718275942354,11.6535797172556));
#3017=CARTESIAN_POINT('Ctrl Pts',(-11.872003756756,37.0350047878881,11.6958238102473));
#3018=CARTESIAN_POINT('Ctrl Pts',(-11.6871287461983,36.9999999880768,11.7066514005935));
#3019=CARTESIAN_POINT('Ctrl Pts',(-11.5,36.9999999880768,11.7066514005935));
#3020=CARTESIAN_POINT('Origin',(-11.5,12.6466742997013,-1.49999998807772));
#3021=CARTESIAN_POINT('',(-11.5,25.2933485994051,1.19222792749341E-8));
#3022=CARTESIAN_POINT('',(-11.5,36.4999999999978,1.19222837158262E-8));
#3023=CARTESIAN_POINT('',(-11.5,12.6466742997013,1.19222773320438E-8));
#3024=CARTESIAN_POINT('',(-13.,36.4999999999978,-1.49999998807772));
#3025=CARTESIAN_POINT('Origin',(-11.5,36.4999999999978,-1.49999998807772));
#3026=CARTESIAN_POINT('',(-13.,25.7528802706136,-1.49999998807772));
#3027=CARTESIAN_POINT('',(-13.,12.6466742997013,-1.49999998807772));
#3028=CARTESIAN_POINT('Ctrl Pts',(-13.,25.7528802706136,-1.49999998807771));
#3029=CARTESIAN_POINT('Ctrl Pts',(-13.,25.7523253149827,-1.49817219842728));
#3030=CARTESIAN_POINT('Ctrl Pts',(-12.999996659185,25.7517703432299,-1.49634441476763));
#3031=CARTESIAN_POINT('Ctrl Pts',(-12.9995973950583,25.7186066067322,-1.38712412360665));
#3032=CARTESIAN_POINT('Ctrl Pts',(-12.9876723914741,25.6860150555696,-1.2799945742843));
#3033=CARTESIAN_POINT('Ctrl Pts',(-12.9411350868956,25.6221090505948,-1.07032325632418));
#3034=CARTESIAN_POINT('Ctrl Pts',(-12.9066926836144,25.5909176426582,-0.968183624952017));
#3035=CARTESIAN_POINT('Ctrl Pts',(-12.7802241109466,25.5072641477598,-0.694717186449969));
#3036=CARTESIAN_POINT('Ctrl Pts',(-12.6651350467247,25.4582600112654,-0.535087489887632));
#3037=CARTESIAN_POINT('Ctrl Pts',(-12.3838242016111,25.3778185018586,-0.273601410322158));
#3038=CARTESIAN_POINT('Ctrl Pts',(-12.222634952597,25.3464202827431,-0.171827594236317));
#3039=CARTESIAN_POINT('Ctrl Pts',(-11.8720037567559,25.3041761897514,-0.0350047878890256));
#3040=CARTESIAN_POINT('Ctrl Pts',(-11.6871287461983,25.2933485994052,1.19222792213001E-8));
#3041=CARTESIAN_POINT('Ctrl Pts',(-11.5,25.2933485994052,1.1922279730299E-8));
#3042=CARTESIAN_POINT('Origin',(-11.5,36.4999999999978,0.500000000001355));
#3043=CARTESIAN_POINT('',(-11.5,36.9999999880768,0.500000000001355));
#3044=CARTESIAN_POINT('',(-13.,38.4999999880768,0.500000000001354));
#3045=CARTESIAN_POINT('Origin',(-11.5,38.4999999880768,0.500000000001355));
#3046=CARTESIAN_POINT('Origin',(-13.,36.4999999999978,0.500000000001355));
#3047=CARTESIAN_POINT('Origin',(-11.5,36.4999999999978,0.500000000001355));
#3048=CARTESIAN_POINT('Origin',(-11.5,38.4999999880768,18.7500000000014));
#3049=CARTESIAN_POINT('',(-13.,38.4999999880768,18.7500000000014));
#3050=CARTESIAN_POINT('',(-11.5,36.9999999880768,18.7500000000014));
#3051=CARTESIAN_POINT('Origin',(-11.5,-36.5000000000027,0.500000000001338));
#3052=CARTESIAN_POINT('',(-11.5,-36.5000000000027,1.19222703931499E-8));
#3053=CARTESIAN_POINT('',(-13.,-36.5000000000028,-1.49999998807773));
#3054=CARTESIAN_POINT('Origin',(-11.5,-36.5000000000028,-1.49999998807773));
#3055=CARTESIAN_POINT('Origin',(-13.,-36.5000000000027,0.500000000001337));
#3056=CARTESIAN_POINT('Origin',(-11.5,-36.5000000000027,0.500000000001338));
#3057=CARTESIAN_POINT('Origin',(-11.5,-18.2500000000026,-1.49999998807772));
#3058=CARTESIAN_POINT('',(-13.,-18.2500000000026,-1.49999998807773));
#3059=CARTESIAN_POINT('',(-11.5,-18.2500000000026,1.19222734462632E-8));
#3060=CARTESIAN_POINT('Origin',(-11.5,-1.13031806137087E-12,37.0000000000011));
#3061=CARTESIAN_POINT('Origin',(-11.5,-1.13031806137087E-12,37.0000000000011));
#3062=CARTESIAN_POINT('Origin',(-13.,-1.13065112827826E-12,37.0000000000011));
#3063=CARTESIAN_POINT('Origin',(-0.999999999999996,-3.69537040079138E-6,
37.0000064806308));
#3064=CARTESIAN_POINT('',(-0.999999999999996,-22.2009590121008,75.9341867955668));
#3065=CARTESIAN_POINT('',(-4.,-25.2933503982662,73.9999999880804));
#3066=CARTESIAN_POINT('Origin',(-1.00000000000001,22.2009590121003,75.9341867955669));
#3067=CARTESIAN_POINT('',(-1.00000000000001,22.2009590121003,75.9341867955669));
#3068=CARTESIAN_POINT('Origin',(-0.999999999999996,-1.30118138486068E-12,
37.0000000000014));
#3069=CARTESIAN_POINT('',(-4.00000000000001,25.2933485994062,73.9999999880804));
#3070=CARTESIAN_POINT('Origin',(-4.00000000000001,36.4999999999977,73.9999999880804));
#3071=CARTESIAN_POINT('',(-4.00000000000001,36.4999999999977,73.9999999880804));
#3072=CARTESIAN_POINT('Origin',(-4.00000000000001,36.4999999999977,73.5000000000014));
#3073=CARTESIAN_POINT('',(-4.00000000000001,36.9999999880768,73.5000000000014));
#3074=CARTESIAN_POINT('Origin',(-4.00000000000001,36.9999999880768,62.2933485994103));
#3075=CARTESIAN_POINT('',(-4.00000000000001,36.9999999880768,62.2933485994103));
#3076=CARTESIAN_POINT('Origin',(-0.999999999999996,-1.30118138486068E-12,
37.0000000000014));
#3077=CARTESIAN_POINT('',(-1.00000000000001,38.9341867955642,59.2009590121029));
#3078=CARTESIAN_POINT('Origin',(-1.,38.9341867955641,14.7990409879008));
#3079=CARTESIAN_POINT('',(-1.,38.9341867955641,14.7990409879008));
#3080=CARTESIAN_POINT('Origin',(-0.999999999999996,-1.12798659301916E-12,
37.0000000000011));
#3081=CARTESIAN_POINT('',(-4.,36.9999999880768,11.7066514005935));
#3082=CARTESIAN_POINT('Origin',(-4.,36.9999999880768,0.500000000001357));
#3083=CARTESIAN_POINT('',(-4.,36.9999999880768,0.500000000001357));
#3084=CARTESIAN_POINT('Origin',(-4.,36.4999999999978,0.500000000001357));
#3085=CARTESIAN_POINT('',(-4.,36.4999999999978,1.19222853811607E-8));
#3086=CARTESIAN_POINT('Origin',(-3.99999999999999,25.2933485994051,1.19222809402686E-8));
#3087=CARTESIAN_POINT('',(-3.99999999999999,25.2933485994051,1.19222809402686E-8));
#3088=CARTESIAN_POINT('Origin',(-13.,-2.49134046725885E-12,37.0000000000014));
#3089=CARTESIAN_POINT('',(-13.,40.9999999880768,0.500000000001357));
#3090=CARTESIAN_POINT('',(-13.,40.9999999880768,73.5000000000014));
#3091=CARTESIAN_POINT('',(-13.,40.9999999880768,55.2500000000014));
#3092=CARTESIAN_POINT('',(-13.,36.4999999999977,-3.99999998807771));
#3093=CARTESIAN_POINT('Origin',(-13.,36.4999999999977,0.500000000001356));
#3094=CARTESIAN_POINT('',(-13.,-36.5000000000027,-3.99999998807773));
#3095=CARTESIAN_POINT('',(-13.,18.2499999999976,-3.99999998807771));
#3096=CARTESIAN_POINT('',(-13.,-40.9999999880818,0.500000000001338));
#3097=CARTESIAN_POINT('Origin',(-13.,-36.5000000000027,0.500000000001338));
#3098=CARTESIAN_POINT('',(-13.,-40.9999999880818,73.5000000000014));
#3099=CARTESIAN_POINT('',(-13.,-40.9999999880818,18.7500000000013));
#3100=CARTESIAN_POINT('',(-13.,-36.5000000000027,77.9999999880804));
#3101=CARTESIAN_POINT('Origin',(-13.,-36.5000000000027,73.5000000000014));
#3102=CARTESIAN_POINT('',(-13.,36.4999999999977,77.9999999880804));
#3103=CARTESIAN_POINT('',(-13.,-18.2500000000026,77.9999999880804));
#3104=CARTESIAN_POINT('Origin',(-13.,36.4999999999977,73.5000000000014));
#3105=CARTESIAN_POINT('Origin',(-1.00000000000001,41.9999999880768,72.4295337207197));
#3106=CARTESIAN_POINT('',(-4.50000000000001,42.9999999880768,72.4295337207197));
#3107=CARTESIAN_POINT('',(-1.00000000000001,41.4999999761536,73.2955591176202));
#3108=CARTESIAN_POINT('Origin',(-1.00000000000001,42.5,71.5635083238191));
#3109=CARTESIAN_POINT('',(-1.00000000000001,40.5,71.5635083238191));
#3110=CARTESIAN_POINT('Origin',(-1.00000000000001,42.9999999880768,73.5000000000014));
#3111=CARTESIAN_POINT('',(-3.00000000000001,42.9999999880768,73.5000000000014));
#3112=CARTESIAN_POINT('',(-1.00000000000001,42.9999999880768,73.5000000000014));
#3113=CARTESIAN_POINT('',(-3.,42.9999999880768,0.500000000001357));
#3114=CARTESIAN_POINT('',(-3.00000000000001,42.9999999880768,55.2500000000014));
#3115=CARTESIAN_POINT('',(-11.,42.9999999880768,0.500000000001356));
#3116=CARTESIAN_POINT('',(-1.,42.9999999880768,0.500000000001357));
#3117=CARTESIAN_POINT('',(-11.,42.9999999880768,73.5000000000014));
#3118=CARTESIAN_POINT('',(-11.,42.9999999880768,55.2500000000014));
#3119=CARTESIAN_POINT('',(-1.00000000000001,42.9999999880768,73.5000000000014));
#3120=CARTESIAN_POINT('Origin',(-0.99999999999999,-41.9999999880818,72.4295337207239));
#3121=CARTESIAN_POINT('',(-0.99999999999999,-41.4999999761636,73.2955591176273));
#3122=CARTESIAN_POINT('Origin',(-0.99999999999999,-42.5,71.5635083238204));
#3123=CARTESIAN_POINT('',(-0.99999999999999,-40.5,71.5635083238204));
#3124=CARTESIAN_POINT('Origin',(-0.999999999999992,-36.5000000000027,73.5000000000014));
#3125=CARTESIAN_POINT('',(-2.99999999999999,-36.5000000000027,79.9999999880804));
#3126=CARTESIAN_POINT('Origin',(-2.99999999999999,-36.5000000000027,73.5000000000014));
#3127=CARTESIAN_POINT('',(-0.999999999999993,-36.5000000000027,79.9999999880804));
#3128=CARTESIAN_POINT('Origin',(-1.00000000000001,36.4999999999977,73.5000000000014));
#3129=CARTESIAN_POINT('',(-11.,36.4999999999977,79.9999999880804));
#3130=CARTESIAN_POINT('Origin',(-11.,36.4999999999977,73.5000000000014));
#3131=CARTESIAN_POINT('',(-1.00000000000001,36.4999999999977,79.9999999880804));
#3132=CARTESIAN_POINT('Origin',(-1.00000000000001,36.4999999999977,73.5000000000014));
#3133=CARTESIAN_POINT('',(-3.00000000000001,36.4999999999977,79.9999999880804));
#3134=CARTESIAN_POINT('',(-1.00000000000001,36.4999999999977,79.9999999880804));
#3135=CARTESIAN_POINT('Origin',(-3.00000000000001,36.4999999999977,73.5000000000014));
#3136=CARTESIAN_POINT('Origin',(-11.,40.9999999880768,55.2500000000014));
#3137=CARTESIAN_POINT('Origin',(-11.,40.9999999880768,73.5000000000014));
#3138=CARTESIAN_POINT('Origin',(-11.,40.9999999880768,0.500000000001357));
#3139=CARTESIAN_POINT('Origin',(-11.,36.4999999999977,0.500000000001356));
#3140=CARTESIAN_POINT('',(-11.,36.4999999999977,-5.99999998807771));
#3141=CARTESIAN_POINT('Origin',(-11.,36.4999999999977,-3.99999998807771));
#3142=CARTESIAN_POINT('Origin',(-11.,36.4999999999977,0.500000000001356));
#3143=CARTESIAN_POINT('Origin',(-11.,18.2499999999976,-3.99999998807771));
#3144=CARTESIAN_POINT('',(-11.,-36.5000000000027,-5.99999998807773));
#3145=CARTESIAN_POINT('Origin',(-11.,-36.5000000000027,-3.99999998807773));
#3146=CARTESIAN_POINT('',(-11.,18.2499999999976,-5.99999998807772));
#3147=CARTESIAN_POINT('Origin',(-11.,-36.5000000000027,0.500000000001338));
#3148=CARTESIAN_POINT('Origin',(-11.,-40.9999999880818,0.500000000001338));
#3149=CARTESIAN_POINT('Origin',(-11.,-36.5000000000027,0.500000000001338));
#3150=CARTESIAN_POINT('Origin',(-11.,-40.9999999880818,18.7500000000013));
#3151=CARTESIAN_POINT('Origin',(-11.,-40.9999999880818,73.5000000000014));
#3152=CARTESIAN_POINT('Origin',(-11.,-36.5000000000027,73.5000000000014));
#3153=CARTESIAN_POINT('Origin',(-11.,-36.5000000000027,77.9999999880804));
#3154=CARTESIAN_POINT('Origin',(-11.,-18.2500000000026,77.9999999880804));
#3155=CARTESIAN_POINT('Origin',(-11.,36.4999999999977,77.9999999880804));
#3156=CARTESIAN_POINT('',(-11.,-18.2500000000026,79.9999999880804));
#3157=CARTESIAN_POINT('Origin',(-11.,36.4999999999977,73.5000000000014));
#3158=CARTESIAN_POINT('Origin',(-0.999999999999985,-36.5000000000027,0.500000000001339));
#3159=CARTESIAN_POINT('',(-2.99999999999998,-36.5000000000027,-5.99999998807773));
#3160=CARTESIAN_POINT('',(-0.999999999999983,-36.5000000000027,-5.99999998807773));
#3161=CARTESIAN_POINT('Origin',(-2.99999999999998,-36.5000000000027,0.500000000001339));
#3162=CARTESIAN_POINT('Origin',(-0.999999999999999,36.4999999999977,-5.99999998807771));
#3163=CARTESIAN_POINT('',(-3.,36.4999999999977,-5.99999998807771));
#3164=CARTESIAN_POINT('',(-0.999999999999999,36.4999999999977,-5.99999998807771));
#3165=CARTESIAN_POINT('',(-3.,18.2499999999976,-5.99999998807771));
#3166=CARTESIAN_POINT('Origin',(-1.,36.4999999999978,0.500000000001357));
#3167=CARTESIAN_POINT('Origin',(-3.,36.4999999999978,0.500000000001357));
#3168=CARTESIAN_POINT('Origin',(-4.49999999999998,-40.,-3.5));
#3169=CARTESIAN_POINT('',(-4.49999999999999,-40.5,-3.5));
#3170=CARTESIAN_POINT('',(-4.49999999999999,40.5,-3.49999999999998));
#3171=CARTESIAN_POINT('Origin',(-4.5,-40.5,78.9772255609078));
#3172=CARTESIAN_POINT('Origin',(-4.49999999999999,40.5,-2.99999999999999));
#3173=CARTESIAN_POINT('Origin',(-1.,38.9341867955641,14.7990409879008));
#3174=CARTESIAN_POINT('',(-1.,38.9341867955641,14.7990409879008));
#3175=CARTESIAN_POINT('',(-1.,38.9341867955641,14.7990409879008));
#3176=CARTESIAN_POINT('',(-1.00000000000001,38.9341867955642,59.2009590121029));
#3177=CARTESIAN_POINT('',(-1.00000000000001,38.9341867955642,59.2009590121029));
#3178=CARTESIAN_POINT('',(-1.00000000000001,38.9341867955642,59.2009590121029));
#3179=CARTESIAN_POINT('Origin',(-0.999999999999996,-1.30118138486068E-12,
37.0000000000014));
#3180=CARTESIAN_POINT('',(-1.00000000000001,22.2009590121003,75.9341867955669));
#3181=CARTESIAN_POINT('Origin',(-0.999999999999996,-1.30118138486068E-12,
37.0000000000014));
#3182=CARTESIAN_POINT('',(-1.00000000000001,22.2009590121003,75.9341867955669));
#3183=CARTESIAN_POINT('Origin',(-1.00000000000001,22.2009590121003,75.9341867955669));
#3184=CARTESIAN_POINT('',(-0.999999999999996,-22.2009590121008,75.9341867955668));
#3185=CARTESIAN_POINT('',(-0.999999999999996,-22.2009590121008,75.9341867955668));
#3186=CARTESIAN_POINT('',(-0.999999999999996,-22.2009590121008,75.9341867955668));
#3187=CARTESIAN_POINT('Origin',(-0.999999999999996,-1.12798659301916E-12,
37.0000000000011));
#3188=CARTESIAN_POINT('',(-0.999999999999997,22.2009590120992,-1.93418679556413));
#3189=CARTESIAN_POINT('',(-0.999999999999997,22.2009590120992,-1.93418679556413));
#3190=CARTESIAN_POINT('Origin',(-0.999999999999996,-1.12798659301916E-12,
37.0000000000011));
#3191=CARTESIAN_POINT('Origin',(-0.999999999999987,-22.2009590121026,-1.93418679556414));
#3192=CARTESIAN_POINT('',(-0.999999999999987,-22.2009590121026,-1.93418679556414));
#3193=CARTESIAN_POINT('',(-0.999999999999987,-22.2009590121026,-1.93418679556414));
#3194=CARTESIAN_POINT('',(-0.999999999999997,22.2009590120992,-1.93418679556413));
#3195=CARTESIAN_POINT('Origin',(-0.999999999999996,-3.69537040079138E-6,
37.0000064806308));
#3196=CARTESIAN_POINT('',(-0.999999999999988,-38.9341867955668,59.2009590121009));
#3197=CARTESIAN_POINT('Origin',(-0.999999999999996,-3.69537040079138E-6,
37.0000064806308));
#3198=CARTESIAN_POINT('',(-0.999999999999988,-38.9341867955668,59.2009590121009));
#3199=CARTESIAN_POINT('Origin',(-0.999999999999988,-38.9341867955668,59.2009590121009));
#3200=CARTESIAN_POINT('',(-0.999999999999987,-38.9341867955668,14.7990409879002));
#3201=CARTESIAN_POINT('',(-0.999999999999987,-38.9341867955668,14.7990409879002));
#3202=CARTESIAN_POINT('',(-0.999999999999987,-38.9341867955668,14.7990409879002));
#3203=CARTESIAN_POINT('Origin',(-0.999999999999996,-4.07221456555362E-8,
37.0000000825949));
#3204=CARTESIAN_POINT('Origin',(-0.999999999999996,-4.07221456555362E-8,
37.0000000825949));
#3205=CARTESIAN_POINT('Origin',(-0.999999999999993,-36.5000000000027,79.9999999880804));
#3206=CARTESIAN_POINT('',(-3.,-18.2500000000026,79.9999999880804));
#3207=CARTESIAN_POINT('Origin',(-4.,-25.2933503982662,73.9999999880804));
#3208=CARTESIAN_POINT('',(-4.,-36.5000000000027,73.9999999880804));
#3209=CARTESIAN_POINT('Origin',(-4.,-36.5000000000027,73.5000000000014));
#3210=CARTESIAN_POINT('',(-4.,-36.9999999880818,73.5000000000014));
#3211=CARTESIAN_POINT('Origin',(-4.,-36.9999999880818,73.5000000000014));
#3212=CARTESIAN_POINT('',(-3.99999999999999,-36.9999999880818,62.2933491091476));
#3213=CARTESIAN_POINT('Origin',(-0.999999999999996,-3.69537040079138E-6,
37.0000064806308));
#3214=CARTESIAN_POINT('',(-0.999999999999988,-38.9341867955668,59.2009590121009));
#3215=CARTESIAN_POINT('Origin',(-0.999999999999988,-38.9341867955668,59.2009590121009));
#3216=CARTESIAN_POINT('',(-0.999999999999987,-38.9341867955668,14.7990409879002));
#3217=CARTESIAN_POINT('Origin',(-0.999999999999996,-4.07221456555362E-8,
37.0000000825949));
#3218=CARTESIAN_POINT('',(-3.99999999999998,-36.9999999880818,11.7066513322274));
#3219=CARTESIAN_POINT('Origin',(-0.999999999999996,-1.12798659301916E-12,
37.0000000000011));
#3220=CARTESIAN_POINT('',(-0.999999999999997,22.2009590120992,-1.93418679556413));
#3221=CARTESIAN_POINT('Origin',(-0.999999999999987,-22.2009590121026,-1.93418679556414));
#3222=CARTESIAN_POINT('',(-0.999999999999987,-22.2009590121026,-1.93418679556414));
#3223=CARTESIAN_POINT('Origin',(-3.99999999999998,-36.9999999880818,11.7066513322274));
#3224=CARTESIAN_POINT('',(-3.99999999999998,-36.9999999880818,0.500000000001339));
#3225=CARTESIAN_POINT('Origin',(-0.999999999999996,-4.07221456555362E-8,
37.0000000825949));
#3226=CARTESIAN_POINT('',(-3.99999999999998,-25.293348610703,1.19222764993765E-8));
#3227=CARTESIAN_POINT('Origin',(-3.99999999999998,-36.5000000000027,0.500000000001339));
#3228=CARTESIAN_POINT('',(-3.99999999999998,-36.5000000000027,1.19222720584844E-8));
#3229=CARTESIAN_POINT('Origin',(-3.99999999999998,-36.5000000000027,1.19222720584844E-8));
#3230=CARTESIAN_POINT('Origin',(-3.00000000000001,36.4999999999977,73.5000000000014));
#3231=CARTESIAN_POINT('',(-1.00000000000001,36.4999999999977,77.9999999880804));
#3232=CARTESIAN_POINT('Origin',(-3.00000000000001,36.4999999999977,77.9999999880804));
#3233=CARTESIAN_POINT('',(-1.00000000000001,40.9999999880768,73.5000000000014));
#3234=CARTESIAN_POINT('Origin',(-1.00000000000001,36.4999999999977,73.5000000000014));
#3235=CARTESIAN_POINT('Origin',(-3.00000000000001,40.9999999880768,73.5000000000014));
#3236=CARTESIAN_POINT('Origin',(-3.00000000000001,40.9999999880768,55.2500000000014));
#3237=CARTESIAN_POINT('',(-1.,40.9999999880768,0.500000000001357));
#3238=CARTESIAN_POINT('Origin',(-3.,40.9999999880768,0.500000000001357));
#3239=CARTESIAN_POINT('',(-1.00000000000001,40.9999999880768,55.2500000000014));
#3240=CARTESIAN_POINT('Origin',(-3.,36.4999999999978,0.500000000001357));
#3241=CARTESIAN_POINT('',(-1.,36.4999999999978,-3.99999998807771));
#3242=CARTESIAN_POINT('Origin',(-3.,36.4999999999978,-3.99999998807771));
#3243=CARTESIAN_POINT('Origin',(-1.,36.4999999999978,0.500000000001357));
#3244=CARTESIAN_POINT('Origin',(-3.,18.2499999999976,-3.99999998807771));
#3245=CARTESIAN_POINT('',(-0.999999999999984,-36.5000000000027,-3.99999998807773));
#3246=CARTESIAN_POINT('Origin',(-2.99999999999998,-36.5000000000027,-3.99999998807773));
#3247=CARTESIAN_POINT('',(-0.999999999999996,18.2499999999976,-3.99999998807771));
#3248=CARTESIAN_POINT('Origin',(-2.99999999999998,-36.5000000000027,0.500000000001339));
#3249=CARTESIAN_POINT('',(-0.999999999999984,-40.9999999880818,0.500000000001339));
#3250=CARTESIAN_POINT('Origin',(-2.99999999999998,-40.9999999880818,0.500000000001339));
#3251=CARTESIAN_POINT('Origin',(-0.999999999999985,-36.5000000000027,0.500000000001339));
#3252=CARTESIAN_POINT('Origin',(-2.99999999999999,-40.9999999880818,18.7500000000013));
#3253=CARTESIAN_POINT('',(-0.999999999999991,-40.9999999880818,73.5000000000014));
#3254=CARTESIAN_POINT('Origin',(-2.99999999999999,-40.9999999880818,73.5000000000014));
#3255=CARTESIAN_POINT('',(-0.999999999999985,-40.9999999880818,18.7500000000013));
#3256=CARTESIAN_POINT('Origin',(-2.99999999999999,-36.5000000000027,73.5000000000014));
#3257=CARTESIAN_POINT('',(-0.999999999999992,-36.5000000000027,77.9999999880804));
#3258=CARTESIAN_POINT('Origin',(-2.99999999999999,-36.5000000000027,77.9999999880804));
#3259=CARTESIAN_POINT('Origin',(-0.999999999999992,-36.5000000000027,73.5000000000014));
#3260=CARTESIAN_POINT('Origin',(-3.,-18.2500000000026,77.9999999880804));
#3261=CARTESIAN_POINT('',(-0.999999999999997,-18.2500000000026,77.9999999880804));
#3262=CARTESIAN_POINT('Origin',(-0.999999999999993,-36.5000000000027,79.9999999880804));
#3263=CARTESIAN_POINT('Origin',(-0.999999999999996,-2.48689957516035E-12,
37.0000000000014));
#3264=UNCERTAINTY_MEASURE_WITH_UNIT(LENGTH_MEASURE(0.01),#3268,
'DISTANCE_ACCURACY_VALUE',
'Maximum model space distance between geometric entities at asserted c
onnectivities');
#3265=UNCERTAINTY_MEASURE_WITH_UNIT(LENGTH_MEASURE(0.01),#3268,
'DISTANCE_ACCURACY_VALUE',
'Maximum model space distance between geometric entities at asserted c
onnectivities');
#3266=(
GEOMETRIC_REPRESENTATION_CONTEXT(3)
GLOBAL_UNCERTAINTY_ASSIGNED_CONTEXT((#3264))
GLOBAL_UNIT_ASSIGNED_CONTEXT((#3268,#3269,#3270))
REPRESENTATION_CONTEXT('','3D')
);
#3267=(
GEOMETRIC_REPRESENTATION_CONTEXT(3)
GLOBAL_UNCERTAINTY_ASSIGNED_CONTEXT((#3265))
GLOBAL_UNIT_ASSIGNED_CONTEXT((#3268,#3269,#3270))
REPRESENTATION_CONTEXT('','3D')
);
#3268=(
LENGTH_UNIT()
NAMED_UNIT(*)
SI_UNIT(.MILLI.,.METRE.)
);
#3269=(
NAMED_UNIT(*)
PLANE_ANGLE_UNIT()
SI_UNIT($,.RADIAN.)
);
#3270=(
NAMED_UNIT(*)
SI_UNIT($,.STERADIAN.)
SOLID_ANGLE_UNIT()
);
#3271=SHAPE_DEFINITION_REPRESENTATION(#3272,#3273);
#3272=PRODUCT_DEFINITION_SHAPE('',$,#3275);
#3273=SHAPE_REPRESENTATION('',(#1770),#3266);
#3274=PRODUCT_DEFINITION_CONTEXT('part definition',#3279,'design');
#3275=PRODUCT_DEFINITION('None','Fume extractor v14',#3276,#3274);
#3276=PRODUCT_DEFINITION_FORMATION('',$,#3281);
#3277=PRODUCT_RELATED_PRODUCT_CATEGORY('Fume extractor v14',
'Fume extractor v14',(#3281));
#3278=APPLICATION_PROTOCOL_DEFINITION('international standard',
'automotive_design',2009,#3279);
#3279=APPLICATION_CONTEXT(
'Core Data for Automotive Mechanical Design Process');
#3280=PRODUCT_CONTEXT('part definition',#3279,'mechanical');
#3281=PRODUCT('None','Fume extractor v14','STEP AP203',(#3280));
#3282=PRESENTATION_STYLE_ASSIGNMENT((#3283));
#3283=SURFACE_STYLE_USAGE(.BOTH.,#3284);
#3284=SURFACE_SIDE_STYLE('',(#3285));
#3285=SURFACE_STYLE_FILL_AREA(#3286);
#3286=FILL_AREA_STYLE('Acciaio - Satinato',(#3287));
#3287=FILL_AREA_STYLE_COLOUR('Acciaio - Satinato',#3288);
#3288=COLOUR_RGB('Acciaio - Satinato',0.627450980392157,0.627450980392157,
0.627450980392157);
ENDSEC;
END-ISO-10303-21;
