ISO-10303-21;
HEADER;
/* Generated by software containing ST-Developer
 * from STEP Tools, Inc. (www.steptools.com) 
 */

FILE_DESCRIPTION(
/* description */ (''),
/* implementation_level */ '2;1');

FILE_NAME(
/* name */ 'FilterHolder.step',
/* time_stamp */ '2026-07-21T21:57:03+02:00',
/* author */ (''),
/* organization */ (''),
/* preprocessor_version */ 'ST-DEVELOPER v20.1',
/* originating_system */ 'Autodesk Translation Framework v15.8.0.0',
/* authorisation */ '');

FILE_SCHEMA (('AUTOMOTIVE_DESIGN { 1 0 10303 214 3 1 1 }'));
ENDSEC;

DATA;
#10=MECHANICAL_DESIGN_GEOMETRIC_PRESENTATION_REPRESENTATION('',(#13),#14015);
#11=SHAPE_REPRESENTATION_RELATIONSHIP('SRR','None',#14022,#12);
#12=ADVANCED_BREP_SHAPE_REPRESENTATION('',(#14),#14014);
#13=STYLED_ITEM('',(#14031),#14);
#14=MANIFOLD_SOLID_BREP('Corpo4',#8971);
#15=FACE_BOUND('',#1410,.T.);
#16=FACE_BOUND('',#1411,.T.);
#17=FACE_BOUND('',#1412,.T.);
#18=FACE_BOUND('',#1413,.T.);
#19=FACE_BOUND('',#1414,.T.);
#20=FACE_BOUND('',#1415,.T.);
#21=FACE_BOUND('',#1416,.T.);
#22=FACE_BOUND('',#1417,.T.);
#23=FACE_BOUND('',#1418,.T.);
#24=FACE_BOUND('',#1419,.T.);
#25=FACE_BOUND('',#1420,.T.);
#26=FACE_BOUND('',#1421,.T.);
#27=FACE_BOUND('',#1422,.T.);
#28=FACE_BOUND('',#1423,.T.);
#29=FACE_BOUND('',#1424,.T.);
#30=FACE_BOUND('',#1425,.T.);
#31=FACE_BOUND('',#1426,.T.);
#32=FACE_BOUND('',#1427,.T.);
#33=FACE_BOUND('',#1428,.T.);
#34=FACE_BOUND('',#1429,.T.);
#35=FACE_BOUND('',#1430,.T.);
#36=FACE_BOUND('',#1431,.T.);
#37=FACE_BOUND('',#1432,.T.);
#38=FACE_BOUND('',#1433,.T.);
#39=FACE_BOUND('',#1434,.T.);
#40=FACE_BOUND('',#1435,.T.);
#41=FACE_BOUND('',#1436,.T.);
#42=FACE_BOUND('',#1437,.T.);
#43=FACE_BOUND('',#1438,.T.);
#44=FACE_BOUND('',#1439,.T.);
#45=FACE_BOUND('',#1440,.T.);
#46=FACE_BOUND('',#1441,.T.);
#47=FACE_BOUND('',#1442,.T.);
#48=FACE_BOUND('',#1443,.T.);
#49=FACE_BOUND('',#1444,.T.);
#50=FACE_BOUND('',#1445,.T.);
#51=FACE_BOUND('',#1446,.T.);
#52=FACE_BOUND('',#1447,.T.);
#53=FACE_BOUND('',#1448,.T.);
#54=FACE_BOUND('',#1449,.T.);
#55=FACE_BOUND('',#1450,.T.);
#56=FACE_BOUND('',#1451,.T.);
#57=FACE_BOUND('',#1452,.T.);
#58=FACE_BOUND('',#1453,.T.);
#59=FACE_BOUND('',#1454,.T.);
#60=FACE_BOUND('',#1455,.T.);
#61=FACE_BOUND('',#1456,.T.);
#62=FACE_BOUND('',#1457,.T.);
#63=FACE_BOUND('',#1458,.T.);
#64=FACE_BOUND('',#1459,.T.);
#65=FACE_BOUND('',#1460,.T.);
#66=FACE_BOUND('',#1461,.T.);
#67=FACE_BOUND('',#1462,.T.);
#68=FACE_BOUND('',#1463,.T.);
#69=FACE_BOUND('',#1464,.T.);
#70=FACE_BOUND('',#1465,.T.);
#71=FACE_BOUND('',#1466,.T.);
#72=FACE_BOUND('',#1467,.T.);
#73=FACE_BOUND('',#1468,.T.);
#74=FACE_BOUND('',#1469,.T.);
#75=FACE_BOUND('',#1470,.T.);
#76=FACE_BOUND('',#1471,.T.);
#77=FACE_BOUND('',#1472,.T.);
#78=FACE_BOUND('',#1473,.T.);
#79=FACE_BOUND('',#1474,.T.);
#80=FACE_BOUND('',#1475,.T.);
#81=FACE_BOUND('',#1476,.T.);
#82=FACE_BOUND('',#1477,.T.);
#83=FACE_BOUND('',#1478,.T.);
#84=FACE_BOUND('',#1479,.T.);
#85=FACE_BOUND('',#1480,.T.);
#86=FACE_BOUND('',#1481,.T.);
#87=FACE_BOUND('',#1482,.T.);
#88=FACE_BOUND('',#1483,.T.);
#89=FACE_BOUND('',#1484,.T.);
#90=FACE_BOUND('',#1485,.T.);
#91=FACE_BOUND('',#1487,.T.);
#92=FACE_BOUND('',#1488,.T.);
#93=FACE_BOUND('',#1489,.T.);
#94=FACE_BOUND('',#1490,.T.);
#95=FACE_BOUND('',#1491,.T.);
#96=FACE_BOUND('',#1492,.T.);
#97=FACE_BOUND('',#1493,.T.);
#98=FACE_BOUND('',#1494,.T.);
#99=FACE_BOUND('',#1495,.T.);
#100=FACE_BOUND('',#1496,.T.);
#101=FACE_BOUND('',#1497,.T.);
#102=FACE_BOUND('',#1498,.T.);
#103=FACE_BOUND('',#1499,.T.);
#104=FACE_BOUND('',#1500,.T.);
#105=FACE_BOUND('',#1501,.T.);
#106=FACE_BOUND('',#1502,.T.);
#107=FACE_BOUND('',#1503,.T.);
#108=FACE_BOUND('',#1504,.T.);
#109=FACE_BOUND('',#1505,.T.);
#110=FACE_BOUND('',#1506,.T.);
#111=FACE_BOUND('',#1507,.T.);
#112=FACE_BOUND('',#1508,.T.);
#113=FACE_BOUND('',#1509,.T.);
#114=FACE_BOUND('',#1510,.T.);
#115=FACE_BOUND('',#1511,.T.);
#116=FACE_BOUND('',#1512,.T.);
#117=FACE_BOUND('',#1513,.T.);
#118=FACE_BOUND('',#1514,.T.);
#119=FACE_BOUND('',#1515,.T.);
#120=FACE_BOUND('',#1516,.T.);
#121=FACE_BOUND('',#1517,.T.);
#122=FACE_BOUND('',#1518,.T.);
#123=FACE_BOUND('',#1519,.T.);
#124=FACE_BOUND('',#1520,.T.);
#125=FACE_BOUND('',#1521,.T.);
#126=FACE_BOUND('',#1522,.T.);
#127=FACE_BOUND('',#1523,.T.);
#128=FACE_BOUND('',#1524,.T.);
#129=FACE_BOUND('',#1525,.T.);
#130=FACE_BOUND('',#1526,.T.);
#131=FACE_BOUND('',#1527,.T.);
#132=FACE_BOUND('',#1528,.T.);
#133=FACE_BOUND('',#1529,.T.);
#134=FACE_BOUND('',#1530,.T.);
#135=FACE_BOUND('',#1531,.T.);
#136=FACE_BOUND('',#1532,.T.);
#137=FACE_BOUND('',#1533,.T.);
#138=FACE_BOUND('',#1534,.T.);
#139=FACE_BOUND('',#1535,.T.);
#140=FACE_BOUND('',#1536,.T.);
#141=FACE_BOUND('',#1537,.T.);
#142=FACE_BOUND('',#1538,.T.);
#143=FACE_BOUND('',#1539,.T.);
#144=FACE_BOUND('',#1540,.T.);
#145=FACE_BOUND('',#1541,.T.);
#146=FACE_BOUND('',#1542,.T.);
#147=FACE_BOUND('',#1543,.T.);
#148=FACE_BOUND('',#1544,.T.);
#149=FACE_BOUND('',#1545,.T.);
#150=FACE_BOUND('',#1546,.T.);
#151=FACE_BOUND('',#1547,.T.);
#152=FACE_BOUND('',#1548,.T.);
#153=FACE_BOUND('',#1549,.T.);
#154=FACE_BOUND('',#1550,.T.);
#155=FACE_BOUND('',#1551,.T.);
#156=FACE_BOUND('',#1552,.T.);
#157=FACE_BOUND('',#1553,.T.);
#158=FACE_BOUND('',#1554,.T.);
#159=FACE_BOUND('',#1555,.T.);
#160=FACE_BOUND('',#1556,.T.);
#161=FACE_BOUND('',#1557,.T.);
#162=FACE_BOUND('',#1558,.T.);
#163=FACE_BOUND('',#1559,.T.);
#164=FACE_BOUND('',#1560,.T.);
#165=FACE_BOUND('',#1561,.T.);
#166=FACE_BOUND('',#1562,.T.);
#167=PLANE('',#8991);
#168=PLANE('',#8992);
#169=PLANE('',#8993);
#170=PLANE('',#8994);
#171=PLANE('',#8995);
#172=PLANE('',#8996);
#173=PLANE('',#8997);
#174=PLANE('',#8998);
#175=PLANE('',#8999);
#176=PLANE('',#9000);
#177=PLANE('',#9001);
#178=PLANE('',#9002);
#179=PLANE('',#9003);
#180=PLANE('',#9004);
#181=PLANE('',#9005);
#182=PLANE('',#9006);
#183=PLANE('',#9007);
#184=PLANE('',#9008);
#185=PLANE('',#9009);
#186=PLANE('',#9010);
#187=PLANE('',#9011);
#188=PLANE('',#9012);
#189=PLANE('',#9013);
#190=PLANE('',#9014);
#191=PLANE('',#9015);
#192=PLANE('',#9016);
#193=PLANE('',#9017);
#194=PLANE('',#9018);
#195=PLANE('',#9019);
#196=PLANE('',#9020);
#197=PLANE('',#9021);
#198=PLANE('',#9022);
#199=PLANE('',#9023);
#200=PLANE('',#9024);
#201=PLANE('',#9025);
#202=PLANE('',#9026);
#203=PLANE('',#9027);
#204=PLANE('',#9028);
#205=PLANE('',#9029);
#206=PLANE('',#9030);
#207=PLANE('',#9031);
#208=PLANE('',#9032);
#209=PLANE('',#9033);
#210=PLANE('',#9034);
#211=PLANE('',#9035);
#212=PLANE('',#9036);
#213=PLANE('',#9037);
#214=PLANE('',#9038);
#215=PLANE('',#9039);
#216=PLANE('',#9040);
#217=PLANE('',#9041);
#218=PLANE('',#9042);
#219=PLANE('',#9043);
#220=PLANE('',#9044);
#221=PLANE('',#9045);
#222=PLANE('',#9046);
#223=PLANE('',#9047);
#224=PLANE('',#9048);
#225=PLANE('',#9049);
#226=PLANE('',#9050);
#227=PLANE('',#9051);
#228=PLANE('',#9052);
#229=PLANE('',#9053);
#230=PLANE('',#9054);
#231=PLANE('',#9055);
#232=PLANE('',#9056);
#233=PLANE('',#9057);
#234=PLANE('',#9058);
#235=PLANE('',#9059);
#236=PLANE('',#9060);
#237=PLANE('',#9061);
#238=PLANE('',#9062);
#239=PLANE('',#9063);
#240=PLANE('',#9064);
#241=PLANE('',#9065);
#242=PLANE('',#9066);
#243=PLANE('',#9067);
#244=PLANE('',#9068);
#245=PLANE('',#9069);
#246=PLANE('',#9070);
#247=PLANE('',#9071);
#248=PLANE('',#9072);
#249=PLANE('',#9073);
#250=PLANE('',#9074);
#251=PLANE('',#9075);
#252=PLANE('',#9076);
#253=PLANE('',#9077);
#254=PLANE('',#9078);
#255=PLANE('',#9079);
#256=PLANE('',#9080);
#257=PLANE('',#9081);
#258=PLANE('',#9082);
#259=PLANE('',#9083);
#260=PLANE('',#9084);
#261=PLANE('',#9085);
#262=PLANE('',#9086);
#263=PLANE('',#9087);
#264=PLANE('',#9088);
#265=PLANE('',#9089);
#266=PLANE('',#9090);
#267=PLANE('',#9091);
#268=PLANE('',#9092);
#269=PLANE('',#9093);
#270=PLANE('',#9094);
#271=PLANE('',#9095);
#272=PLANE('',#9096);
#273=PLANE('',#9097);
#274=PLANE('',#9098);
#275=PLANE('',#9099);
#276=PLANE('',#9100);
#277=PLANE('',#9101);
#278=PLANE('',#9102);
#279=PLANE('',#9103);
#280=PLANE('',#9104);
#281=PLANE('',#9105);
#282=PLANE('',#9106);
#283=PLANE('',#9107);
#284=PLANE('',#9108);
#285=PLANE('',#9109);
#286=PLANE('',#9110);
#287=PLANE('',#9111);
#288=PLANE('',#9112);
#289=PLANE('',#9113);
#290=PLANE('',#9114);
#291=PLANE('',#9115);
#292=PLANE('',#9116);
#293=PLANE('',#9117);
#294=PLANE('',#9118);
#295=PLANE('',#9119);
#296=PLANE('',#9120);
#297=PLANE('',#9121);
#298=PLANE('',#9122);
#299=PLANE('',#9123);
#300=PLANE('',#9124);
#301=PLANE('',#9125);
#302=PLANE('',#9126);
#303=PLANE('',#9127);
#304=PLANE('',#9128);
#305=PLANE('',#9129);
#306=PLANE('',#9130);
#307=PLANE('',#9131);
#308=PLANE('',#9132);
#309=PLANE('',#9133);
#310=PLANE('',#9134);
#311=PLANE('',#9135);
#312=PLANE('',#9136);
#313=PLANE('',#9137);
#314=PLANE('',#9138);
#315=PLANE('',#9139);
#316=PLANE('',#9140);
#317=PLANE('',#9141);
#318=PLANE('',#9142);
#319=PLANE('',#9143);
#320=PLANE('',#9144);
#321=PLANE('',#9145);
#322=PLANE('',#9146);
#323=PLANE('',#9147);
#324=PLANE('',#9148);
#325=PLANE('',#9149);
#326=PLANE('',#9150);
#327=PLANE('',#9151);
#328=PLANE('',#9152);
#329=PLANE('',#9153);
#330=PLANE('',#9154);
#331=PLANE('',#9155);
#332=PLANE('',#9156);
#333=PLANE('',#9157);
#334=PLANE('',#9158);
#335=PLANE('',#9159);
#336=PLANE('',#9160);
#337=PLANE('',#9161);
#338=PLANE('',#9162);
#339=PLANE('',#9163);
#340=PLANE('',#9164);
#341=PLANE('',#9165);
#342=PLANE('',#9166);
#343=PLANE('',#9167);
#344=PLANE('',#9168);
#345=PLANE('',#9169);
#346=PLANE('',#9170);
#347=PLANE('',#9171);
#348=PLANE('',#9172);
#349=PLANE('',#9173);
#350=PLANE('',#9174);
#351=PLANE('',#9175);
#352=PLANE('',#9176);
#353=PLANE('',#9177);
#354=PLANE('',#9178);
#355=PLANE('',#9179);
#356=PLANE('',#9180);
#357=PLANE('',#9181);
#358=PLANE('',#9182);
#359=PLANE('',#9183);
#360=PLANE('',#9184);
#361=PLANE('',#9185);
#362=PLANE('',#9186);
#363=PLANE('',#9187);
#364=PLANE('',#9188);
#365=PLANE('',#9189);
#366=PLANE('',#9190);
#367=PLANE('',#9191);
#368=PLANE('',#9192);
#369=PLANE('',#9193);
#370=PLANE('',#9194);
#371=PLANE('',#9195);
#372=PLANE('',#9196);
#373=PLANE('',#9197);
#374=PLANE('',#9198);
#375=PLANE('',#9199);
#376=PLANE('',#9200);
#377=PLANE('',#9201);
#378=PLANE('',#9202);
#379=PLANE('',#9203);
#380=PLANE('',#9204);
#381=PLANE('',#9205);
#382=PLANE('',#9206);
#383=PLANE('',#9207);
#384=PLANE('',#9208);
#385=PLANE('',#9209);
#386=PLANE('',#9210);
#387=PLANE('',#9211);
#388=PLANE('',#9212);
#389=PLANE('',#9213);
#390=PLANE('',#9214);
#391=PLANE('',#9215);
#392=PLANE('',#9216);
#393=PLANE('',#9217);
#394=PLANE('',#9218);
#395=PLANE('',#9219);
#396=PLANE('',#9220);
#397=PLANE('',#9221);
#398=PLANE('',#9222);
#399=PLANE('',#9223);
#400=PLANE('',#9224);
#401=PLANE('',#9225);
#402=PLANE('',#9226);
#403=PLANE('',#9227);
#404=PLANE('',#9228);
#405=PLANE('',#9229);
#406=PLANE('',#9230);
#407=PLANE('',#9231);
#408=PLANE('',#9232);
#409=PLANE('',#9233);
#410=PLANE('',#9234);
#411=PLANE('',#9235);
#412=PLANE('',#9236);
#413=PLANE('',#9237);
#414=PLANE('',#9238);
#415=PLANE('',#9239);
#416=PLANE('',#9240);
#417=PLANE('',#9241);
#418=PLANE('',#9242);
#419=PLANE('',#9243);
#420=PLANE('',#9244);
#421=PLANE('',#9245);
#422=PLANE('',#9246);
#423=PLANE('',#9247);
#424=PLANE('',#9248);
#425=PLANE('',#9249);
#426=PLANE('',#9250);
#427=PLANE('',#9251);
#428=PLANE('',#9252);
#429=PLANE('',#9253);
#430=PLANE('',#9254);
#431=PLANE('',#9255);
#432=PLANE('',#9256);
#433=PLANE('',#9257);
#434=PLANE('',#9258);
#435=PLANE('',#9259);
#436=PLANE('',#9260);
#437=PLANE('',#9261);
#438=PLANE('',#9262);
#439=PLANE('',#9263);
#440=PLANE('',#9264);
#441=PLANE('',#9265);
#442=PLANE('',#9266);
#443=PLANE('',#9267);
#444=PLANE('',#9268);
#445=PLANE('',#9269);
#446=PLANE('',#9270);
#447=PLANE('',#9271);
#448=PLANE('',#9272);
#449=PLANE('',#9273);
#450=PLANE('',#9274);
#451=PLANE('',#9275);
#452=PLANE('',#9276);
#453=PLANE('',#9277);
#454=PLANE('',#9278);
#455=PLANE('',#9279);
#456=PLANE('',#9280);
#457=PLANE('',#9281);
#458=PLANE('',#9282);
#459=PLANE('',#9283);
#460=PLANE('',#9284);
#461=PLANE('',#9285);
#462=PLANE('',#9286);
#463=PLANE('',#9287);
#464=PLANE('',#9288);
#465=PLANE('',#9289);
#466=PLANE('',#9290);
#467=PLANE('',#9291);
#468=PLANE('',#9292);
#469=PLANE('',#9293);
#470=PLANE('',#9294);
#471=PLANE('',#9295);
#472=PLANE('',#9296);
#473=PLANE('',#9297);
#474=PLANE('',#9298);
#475=PLANE('',#9299);
#476=PLANE('',#9300);
#477=PLANE('',#9301);
#478=PLANE('',#9302);
#479=PLANE('',#9303);
#480=PLANE('',#9304);
#481=PLANE('',#9305);
#482=PLANE('',#9306);
#483=PLANE('',#9307);
#484=PLANE('',#9308);
#485=PLANE('',#9309);
#486=PLANE('',#9310);
#487=PLANE('',#9311);
#488=PLANE('',#9312);
#489=PLANE('',#9313);
#490=PLANE('',#9314);
#491=PLANE('',#9315);
#492=PLANE('',#9316);
#493=PLANE('',#9317);
#494=PLANE('',#9318);
#495=PLANE('',#9319);
#496=PLANE('',#9320);
#497=PLANE('',#9321);
#498=PLANE('',#9322);
#499=PLANE('',#9323);
#500=PLANE('',#9324);
#501=PLANE('',#9325);
#502=PLANE('',#9326);
#503=PLANE('',#9327);
#504=PLANE('',#9328);
#505=PLANE('',#9329);
#506=PLANE('',#9330);
#507=PLANE('',#9331);
#508=PLANE('',#9332);
#509=PLANE('',#9333);
#510=PLANE('',#9334);
#511=PLANE('',#9335);
#512=PLANE('',#9336);
#513=PLANE('',#9337);
#514=PLANE('',#9338);
#515=PLANE('',#9339);
#516=PLANE('',#9340);
#517=PLANE('',#9341);
#518=PLANE('',#9342);
#519=PLANE('',#9343);
#520=PLANE('',#9344);
#521=PLANE('',#9345);
#522=PLANE('',#9346);
#523=PLANE('',#9347);
#524=PLANE('',#9348);
#525=PLANE('',#9349);
#526=PLANE('',#9350);
#527=PLANE('',#9351);
#528=PLANE('',#9352);
#529=PLANE('',#9353);
#530=PLANE('',#9354);
#531=PLANE('',#9355);
#532=PLANE('',#9356);
#533=PLANE('',#9357);
#534=PLANE('',#9358);
#535=PLANE('',#9359);
#536=PLANE('',#9360);
#537=PLANE('',#9361);
#538=PLANE('',#9362);
#539=PLANE('',#9363);
#540=PLANE('',#9364);
#541=PLANE('',#9365);
#542=PLANE('',#9366);
#543=PLANE('',#9367);
#544=PLANE('',#9368);
#545=PLANE('',#9369);
#546=PLANE('',#9370);
#547=PLANE('',#9371);
#548=PLANE('',#9372);
#549=PLANE('',#9373);
#550=PLANE('',#9374);
#551=PLANE('',#9375);
#552=PLANE('',#9376);
#553=PLANE('',#9377);
#554=PLANE('',#9378);
#555=PLANE('',#9379);
#556=PLANE('',#9380);
#557=PLANE('',#9381);
#558=PLANE('',#9382);
#559=PLANE('',#9383);
#560=PLANE('',#9384);
#561=PLANE('',#9385);
#562=PLANE('',#9386);
#563=PLANE('',#9387);
#564=PLANE('',#9388);
#565=PLANE('',#9389);
#566=PLANE('',#9390);
#567=PLANE('',#9391);
#568=PLANE('',#9392);
#569=PLANE('',#9393);
#570=PLANE('',#9394);
#571=PLANE('',#9395);
#572=PLANE('',#9396);
#573=PLANE('',#9397);
#574=PLANE('',#9398);
#575=PLANE('',#9399);
#576=PLANE('',#9400);
#577=(
BOUNDED_CURVE()
B_SPLINE_CURVE(5,(#11492,#11493,#11494,#11495,#11496,#11497,#11498,#11499,
#11500,#11501),.UNSPECIFIED.,.F.,.F.)
B_SPLINE_CURVE_WITH_KNOTS((6,1,1,1,1,6),(0.,0.2,0.4,0.6,0.8,1.),
 .UNSPECIFIED.)
CURVE()
GEOMETRIC_REPRESENTATION_ITEM()
RATIONAL_B_SPLINE_CURVE((1.,1.,1.,1.,1.,1.,1.,1.,1.,1.))
REPRESENTATION_ITEM('')
);
#578=(
BOUNDED_CURVE()
B_SPLINE_CURVE(5,(#11505,#11506,#11507,#11508,#11509,#11510,#11511,#11512,
#11513,#11514),.UNSPECIFIED.,.F.,.F.)
B_SPLINE_CURVE_WITH_KNOTS((6,1,1,1,1,6),(0.,0.2,0.4,0.6,0.8,1.),
 .UNSPECIFIED.)
CURVE()
GEOMETRIC_REPRESENTATION_ITEM()
RATIONAL_B_SPLINE_CURVE((1.,1.,1.,1.,1.,1.,1.,1.,1.,1.))
REPRESENTATION_ITEM('')
);
#579=(
BOUNDED_CURVE()
B_SPLINE_CURVE(5,(#11543,#11544,#11545,#11546,#11547,#11548,#11549,#11550,
#11551,#11552),.UNSPECIFIED.,.F.,.F.)
B_SPLINE_CURVE_WITH_KNOTS((6,1,1,1,1,6),(0.,0.2,0.4,0.6,0.8,1.),
 .UNSPECIFIED.)
CURVE()
GEOMETRIC_REPRESENTATION_ITEM()
RATIONAL_B_SPLINE_CURVE((1.,1.,1.,1.,1.,1.,1.,1.,1.,1.))
REPRESENTATION_ITEM('')
);
#580=(
BOUNDED_CURVE()
B_SPLINE_CURVE(5,(#11554,#11555,#11556,#11557,#11558,#11559,#11560,#11561,
#11562,#11563),.UNSPECIFIED.,.F.,.F.)
B_SPLINE_CURVE_WITH_KNOTS((6,1,1,1,1,6),(-1.,-0.8,-0.6,-0.4,-0.2,0.),
 .UNSPECIFIED.)
CURVE()
GEOMETRIC_REPRESENTATION_ITEM()
RATIONAL_B_SPLINE_CURVE((1.,1.,1.,1.,1.,1.,1.,1.,1.,1.))
REPRESENTATION_ITEM('')
);
#581=(
BOUNDED_SURFACE()
B_SPLINE_SURFACE(5,1,((#11470,#11471),(#11472,#11473),(#11474,#11475),(#11476,
#11477),(#11478,#11479),(#11480,#11481),(#11482,#11483),(#11484,#11485),
(#11486,#11487),(#11488,#11489)),.UNSPECIFIED.,.F.,.F.,.F.)
B_SPLINE_SURFACE_WITH_KNOTS((6,1,1,1,1,6),(2,2),(0.,0.2,0.4,0.6,0.8,1.),
(0.,0.15),.UNSPECIFIED.)
GEOMETRIC_REPRESENTATION_ITEM()
RATIONAL_B_SPLINE_SURFACE(((1.,1.),(1.,1.),(1.,1.),(1.,1.),(1.,1.),(1.,
1.),(1.,1.),(1.,1.),(1.,1.),(1.,1.)))
REPRESENTATION_ITEM('')
SURFACE()
);
#582=(
BOUNDED_SURFACE()
B_SPLINE_SURFACE(5,1,((#11522,#11523),(#11524,#11525),(#11526,#11527),(#11528,
#11529),(#11530,#11531),(#11532,#11533),(#11534,#11535),(#11536,#11537),
(#11538,#11539),(#11540,#11541)),.UNSPECIFIED.,.F.,.F.,.F.)
B_SPLINE_SURFACE_WITH_KNOTS((6,1,1,1,1,6),(2,2),(-1.,-0.8,-0.6,-0.4,-0.2,
0.),(0.,0.15),.UNSPECIFIED.)
GEOMETRIC_REPRESENTATION_ITEM()
RATIONAL_B_SPLINE_SURFACE(((1.,1.),(1.,1.),(1.,1.),(1.,1.),(1.,1.),(1.,
1.),(1.,1.),(1.,1.),(1.,1.),(1.,1.)))
REPRESENTATION_ITEM('')
SURFACE()
);
#583=FACE_OUTER_BOUND('',#997,.T.);
#584=FACE_OUTER_BOUND('',#998,.T.);
#585=FACE_OUTER_BOUND('',#999,.T.);
#586=FACE_OUTER_BOUND('',#1000,.T.);
#587=FACE_OUTER_BOUND('',#1001,.T.);
#588=FACE_OUTER_BOUND('',#1002,.T.);
#589=FACE_OUTER_BOUND('',#1003,.T.);
#590=FACE_OUTER_BOUND('',#1004,.T.);
#591=FACE_OUTER_BOUND('',#1005,.T.);
#592=FACE_OUTER_BOUND('',#1006,.T.);
#593=FACE_OUTER_BOUND('',#1007,.T.);
#594=FACE_OUTER_BOUND('',#1008,.T.);
#595=FACE_OUTER_BOUND('',#1009,.T.);
#596=FACE_OUTER_BOUND('',#1010,.T.);
#597=FACE_OUTER_BOUND('',#1011,.T.);
#598=FACE_OUTER_BOUND('',#1012,.T.);
#599=FACE_OUTER_BOUND('',#1013,.T.);
#600=FACE_OUTER_BOUND('',#1014,.T.);
#601=FACE_OUTER_BOUND('',#1015,.T.);
#602=FACE_OUTER_BOUND('',#1016,.T.);
#603=FACE_OUTER_BOUND('',#1017,.T.);
#604=FACE_OUTER_BOUND('',#1018,.T.);
#605=FACE_OUTER_BOUND('',#1019,.T.);
#606=FACE_OUTER_BOUND('',#1020,.T.);
#607=FACE_OUTER_BOUND('',#1021,.T.);
#608=FACE_OUTER_BOUND('',#1022,.T.);
#609=FACE_OUTER_BOUND('',#1023,.T.);
#610=FACE_OUTER_BOUND('',#1024,.T.);
#611=FACE_OUTER_BOUND('',#1025,.T.);
#612=FACE_OUTER_BOUND('',#1026,.T.);
#613=FACE_OUTER_BOUND('',#1027,.T.);
#614=FACE_OUTER_BOUND('',#1028,.T.);
#615=FACE_OUTER_BOUND('',#1029,.T.);
#616=FACE_OUTER_BOUND('',#1030,.T.);
#617=FACE_OUTER_BOUND('',#1031,.T.);
#618=FACE_OUTER_BOUND('',#1032,.T.);
#619=FACE_OUTER_BOUND('',#1033,.T.);
#620=FACE_OUTER_BOUND('',#1034,.T.);
#621=FACE_OUTER_BOUND('',#1035,.T.);
#622=FACE_OUTER_BOUND('',#1036,.T.);
#623=FACE_OUTER_BOUND('',#1037,.T.);
#624=FACE_OUTER_BOUND('',#1038,.T.);
#625=FACE_OUTER_BOUND('',#1039,.T.);
#626=FACE_OUTER_BOUND('',#1040,.T.);
#627=FACE_OUTER_BOUND('',#1041,.T.);
#628=FACE_OUTER_BOUND('',#1042,.T.);
#629=FACE_OUTER_BOUND('',#1043,.T.);
#630=FACE_OUTER_BOUND('',#1044,.T.);
#631=FACE_OUTER_BOUND('',#1045,.T.);
#632=FACE_OUTER_BOUND('',#1046,.T.);
#633=FACE_OUTER_BOUND('',#1047,.T.);
#634=FACE_OUTER_BOUND('',#1048,.T.);
#635=FACE_OUTER_BOUND('',#1049,.T.);
#636=FACE_OUTER_BOUND('',#1050,.T.);
#637=FACE_OUTER_BOUND('',#1051,.T.);
#638=FACE_OUTER_BOUND('',#1052,.T.);
#639=FACE_OUTER_BOUND('',#1053,.T.);
#640=FACE_OUTER_BOUND('',#1054,.T.);
#641=FACE_OUTER_BOUND('',#1055,.T.);
#642=FACE_OUTER_BOUND('',#1056,.T.);
#643=FACE_OUTER_BOUND('',#1057,.T.);
#644=FACE_OUTER_BOUND('',#1058,.T.);
#645=FACE_OUTER_BOUND('',#1059,.T.);
#646=FACE_OUTER_BOUND('',#1060,.T.);
#647=FACE_OUTER_BOUND('',#1061,.T.);
#648=FACE_OUTER_BOUND('',#1062,.T.);
#649=FACE_OUTER_BOUND('',#1063,.T.);
#650=FACE_OUTER_BOUND('',#1064,.T.);
#651=FACE_OUTER_BOUND('',#1065,.T.);
#652=FACE_OUTER_BOUND('',#1066,.T.);
#653=FACE_OUTER_BOUND('',#1067,.T.);
#654=FACE_OUTER_BOUND('',#1068,.T.);
#655=FACE_OUTER_BOUND('',#1069,.T.);
#656=FACE_OUTER_BOUND('',#1070,.T.);
#657=FACE_OUTER_BOUND('',#1071,.T.);
#658=FACE_OUTER_BOUND('',#1072,.T.);
#659=FACE_OUTER_BOUND('',#1073,.T.);
#660=FACE_OUTER_BOUND('',#1074,.T.);
#661=FACE_OUTER_BOUND('',#1075,.T.);
#662=FACE_OUTER_BOUND('',#1076,.T.);
#663=FACE_OUTER_BOUND('',#1077,.T.);
#664=FACE_OUTER_BOUND('',#1078,.T.);
#665=FACE_OUTER_BOUND('',#1079,.T.);
#666=FACE_OUTER_BOUND('',#1080,.T.);
#667=FACE_OUTER_BOUND('',#1081,.T.);
#668=FACE_OUTER_BOUND('',#1082,.T.);
#669=FACE_OUTER_BOUND('',#1083,.T.);
#670=FACE_OUTER_BOUND('',#1084,.T.);
#671=FACE_OUTER_BOUND('',#1085,.T.);
#672=FACE_OUTER_BOUND('',#1086,.T.);
#673=FACE_OUTER_BOUND('',#1087,.T.);
#674=FACE_OUTER_BOUND('',#1088,.T.);
#675=FACE_OUTER_BOUND('',#1089,.T.);
#676=FACE_OUTER_BOUND('',#1090,.T.);
#677=FACE_OUTER_BOUND('',#1091,.T.);
#678=FACE_OUTER_BOUND('',#1092,.T.);
#679=FACE_OUTER_BOUND('',#1093,.T.);
#680=FACE_OUTER_BOUND('',#1094,.T.);
#681=FACE_OUTER_BOUND('',#1095,.T.);
#682=FACE_OUTER_BOUND('',#1096,.T.);
#683=FACE_OUTER_BOUND('',#1097,.T.);
#684=FACE_OUTER_BOUND('',#1098,.T.);
#685=FACE_OUTER_BOUND('',#1099,.T.);
#686=FACE_OUTER_BOUND('',#1100,.T.);
#687=FACE_OUTER_BOUND('',#1101,.T.);
#688=FACE_OUTER_BOUND('',#1102,.T.);
#689=FACE_OUTER_BOUND('',#1103,.T.);
#690=FACE_OUTER_BOUND('',#1104,.T.);
#691=FACE_OUTER_BOUND('',#1105,.T.);
#692=FACE_OUTER_BOUND('',#1106,.T.);
#693=FACE_OUTER_BOUND('',#1107,.T.);
#694=FACE_OUTER_BOUND('',#1108,.T.);
#695=FACE_OUTER_BOUND('',#1109,.T.);
#696=FACE_OUTER_BOUND('',#1110,.T.);
#697=FACE_OUTER_BOUND('',#1111,.T.);
#698=FACE_OUTER_BOUND('',#1112,.T.);
#699=FACE_OUTER_BOUND('',#1113,.T.);
#700=FACE_OUTER_BOUND('',#1114,.T.);
#701=FACE_OUTER_BOUND('',#1115,.T.);
#702=FACE_OUTER_BOUND('',#1116,.T.);
#703=FACE_OUTER_BOUND('',#1117,.T.);
#704=FACE_OUTER_BOUND('',#1118,.T.);
#705=FACE_OUTER_BOUND('',#1119,.T.);
#706=FACE_OUTER_BOUND('',#1120,.T.);
#707=FACE_OUTER_BOUND('',#1121,.T.);
#708=FACE_OUTER_BOUND('',#1122,.T.);
#709=FACE_OUTER_BOUND('',#1123,.T.);
#710=FACE_OUTER_BOUND('',#1124,.T.);
#711=FACE_OUTER_BOUND('',#1125,.T.);
#712=FACE_OUTER_BOUND('',#1126,.T.);
#713=FACE_OUTER_BOUND('',#1127,.T.);
#714=FACE_OUTER_BOUND('',#1128,.T.);
#715=FACE_OUTER_BOUND('',#1129,.T.);
#716=FACE_OUTER_BOUND('',#1130,.T.);
#717=FACE_OUTER_BOUND('',#1131,.T.);
#718=FACE_OUTER_BOUND('',#1132,.T.);
#719=FACE_OUTER_BOUND('',#1133,.T.);
#720=FACE_OUTER_BOUND('',#1134,.T.);
#721=FACE_OUTER_BOUND('',#1135,.T.);
#722=FACE_OUTER_BOUND('',#1136,.T.);
#723=FACE_OUTER_BOUND('',#1137,.T.);
#724=FACE_OUTER_BOUND('',#1138,.T.);
#725=FACE_OUTER_BOUND('',#1139,.T.);
#726=FACE_OUTER_BOUND('',#1140,.T.);
#727=FACE_OUTER_BOUND('',#1141,.T.);
#728=FACE_OUTER_BOUND('',#1142,.T.);
#729=FACE_OUTER_BOUND('',#1143,.T.);
#730=FACE_OUTER_BOUND('',#1144,.T.);
#731=FACE_OUTER_BOUND('',#1145,.T.);
#732=FACE_OUTER_BOUND('',#1146,.T.);
#733=FACE_OUTER_BOUND('',#1147,.T.);
#734=FACE_OUTER_BOUND('',#1148,.T.);
#735=FACE_OUTER_BOUND('',#1149,.T.);
#736=FACE_OUTER_BOUND('',#1150,.T.);
#737=FACE_OUTER_BOUND('',#1151,.T.);
#738=FACE_OUTER_BOUND('',#1152,.T.);
#739=FACE_OUTER_BOUND('',#1153,.T.);
#740=FACE_OUTER_BOUND('',#1154,.T.);
#741=FACE_OUTER_BOUND('',#1155,.T.);
#742=FACE_OUTER_BOUND('',#1156,.T.);
#743=FACE_OUTER_BOUND('',#1157,.T.);
#744=FACE_OUTER_BOUND('',#1158,.T.);
#745=FACE_OUTER_BOUND('',#1159,.T.);
#746=FACE_OUTER_BOUND('',#1160,.T.);
#747=FACE_OUTER_BOUND('',#1161,.T.);
#748=FACE_OUTER_BOUND('',#1162,.T.);
#749=FACE_OUTER_BOUND('',#1163,.T.);
#750=FACE_OUTER_BOUND('',#1164,.T.);
#751=FACE_OUTER_BOUND('',#1165,.T.);
#752=FACE_OUTER_BOUND('',#1166,.T.);
#753=FACE_OUTER_BOUND('',#1167,.T.);
#754=FACE_OUTER_BOUND('',#1168,.T.);
#755=FACE_OUTER_BOUND('',#1169,.T.);
#756=FACE_OUTER_BOUND('',#1170,.T.);
#757=FACE_OUTER_BOUND('',#1171,.T.);
#758=FACE_OUTER_BOUND('',#1172,.T.);
#759=FACE_OUTER_BOUND('',#1173,.T.);
#760=FACE_OUTER_BOUND('',#1174,.T.);
#761=FACE_OUTER_BOUND('',#1175,.T.);
#762=FACE_OUTER_BOUND('',#1176,.T.);
#763=FACE_OUTER_BOUND('',#1177,.T.);
#764=FACE_OUTER_BOUND('',#1178,.T.);
#765=FACE_OUTER_BOUND('',#1179,.T.);
#766=FACE_OUTER_BOUND('',#1180,.T.);
#767=FACE_OUTER_BOUND('',#1181,.T.);
#768=FACE_OUTER_BOUND('',#1182,.T.);
#769=FACE_OUTER_BOUND('',#1183,.T.);
#770=FACE_OUTER_BOUND('',#1184,.T.);
#771=FACE_OUTER_BOUND('',#1185,.T.);
#772=FACE_OUTER_BOUND('',#1186,.T.);
#773=FACE_OUTER_BOUND('',#1187,.T.);
#774=FACE_OUTER_BOUND('',#1188,.T.);
#775=FACE_OUTER_BOUND('',#1189,.T.);
#776=FACE_OUTER_BOUND('',#1190,.T.);
#777=FACE_OUTER_BOUND('',#1191,.T.);
#778=FACE_OUTER_BOUND('',#1192,.T.);
#779=FACE_OUTER_BOUND('',#1193,.T.);
#780=FACE_OUTER_BOUND('',#1194,.T.);
#781=FACE_OUTER_BOUND('',#1195,.T.);
#782=FACE_OUTER_BOUND('',#1196,.T.);
#783=FACE_OUTER_BOUND('',#1197,.T.);
#784=FACE_OUTER_BOUND('',#1198,.T.);
#785=FACE_OUTER_BOUND('',#1199,.T.);
#786=FACE_OUTER_BOUND('',#1200,.T.);
#787=FACE_OUTER_BOUND('',#1201,.T.);
#788=FACE_OUTER_BOUND('',#1202,.T.);
#789=FACE_OUTER_BOUND('',#1203,.T.);
#790=FACE_OUTER_BOUND('',#1204,.T.);
#791=FACE_OUTER_BOUND('',#1205,.T.);
#792=FACE_OUTER_BOUND('',#1206,.T.);
#793=FACE_OUTER_BOUND('',#1207,.T.);
#794=FACE_OUTER_BOUND('',#1208,.T.);
#795=FACE_OUTER_BOUND('',#1209,.T.);
#796=FACE_OUTER_BOUND('',#1210,.T.);
#797=FACE_OUTER_BOUND('',#1211,.T.);
#798=FACE_OUTER_BOUND('',#1212,.T.);
#799=FACE_OUTER_BOUND('',#1213,.T.);
#800=FACE_OUTER_BOUND('',#1214,.T.);
#801=FACE_OUTER_BOUND('',#1215,.T.);
#802=FACE_OUTER_BOUND('',#1216,.T.);
#803=FACE_OUTER_BOUND('',#1217,.T.);
#804=FACE_OUTER_BOUND('',#1218,.T.);
#805=FACE_OUTER_BOUND('',#1219,.T.);
#806=FACE_OUTER_BOUND('',#1220,.T.);
#807=FACE_OUTER_BOUND('',#1221,.T.);
#808=FACE_OUTER_BOUND('',#1222,.T.);
#809=FACE_OUTER_BOUND('',#1223,.T.);
#810=FACE_OUTER_BOUND('',#1224,.T.);
#811=FACE_OUTER_BOUND('',#1225,.T.);
#812=FACE_OUTER_BOUND('',#1226,.T.);
#813=FACE_OUTER_BOUND('',#1227,.T.);
#814=FACE_OUTER_BOUND('',#1228,.T.);
#815=FACE_OUTER_BOUND('',#1229,.T.);
#816=FACE_OUTER_BOUND('',#1230,.T.);
#817=FACE_OUTER_BOUND('',#1231,.T.);
#818=FACE_OUTER_BOUND('',#1232,.T.);
#819=FACE_OUTER_BOUND('',#1233,.T.);
#820=FACE_OUTER_BOUND('',#1234,.T.);
#821=FACE_OUTER_BOUND('',#1235,.T.);
#822=FACE_OUTER_BOUND('',#1236,.T.);
#823=FACE_OUTER_BOUND('',#1237,.T.);
#824=FACE_OUTER_BOUND('',#1238,.T.);
#825=FACE_OUTER_BOUND('',#1239,.T.);
#826=FACE_OUTER_BOUND('',#1240,.T.);
#827=FACE_OUTER_BOUND('',#1241,.T.);
#828=FACE_OUTER_BOUND('',#1242,.T.);
#829=FACE_OUTER_BOUND('',#1243,.T.);
#830=FACE_OUTER_BOUND('',#1244,.T.);
#831=FACE_OUTER_BOUND('',#1245,.T.);
#832=FACE_OUTER_BOUND('',#1246,.T.);
#833=FACE_OUTER_BOUND('',#1247,.T.);
#834=FACE_OUTER_BOUND('',#1248,.T.);
#835=FACE_OUTER_BOUND('',#1249,.T.);
#836=FACE_OUTER_BOUND('',#1250,.T.);
#837=FACE_OUTER_BOUND('',#1251,.T.);
#838=FACE_OUTER_BOUND('',#1252,.T.);
#839=FACE_OUTER_BOUND('',#1253,.T.);
#840=FACE_OUTER_BOUND('',#1254,.T.);
#841=FACE_OUTER_BOUND('',#1255,.T.);
#842=FACE_OUTER_BOUND('',#1256,.T.);
#843=FACE_OUTER_BOUND('',#1257,.T.);
#844=FACE_OUTER_BOUND('',#1258,.T.);
#845=FACE_OUTER_BOUND('',#1259,.T.);
#846=FACE_OUTER_BOUND('',#1260,.T.);
#847=FACE_OUTER_BOUND('',#1261,.T.);
#848=FACE_OUTER_BOUND('',#1262,.T.);
#849=FACE_OUTER_BOUND('',#1263,.T.);
#850=FACE_OUTER_BOUND('',#1264,.T.);
#851=FACE_OUTER_BOUND('',#1265,.T.);
#852=FACE_OUTER_BOUND('',#1266,.T.);
#853=FACE_OUTER_BOUND('',#1267,.T.);
#854=FACE_OUTER_BOUND('',#1268,.T.);
#855=FACE_OUTER_BOUND('',#1269,.T.);
#856=FACE_OUTER_BOUND('',#1270,.T.);
#857=FACE_OUTER_BOUND('',#1271,.T.);
#858=FACE_OUTER_BOUND('',#1272,.T.);
#859=FACE_OUTER_BOUND('',#1273,.T.);
#860=FACE_OUTER_BOUND('',#1274,.T.);
#861=FACE_OUTER_BOUND('',#1275,.T.);
#862=FACE_OUTER_BOUND('',#1276,.T.);
#863=FACE_OUTER_BOUND('',#1277,.T.);
#864=FACE_OUTER_BOUND('',#1278,.T.);
#865=FACE_OUTER_BOUND('',#1279,.T.);
#866=FACE_OUTER_BOUND('',#1280,.T.);
#867=FACE_OUTER_BOUND('',#1281,.T.);
#868=FACE_OUTER_BOUND('',#1282,.T.);
#869=FACE_OUTER_BOUND('',#1283,.T.);
#870=FACE_OUTER_BOUND('',#1284,.T.);
#871=FACE_OUTER_BOUND('',#1285,.T.);
#872=FACE_OUTER_BOUND('',#1286,.T.);
#873=FACE_OUTER_BOUND('',#1287,.T.);
#874=FACE_OUTER_BOUND('',#1288,.T.);
#875=FACE_OUTER_BOUND('',#1289,.T.);
#876=FACE_OUTER_BOUND('',#1290,.T.);
#877=FACE_OUTER_BOUND('',#1291,.T.);
#878=FACE_OUTER_BOUND('',#1292,.T.);
#879=FACE_OUTER_BOUND('',#1293,.T.);
#880=FACE_OUTER_BOUND('',#1294,.T.);
#881=FACE_OUTER_BOUND('',#1295,.T.);
#882=FACE_OUTER_BOUND('',#1296,.T.);
#883=FACE_OUTER_BOUND('',#1297,.T.);
#884=FACE_OUTER_BOUND('',#1298,.T.);
#885=FACE_OUTER_BOUND('',#1299,.T.);
#886=FACE_OUTER_BOUND('',#1300,.T.);
#887=FACE_OUTER_BOUND('',#1301,.T.);
#888=FACE_OUTER_BOUND('',#1302,.T.);
#889=FACE_OUTER_BOUND('',#1303,.T.);
#890=FACE_OUTER_BOUND('',#1304,.T.);
#891=FACE_OUTER_BOUND('',#1305,.T.);
#892=FACE_OUTER_BOUND('',#1306,.T.);
#893=FACE_OUTER_BOUND('',#1307,.T.);
#894=FACE_OUTER_BOUND('',#1308,.T.);
#895=FACE_OUTER_BOUND('',#1309,.T.);
#896=FACE_OUTER_BOUND('',#1310,.T.);
#897=FACE_OUTER_BOUND('',#1311,.T.);
#898=FACE_OUTER_BOUND('',#1312,.T.);
#899=FACE_OUTER_BOUND('',#1313,.T.);
#900=FACE_OUTER_BOUND('',#1314,.T.);
#901=FACE_OUTER_BOUND('',#1315,.T.);
#902=FACE_OUTER_BOUND('',#1316,.T.);
#903=FACE_OUTER_BOUND('',#1317,.T.);
#904=FACE_OUTER_BOUND('',#1318,.T.);
#905=FACE_OUTER_BOUND('',#1319,.T.);
#906=FACE_OUTER_BOUND('',#1320,.T.);
#907=FACE_OUTER_BOUND('',#1321,.T.);
#908=FACE_OUTER_BOUND('',#1322,.T.);
#909=FACE_OUTER_BOUND('',#1323,.T.);
#910=FACE_OUTER_BOUND('',#1324,.T.);
#911=FACE_OUTER_BOUND('',#1325,.T.);
#912=FACE_OUTER_BOUND('',#1326,.T.);
#913=FACE_OUTER_BOUND('',#1327,.T.);
#914=FACE_OUTER_BOUND('',#1328,.T.);
#915=FACE_OUTER_BOUND('',#1329,.T.);
#916=FACE_OUTER_BOUND('',#1330,.T.);
#917=FACE_OUTER_BOUND('',#1331,.T.);
#918=FACE_OUTER_BOUND('',#1332,.T.);
#919=FACE_OUTER_BOUND('',#1333,.T.);
#920=FACE_OUTER_BOUND('',#1334,.T.);
#921=FACE_OUTER_BOUND('',#1335,.T.);
#922=FACE_OUTER_BOUND('',#1336,.T.);
#923=FACE_OUTER_BOUND('',#1337,.T.);
#924=FACE_OUTER_BOUND('',#1338,.T.);
#925=FACE_OUTER_BOUND('',#1339,.T.);
#926=FACE_OUTER_BOUND('',#1340,.T.);
#927=FACE_OUTER_BOUND('',#1341,.T.);
#928=FACE_OUTER_BOUND('',#1342,.T.);
#929=FACE_OUTER_BOUND('',#1343,.T.);
#930=FACE_OUTER_BOUND('',#1344,.T.);
#931=FACE_OUTER_BOUND('',#1345,.T.);
#932=FACE_OUTER_BOUND('',#1346,.T.);
#933=FACE_OUTER_BOUND('',#1347,.T.);
#934=FACE_OUTER_BOUND('',#1348,.T.);
#935=FACE_OUTER_BOUND('',#1349,.T.);
#936=FACE_OUTER_BOUND('',#1350,.T.);
#937=FACE_OUTER_BOUND('',#1351,.T.);
#938=FACE_OUTER_BOUND('',#1352,.T.);
#939=FACE_OUTER_BOUND('',#1353,.T.);
#940=FACE_OUTER_BOUND('',#1354,.T.);
#941=FACE_OUTER_BOUND('',#1355,.T.);
#942=FACE_OUTER_BOUND('',#1356,.T.);
#943=FACE_OUTER_BOUND('',#1357,.T.);
#944=FACE_OUTER_BOUND('',#1358,.T.);
#945=FACE_OUTER_BOUND('',#1359,.T.);
#946=FACE_OUTER_BOUND('',#1360,.T.);
#947=FACE_OUTER_BOUND('',#1361,.T.);
#948=FACE_OUTER_BOUND('',#1362,.T.);
#949=FACE_OUTER_BOUND('',#1363,.T.);
#950=FACE_OUTER_BOUND('',#1364,.T.);
#951=FACE_OUTER_BOUND('',#1365,.T.);
#952=FACE_OUTER_BOUND('',#1366,.T.);
#953=FACE_OUTER_BOUND('',#1367,.T.);
#954=FACE_OUTER_BOUND('',#1368,.T.);
#955=FACE_OUTER_BOUND('',#1369,.T.);
#956=FACE_OUTER_BOUND('',#1370,.T.);
#957=FACE_OUTER_BOUND('',#1371,.T.);
#958=FACE_OUTER_BOUND('',#1372,.T.);
#959=FACE_OUTER_BOUND('',#1373,.T.);
#960=FACE_OUTER_BOUND('',#1374,.T.);
#961=FACE_OUTER_BOUND('',#1375,.T.);
#962=FACE_OUTER_BOUND('',#1376,.T.);
#963=FACE_OUTER_BOUND('',#1377,.T.);
#964=FACE_OUTER_BOUND('',#1378,.T.);
#965=FACE_OUTER_BOUND('',#1379,.T.);
#966=FACE_OUTER_BOUND('',#1380,.T.);
#967=FACE_OUTER_BOUND('',#1381,.T.);
#968=FACE_OUTER_BOUND('',#1382,.T.);
#969=FACE_OUTER_BOUND('',#1383,.T.);
#970=FACE_OUTER_BOUND('',#1384,.T.);
#971=FACE_OUTER_BOUND('',#1385,.T.);
#972=FACE_OUTER_BOUND('',#1386,.T.);
#973=FACE_OUTER_BOUND('',#1387,.T.);
#974=FACE_OUTER_BOUND('',#1388,.T.);
#975=FACE_OUTER_BOUND('',#1389,.T.);
#976=FACE_OUTER_BOUND('',#1390,.T.);
#977=FACE_OUTER_BOUND('',#1391,.T.);
#978=FACE_OUTER_BOUND('',#1392,.T.);
#979=FACE_OUTER_BOUND('',#1393,.T.);
#980=FACE_OUTER_BOUND('',#1394,.T.);
#981=FACE_OUTER_BOUND('',#1395,.T.);
#982=FACE_OUTER_BOUND('',#1396,.T.);
#983=FACE_OUTER_BOUND('',#1397,.T.);
#984=FACE_OUTER_BOUND('',#1398,.T.);
#985=FACE_OUTER_BOUND('',#1399,.T.);
#986=FACE_OUTER_BOUND('',#1400,.T.);
#987=FACE_OUTER_BOUND('',#1401,.T.);
#988=FACE_OUTER_BOUND('',#1402,.T.);
#989=FACE_OUTER_BOUND('',#1403,.T.);
#990=FACE_OUTER_BOUND('',#1404,.T.);
#991=FACE_OUTER_BOUND('',#1405,.T.);
#992=FACE_OUTER_BOUND('',#1406,.T.);
#993=FACE_OUTER_BOUND('',#1407,.T.);
#994=FACE_OUTER_BOUND('',#1408,.T.);
#995=FACE_OUTER_BOUND('',#1409,.T.);
#996=FACE_OUTER_BOUND('',#1486,.T.);
#997=EDGE_LOOP('',(#6083,#6084,#6085,#6086));
#998=EDGE_LOOP('',(#6087,#6088,#6089,#6090));
#999=EDGE_LOOP('',(#6091,#6092,#6093,#6094));
#1000=EDGE_LOOP('',(#6095,#6096,#6097,#6098));
#1001=EDGE_LOOP('',(#6099,#6100,#6101,#6102));
#1002=EDGE_LOOP('',(#6103,#6104,#6105,#6106));
#1003=EDGE_LOOP('',(#6107,#6108,#6109,#6110));
#1004=EDGE_LOOP('',(#6111,#6112,#6113,#6114));
#1005=EDGE_LOOP('',(#6115,#6116,#6117,#6118));
#1006=EDGE_LOOP('',(#6119,#6120,#6121,#6122));
#1007=EDGE_LOOP('',(#6123,#6124,#6125,#6126));
#1008=EDGE_LOOP('',(#6127,#6128,#6129,#6130));
#1009=EDGE_LOOP('',(#6131,#6132,#6133,#6134));
#1010=EDGE_LOOP('',(#6135,#6136,#6137,#6138));
#1011=EDGE_LOOP('',(#6139,#6140,#6141,#6142));
#1012=EDGE_LOOP('',(#6143,#6144,#6145,#6146));
#1013=EDGE_LOOP('',(#6147,#6148,#6149,#6150));
#1014=EDGE_LOOP('',(#6151,#6152,#6153,#6154));
#1015=EDGE_LOOP('',(#6155,#6156,#6157,#6158));
#1016=EDGE_LOOP('',(#6159,#6160,#6161,#6162));
#1017=EDGE_LOOP('',(#6163,#6164,#6165,#6166));
#1018=EDGE_LOOP('',(#6167,#6168,#6169,#6170));
#1019=EDGE_LOOP('',(#6171,#6172,#6173,#6174));
#1020=EDGE_LOOP('',(#6175,#6176,#6177,#6178));
#1021=EDGE_LOOP('',(#6179,#6180,#6181,#6182));
#1022=EDGE_LOOP('',(#6183,#6184,#6185,#6186));
#1023=EDGE_LOOP('',(#6187,#6188,#6189,#6190));
#1024=EDGE_LOOP('',(#6191,#6192,#6193,#6194));
#1025=EDGE_LOOP('',(#6195,#6196,#6197,#6198));
#1026=EDGE_LOOP('',(#6199,#6200,#6201,#6202));
#1027=EDGE_LOOP('',(#6203,#6204,#6205,#6206));
#1028=EDGE_LOOP('',(#6207,#6208,#6209,#6210));
#1029=EDGE_LOOP('',(#6211,#6212,#6213,#6214));
#1030=EDGE_LOOP('',(#6215,#6216,#6217,#6218));
#1031=EDGE_LOOP('',(#6219,#6220,#6221,#6222));
#1032=EDGE_LOOP('',(#6223,#6224,#6225,#6226));
#1033=EDGE_LOOP('',(#6227,#6228,#6229,#6230));
#1034=EDGE_LOOP('',(#6231,#6232,#6233,#6234));
#1035=EDGE_LOOP('',(#6235,#6236,#6237,#6238));
#1036=EDGE_LOOP('',(#6239,#6240,#6241,#6242));
#1037=EDGE_LOOP('',(#6243,#6244,#6245,#6246));
#1038=EDGE_LOOP('',(#6247,#6248,#6249,#6250));
#1039=EDGE_LOOP('',(#6251,#6252,#6253,#6254));
#1040=EDGE_LOOP('',(#6255,#6256,#6257,#6258));
#1041=EDGE_LOOP('',(#6259,#6260,#6261,#6262));
#1042=EDGE_LOOP('',(#6263,#6264,#6265,#6266));
#1043=EDGE_LOOP('',(#6267,#6268,#6269,#6270));
#1044=EDGE_LOOP('',(#6271,#6272,#6273,#6274));
#1045=EDGE_LOOP('',(#6275,#6276,#6277,#6278));
#1046=EDGE_LOOP('',(#6279,#6280,#6281,#6282));
#1047=EDGE_LOOP('',(#6283,#6284,#6285,#6286));
#1048=EDGE_LOOP('',(#6287,#6288,#6289,#6290));
#1049=EDGE_LOOP('',(#6291,#6292,#6293,#6294));
#1050=EDGE_LOOP('',(#6295,#6296,#6297,#6298));
#1051=EDGE_LOOP('',(#6299,#6300,#6301,#6302));
#1052=EDGE_LOOP('',(#6303,#6304,#6305,#6306));
#1053=EDGE_LOOP('',(#6307,#6308,#6309,#6310));
#1054=EDGE_LOOP('',(#6311,#6312,#6313,#6314));
#1055=EDGE_LOOP('',(#6315,#6316,#6317,#6318));
#1056=EDGE_LOOP('',(#6319,#6320,#6321,#6322));
#1057=EDGE_LOOP('',(#6323,#6324,#6325,#6326));
#1058=EDGE_LOOP('',(#6327,#6328,#6329,#6330));
#1059=EDGE_LOOP('',(#6331,#6332,#6333,#6334));
#1060=EDGE_LOOP('',(#6335,#6336,#6337,#6338));
#1061=EDGE_LOOP('',(#6339,#6340,#6341,#6342));
#1062=EDGE_LOOP('',(#6343,#6344,#6345,#6346));
#1063=EDGE_LOOP('',(#6347,#6348,#6349,#6350));
#1064=EDGE_LOOP('',(#6351,#6352,#6353,#6354));
#1065=EDGE_LOOP('',(#6355,#6356,#6357,#6358));
#1066=EDGE_LOOP('',(#6359,#6360,#6361,#6362));
#1067=EDGE_LOOP('',(#6363,#6364,#6365,#6366));
#1068=EDGE_LOOP('',(#6367,#6368,#6369,#6370));
#1069=EDGE_LOOP('',(#6371,#6372,#6373,#6374));
#1070=EDGE_LOOP('',(#6375,#6376,#6377,#6378));
#1071=EDGE_LOOP('',(#6379,#6380,#6381,#6382));
#1072=EDGE_LOOP('',(#6383,#6384,#6385,#6386));
#1073=EDGE_LOOP('',(#6387,#6388,#6389,#6390));
#1074=EDGE_LOOP('',(#6391,#6392,#6393,#6394));
#1075=EDGE_LOOP('',(#6395,#6396,#6397,#6398));
#1076=EDGE_LOOP('',(#6399,#6400,#6401,#6402));
#1077=EDGE_LOOP('',(#6403,#6404,#6405,#6406));
#1078=EDGE_LOOP('',(#6407,#6408,#6409,#6410));
#1079=EDGE_LOOP('',(#6411,#6412,#6413,#6414));
#1080=EDGE_LOOP('',(#6415,#6416,#6417,#6418));
#1081=EDGE_LOOP('',(#6419,#6420,#6421,#6422));
#1082=EDGE_LOOP('',(#6423,#6424,#6425,#6426));
#1083=EDGE_LOOP('',(#6427,#6428,#6429,#6430));
#1084=EDGE_LOOP('',(#6431,#6432,#6433,#6434));
#1085=EDGE_LOOP('',(#6435,#6436,#6437,#6438));
#1086=EDGE_LOOP('',(#6439,#6440,#6441,#6442));
#1087=EDGE_LOOP('',(#6443,#6444,#6445,#6446));
#1088=EDGE_LOOP('',(#6447,#6448,#6449,#6450));
#1089=EDGE_LOOP('',(#6451,#6452,#6453,#6454));
#1090=EDGE_LOOP('',(#6455,#6456,#6457,#6458));
#1091=EDGE_LOOP('',(#6459,#6460,#6461,#6462));
#1092=EDGE_LOOP('',(#6463,#6464,#6465,#6466));
#1093=EDGE_LOOP('',(#6467,#6468,#6469,#6470));
#1094=EDGE_LOOP('',(#6471,#6472,#6473,#6474));
#1095=EDGE_LOOP('',(#6475,#6476,#6477,#6478));
#1096=EDGE_LOOP('',(#6479,#6480,#6481,#6482));
#1097=EDGE_LOOP('',(#6483,#6484,#6485,#6486));
#1098=EDGE_LOOP('',(#6487,#6488,#6489,#6490));
#1099=EDGE_LOOP('',(#6491,#6492,#6493,#6494));
#1100=EDGE_LOOP('',(#6495,#6496,#6497,#6498));
#1101=EDGE_LOOP('',(#6499,#6500,#6501,#6502));
#1102=EDGE_LOOP('',(#6503,#6504,#6505,#6506));
#1103=EDGE_LOOP('',(#6507,#6508,#6509,#6510));
#1104=EDGE_LOOP('',(#6511,#6512,#6513,#6514));
#1105=EDGE_LOOP('',(#6515,#6516,#6517,#6518));
#1106=EDGE_LOOP('',(#6519,#6520,#6521,#6522));
#1107=EDGE_LOOP('',(#6523,#6524,#6525,#6526));
#1108=EDGE_LOOP('',(#6527,#6528,#6529,#6530));
#1109=EDGE_LOOP('',(#6531,#6532,#6533,#6534));
#1110=EDGE_LOOP('',(#6535,#6536,#6537,#6538));
#1111=EDGE_LOOP('',(#6539,#6540,#6541,#6542));
#1112=EDGE_LOOP('',(#6543,#6544,#6545,#6546));
#1113=EDGE_LOOP('',(#6547,#6548,#6549,#6550));
#1114=EDGE_LOOP('',(#6551,#6552,#6553,#6554));
#1115=EDGE_LOOP('',(#6555,#6556,#6557,#6558));
#1116=EDGE_LOOP('',(#6559,#6560,#6561,#6562));
#1117=EDGE_LOOP('',(#6563,#6564,#6565,#6566));
#1118=EDGE_LOOP('',(#6567,#6568,#6569,#6570));
#1119=EDGE_LOOP('',(#6571,#6572,#6573,#6574));
#1120=EDGE_LOOP('',(#6575,#6576,#6577,#6578));
#1121=EDGE_LOOP('',(#6579,#6580,#6581,#6582));
#1122=EDGE_LOOP('',(#6583,#6584,#6585,#6586));
#1123=EDGE_LOOP('',(#6587,#6588,#6589,#6590));
#1124=EDGE_LOOP('',(#6591,#6592,#6593,#6594));
#1125=EDGE_LOOP('',(#6595,#6596,#6597,#6598));
#1126=EDGE_LOOP('',(#6599,#6600,#6601,#6602));
#1127=EDGE_LOOP('',(#6603,#6604,#6605,#6606));
#1128=EDGE_LOOP('',(#6607,#6608,#6609,#6610));
#1129=EDGE_LOOP('',(#6611,#6612,#6613,#6614));
#1130=EDGE_LOOP('',(#6615,#6616,#6617,#6618));
#1131=EDGE_LOOP('',(#6619,#6620,#6621,#6622));
#1132=EDGE_LOOP('',(#6623,#6624,#6625,#6626));
#1133=EDGE_LOOP('',(#6627,#6628,#6629,#6630));
#1134=EDGE_LOOP('',(#6631,#6632,#6633,#6634));
#1135=EDGE_LOOP('',(#6635,#6636,#6637,#6638));
#1136=EDGE_LOOP('',(#6639,#6640,#6641,#6642));
#1137=EDGE_LOOP('',(#6643,#6644,#6645,#6646));
#1138=EDGE_LOOP('',(#6647,#6648,#6649,#6650));
#1139=EDGE_LOOP('',(#6651,#6652,#6653,#6654));
#1140=EDGE_LOOP('',(#6655,#6656,#6657,#6658));
#1141=EDGE_LOOP('',(#6659,#6660,#6661,#6662));
#1142=EDGE_LOOP('',(#6663,#6664,#6665,#6666));
#1143=EDGE_LOOP('',(#6667,#6668,#6669,#6670));
#1144=EDGE_LOOP('',(#6671,#6672,#6673,#6674));
#1145=EDGE_LOOP('',(#6675,#6676,#6677,#6678));
#1146=EDGE_LOOP('',(#6679,#6680,#6681,#6682));
#1147=EDGE_LOOP('',(#6683,#6684,#6685,#6686));
#1148=EDGE_LOOP('',(#6687,#6688,#6689,#6690));
#1149=EDGE_LOOP('',(#6691,#6692,#6693,#6694));
#1150=EDGE_LOOP('',(#6695,#6696,#6697,#6698));
#1151=EDGE_LOOP('',(#6699,#6700,#6701,#6702));
#1152=EDGE_LOOP('',(#6703,#6704,#6705,#6706));
#1153=EDGE_LOOP('',(#6707,#6708,#6709,#6710));
#1154=EDGE_LOOP('',(#6711,#6712,#6713,#6714));
#1155=EDGE_LOOP('',(#6715,#6716,#6717,#6718));
#1156=EDGE_LOOP('',(#6719,#6720,#6721,#6722));
#1157=EDGE_LOOP('',(#6723,#6724,#6725,#6726));
#1158=EDGE_LOOP('',(#6727,#6728,#6729,#6730));
#1159=EDGE_LOOP('',(#6731,#6732,#6733,#6734));
#1160=EDGE_LOOP('',(#6735,#6736,#6737,#6738));
#1161=EDGE_LOOP('',(#6739,#6740,#6741,#6742));
#1162=EDGE_LOOP('',(#6743,#6744,#6745,#6746));
#1163=EDGE_LOOP('',(#6747,#6748,#6749,#6750));
#1164=EDGE_LOOP('',(#6751,#6752,#6753,#6754));
#1165=EDGE_LOOP('',(#6755,#6756,#6757,#6758));
#1166=EDGE_LOOP('',(#6759,#6760,#6761,#6762));
#1167=EDGE_LOOP('',(#6763,#6764,#6765,#6766));
#1168=EDGE_LOOP('',(#6767,#6768,#6769,#6770));
#1169=EDGE_LOOP('',(#6771,#6772,#6773,#6774));
#1170=EDGE_LOOP('',(#6775,#6776,#6777,#6778));
#1171=EDGE_LOOP('',(#6779,#6780,#6781,#6782));
#1172=EDGE_LOOP('',(#6783,#6784,#6785,#6786));
#1173=EDGE_LOOP('',(#6787,#6788,#6789,#6790));
#1174=EDGE_LOOP('',(#6791,#6792,#6793,#6794));
#1175=EDGE_LOOP('',(#6795,#6796,#6797,#6798));
#1176=EDGE_LOOP('',(#6799,#6800,#6801,#6802));
#1177=EDGE_LOOP('',(#6803,#6804,#6805,#6806));
#1178=EDGE_LOOP('',(#6807,#6808,#6809,#6810));
#1179=EDGE_LOOP('',(#6811,#6812,#6813,#6814));
#1180=EDGE_LOOP('',(#6815,#6816,#6817,#6818));
#1181=EDGE_LOOP('',(#6819,#6820,#6821,#6822));
#1182=EDGE_LOOP('',(#6823,#6824,#6825,#6826));
#1183=EDGE_LOOP('',(#6827,#6828,#6829,#6830));
#1184=EDGE_LOOP('',(#6831,#6832,#6833,#6834));
#1185=EDGE_LOOP('',(#6835,#6836,#6837,#6838));
#1186=EDGE_LOOP('',(#6839,#6840,#6841,#6842));
#1187=EDGE_LOOP('',(#6843,#6844,#6845,#6846));
#1188=EDGE_LOOP('',(#6847,#6848,#6849,#6850));
#1189=EDGE_LOOP('',(#6851,#6852,#6853,#6854));
#1190=EDGE_LOOP('',(#6855,#6856,#6857,#6858));
#1191=EDGE_LOOP('',(#6859,#6860,#6861,#6862));
#1192=EDGE_LOOP('',(#6863,#6864,#6865,#6866));
#1193=EDGE_LOOP('',(#6867,#6868,#6869,#6870));
#1194=EDGE_LOOP('',(#6871,#6872,#6873,#6874));
#1195=EDGE_LOOP('',(#6875,#6876,#6877,#6878));
#1196=EDGE_LOOP('',(#6879,#6880,#6881,#6882));
#1197=EDGE_LOOP('',(#6883,#6884,#6885,#6886));
#1198=EDGE_LOOP('',(#6887,#6888,#6889,#6890));
#1199=EDGE_LOOP('',(#6891,#6892,#6893,#6894));
#1200=EDGE_LOOP('',(#6895,#6896,#6897,#6898));
#1201=EDGE_LOOP('',(#6899,#6900,#6901,#6902));
#1202=EDGE_LOOP('',(#6903,#6904,#6905,#6906));
#1203=EDGE_LOOP('',(#6907,#6908,#6909,#6910));
#1204=EDGE_LOOP('',(#6911,#6912,#6913,#6914));
#1205=EDGE_LOOP('',(#6915,#6916,#6917,#6918));
#1206=EDGE_LOOP('',(#6919,#6920,#6921,#6922));
#1207=EDGE_LOOP('',(#6923,#6924,#6925,#6926));
#1208=EDGE_LOOP('',(#6927,#6928,#6929,#6930));
#1209=EDGE_LOOP('',(#6931,#6932,#6933,#6934));
#1210=EDGE_LOOP('',(#6935,#6936,#6937,#6938));
#1211=EDGE_LOOP('',(#6939,#6940,#6941,#6942));
#1212=EDGE_LOOP('',(#6943,#6944,#6945,#6946));
#1213=EDGE_LOOP('',(#6947,#6948,#6949,#6950));
#1214=EDGE_LOOP('',(#6951,#6952,#6953,#6954));
#1215=EDGE_LOOP('',(#6955,#6956,#6957,#6958));
#1216=EDGE_LOOP('',(#6959,#6960,#6961,#6962));
#1217=EDGE_LOOP('',(#6963,#6964,#6965,#6966));
#1218=EDGE_LOOP('',(#6967,#6968,#6969,#6970));
#1219=EDGE_LOOP('',(#6971,#6972,#6973,#6974));
#1220=EDGE_LOOP('',(#6975,#6976,#6977,#6978));
#1221=EDGE_LOOP('',(#6979,#6980,#6981,#6982));
#1222=EDGE_LOOP('',(#6983,#6984,#6985,#6986));
#1223=EDGE_LOOP('',(#6987,#6988,#6989,#6990));
#1224=EDGE_LOOP('',(#6991,#6992,#6993,#6994));
#1225=EDGE_LOOP('',(#6995,#6996,#6997,#6998));
#1226=EDGE_LOOP('',(#6999,#7000,#7001,#7002));
#1227=EDGE_LOOP('',(#7003,#7004,#7005,#7006));
#1228=EDGE_LOOP('',(#7007,#7008,#7009,#7010));
#1229=EDGE_LOOP('',(#7011,#7012,#7013,#7014));
#1230=EDGE_LOOP('',(#7015,#7016,#7017,#7018));
#1231=EDGE_LOOP('',(#7019,#7020,#7021,#7022));
#1232=EDGE_LOOP('',(#7023,#7024,#7025,#7026));
#1233=EDGE_LOOP('',(#7027,#7028,#7029,#7030));
#1234=EDGE_LOOP('',(#7031,#7032,#7033,#7034));
#1235=EDGE_LOOP('',(#7035,#7036,#7037,#7038));
#1236=EDGE_LOOP('',(#7039,#7040,#7041,#7042));
#1237=EDGE_LOOP('',(#7043,#7044,#7045,#7046));
#1238=EDGE_LOOP('',(#7047,#7048,#7049,#7050));
#1239=EDGE_LOOP('',(#7051,#7052,#7053,#7054));
#1240=EDGE_LOOP('',(#7055,#7056,#7057,#7058));
#1241=EDGE_LOOP('',(#7059,#7060,#7061,#7062));
#1242=EDGE_LOOP('',(#7063,#7064,#7065,#7066));
#1243=EDGE_LOOP('',(#7067,#7068,#7069,#7070));
#1244=EDGE_LOOP('',(#7071,#7072,#7073,#7074));
#1245=EDGE_LOOP('',(#7075,#7076,#7077,#7078));
#1246=EDGE_LOOP('',(#7079,#7080,#7081,#7082));
#1247=EDGE_LOOP('',(#7083,#7084,#7085,#7086));
#1248=EDGE_LOOP('',(#7087,#7088,#7089,#7090));
#1249=EDGE_LOOP('',(#7091,#7092,#7093,#7094));
#1250=EDGE_LOOP('',(#7095,#7096,#7097,#7098));
#1251=EDGE_LOOP('',(#7099,#7100,#7101,#7102));
#1252=EDGE_LOOP('',(#7103,#7104,#7105,#7106));
#1253=EDGE_LOOP('',(#7107,#7108,#7109,#7110));
#1254=EDGE_LOOP('',(#7111,#7112,#7113,#7114));
#1255=EDGE_LOOP('',(#7115,#7116,#7117,#7118));
#1256=EDGE_LOOP('',(#7119,#7120,#7121,#7122));
#1257=EDGE_LOOP('',(#7123,#7124,#7125,#7126));
#1258=EDGE_LOOP('',(#7127,#7128,#7129,#7130));
#1259=EDGE_LOOP('',(#7131,#7132,#7133,#7134));
#1260=EDGE_LOOP('',(#7135,#7136,#7137,#7138));
#1261=EDGE_LOOP('',(#7139,#7140,#7141,#7142));
#1262=EDGE_LOOP('',(#7143,#7144,#7145,#7146));
#1263=EDGE_LOOP('',(#7147,#7148,#7149,#7150));
#1264=EDGE_LOOP('',(#7151,#7152,#7153,#7154));
#1265=EDGE_LOOP('',(#7155,#7156,#7157,#7158));
#1266=EDGE_LOOP('',(#7159,#7160,#7161,#7162));
#1267=EDGE_LOOP('',(#7163,#7164,#7165,#7166));
#1268=EDGE_LOOP('',(#7167,#7168,#7169,#7170));
#1269=EDGE_LOOP('',(#7171,#7172,#7173,#7174));
#1270=EDGE_LOOP('',(#7175,#7176,#7177,#7178));
#1271=EDGE_LOOP('',(#7179,#7180,#7181,#7182));
#1272=EDGE_LOOP('',(#7183,#7184,#7185,#7186));
#1273=EDGE_LOOP('',(#7187,#7188,#7189,#7190));
#1274=EDGE_LOOP('',(#7191,#7192,#7193,#7194));
#1275=EDGE_LOOP('',(#7195,#7196,#7197,#7198));
#1276=EDGE_LOOP('',(#7199,#7200,#7201,#7202));
#1277=EDGE_LOOP('',(#7203,#7204,#7205,#7206));
#1278=EDGE_LOOP('',(#7207,#7208,#7209,#7210));
#1279=EDGE_LOOP('',(#7211,#7212,#7213,#7214));
#1280=EDGE_LOOP('',(#7215,#7216,#7217,#7218));
#1281=EDGE_LOOP('',(#7219,#7220,#7221,#7222));
#1282=EDGE_LOOP('',(#7223,#7224,#7225,#7226));
#1283=EDGE_LOOP('',(#7227,#7228,#7229,#7230));
#1284=EDGE_LOOP('',(#7231,#7232,#7233,#7234));
#1285=EDGE_LOOP('',(#7235,#7236,#7237,#7238));
#1286=EDGE_LOOP('',(#7239,#7240,#7241,#7242));
#1287=EDGE_LOOP('',(#7243,#7244,#7245,#7246));
#1288=EDGE_LOOP('',(#7247,#7248,#7249,#7250));
#1289=EDGE_LOOP('',(#7251,#7252,#7253,#7254));
#1290=EDGE_LOOP('',(#7255,#7256,#7257,#7258));
#1291=EDGE_LOOP('',(#7259,#7260,#7261,#7262));
#1292=EDGE_LOOP('',(#7263,#7264,#7265,#7266));
#1293=EDGE_LOOP('',(#7267,#7268,#7269,#7270));
#1294=EDGE_LOOP('',(#7271,#7272,#7273,#7274));
#1295=EDGE_LOOP('',(#7275,#7276,#7277,#7278));
#1296=EDGE_LOOP('',(#7279,#7280,#7281,#7282));
#1297=EDGE_LOOP('',(#7283,#7284,#7285,#7286));
#1298=EDGE_LOOP('',(#7287,#7288,#7289,#7290));
#1299=EDGE_LOOP('',(#7291,#7292,#7293,#7294));
#1300=EDGE_LOOP('',(#7295,#7296,#7297,#7298));
#1301=EDGE_LOOP('',(#7299,#7300,#7301,#7302));
#1302=EDGE_LOOP('',(#7303,#7304,#7305,#7306));
#1303=EDGE_LOOP('',(#7307,#7308,#7309,#7310));
#1304=EDGE_LOOP('',(#7311,#7312,#7313,#7314));
#1305=EDGE_LOOP('',(#7315,#7316,#7317,#7318));
#1306=EDGE_LOOP('',(#7319,#7320,#7321,#7322));
#1307=EDGE_LOOP('',(#7323,#7324,#7325,#7326));
#1308=EDGE_LOOP('',(#7327,#7328,#7329,#7330));
#1309=EDGE_LOOP('',(#7331,#7332,#7333,#7334));
#1310=EDGE_LOOP('',(#7335,#7336,#7337,#7338));
#1311=EDGE_LOOP('',(#7339,#7340,#7341,#7342));
#1312=EDGE_LOOP('',(#7343,#7344,#7345,#7346));
#1313=EDGE_LOOP('',(#7347,#7348,#7349,#7350));
#1314=EDGE_LOOP('',(#7351,#7352,#7353,#7354));
#1315=EDGE_LOOP('',(#7355,#7356,#7357,#7358));
#1316=EDGE_LOOP('',(#7359,#7360,#7361,#7362));
#1317=EDGE_LOOP('',(#7363,#7364,#7365,#7366));
#1318=EDGE_LOOP('',(#7367,#7368,#7369,#7370));
#1319=EDGE_LOOP('',(#7371,#7372,#7373,#7374));
#1320=EDGE_LOOP('',(#7375,#7376,#7377,#7378));
#1321=EDGE_LOOP('',(#7379,#7380,#7381,#7382));
#1322=EDGE_LOOP('',(#7383,#7384,#7385,#7386));
#1323=EDGE_LOOP('',(#7387,#7388,#7389,#7390));
#1324=EDGE_LOOP('',(#7391,#7392,#7393,#7394));
#1325=EDGE_LOOP('',(#7395,#7396,#7397,#7398));
#1326=EDGE_LOOP('',(#7399,#7400,#7401,#7402));
#1327=EDGE_LOOP('',(#7403,#7404,#7405,#7406));
#1328=EDGE_LOOP('',(#7407,#7408,#7409,#7410));
#1329=EDGE_LOOP('',(#7411,#7412,#7413,#7414));
#1330=EDGE_LOOP('',(#7415,#7416,#7417,#7418));
#1331=EDGE_LOOP('',(#7419,#7420,#7421,#7422));
#1332=EDGE_LOOP('',(#7423,#7424,#7425,#7426));
#1333=EDGE_LOOP('',(#7427,#7428,#7429,#7430));
#1334=EDGE_LOOP('',(#7431,#7432,#7433,#7434));
#1335=EDGE_LOOP('',(#7435,#7436,#7437,#7438));
#1336=EDGE_LOOP('',(#7439,#7440,#7441,#7442));
#1337=EDGE_LOOP('',(#7443,#7444,#7445,#7446));
#1338=EDGE_LOOP('',(#7447,#7448,#7449,#7450));
#1339=EDGE_LOOP('',(#7451,#7452,#7453,#7454));
#1340=EDGE_LOOP('',(#7455,#7456,#7457,#7458));
#1341=EDGE_LOOP('',(#7459,#7460,#7461,#7462));
#1342=EDGE_LOOP('',(#7463,#7464,#7465,#7466));
#1343=EDGE_LOOP('',(#7467,#7468,#7469,#7470));
#1344=EDGE_LOOP('',(#7471,#7472,#7473,#7474));
#1345=EDGE_LOOP('',(#7475,#7476,#7477,#7478));
#1346=EDGE_LOOP('',(#7479,#7480,#7481,#7482));
#1347=EDGE_LOOP('',(#7483,#7484,#7485,#7486));
#1348=EDGE_LOOP('',(#7487,#7488,#7489,#7490));
#1349=EDGE_LOOP('',(#7491,#7492,#7493,#7494));
#1350=EDGE_LOOP('',(#7495,#7496,#7497,#7498));
#1351=EDGE_LOOP('',(#7499,#7500,#7501,#7502));
#1352=EDGE_LOOP('',(#7503,#7504,#7505,#7506));
#1353=EDGE_LOOP('',(#7507,#7508,#7509,#7510));
#1354=EDGE_LOOP('',(#7511,#7512,#7513,#7514));
#1355=EDGE_LOOP('',(#7515,#7516,#7517,#7518));
#1356=EDGE_LOOP('',(#7519,#7520,#7521,#7522));
#1357=EDGE_LOOP('',(#7523,#7524,#7525,#7526));
#1358=EDGE_LOOP('',(#7527,#7528,#7529,#7530));
#1359=EDGE_LOOP('',(#7531,#7532,#7533,#7534));
#1360=EDGE_LOOP('',(#7535,#7536,#7537,#7538));
#1361=EDGE_LOOP('',(#7539,#7540,#7541,#7542));
#1362=EDGE_LOOP('',(#7543,#7544,#7545,#7546));
#1363=EDGE_LOOP('',(#7547,#7548,#7549,#7550));
#1364=EDGE_LOOP('',(#7551,#7552,#7553,#7554));
#1365=EDGE_LOOP('',(#7555,#7556,#7557,#7558));
#1366=EDGE_LOOP('',(#7559,#7560,#7561,#7562));
#1367=EDGE_LOOP('',(#7563,#7564,#7565,#7566));
#1368=EDGE_LOOP('',(#7567,#7568,#7569,#7570));
#1369=EDGE_LOOP('',(#7571,#7572,#7573,#7574));
#1370=EDGE_LOOP('',(#7575,#7576,#7577,#7578));
#1371=EDGE_LOOP('',(#7579,#7580,#7581,#7582));
#1372=EDGE_LOOP('',(#7583,#7584,#7585,#7586));
#1373=EDGE_LOOP('',(#7587,#7588,#7589,#7590));
#1374=EDGE_LOOP('',(#7591,#7592,#7593,#7594));
#1375=EDGE_LOOP('',(#7595,#7596,#7597,#7598));
#1376=EDGE_LOOP('',(#7599,#7600,#7601,#7602));
#1377=EDGE_LOOP('',(#7603,#7604,#7605,#7606));
#1378=EDGE_LOOP('',(#7607,#7608,#7609,#7610));
#1379=EDGE_LOOP('',(#7611,#7612,#7613,#7614));
#1380=EDGE_LOOP('',(#7615,#7616,#7617,#7618));
#1381=EDGE_LOOP('',(#7619,#7620,#7621,#7622));
#1382=EDGE_LOOP('',(#7623,#7624,#7625,#7626));
#1383=EDGE_LOOP('',(#7627,#7628,#7629,#7630));
#1384=EDGE_LOOP('',(#7631,#7632,#7633,#7634));
#1385=EDGE_LOOP('',(#7635,#7636,#7637,#7638));
#1386=EDGE_LOOP('',(#7639,#7640,#7641,#7642));
#1387=EDGE_LOOP('',(#7643,#7644,#7645,#7646));
#1388=EDGE_LOOP('',(#7647,#7648,#7649,#7650));
#1389=EDGE_LOOP('',(#7651,#7652,#7653,#7654));
#1390=EDGE_LOOP('',(#7655,#7656,#7657,#7658));
#1391=EDGE_LOOP('',(#7659,#7660,#7661,#7662));
#1392=EDGE_LOOP('',(#7663,#7664,#7665,#7666));
#1393=EDGE_LOOP('',(#7667,#7668,#7669,#7670));
#1394=EDGE_LOOP('',(#7671,#7672,#7673,#7674));
#1395=EDGE_LOOP('',(#7675,#7676,#7677,#7678));
#1396=EDGE_LOOP('',(#7679,#7680,#7681,#7682));
#1397=EDGE_LOOP('',(#7683,#7684,#7685,#7686));
#1398=EDGE_LOOP('',(#7687,#7688,#7689,#7690));
#1399=EDGE_LOOP('',(#7691,#7692,#7693,#7694));
#1400=EDGE_LOOP('',(#7695,#7696,#7697,#7698));
#1401=EDGE_LOOP('',(#7699,#7700,#7701,#7702));
#1402=EDGE_LOOP('',(#7703,#7704,#7705,#7706));
#1403=EDGE_LOOP('',(#7707,#7708,#7709,#7710));
#1404=EDGE_LOOP('',(#7711,#7712,#7713,#7714));
#1405=EDGE_LOOP('',(#7715,#7716,#7717,#7718));
#1406=EDGE_LOOP('',(#7719,#7720,#7721,#7722));
#1407=EDGE_LOOP('',(#7723,#7724,#7725,#7726));
#1408=EDGE_LOOP('',(#7727,#7728,#7729,#7730));
#1409=EDGE_LOOP('',(#7731,#7732,#7733,#7734,#7735,#7736,#7737,#7738));
#1410=EDGE_LOOP('',(#7739));
#1411=EDGE_LOOP('',(#7740,#7741,#7742,#7743,#7744,#7745));
#1412=EDGE_LOOP('',(#7746,#7747,#7748));
#1413=EDGE_LOOP('',(#7749,#7750,#7751,#7752,#7753,#7754));
#1414=EDGE_LOOP('',(#7755,#7756,#7757,#7758,#7759,#7760));
#1415=EDGE_LOOP('',(#7761,#7762,#7763,#7764));
#1416=EDGE_LOOP('',(#7765,#7766,#7767,#7768,#7769,#7770));
#1417=EDGE_LOOP('',(#7771,#7772,#7773,#7774,#7775,#7776));
#1418=EDGE_LOOP('',(#7777,#7778,#7779,#7780,#7781,#7782));
#1419=EDGE_LOOP('',(#7783,#7784,#7785,#7786,#7787,#7788));
#1420=EDGE_LOOP('',(#7789,#7790,#7791));
#1421=EDGE_LOOP('',(#7792,#7793,#7794,#7795,#7796,#7797));
#1422=EDGE_LOOP('',(#7798,#7799,#7800,#7801,#7802,#7803));
#1423=EDGE_LOOP('',(#7804,#7805,#7806,#7807));
#1424=EDGE_LOOP('',(#7808,#7809,#7810,#7811,#7812,#7813));
#1425=EDGE_LOOP('',(#7814,#7815,#7816,#7817,#7818,#7819));
#1426=EDGE_LOOP('',(#7820,#7821,#7822,#7823,#7824,#7825));
#1427=EDGE_LOOP('',(#7826,#7827,#7828,#7829,#7830));
#1428=EDGE_LOOP('',(#7831,#7832,#7833,#7834,#7835,#7836));
#1429=EDGE_LOOP('',(#7837,#7838,#7839,#7840,#7841,#7842));
#1430=EDGE_LOOP('',(#7843,#7844,#7845,#7846,#7847,#7848));
#1431=EDGE_LOOP('',(#7849,#7850,#7851,#7852,#7853,#7854));
#1432=EDGE_LOOP('',(#7855,#7856,#7857,#7858,#7859,#7860));
#1433=EDGE_LOOP('',(#7861,#7862,#7863,#7864,#7865,#7866));
#1434=EDGE_LOOP('',(#7867,#7868,#7869,#7870,#7871));
#1435=EDGE_LOOP('',(#7872,#7873,#7874,#7875,#7876,#7877));
#1436=EDGE_LOOP('',(#7878,#7879,#7880,#7881));
#1437=EDGE_LOOP('',(#7882,#7883,#7884,#7885,#7886,#7887));
#1438=EDGE_LOOP('',(#7888,#7889,#7890,#7891,#7892));
#1439=EDGE_LOOP('',(#7893,#7894,#7895,#7896,#7897,#7898));
#1440=EDGE_LOOP('',(#7899,#7900,#7901,#7902,#7903,#7904));
#1441=EDGE_LOOP('',(#7905,#7906,#7907,#7908,#7909,#7910));
#1442=EDGE_LOOP('',(#7911,#7912,#7913));
#1443=EDGE_LOOP('',(#7914,#7915,#7916,#7917,#7918));
#1444=EDGE_LOOP('',(#7919,#7920,#7921));
#1445=EDGE_LOOP('',(#7922,#7923,#7924,#7925));
#1446=EDGE_LOOP('',(#7926,#7927,#7928,#7929,#7930,#7931));
#1447=EDGE_LOOP('',(#7932,#7933,#7934,#7935));
#1448=EDGE_LOOP('',(#7936,#7937,#7938,#7939));
#1449=EDGE_LOOP('',(#7940,#7941,#7942));
#1450=EDGE_LOOP('',(#7943,#7944,#7945,#7946,#7947,#7948));
#1451=EDGE_LOOP('',(#7949,#7950,#7951,#7952));
#1452=EDGE_LOOP('',(#7953,#7954,#7955));
#1453=EDGE_LOOP('',(#7956,#7957,#7958,#7959,#7960,#7961));
#1454=EDGE_LOOP('',(#7962,#7963,#7964,#7965,#7966,#7967));
#1455=EDGE_LOOP('',(#7968,#7969,#7970,#7971,#7972,#7973));
#1456=EDGE_LOOP('',(#7974,#7975,#7976,#7977,#7978));
#1457=EDGE_LOOP('',(#7979,#7980,#7981,#7982,#7983,#7984));
#1458=EDGE_LOOP('',(#7985,#7986,#7987,#7988,#7989,#7990));
#1459=EDGE_LOOP('',(#7991,#7992,#7993,#7994));
#1460=EDGE_LOOP('',(#7995,#7996,#7997,#7998,#7999,#8000));
#1461=EDGE_LOOP('',(#8001,#8002,#8003,#8004,#8005,#8006));
#1462=EDGE_LOOP('',(#8007,#8008,#8009,#8010,#8011));
#1463=EDGE_LOOP('',(#8012,#8013,#8014));
#1464=EDGE_LOOP('',(#8015,#8016,#8017,#8018,#8019,#8020));
#1465=EDGE_LOOP('',(#8021,#8022,#8023,#8024,#8025));
#1466=EDGE_LOOP('',(#8026,#8027,#8028,#8029,#8030,#8031));
#1467=EDGE_LOOP('',(#8032,#8033,#8034,#8035,#8036,#8037));
#1468=EDGE_LOOP('',(#8038,#8039,#8040,#8041,#8042,#8043));
#1469=EDGE_LOOP('',(#8044,#8045,#8046,#8047,#8048,#8049));
#1470=EDGE_LOOP('',(#8050,#8051,#8052));
#1471=EDGE_LOOP('',(#8053,#8054,#8055,#8056,#8057,#8058));
#1472=EDGE_LOOP('',(#8059,#8060,#8061,#8062,#8063,#8064));
#1473=EDGE_LOOP('',(#8065,#8066,#8067,#8068,#8069,#8070));
#1474=EDGE_LOOP('',(#8071,#8072,#8073,#8074,#8075,#8076));
#1475=EDGE_LOOP('',(#8077,#8078,#8079,#8080,#8081,#8082));
#1476=EDGE_LOOP('',(#8083,#8084,#8085,#8086,#8087,#8088));
#1477=EDGE_LOOP('',(#8089,#8090,#8091,#8092,#8093,#8094));
#1478=EDGE_LOOP('',(#8095,#8096,#8097,#8098,#8099,#8100));
#1479=EDGE_LOOP('',(#8101,#8102,#8103,#8104,#8105,#8106));
#1480=EDGE_LOOP('',(#8107,#8108,#8109,#8110,#8111,#8112));
#1481=EDGE_LOOP('',(#8113,#8114,#8115,#8116,#8117,#8118));
#1482=EDGE_LOOP('',(#8119,#8120,#8121,#8122,#8123,#8124));
#1483=EDGE_LOOP('',(#8125,#8126,#8127,#8128,#8129,#8130));
#1484=EDGE_LOOP('',(#8131,#8132,#8133,#8134,#8135,#8136));
#1485=EDGE_LOOP('',(#8137,#8138,#8139,#8140,#8141,#8142));
#1486=EDGE_LOOP('',(#8143,#8144,#8145,#8146,#8147,#8148,#8149,#8150));
#1487=EDGE_LOOP('',(#8151));
#1488=EDGE_LOOP('',(#8152,#8153,#8154,#8155,#8156,#8157));
#1489=EDGE_LOOP('',(#8158,#8159,#8160));
#1490=EDGE_LOOP('',(#8161,#8162,#8163,#8164,#8165,#8166));
#1491=EDGE_LOOP('',(#8167,#8168,#8169,#8170,#8171,#8172));
#1492=EDGE_LOOP('',(#8173,#8174,#8175,#8176));
#1493=EDGE_LOOP('',(#8177,#8178,#8179,#8180,#8181,#8182));
#1494=EDGE_LOOP('',(#8183,#8184,#8185,#8186,#8187,#8188));
#1495=EDGE_LOOP('',(#8189,#8190,#8191,#8192,#8193,#8194));
#1496=EDGE_LOOP('',(#8195,#8196,#8197,#8198,#8199,#8200));
#1497=EDGE_LOOP('',(#8201,#8202,#8203));
#1498=EDGE_LOOP('',(#8204,#8205,#8206,#8207,#8208,#8209));
#1499=EDGE_LOOP('',(#8210,#8211,#8212,#8213,#8214,#8215));
#1500=EDGE_LOOP('',(#8216,#8217,#8218,#8219));
#1501=EDGE_LOOP('',(#8220,#8221,#8222,#8223,#8224,#8225));
#1502=EDGE_LOOP('',(#8226,#8227,#8228,#8229,#8230,#8231));
#1503=EDGE_LOOP('',(#8232,#8233,#8234,#8235,#8236,#8237));
#1504=EDGE_LOOP('',(#8238,#8239,#8240,#8241,#8242));
#1505=EDGE_LOOP('',(#8243,#8244,#8245,#8246,#8247,#8248));
#1506=EDGE_LOOP('',(#8249,#8250,#8251,#8252,#8253,#8254));
#1507=EDGE_LOOP('',(#8255,#8256,#8257,#8258,#8259,#8260));
#1508=EDGE_LOOP('',(#8261,#8262,#8263,#8264,#8265,#8266));
#1509=EDGE_LOOP('',(#8267,#8268,#8269,#8270,#8271,#8272));
#1510=EDGE_LOOP('',(#8273,#8274,#8275,#8276,#8277,#8278));
#1511=EDGE_LOOP('',(#8279,#8280,#8281,#8282,#8283));
#1512=EDGE_LOOP('',(#8284,#8285,#8286,#8287,#8288,#8289));
#1513=EDGE_LOOP('',(#8290,#8291,#8292,#8293));
#1514=EDGE_LOOP('',(#8294,#8295,#8296,#8297,#8298,#8299));
#1515=EDGE_LOOP('',(#8300,#8301,#8302,#8303,#8304));
#1516=EDGE_LOOP('',(#8305,#8306,#8307,#8308,#8309,#8310));
#1517=EDGE_LOOP('',(#8311,#8312,#8313,#8314,#8315,#8316));
#1518=EDGE_LOOP('',(#8317,#8318,#8319,#8320,#8321,#8322));
#1519=EDGE_LOOP('',(#8323,#8324,#8325));
#1520=EDGE_LOOP('',(#8326,#8327,#8328,#8329,#8330));
#1521=EDGE_LOOP('',(#8331,#8332,#8333));
#1522=EDGE_LOOP('',(#8334,#8335,#8336,#8337));
#1523=EDGE_LOOP('',(#8338,#8339,#8340,#8341,#8342,#8343));
#1524=EDGE_LOOP('',(#8344,#8345,#8346,#8347));
#1525=EDGE_LOOP('',(#8348,#8349,#8350,#8351));
#1526=EDGE_LOOP('',(#8352,#8353,#8354));
#1527=EDGE_LOOP('',(#8355,#8356,#8357,#8358,#8359,#8360));
#1528=EDGE_LOOP('',(#8361,#8362,#8363,#8364));
#1529=EDGE_LOOP('',(#8365,#8366,#8367));
#1530=EDGE_LOOP('',(#8368,#8369,#8370,#8371,#8372,#8373));
#1531=EDGE_LOOP('',(#8374,#8375,#8376,#8377,#8378,#8379));
#1532=EDGE_LOOP('',(#8380,#8381,#8382,#8383,#8384,#8385));
#1533=EDGE_LOOP('',(#8386,#8387,#8388,#8389,#8390));
#1534=EDGE_LOOP('',(#8391,#8392,#8393,#8394,#8395,#8396));
#1535=EDGE_LOOP('',(#8397,#8398,#8399,#8400,#8401,#8402));
#1536=EDGE_LOOP('',(#8403,#8404,#8405,#8406));
#1537=EDGE_LOOP('',(#8407,#8408,#8409,#8410,#8411,#8412));
#1538=EDGE_LOOP('',(#8413,#8414,#8415,#8416,#8417,#8418));
#1539=EDGE_LOOP('',(#8419,#8420,#8421,#8422,#8423));
#1540=EDGE_LOOP('',(#8424,#8425,#8426));
#1541=EDGE_LOOP('',(#8427,#8428,#8429,#8430,#8431,#8432));
#1542=EDGE_LOOP('',(#8433,#8434,#8435,#8436,#8437));
#1543=EDGE_LOOP('',(#8438,#8439,#8440,#8441,#8442,#8443));
#1544=EDGE_LOOP('',(#8444,#8445,#8446,#8447,#8448,#8449));
#1545=EDGE_LOOP('',(#8450,#8451,#8452,#8453,#8454,#8455));
#1546=EDGE_LOOP('',(#8456,#8457,#8458,#8459,#8460,#8461));
#1547=EDGE_LOOP('',(#8462,#8463,#8464));
#1548=EDGE_LOOP('',(#8465,#8466,#8467,#8468,#8469,#8470));
#1549=EDGE_LOOP('',(#8471,#8472,#8473,#8474,#8475,#8476));
#1550=EDGE_LOOP('',(#8477,#8478,#8479,#8480,#8481,#8482));
#1551=EDGE_LOOP('',(#8483,#8484,#8485,#8486,#8487,#8488));
#1552=EDGE_LOOP('',(#8489,#8490,#8491,#8492,#8493,#8494));
#1553=EDGE_LOOP('',(#8495,#8496,#8497,#8498,#8499,#8500));
#1554=EDGE_LOOP('',(#8501,#8502,#8503,#8504,#8505,#8506));
#1555=EDGE_LOOP('',(#8507,#8508,#8509,#8510,#8511,#8512));
#1556=EDGE_LOOP('',(#8513,#8514,#8515,#8516,#8517,#8518));
#1557=EDGE_LOOP('',(#8519,#8520,#8521,#8522,#8523,#8524));
#1558=EDGE_LOOP('',(#8525,#8526,#8527,#8528,#8529,#8530));
#1559=EDGE_LOOP('',(#8531,#8532,#8533,#8534,#8535,#8536));
#1560=EDGE_LOOP('',(#8537,#8538,#8539,#8540,#8541,#8542));
#1561=EDGE_LOOP('',(#8543,#8544,#8545,#8546,#8547,#8548));
#1562=EDGE_LOOP('',(#8549,#8550,#8551,#8552,#8553,#8554));
#1563=LINE('',#11468,#2791);
#1564=LINE('',#11503,#2792);
#1565=LINE('',#11515,#2793);
#1566=LINE('',#11521,#2794);
#1567=LINE('',#11564,#2795);
#1568=LINE('',#11567,#2796);
#1569=LINE('',#11569,#2797);
#1570=LINE('',#11570,#2798);
#1571=LINE('',#11573,#2799);
#1572=LINE('',#11575,#2800);
#1573=LINE('',#11576,#2801);
#1574=LINE('',#11580,#2802);
#1575=LINE('',#11582,#2803);
#1576=LINE('',#11584,#2804);
#1577=LINE('',#11585,#2805);
#1578=LINE('',#11588,#2806);
#1579=LINE('',#11590,#2807);
#1580=LINE('',#11591,#2808);
#1581=LINE('',#11594,#2809);
#1582=LINE('',#11596,#2810);
#1583=LINE('',#11597,#2811);
#1584=LINE('',#11600,#2812);
#1585=LINE('',#11602,#2813);
#1586=LINE('',#11603,#2814);
#1587=LINE('',#11606,#2815);
#1588=LINE('',#11608,#2816);
#1589=LINE('',#11609,#2817);
#1590=LINE('',#11611,#2818);
#1591=LINE('',#11612,#2819);
#1592=LINE('',#11616,#2820);
#1593=LINE('',#11618,#2821);
#1594=LINE('',#11620,#2822);
#1595=LINE('',#11621,#2823);
#1596=LINE('',#11624,#2824);
#1597=LINE('',#11626,#2825);
#1598=LINE('',#11627,#2826);
#1599=LINE('',#11630,#2827);
#1600=LINE('',#11632,#2828);
#1601=LINE('',#11633,#2829);
#1602=LINE('',#11636,#2830);
#1603=LINE('',#11638,#2831);
#1604=LINE('',#11639,#2832);
#1605=LINE('',#11642,#2833);
#1606=LINE('',#11644,#2834);
#1607=LINE('',#11645,#2835);
#1608=LINE('',#11647,#2836);
#1609=LINE('',#11648,#2837);
#1610=LINE('',#11652,#2838);
#1611=LINE('',#11654,#2839);
#1612=LINE('',#11656,#2840);
#1613=LINE('',#11657,#2841);
#1614=LINE('',#11660,#2842);
#1615=LINE('',#11662,#2843);
#1616=LINE('',#11663,#2844);
#1617=LINE('',#11666,#2845);
#1618=LINE('',#11668,#2846);
#1619=LINE('',#11669,#2847);
#1620=LINE('',#11672,#2848);
#1621=LINE('',#11674,#2849);
#1622=LINE('',#11675,#2850);
#1623=LINE('',#11678,#2851);
#1624=LINE('',#11680,#2852);
#1625=LINE('',#11681,#2853);
#1626=LINE('',#11683,#2854);
#1627=LINE('',#11684,#2855);
#1628=LINE('',#11688,#2856);
#1629=LINE('',#11690,#2857);
#1630=LINE('',#11692,#2858);
#1631=LINE('',#11693,#2859);
#1632=LINE('',#11696,#2860);
#1633=LINE('',#11698,#2861);
#1634=LINE('',#11699,#2862);
#1635=LINE('',#11702,#2863);
#1636=LINE('',#11704,#2864);
#1637=LINE('',#11705,#2865);
#1638=LINE('',#11708,#2866);
#1639=LINE('',#11710,#2867);
#1640=LINE('',#11711,#2868);
#1641=LINE('',#11714,#2869);
#1642=LINE('',#11716,#2870);
#1643=LINE('',#11717,#2871);
#1644=LINE('',#11719,#2872);
#1645=LINE('',#11720,#2873);
#1646=LINE('',#11724,#2874);
#1647=LINE('',#11726,#2875);
#1648=LINE('',#11728,#2876);
#1649=LINE('',#11729,#2877);
#1650=LINE('',#11732,#2878);
#1651=LINE('',#11734,#2879);
#1652=LINE('',#11735,#2880);
#1653=LINE('',#11738,#2881);
#1654=LINE('',#11740,#2882);
#1655=LINE('',#11741,#2883);
#1656=LINE('',#11744,#2884);
#1657=LINE('',#11746,#2885);
#1658=LINE('',#11747,#2886);
#1659=LINE('',#11750,#2887);
#1660=LINE('',#11752,#2888);
#1661=LINE('',#11753,#2889);
#1662=LINE('',#11755,#2890);
#1663=LINE('',#11756,#2891);
#1664=LINE('',#11760,#2892);
#1665=LINE('',#11762,#2893);
#1666=LINE('',#11764,#2894);
#1667=LINE('',#11765,#2895);
#1668=LINE('',#11768,#2896);
#1669=LINE('',#11770,#2897);
#1670=LINE('',#11771,#2898);
#1671=LINE('',#11774,#2899);
#1672=LINE('',#11776,#2900);
#1673=LINE('',#11777,#2901);
#1674=LINE('',#11780,#2902);
#1675=LINE('',#11782,#2903);
#1676=LINE('',#11783,#2904);
#1677=LINE('',#11786,#2905);
#1678=LINE('',#11788,#2906);
#1679=LINE('',#11789,#2907);
#1680=LINE('',#11791,#2908);
#1681=LINE('',#11792,#2909);
#1682=LINE('',#11796,#2910);
#1683=LINE('',#11798,#2911);
#1684=LINE('',#11800,#2912);
#1685=LINE('',#11801,#2913);
#1686=LINE('',#11804,#2914);
#1687=LINE('',#11806,#2915);
#1688=LINE('',#11807,#2916);
#1689=LINE('',#11810,#2917);
#1690=LINE('',#11812,#2918);
#1691=LINE('',#11813,#2919);
#1692=LINE('',#11816,#2920);
#1693=LINE('',#11818,#2921);
#1694=LINE('',#11819,#2922);
#1695=LINE('',#11822,#2923);
#1696=LINE('',#11824,#2924);
#1697=LINE('',#11825,#2925);
#1698=LINE('',#11827,#2926);
#1699=LINE('',#11828,#2927);
#1700=LINE('',#11832,#2928);
#1701=LINE('',#11834,#2929);
#1702=LINE('',#11836,#2930);
#1703=LINE('',#11837,#2931);
#1704=LINE('',#11840,#2932);
#1705=LINE('',#11842,#2933);
#1706=LINE('',#11843,#2934);
#1707=LINE('',#11846,#2935);
#1708=LINE('',#11848,#2936);
#1709=LINE('',#11849,#2937);
#1710=LINE('',#11852,#2938);
#1711=LINE('',#11854,#2939);
#1712=LINE('',#11855,#2940);
#1713=LINE('',#11858,#2941);
#1714=LINE('',#11860,#2942);
#1715=LINE('',#11861,#2943);
#1716=LINE('',#11863,#2944);
#1717=LINE('',#11864,#2945);
#1718=LINE('',#11868,#2946);
#1719=LINE('',#11870,#2947);
#1720=LINE('',#11872,#2948);
#1721=LINE('',#11873,#2949);
#1722=LINE('',#11876,#2950);
#1723=LINE('',#11878,#2951);
#1724=LINE('',#11879,#2952);
#1725=LINE('',#11882,#2953);
#1726=LINE('',#11884,#2954);
#1727=LINE('',#11885,#2955);
#1728=LINE('',#11888,#2956);
#1729=LINE('',#11890,#2957);
#1730=LINE('',#11891,#2958);
#1731=LINE('',#11894,#2959);
#1732=LINE('',#11896,#2960);
#1733=LINE('',#11897,#2961);
#1734=LINE('',#11899,#2962);
#1735=LINE('',#11900,#2963);
#1736=LINE('',#11904,#2964);
#1737=LINE('',#11906,#2965);
#1738=LINE('',#11908,#2966);
#1739=LINE('',#11909,#2967);
#1740=LINE('',#11912,#2968);
#1741=LINE('',#11914,#2969);
#1742=LINE('',#11915,#2970);
#1743=LINE('',#11918,#2971);
#1744=LINE('',#11920,#2972);
#1745=LINE('',#11921,#2973);
#1746=LINE('',#11924,#2974);
#1747=LINE('',#11926,#2975);
#1748=LINE('',#11927,#2976);
#1749=LINE('',#11930,#2977);
#1750=LINE('',#11932,#2978);
#1751=LINE('',#11933,#2979);
#1752=LINE('',#11935,#2980);
#1753=LINE('',#11936,#2981);
#1754=LINE('',#11940,#2982);
#1755=LINE('',#11942,#2983);
#1756=LINE('',#11944,#2984);
#1757=LINE('',#11945,#2985);
#1758=LINE('',#11948,#2986);
#1759=LINE('',#11950,#2987);
#1760=LINE('',#11951,#2988);
#1761=LINE('',#11954,#2989);
#1762=LINE('',#11956,#2990);
#1763=LINE('',#11957,#2991);
#1764=LINE('',#11960,#2992);
#1765=LINE('',#11962,#2993);
#1766=LINE('',#11963,#2994);
#1767=LINE('',#11966,#2995);
#1768=LINE('',#11968,#2996);
#1769=LINE('',#11969,#2997);
#1770=LINE('',#11971,#2998);
#1771=LINE('',#11972,#2999);
#1772=LINE('',#11976,#3000);
#1773=LINE('',#11978,#3001);
#1774=LINE('',#11980,#3002);
#1775=LINE('',#11981,#3003);
#1776=LINE('',#11984,#3004);
#1777=LINE('',#11986,#3005);
#1778=LINE('',#11987,#3006);
#1779=LINE('',#11990,#3007);
#1780=LINE('',#11992,#3008);
#1781=LINE('',#11993,#3009);
#1782=LINE('',#11996,#3010);
#1783=LINE('',#11998,#3011);
#1784=LINE('',#11999,#3012);
#1785=LINE('',#12002,#3013);
#1786=LINE('',#12004,#3014);
#1787=LINE('',#12005,#3015);
#1788=LINE('',#12007,#3016);
#1789=LINE('',#12008,#3017);
#1790=LINE('',#12012,#3018);
#1791=LINE('',#12014,#3019);
#1792=LINE('',#12016,#3020);
#1793=LINE('',#12017,#3021);
#1794=LINE('',#12020,#3022);
#1795=LINE('',#12022,#3023);
#1796=LINE('',#12023,#3024);
#1797=LINE('',#12026,#3025);
#1798=LINE('',#12028,#3026);
#1799=LINE('',#12029,#3027);
#1800=LINE('',#12032,#3028);
#1801=LINE('',#12034,#3029);
#1802=LINE('',#12035,#3030);
#1803=LINE('',#12038,#3031);
#1804=LINE('',#12040,#3032);
#1805=LINE('',#12041,#3033);
#1806=LINE('',#12043,#3034);
#1807=LINE('',#12044,#3035);
#1808=LINE('',#12048,#3036);
#1809=LINE('',#12050,#3037);
#1810=LINE('',#12052,#3038);
#1811=LINE('',#12053,#3039);
#1812=LINE('',#12056,#3040);
#1813=LINE('',#12058,#3041);
#1814=LINE('',#12059,#3042);
#1815=LINE('',#12062,#3043);
#1816=LINE('',#12064,#3044);
#1817=LINE('',#12065,#3045);
#1818=LINE('',#12068,#3046);
#1819=LINE('',#12070,#3047);
#1820=LINE('',#12071,#3048);
#1821=LINE('',#12074,#3049);
#1822=LINE('',#12076,#3050);
#1823=LINE('',#12077,#3051);
#1824=LINE('',#12079,#3052);
#1825=LINE('',#12080,#3053);
#1826=LINE('',#12084,#3054);
#1827=LINE('',#12086,#3055);
#1828=LINE('',#12088,#3056);
#1829=LINE('',#12089,#3057);
#1830=LINE('',#12092,#3058);
#1831=LINE('',#12094,#3059);
#1832=LINE('',#12095,#3060);
#1833=LINE('',#12098,#3061);
#1834=LINE('',#12100,#3062);
#1835=LINE('',#12101,#3063);
#1836=LINE('',#12104,#3064);
#1837=LINE('',#12106,#3065);
#1838=LINE('',#12107,#3066);
#1839=LINE('',#12110,#3067);
#1840=LINE('',#12112,#3068);
#1841=LINE('',#12113,#3069);
#1842=LINE('',#12115,#3070);
#1843=LINE('',#12116,#3071);
#1844=LINE('',#12120,#3072);
#1845=LINE('',#12122,#3073);
#1846=LINE('',#12124,#3074);
#1847=LINE('',#12125,#3075);
#1848=LINE('',#12128,#3076);
#1849=LINE('',#12130,#3077);
#1850=LINE('',#12131,#3078);
#1851=LINE('',#12133,#3079);
#1852=LINE('',#12134,#3080);
#1853=LINE('',#12138,#3081);
#1854=LINE('',#12140,#3082);
#1855=LINE('',#12142,#3083);
#1856=LINE('',#12143,#3084);
#1857=LINE('',#12146,#3085);
#1858=LINE('',#12148,#3086);
#1859=LINE('',#12149,#3087);
#1860=LINE('',#12152,#3088);
#1861=LINE('',#12154,#3089);
#1862=LINE('',#12155,#3090);
#1863=LINE('',#12158,#3091);
#1864=LINE('',#12160,#3092);
#1865=LINE('',#12161,#3093);
#1866=LINE('',#12164,#3094);
#1867=LINE('',#12166,#3095);
#1868=LINE('',#12167,#3096);
#1869=LINE('',#12169,#3097);
#1870=LINE('',#12170,#3098);
#1871=LINE('',#12174,#3099);
#1872=LINE('',#12176,#3100);
#1873=LINE('',#12178,#3101);
#1874=LINE('',#12179,#3102);
#1875=LINE('',#12182,#3103);
#1876=LINE('',#12184,#3104);
#1877=LINE('',#12185,#3105);
#1878=LINE('',#12188,#3106);
#1879=LINE('',#12190,#3107);
#1880=LINE('',#12191,#3108);
#1881=LINE('',#12194,#3109);
#1882=LINE('',#12196,#3110);
#1883=LINE('',#12197,#3111);
#1884=LINE('',#12200,#3112);
#1885=LINE('',#12202,#3113);
#1886=LINE('',#12203,#3114);
#1887=LINE('',#12205,#3115);
#1888=LINE('',#12206,#3116);
#1889=LINE('',#12210,#3117);
#1890=LINE('',#12212,#3118);
#1891=LINE('',#12214,#3119);
#1892=LINE('',#12215,#3120);
#1893=LINE('',#12218,#3121);
#1894=LINE('',#12220,#3122);
#1895=LINE('',#12221,#3123);
#1896=LINE('',#12224,#3124);
#1897=LINE('',#12226,#3125);
#1898=LINE('',#12227,#3126);
#1899=LINE('',#12230,#3127);
#1900=LINE('',#12232,#3128);
#1901=LINE('',#12233,#3129);
#1902=LINE('',#12236,#3130);
#1903=LINE('',#12238,#3131);
#1904=LINE('',#12239,#3132);
#1905=LINE('',#12241,#3133);
#1906=LINE('',#12242,#3134);
#1907=LINE('',#12246,#3135);
#1908=LINE('',#12248,#3136);
#1909=LINE('',#12250,#3137);
#1910=LINE('',#12251,#3138);
#1911=LINE('',#12254,#3139);
#1912=LINE('',#12256,#3140);
#1913=LINE('',#12257,#3141);
#1914=LINE('',#12260,#3142);
#1915=LINE('',#12262,#3143);
#1916=LINE('',#12263,#3144);
#1917=LINE('',#12266,#3145);
#1918=LINE('',#12268,#3146);
#1919=LINE('',#12269,#3147);
#1920=LINE('',#12272,#3148);
#1921=LINE('',#12274,#3149);
#1922=LINE('',#12275,#3150);
#1923=LINE('',#12277,#3151);
#1924=LINE('',#12278,#3152);
#1925=LINE('',#12282,#3153);
#1926=LINE('',#12284,#3154);
#1927=LINE('',#12286,#3155);
#1928=LINE('',#12287,#3156);
#1929=LINE('',#12290,#3157);
#1930=LINE('',#12292,#3158);
#1931=LINE('',#12293,#3159);
#1932=LINE('',#12296,#3160);
#1933=LINE('',#12298,#3161);
#1934=LINE('',#12299,#3162);
#1935=LINE('',#12302,#3163);
#1936=LINE('',#12304,#3164);
#1937=LINE('',#12305,#3165);
#1938=LINE('',#12307,#3166);
#1939=LINE('',#12308,#3167);
#1940=LINE('',#12312,#3168);
#1941=LINE('',#12314,#3169);
#1942=LINE('',#12316,#3170);
#1943=LINE('',#12317,#3171);
#1944=LINE('',#12320,#3172);
#1945=LINE('',#12322,#3173);
#1946=LINE('',#12323,#3174);
#1947=LINE('',#12326,#3175);
#1948=LINE('',#12328,#3176);
#1949=LINE('',#12329,#3177);
#1950=LINE('',#12332,#3178);
#1951=LINE('',#12334,#3179);
#1952=LINE('',#12335,#3180);
#1953=LINE('',#12338,#3181);
#1954=LINE('',#12340,#3182);
#1955=LINE('',#12341,#3183);
#1956=LINE('',#12343,#3184);
#1957=LINE('',#12344,#3185);
#1958=LINE('',#12348,#3186);
#1959=LINE('',#12350,#3187);
#1960=LINE('',#12352,#3188);
#1961=LINE('',#12353,#3189);
#1962=LINE('',#12356,#3190);
#1963=LINE('',#12358,#3191);
#1964=LINE('',#12359,#3192);
#1965=LINE('',#12361,#3193);
#1966=LINE('',#12362,#3194);
#1967=LINE('',#12366,#3195);
#1968=LINE('',#12368,#3196);
#1969=LINE('',#12370,#3197);
#1970=LINE('',#12371,#3198);
#1971=LINE('',#12374,#3199);
#1972=LINE('',#12376,#3200);
#1973=LINE('',#12377,#3201);
#1974=LINE('',#12380,#3202);
#1975=LINE('',#12382,#3203);
#1976=LINE('',#12383,#3204);
#1977=LINE('',#12386,#3205);
#1978=LINE('',#12388,#3206);
#1979=LINE('',#12389,#3207);
#1980=LINE('',#12391,#3208);
#1981=LINE('',#12392,#3209);
#1982=LINE('',#12396,#3210);
#1983=LINE('',#12398,#3211);
#1984=LINE('',#12400,#3212);
#1985=LINE('',#12401,#3213);
#1986=LINE('',#12404,#3214);
#1987=LINE('',#12406,#3215);
#1988=LINE('',#12407,#3216);
#1989=LINE('',#12410,#3217);
#1990=LINE('',#12412,#3218);
#1991=LINE('',#12413,#3219);
#1992=LINE('',#12416,#3220);
#1993=LINE('',#12418,#3221);
#1994=LINE('',#12419,#3222);
#1995=LINE('',#12422,#3223);
#1996=LINE('',#12424,#3224);
#1997=LINE('',#12425,#3225);
#1998=LINE('',#12427,#3226);
#1999=LINE('',#12428,#3227);
#2000=LINE('',#12432,#3228);
#2001=LINE('',#12434,#3229);
#2002=LINE('',#12436,#3230);
#2003=LINE('',#12437,#3231);
#2004=LINE('',#12440,#3232);
#2005=LINE('',#12442,#3233);
#2006=LINE('',#12443,#3234);
#2007=LINE('',#12446,#3235);
#2008=LINE('',#12448,#3236);
#2009=LINE('',#12449,#3237);
#2010=LINE('',#12452,#3238);
#2011=LINE('',#12454,#3239);
#2012=LINE('',#12455,#3240);
#2013=LINE('',#12458,#3241);
#2014=LINE('',#12460,#3242);
#2015=LINE('',#12461,#3243);
#2016=LINE('',#12463,#3244);
#2017=LINE('',#12464,#3245);
#2018=LINE('',#12468,#3246);
#2019=LINE('',#12470,#3247);
#2020=LINE('',#12472,#3248);
#2021=LINE('',#12473,#3249);
#2022=LINE('',#12476,#3250);
#2023=LINE('',#12478,#3251);
#2024=LINE('',#12479,#3252);
#2025=LINE('',#12482,#3253);
#2026=LINE('',#12484,#3254);
#2027=LINE('',#12485,#3255);
#2028=LINE('',#12487,#3256);
#2029=LINE('',#12488,#3257);
#2030=LINE('',#12492,#3258);
#2031=LINE('',#12494,#3259);
#2032=LINE('',#12496,#3260);
#2033=LINE('',#12497,#3261);
#2034=LINE('',#12500,#3262);
#2035=LINE('',#12502,#3263);
#2036=LINE('',#12503,#3264);
#2037=LINE('',#12506,#3265);
#2038=LINE('',#12508,#3266);
#2039=LINE('',#12509,#3267);
#2040=LINE('',#12512,#3268);
#2041=LINE('',#12514,#3269);
#2042=LINE('',#12515,#3270);
#2043=LINE('',#12518,#3271);
#2044=LINE('',#12520,#3272);
#2045=LINE('',#12521,#3273);
#2046=LINE('',#12523,#3274);
#2047=LINE('',#12524,#3275);
#2048=LINE('',#12528,#3276);
#2049=LINE('',#12530,#3277);
#2050=LINE('',#12532,#3278);
#2051=LINE('',#12533,#3279);
#2052=LINE('',#12536,#3280);
#2053=LINE('',#12538,#3281);
#2054=LINE('',#12539,#3282);
#2055=LINE('',#12542,#3283);
#2056=LINE('',#12544,#3284);
#2057=LINE('',#12545,#3285);
#2058=LINE('',#12548,#3286);
#2059=LINE('',#12550,#3287);
#2060=LINE('',#12551,#3288);
#2061=LINE('',#12554,#3289);
#2062=LINE('',#12556,#3290);
#2063=LINE('',#12557,#3291);
#2064=LINE('',#12559,#3292);
#2065=LINE('',#12560,#3293);
#2066=LINE('',#12564,#3294);
#2067=LINE('',#12566,#3295);
#2068=LINE('',#12568,#3296);
#2069=LINE('',#12569,#3297);
#2070=LINE('',#12572,#3298);
#2071=LINE('',#12574,#3299);
#2072=LINE('',#12575,#3300);
#2073=LINE('',#12578,#3301);
#2074=LINE('',#12580,#3302);
#2075=LINE('',#12581,#3303);
#2076=LINE('',#12584,#3304);
#2077=LINE('',#12586,#3305);
#2078=LINE('',#12587,#3306);
#2079=LINE('',#12589,#3307);
#2080=LINE('',#12590,#3308);
#2081=LINE('',#12594,#3309);
#2082=LINE('',#12596,#3310);
#2083=LINE('',#12598,#3311);
#2084=LINE('',#12599,#3312);
#2085=LINE('',#12602,#3313);
#2086=LINE('',#12604,#3314);
#2087=LINE('',#12605,#3315);
#2088=LINE('',#12608,#3316);
#2089=LINE('',#12610,#3317);
#2090=LINE('',#12611,#3318);
#2091=LINE('',#12614,#3319);
#2092=LINE('',#12616,#3320);
#2093=LINE('',#12617,#3321);
#2094=LINE('',#12620,#3322);
#2095=LINE('',#12622,#3323);
#2096=LINE('',#12623,#3324);
#2097=LINE('',#12625,#3325);
#2098=LINE('',#12626,#3326);
#2099=LINE('',#12630,#3327);
#2100=LINE('',#12632,#3328);
#2101=LINE('',#12634,#3329);
#2102=LINE('',#12635,#3330);
#2103=LINE('',#12638,#3331);
#2104=LINE('',#12640,#3332);
#2105=LINE('',#12641,#3333);
#2106=LINE('',#12644,#3334);
#2107=LINE('',#12646,#3335);
#2108=LINE('',#12647,#3336);
#2109=LINE('',#12650,#3337);
#2110=LINE('',#12652,#3338);
#2111=LINE('',#12653,#3339);
#2112=LINE('',#12656,#3340);
#2113=LINE('',#12658,#3341);
#2114=LINE('',#12659,#3342);
#2115=LINE('',#12661,#3343);
#2116=LINE('',#12662,#3344);
#2117=LINE('',#12666,#3345);
#2118=LINE('',#12668,#3346);
#2119=LINE('',#12670,#3347);
#2120=LINE('',#12671,#3348);
#2121=LINE('',#12674,#3349);
#2122=LINE('',#12676,#3350);
#2123=LINE('',#12677,#3351);
#2124=LINE('',#12680,#3352);
#2125=LINE('',#12682,#3353);
#2126=LINE('',#12683,#3354);
#2127=LINE('',#12686,#3355);
#2128=LINE('',#12688,#3356);
#2129=LINE('',#12689,#3357);
#2130=LINE('',#12692,#3358);
#2131=LINE('',#12694,#3359);
#2132=LINE('',#12695,#3360);
#2133=LINE('',#12697,#3361);
#2134=LINE('',#12698,#3362);
#2135=LINE('',#12702,#3363);
#2136=LINE('',#12704,#3364);
#2137=LINE('',#12706,#3365);
#2138=LINE('',#12707,#3366);
#2139=LINE('',#12710,#3367);
#2140=LINE('',#12712,#3368);
#2141=LINE('',#12713,#3369);
#2142=LINE('',#12715,#3370);
#2143=LINE('',#12716,#3371);
#2144=LINE('',#12720,#3372);
#2145=LINE('',#12722,#3373);
#2146=LINE('',#12724,#3374);
#2147=LINE('',#12725,#3375);
#2148=LINE('',#12728,#3376);
#2149=LINE('',#12730,#3377);
#2150=LINE('',#12731,#3378);
#2151=LINE('',#12734,#3379);
#2152=LINE('',#12736,#3380);
#2153=LINE('',#12737,#3381);
#2154=LINE('',#12739,#3382);
#2155=LINE('',#12740,#3383);
#2156=LINE('',#12744,#3384);
#2157=LINE('',#12746,#3385);
#2158=LINE('',#12748,#3386);
#2159=LINE('',#12749,#3387);
#2160=LINE('',#12752,#3388);
#2161=LINE('',#12754,#3389);
#2162=LINE('',#12755,#3390);
#2163=LINE('',#12758,#3391);
#2164=LINE('',#12760,#3392);
#2165=LINE('',#12761,#3393);
#2166=LINE('',#12764,#3394);
#2167=LINE('',#12766,#3395);
#2168=LINE('',#12767,#3396);
#2169=LINE('',#12770,#3397);
#2170=LINE('',#12772,#3398);
#2171=LINE('',#12773,#3399);
#2172=LINE('',#12775,#3400);
#2173=LINE('',#12776,#3401);
#2174=LINE('',#12780,#3402);
#2175=LINE('',#12782,#3403);
#2176=LINE('',#12784,#3404);
#2177=LINE('',#12785,#3405);
#2178=LINE('',#12788,#3406);
#2179=LINE('',#12790,#3407);
#2180=LINE('',#12791,#3408);
#2181=LINE('',#12793,#3409);
#2182=LINE('',#12794,#3410);
#2183=LINE('',#12798,#3411);
#2184=LINE('',#12800,#3412);
#2185=LINE('',#12802,#3413);
#2186=LINE('',#12803,#3414);
#2187=LINE('',#12806,#3415);
#2188=LINE('',#12808,#3416);
#2189=LINE('',#12809,#3417);
#2190=LINE('',#12812,#3418);
#2191=LINE('',#12814,#3419);
#2192=LINE('',#12815,#3420);
#2193=LINE('',#12817,#3421);
#2194=LINE('',#12818,#3422);
#2195=LINE('',#12822,#3423);
#2196=LINE('',#12824,#3424);
#2197=LINE('',#12826,#3425);
#2198=LINE('',#12827,#3426);
#2199=LINE('',#12830,#3427);
#2200=LINE('',#12832,#3428);
#2201=LINE('',#12833,#3429);
#2202=LINE('',#12836,#3430);
#2203=LINE('',#12838,#3431);
#2204=LINE('',#12839,#3432);
#2205=LINE('',#12841,#3433);
#2206=LINE('',#12842,#3434);
#2207=LINE('',#12846,#3435);
#2208=LINE('',#12848,#3436);
#2209=LINE('',#12850,#3437);
#2210=LINE('',#12851,#3438);
#2211=LINE('',#12854,#3439);
#2212=LINE('',#12856,#3440);
#2213=LINE('',#12857,#3441);
#2214=LINE('',#12860,#3442);
#2215=LINE('',#12862,#3443);
#2216=LINE('',#12863,#3444);
#2217=LINE('',#12866,#3445);
#2218=LINE('',#12868,#3446);
#2219=LINE('',#12869,#3447);
#2220=LINE('',#12872,#3448);
#2221=LINE('',#12874,#3449);
#2222=LINE('',#12875,#3450);
#2223=LINE('',#12877,#3451);
#2224=LINE('',#12878,#3452);
#2225=LINE('',#12882,#3453);
#2226=LINE('',#12884,#3454);
#2227=LINE('',#12886,#3455);
#2228=LINE('',#12887,#3456);
#2229=LINE('',#12890,#3457);
#2230=LINE('',#12892,#3458);
#2231=LINE('',#12893,#3459);
#2232=LINE('',#12896,#3460);
#2233=LINE('',#12898,#3461);
#2234=LINE('',#12899,#3462);
#2235=LINE('',#12901,#3463);
#2236=LINE('',#12902,#3464);
#2237=LINE('',#12906,#3465);
#2238=LINE('',#12908,#3466);
#2239=LINE('',#12910,#3467);
#2240=LINE('',#12911,#3468);
#2241=LINE('',#12914,#3469);
#2242=LINE('',#12916,#3470);
#2243=LINE('',#12917,#3471);
#2244=LINE('',#12919,#3472);
#2245=LINE('',#12920,#3473);
#2246=LINE('',#12924,#3474);
#2247=LINE('',#12926,#3475);
#2248=LINE('',#12928,#3476);
#2249=LINE('',#12929,#3477);
#2250=LINE('',#12932,#3478);
#2251=LINE('',#12934,#3479);
#2252=LINE('',#12935,#3480);
#2253=LINE('',#12938,#3481);
#2254=LINE('',#12940,#3482);
#2255=LINE('',#12941,#3483);
#2256=LINE('',#12944,#3484);
#2257=LINE('',#12946,#3485);
#2258=LINE('',#12947,#3486);
#2259=LINE('',#12949,#3487);
#2260=LINE('',#12950,#3488);
#2261=LINE('',#12954,#3489);
#2262=LINE('',#12956,#3490);
#2263=LINE('',#12958,#3491);
#2264=LINE('',#12959,#3492);
#2265=LINE('',#12962,#3493);
#2266=LINE('',#12964,#3494);
#2267=LINE('',#12965,#3495);
#2268=LINE('',#12967,#3496);
#2269=LINE('',#12968,#3497);
#2270=LINE('',#12972,#3498);
#2271=LINE('',#12974,#3499);
#2272=LINE('',#12976,#3500);
#2273=LINE('',#12977,#3501);
#2274=LINE('',#12980,#3502);
#2275=LINE('',#12982,#3503);
#2276=LINE('',#12983,#3504);
#2277=LINE('',#12986,#3505);
#2278=LINE('',#12988,#3506);
#2279=LINE('',#12989,#3507);
#2280=LINE('',#12992,#3508);
#2281=LINE('',#12994,#3509);
#2282=LINE('',#12995,#3510);
#2283=LINE('',#12998,#3511);
#2284=LINE('',#13000,#3512);
#2285=LINE('',#13001,#3513);
#2286=LINE('',#13003,#3514);
#2287=LINE('',#13004,#3515);
#2288=LINE('',#13008,#3516);
#2289=LINE('',#13010,#3517);
#2290=LINE('',#13012,#3518);
#2291=LINE('',#13013,#3519);
#2292=LINE('',#13016,#3520);
#2293=LINE('',#13018,#3521);
#2294=LINE('',#13019,#3522);
#2295=LINE('',#13022,#3523);
#2296=LINE('',#13024,#3524);
#2297=LINE('',#13025,#3525);
#2298=LINE('',#13028,#3526);
#2299=LINE('',#13030,#3527);
#2300=LINE('',#13031,#3528);
#2301=LINE('',#13034,#3529);
#2302=LINE('',#13036,#3530);
#2303=LINE('',#13037,#3531);
#2304=LINE('',#13039,#3532);
#2305=LINE('',#13040,#3533);
#2306=LINE('',#13044,#3534);
#2307=LINE('',#13046,#3535);
#2308=LINE('',#13048,#3536);
#2309=LINE('',#13049,#3537);
#2310=LINE('',#13052,#3538);
#2311=LINE('',#13054,#3539);
#2312=LINE('',#13055,#3540);
#2313=LINE('',#13058,#3541);
#2314=LINE('',#13060,#3542);
#2315=LINE('',#13061,#3543);
#2316=LINE('',#13064,#3544);
#2317=LINE('',#13066,#3545);
#2318=LINE('',#13067,#3546);
#2319=LINE('',#13070,#3547);
#2320=LINE('',#13072,#3548);
#2321=LINE('',#13073,#3549);
#2322=LINE('',#13075,#3550);
#2323=LINE('',#13076,#3551);
#2324=LINE('',#13080,#3552);
#2325=LINE('',#13082,#3553);
#2326=LINE('',#13084,#3554);
#2327=LINE('',#13085,#3555);
#2328=LINE('',#13088,#3556);
#2329=LINE('',#13090,#3557);
#2330=LINE('',#13091,#3558);
#2331=LINE('',#13094,#3559);
#2332=LINE('',#13096,#3560);
#2333=LINE('',#13097,#3561);
#2334=LINE('',#13100,#3562);
#2335=LINE('',#13102,#3563);
#2336=LINE('',#13103,#3564);
#2337=LINE('',#13105,#3565);
#2338=LINE('',#13106,#3566);
#2339=LINE('',#13110,#3567);
#2340=LINE('',#13112,#3568);
#2341=LINE('',#13114,#3569);
#2342=LINE('',#13115,#3570);
#2343=LINE('',#13118,#3571);
#2344=LINE('',#13120,#3572);
#2345=LINE('',#13121,#3573);
#2346=LINE('',#13124,#3574);
#2347=LINE('',#13126,#3575);
#2348=LINE('',#13127,#3576);
#2349=LINE('',#13130,#3577);
#2350=LINE('',#13132,#3578);
#2351=LINE('',#13133,#3579);
#2352=LINE('',#13136,#3580);
#2353=LINE('',#13138,#3581);
#2354=LINE('',#13139,#3582);
#2355=LINE('',#13141,#3583);
#2356=LINE('',#13142,#3584);
#2357=LINE('',#13146,#3585);
#2358=LINE('',#13148,#3586);
#2359=LINE('',#13150,#3587);
#2360=LINE('',#13151,#3588);
#2361=LINE('',#13154,#3589);
#2362=LINE('',#13156,#3590);
#2363=LINE('',#13157,#3591);
#2364=LINE('',#13160,#3592);
#2365=LINE('',#13162,#3593);
#2366=LINE('',#13163,#3594);
#2367=LINE('',#13165,#3595);
#2368=LINE('',#13166,#3596);
#2369=LINE('',#13170,#3597);
#2370=LINE('',#13172,#3598);
#2371=LINE('',#13174,#3599);
#2372=LINE('',#13175,#3600);
#2373=LINE('',#13178,#3601);
#2374=LINE('',#13180,#3602);
#2375=LINE('',#13181,#3603);
#2376=LINE('',#13184,#3604);
#2377=LINE('',#13186,#3605);
#2378=LINE('',#13187,#3606);
#2379=LINE('',#13190,#3607);
#2380=LINE('',#13192,#3608);
#2381=LINE('',#13193,#3609);
#2382=LINE('',#13196,#3610);
#2383=LINE('',#13198,#3611);
#2384=LINE('',#13199,#3612);
#2385=LINE('',#13201,#3613);
#2386=LINE('',#13202,#3614);
#2387=LINE('',#13206,#3615);
#2388=LINE('',#13208,#3616);
#2389=LINE('',#13210,#3617);
#2390=LINE('',#13211,#3618);
#2391=LINE('',#13214,#3619);
#2392=LINE('',#13216,#3620);
#2393=LINE('',#13217,#3621);
#2394=LINE('',#13220,#3622);
#2395=LINE('',#13222,#3623);
#2396=LINE('',#13223,#3624);
#2397=LINE('',#13226,#3625);
#2398=LINE('',#13228,#3626);
#2399=LINE('',#13229,#3627);
#2400=LINE('',#13231,#3628);
#2401=LINE('',#13232,#3629);
#2402=LINE('',#13236,#3630);
#2403=LINE('',#13238,#3631);
#2404=LINE('',#13240,#3632);
#2405=LINE('',#13241,#3633);
#2406=LINE('',#13244,#3634);
#2407=LINE('',#13246,#3635);
#2408=LINE('',#13247,#3636);
#2409=LINE('',#13250,#3637);
#2410=LINE('',#13252,#3638);
#2411=LINE('',#13253,#3639);
#2412=LINE('',#13256,#3640);
#2413=LINE('',#13258,#3641);
#2414=LINE('',#13259,#3642);
#2415=LINE('',#13262,#3643);
#2416=LINE('',#13264,#3644);
#2417=LINE('',#13265,#3645);
#2418=LINE('',#13267,#3646);
#2419=LINE('',#13268,#3647);
#2420=LINE('',#13272,#3648);
#2421=LINE('',#13274,#3649);
#2422=LINE('',#13276,#3650);
#2423=LINE('',#13277,#3651);
#2424=LINE('',#13280,#3652);
#2425=LINE('',#13282,#3653);
#2426=LINE('',#13283,#3654);
#2427=LINE('',#13286,#3655);
#2428=LINE('',#13288,#3656);
#2429=LINE('',#13289,#3657);
#2430=LINE('',#13292,#3658);
#2431=LINE('',#13294,#3659);
#2432=LINE('',#13295,#3660);
#2433=LINE('',#13298,#3661);
#2434=LINE('',#13300,#3662);
#2435=LINE('',#13301,#3663);
#2436=LINE('',#13303,#3664);
#2437=LINE('',#13304,#3665);
#2438=LINE('',#13308,#3666);
#2439=LINE('',#13310,#3667);
#2440=LINE('',#13312,#3668);
#2441=LINE('',#13313,#3669);
#2442=LINE('',#13316,#3670);
#2443=LINE('',#13318,#3671);
#2444=LINE('',#13319,#3672);
#2445=LINE('',#13322,#3673);
#2446=LINE('',#13324,#3674);
#2447=LINE('',#13325,#3675);
#2448=LINE('',#13328,#3676);
#2449=LINE('',#13330,#3677);
#2450=LINE('',#13331,#3678);
#2451=LINE('',#13334,#3679);
#2452=LINE('',#13336,#3680);
#2453=LINE('',#13337,#3681);
#2454=LINE('',#13339,#3682);
#2455=LINE('',#13340,#3683);
#2456=LINE('',#13344,#3684);
#2457=LINE('',#13346,#3685);
#2458=LINE('',#13348,#3686);
#2459=LINE('',#13349,#3687);
#2460=LINE('',#13352,#3688);
#2461=LINE('',#13354,#3689);
#2462=LINE('',#13355,#3690);
#2463=LINE('',#13358,#3691);
#2464=LINE('',#13360,#3692);
#2465=LINE('',#13361,#3693);
#2466=LINE('',#13364,#3694);
#2467=LINE('',#13366,#3695);
#2468=LINE('',#13367,#3696);
#2469=LINE('',#13370,#3697);
#2470=LINE('',#13372,#3698);
#2471=LINE('',#13373,#3699);
#2472=LINE('',#13375,#3700);
#2473=LINE('',#13376,#3701);
#2474=LINE('',#13380,#3702);
#2475=LINE('',#13382,#3703);
#2476=LINE('',#13384,#3704);
#2477=LINE('',#13385,#3705);
#2478=LINE('',#13388,#3706);
#2479=LINE('',#13390,#3707);
#2480=LINE('',#13391,#3708);
#2481=LINE('',#13394,#3709);
#2482=LINE('',#13396,#3710);
#2483=LINE('',#13397,#3711);
#2484=LINE('',#13400,#3712);
#2485=LINE('',#13402,#3713);
#2486=LINE('',#13403,#3714);
#2487=LINE('',#13406,#3715);
#2488=LINE('',#13408,#3716);
#2489=LINE('',#13409,#3717);
#2490=LINE('',#13411,#3718);
#2491=LINE('',#13412,#3719);
#2492=LINE('',#13416,#3720);
#2493=LINE('',#13418,#3721);
#2494=LINE('',#13420,#3722);
#2495=LINE('',#13421,#3723);
#2496=LINE('',#13424,#3724);
#2497=LINE('',#13426,#3725);
#2498=LINE('',#13427,#3726);
#2499=LINE('',#13430,#3727);
#2500=LINE('',#13432,#3728);
#2501=LINE('',#13433,#3729);
#2502=LINE('',#13436,#3730);
#2503=LINE('',#13438,#3731);
#2504=LINE('',#13439,#3732);
#2505=LINE('',#13442,#3733);
#2506=LINE('',#13444,#3734);
#2507=LINE('',#13445,#3735);
#2508=LINE('',#13447,#3736);
#2509=LINE('',#13448,#3737);
#2510=LINE('',#13452,#3738);
#2511=LINE('',#13454,#3739);
#2512=LINE('',#13456,#3740);
#2513=LINE('',#13457,#3741);
#2514=LINE('',#13460,#3742);
#2515=LINE('',#13462,#3743);
#2516=LINE('',#13463,#3744);
#2517=LINE('',#13466,#3745);
#2518=LINE('',#13468,#3746);
#2519=LINE('',#13469,#3747);
#2520=LINE('',#13472,#3748);
#2521=LINE('',#13474,#3749);
#2522=LINE('',#13475,#3750);
#2523=LINE('',#13477,#3751);
#2524=LINE('',#13478,#3752);
#2525=LINE('',#13482,#3753);
#2526=LINE('',#13484,#3754);
#2527=LINE('',#13486,#3755);
#2528=LINE('',#13487,#3756);
#2529=LINE('',#13490,#3757);
#2530=LINE('',#13492,#3758);
#2531=LINE('',#13493,#3759);
#2532=LINE('',#13496,#3760);
#2533=LINE('',#13498,#3761);
#2534=LINE('',#13499,#3762);
#2535=LINE('',#13502,#3763);
#2536=LINE('',#13504,#3764);
#2537=LINE('',#13505,#3765);
#2538=LINE('',#13508,#3766);
#2539=LINE('',#13510,#3767);
#2540=LINE('',#13511,#3768);
#2541=LINE('',#13513,#3769);
#2542=LINE('',#13514,#3770);
#2543=LINE('',#13518,#3771);
#2544=LINE('',#13520,#3772);
#2545=LINE('',#13522,#3773);
#2546=LINE('',#13523,#3774);
#2547=LINE('',#13526,#3775);
#2548=LINE('',#13528,#3776);
#2549=LINE('',#13529,#3777);
#2550=LINE('',#13532,#3778);
#2551=LINE('',#13534,#3779);
#2552=LINE('',#13535,#3780);
#2553=LINE('',#13538,#3781);
#2554=LINE('',#13540,#3782);
#2555=LINE('',#13541,#3783);
#2556=LINE('',#13544,#3784);
#2557=LINE('',#13546,#3785);
#2558=LINE('',#13547,#3786);
#2559=LINE('',#13549,#3787);
#2560=LINE('',#13550,#3788);
#2561=LINE('',#13554,#3789);
#2562=LINE('',#13556,#3790);
#2563=LINE('',#13558,#3791);
#2564=LINE('',#13559,#3792);
#2565=LINE('',#13562,#3793);
#2566=LINE('',#13564,#3794);
#2567=LINE('',#13565,#3795);
#2568=LINE('',#13568,#3796);
#2569=LINE('',#13570,#3797);
#2570=LINE('',#13571,#3798);
#2571=LINE('',#13574,#3799);
#2572=LINE('',#13576,#3800);
#2573=LINE('',#13577,#3801);
#2574=LINE('',#13580,#3802);
#2575=LINE('',#13582,#3803);
#2576=LINE('',#13583,#3804);
#2577=LINE('',#13585,#3805);
#2578=LINE('',#13586,#3806);
#2579=LINE('',#13590,#3807);
#2580=LINE('',#13592,#3808);
#2581=LINE('',#13594,#3809);
#2582=LINE('',#13595,#3810);
#2583=LINE('',#13598,#3811);
#2584=LINE('',#13600,#3812);
#2585=LINE('',#13601,#3813);
#2586=LINE('',#13604,#3814);
#2587=LINE('',#13606,#3815);
#2588=LINE('',#13607,#3816);
#2589=LINE('',#13609,#3817);
#2590=LINE('',#13610,#3818);
#2591=LINE('',#13614,#3819);
#2592=LINE('',#13616,#3820);
#2593=LINE('',#13618,#3821);
#2594=LINE('',#13619,#3822);
#2595=LINE('',#13622,#3823);
#2596=LINE('',#13624,#3824);
#2597=LINE('',#13625,#3825);
#2598=LINE('',#13628,#3826);
#2599=LINE('',#13630,#3827);
#2600=LINE('',#13631,#3828);
#2601=LINE('',#13634,#3829);
#2602=LINE('',#13636,#3830);
#2603=LINE('',#13637,#3831);
#2604=LINE('',#13640,#3832);
#2605=LINE('',#13642,#3833);
#2606=LINE('',#13643,#3834);
#2607=LINE('',#13645,#3835);
#2608=LINE('',#13646,#3836);
#2609=LINE('',#13650,#3837);
#2610=LINE('',#13652,#3838);
#2611=LINE('',#13654,#3839);
#2612=LINE('',#13655,#3840);
#2613=LINE('',#13658,#3841);
#2614=LINE('',#13660,#3842);
#2615=LINE('',#13661,#3843);
#2616=LINE('',#13664,#3844);
#2617=LINE('',#13666,#3845);
#2618=LINE('',#13667,#3846);
#2619=LINE('',#13670,#3847);
#2620=LINE('',#13672,#3848);
#2621=LINE('',#13673,#3849);
#2622=LINE('',#13676,#3850);
#2623=LINE('',#13678,#3851);
#2624=LINE('',#13679,#3852);
#2625=LINE('',#13681,#3853);
#2626=LINE('',#13682,#3854);
#2627=LINE('',#13686,#3855);
#2628=LINE('',#13688,#3856);
#2629=LINE('',#13690,#3857);
#2630=LINE('',#13691,#3858);
#2631=LINE('',#13694,#3859);
#2632=LINE('',#13696,#3860);
#2633=LINE('',#13697,#3861);
#2634=LINE('',#13699,#3862);
#2635=LINE('',#13700,#3863);
#2636=LINE('',#13704,#3864);
#2637=LINE('',#13706,#3865);
#2638=LINE('',#13708,#3866);
#2639=LINE('',#13709,#3867);
#2640=LINE('',#13712,#3868);
#2641=LINE('',#13714,#3869);
#2642=LINE('',#13715,#3870);
#2643=LINE('',#13718,#3871);
#2644=LINE('',#13720,#3872);
#2645=LINE('',#13721,#3873);
#2646=LINE('',#13724,#3874);
#2647=LINE('',#13726,#3875);
#2648=LINE('',#13727,#3876);
#2649=LINE('',#13730,#3877);
#2650=LINE('',#13732,#3878);
#2651=LINE('',#13733,#3879);
#2652=LINE('',#13735,#3880);
#2653=LINE('',#13736,#3881);
#2654=LINE('',#13740,#3882);
#2655=LINE('',#13742,#3883);
#2656=LINE('',#13744,#3884);
#2657=LINE('',#13745,#3885);
#2658=LINE('',#13748,#3886);
#2659=LINE('',#13750,#3887);
#2660=LINE('',#13751,#3888);
#2661=LINE('',#13754,#3889);
#2662=LINE('',#13756,#3890);
#2663=LINE('',#13757,#3891);
#2664=LINE('',#13760,#3892);
#2665=LINE('',#13762,#3893);
#2666=LINE('',#13763,#3894);
#2667=LINE('',#13766,#3895);
#2668=LINE('',#13768,#3896);
#2669=LINE('',#13769,#3897);
#2670=LINE('',#13771,#3898);
#2671=LINE('',#13772,#3899);
#2672=LINE('',#13776,#3900);
#2673=LINE('',#13778,#3901);
#2674=LINE('',#13780,#3902);
#2675=LINE('',#13781,#3903);
#2676=LINE('',#13784,#3904);
#2677=LINE('',#13786,#3905);
#2678=LINE('',#13787,#3906);
#2679=LINE('',#13790,#3907);
#2680=LINE('',#13792,#3908);
#2681=LINE('',#13793,#3909);
#2682=LINE('',#13796,#3910);
#2683=LINE('',#13798,#3911);
#2684=LINE('',#13799,#3912);
#2685=LINE('',#13802,#3913);
#2686=LINE('',#13804,#3914);
#2687=LINE('',#13805,#3915);
#2688=LINE('',#13807,#3916);
#2689=LINE('',#13808,#3917);
#2690=LINE('',#13812,#3918);
#2691=LINE('',#13814,#3919);
#2692=LINE('',#13816,#3920);
#2693=LINE('',#13817,#3921);
#2694=LINE('',#13820,#3922);
#2695=LINE('',#13822,#3923);
#2696=LINE('',#13823,#3924);
#2697=LINE('',#13826,#3925);
#2698=LINE('',#13828,#3926);
#2699=LINE('',#13829,#3927);
#2700=LINE('',#13832,#3928);
#2701=LINE('',#13834,#3929);
#2702=LINE('',#13835,#3930);
#2703=LINE('',#13838,#3931);
#2704=LINE('',#13840,#3932);
#2705=LINE('',#13841,#3933);
#2706=LINE('',#13843,#3934);
#2707=LINE('',#13844,#3935);
#2708=LINE('',#13848,#3936);
#2709=LINE('',#13850,#3937);
#2710=LINE('',#13852,#3938);
#2711=LINE('',#13853,#3939);
#2712=LINE('',#13856,#3940);
#2713=LINE('',#13858,#3941);
#2714=LINE('',#13859,#3942);
#2715=LINE('',#13862,#3943);
#2716=LINE('',#13864,#3944);
#2717=LINE('',#13865,#3945);
#2718=LINE('',#13867,#3946);
#2719=LINE('',#13868,#3947);
#2720=LINE('',#13872,#3948);
#2721=LINE('',#13874,#3949);
#2722=LINE('',#13876,#3950);
#2723=LINE('',#13877,#3951);
#2724=LINE('',#13880,#3952);
#2725=LINE('',#13882,#3953);
#2726=LINE('',#13883,#3954);
#2727=LINE('',#13886,#3955);
#2728=LINE('',#13888,#3956);
#2729=LINE('',#13889,#3957);
#2730=LINE('',#13892,#3958);
#2731=LINE('',#13894,#3959);
#2732=LINE('',#13895,#3960);
#2733=LINE('',#13898,#3961);
#2734=LINE('',#13900,#3962);
#2735=LINE('',#13901,#3963);
#2736=LINE('',#13903,#3964);
#2737=LINE('',#13904,#3965);
#2738=LINE('',#13908,#3966);
#2739=LINE('',#13910,#3967);
#2740=LINE('',#13912,#3968);
#2741=LINE('',#13913,#3969);
#2742=LINE('',#13916,#3970);
#2743=LINE('',#13918,#3971);
#2744=LINE('',#13919,#3972);
#2745=LINE('',#13922,#3973);
#2746=LINE('',#13924,#3974);
#2747=LINE('',#13925,#3975);
#2748=LINE('',#13928,#3976);
#2749=LINE('',#13930,#3977);
#2750=LINE('',#13931,#3978);
#2751=LINE('',#13934,#3979);
#2752=LINE('',#13936,#3980);
#2753=LINE('',#13937,#3981);
#2754=LINE('',#13939,#3982);
#2755=LINE('',#13940,#3983);
#2756=LINE('',#13944,#3984);
#2757=LINE('',#13946,#3985);
#2758=LINE('',#13948,#3986);
#2759=LINE('',#13949,#3987);
#2760=LINE('',#13952,#3988);
#2761=LINE('',#13954,#3989);
#2762=LINE('',#13955,#3990);
#2763=LINE('',#13957,#3991);
#2764=LINE('',#13958,#3992);
#2765=LINE('',#13962,#3993);
#2766=LINE('',#13964,#3994);
#2767=LINE('',#13966,#3995);
#2768=LINE('',#13967,#3996);
#2769=LINE('',#13970,#3997);
#2770=LINE('',#13972,#3998);
#2771=LINE('',#13973,#3999);
#2772=LINE('',#13976,#4000);
#2773=LINE('',#13978,#4001);
#2774=LINE('',#13979,#4002);
#2775=LINE('',#13982,#4003);
#2776=LINE('',#13984,#4004);
#2777=LINE('',#13985,#4005);
#2778=LINE('',#13988,#4006);
#2779=LINE('',#13990,#4007);
#2780=LINE('',#13991,#4008);
#2781=LINE('',#13993,#4009);
#2782=LINE('',#13994,#4010);
#2783=LINE('',#13998,#4011);
#2784=LINE('',#14000,#4012);
#2785=LINE('',#14002,#4013);
#2786=LINE('',#14003,#4014);
#2787=LINE('',#14005,#4015);
#2788=LINE('',#14006,#4016);
#2789=LINE('',#14008,#4017);
#2790=LINE('',#14009,#4018);
#2791=VECTOR('',#9407,4.0000014007092);
#2792=VECTOR('',#9410,10.);
#2793=VECTOR('',#9411,10.);
#2794=VECTOR('',#9418,10.);
#2795=VECTOR('',#9419,10.);
#2796=VECTOR('',#9422,10.);
#2797=VECTOR('',#9423,10.);
#2798=VECTOR('',#9424,10.);
#2799=VECTOR('',#9427,10.);
#2800=VECTOR('',#9428,10.);
#2801=VECTOR('',#9429,10.);
#2802=VECTOR('',#9432,10.);
#2803=VECTOR('',#9433,10.);
#2804=VECTOR('',#9434,10.);
#2805=VECTOR('',#9435,10.);
#2806=VECTOR('',#9438,10.);
#2807=VECTOR('',#9439,10.);
#2808=VECTOR('',#9440,10.);
#2809=VECTOR('',#9443,10.);
#2810=VECTOR('',#9444,10.);
#2811=VECTOR('',#9445,10.);
#2812=VECTOR('',#9448,10.);
#2813=VECTOR('',#9449,10.);
#2814=VECTOR('',#9450,10.);
#2815=VECTOR('',#9453,10.);
#2816=VECTOR('',#9454,10.);
#2817=VECTOR('',#9455,10.);
#2818=VECTOR('',#9458,10.);
#2819=VECTOR('',#9459,10.);
#2820=VECTOR('',#9462,10.);
#2821=VECTOR('',#9463,10.);
#2822=VECTOR('',#9464,10.);
#2823=VECTOR('',#9465,10.);
#2824=VECTOR('',#9468,10.);
#2825=VECTOR('',#9469,10.);
#2826=VECTOR('',#9470,10.);
#2827=VECTOR('',#9473,10.);
#2828=VECTOR('',#9474,10.);
#2829=VECTOR('',#9475,10.);
#2830=VECTOR('',#9478,10.);
#2831=VECTOR('',#9479,10.);
#2832=VECTOR('',#9480,10.);
#2833=VECTOR('',#9483,10.);
#2834=VECTOR('',#9484,10.);
#2835=VECTOR('',#9485,10.);
#2836=VECTOR('',#9488,10.);
#2837=VECTOR('',#9489,10.);
#2838=VECTOR('',#9492,10.);
#2839=VECTOR('',#9493,10.);
#2840=VECTOR('',#9494,10.);
#2841=VECTOR('',#9495,10.);
#2842=VECTOR('',#9498,10.);
#2843=VECTOR('',#9499,10.);
#2844=VECTOR('',#9500,10.);
#2845=VECTOR('',#9503,10.);
#2846=VECTOR('',#9504,10.);
#2847=VECTOR('',#9505,10.);
#2848=VECTOR('',#9508,10.);
#2849=VECTOR('',#9509,10.);
#2850=VECTOR('',#9510,10.);
#2851=VECTOR('',#9513,10.);
#2852=VECTOR('',#9514,10.);
#2853=VECTOR('',#9515,10.);
#2854=VECTOR('',#9518,10.);
#2855=VECTOR('',#9519,10.);
#2856=VECTOR('',#9522,10.);
#2857=VECTOR('',#9523,10.);
#2858=VECTOR('',#9524,10.);
#2859=VECTOR('',#9525,10.);
#2860=VECTOR('',#9528,10.);
#2861=VECTOR('',#9529,10.);
#2862=VECTOR('',#9530,10.);
#2863=VECTOR('',#9533,10.);
#2864=VECTOR('',#9534,10.);
#2865=VECTOR('',#9535,10.);
#2866=VECTOR('',#9538,10.);
#2867=VECTOR('',#9539,10.);
#2868=VECTOR('',#9540,10.);
#2869=VECTOR('',#9543,10.);
#2870=VECTOR('',#9544,10.);
#2871=VECTOR('',#9545,10.);
#2872=VECTOR('',#9548,10.);
#2873=VECTOR('',#9549,10.);
#2874=VECTOR('',#9552,10.);
#2875=VECTOR('',#9553,10.);
#2876=VECTOR('',#9554,10.);
#2877=VECTOR('',#9555,10.);
#2878=VECTOR('',#9558,10.);
#2879=VECTOR('',#9559,10.);
#2880=VECTOR('',#9560,10.);
#2881=VECTOR('',#9563,10.);
#2882=VECTOR('',#9564,10.);
#2883=VECTOR('',#9565,10.);
#2884=VECTOR('',#9568,10.);
#2885=VECTOR('',#9569,10.);
#2886=VECTOR('',#9570,10.);
#2887=VECTOR('',#9573,10.);
#2888=VECTOR('',#9574,10.);
#2889=VECTOR('',#9575,10.);
#2890=VECTOR('',#9578,10.);
#2891=VECTOR('',#9579,10.);
#2892=VECTOR('',#9582,10.);
#2893=VECTOR('',#9583,10.);
#2894=VECTOR('',#9584,10.);
#2895=VECTOR('',#9585,10.);
#2896=VECTOR('',#9588,10.);
#2897=VECTOR('',#9589,10.);
#2898=VECTOR('',#9590,10.);
#2899=VECTOR('',#9593,10.);
#2900=VECTOR('',#9594,10.);
#2901=VECTOR('',#9595,10.);
#2902=VECTOR('',#9598,10.);
#2903=VECTOR('',#9599,10.);
#2904=VECTOR('',#9600,10.);
#2905=VECTOR('',#9603,10.);
#2906=VECTOR('',#9604,10.);
#2907=VECTOR('',#9605,10.);
#2908=VECTOR('',#9608,10.);
#2909=VECTOR('',#9609,10.);
#2910=VECTOR('',#9612,10.);
#2911=VECTOR('',#9613,10.);
#2912=VECTOR('',#9614,10.);
#2913=VECTOR('',#9615,10.);
#2914=VECTOR('',#9618,10.);
#2915=VECTOR('',#9619,10.);
#2916=VECTOR('',#9620,10.);
#2917=VECTOR('',#9623,10.);
#2918=VECTOR('',#9624,10.);
#2919=VECTOR('',#9625,10.);
#2920=VECTOR('',#9628,10.);
#2921=VECTOR('',#9629,10.);
#2922=VECTOR('',#9630,10.);
#2923=VECTOR('',#9633,10.);
#2924=VECTOR('',#9634,10.);
#2925=VECTOR('',#9635,10.);
#2926=VECTOR('',#9638,10.);
#2927=VECTOR('',#9639,10.);
#2928=VECTOR('',#9642,10.);
#2929=VECTOR('',#9643,10.);
#2930=VECTOR('',#9644,10.);
#2931=VECTOR('',#9645,10.);
#2932=VECTOR('',#9648,10.);
#2933=VECTOR('',#9649,10.);
#2934=VECTOR('',#9650,10.);
#2935=VECTOR('',#9653,10.);
#2936=VECTOR('',#9654,10.);
#2937=VECTOR('',#9655,10.);
#2938=VECTOR('',#9658,10.);
#2939=VECTOR('',#9659,10.);
#2940=VECTOR('',#9660,10.);
#2941=VECTOR('',#9663,10.);
#2942=VECTOR('',#9664,10.);
#2943=VECTOR('',#9665,10.);
#2944=VECTOR('',#9668,10.);
#2945=VECTOR('',#9669,10.);
#2946=VECTOR('',#9672,10.);
#2947=VECTOR('',#9673,10.);
#2948=VECTOR('',#9674,10.);
#2949=VECTOR('',#9675,10.);
#2950=VECTOR('',#9678,10.);
#2951=VECTOR('',#9679,10.);
#2952=VECTOR('',#9680,10.);
#2953=VECTOR('',#9683,10.);
#2954=VECTOR('',#9684,10.);
#2955=VECTOR('',#9685,10.);
#2956=VECTOR('',#9688,10.);
#2957=VECTOR('',#9689,10.);
#2958=VECTOR('',#9690,10.);
#2959=VECTOR('',#9693,10.);
#2960=VECTOR('',#9694,10.);
#2961=VECTOR('',#9695,10.);
#2962=VECTOR('',#9698,10.);
#2963=VECTOR('',#9699,10.);
#2964=VECTOR('',#9702,10.);
#2965=VECTOR('',#9703,10.);
#2966=VECTOR('',#9704,10.);
#2967=VECTOR('',#9705,10.);
#2968=VECTOR('',#9708,10.);
#2969=VECTOR('',#9709,10.);
#2970=VECTOR('',#9710,10.);
#2971=VECTOR('',#9713,10.);
#2972=VECTOR('',#9714,10.);
#2973=VECTOR('',#9715,10.);
#2974=VECTOR('',#9718,10.);
#2975=VECTOR('',#9719,10.);
#2976=VECTOR('',#9720,10.);
#2977=VECTOR('',#9723,10.);
#2978=VECTOR('',#9724,10.);
#2979=VECTOR('',#9725,10.);
#2980=VECTOR('',#9728,10.);
#2981=VECTOR('',#9729,10.);
#2982=VECTOR('',#9732,10.);
#2983=VECTOR('',#9733,10.);
#2984=VECTOR('',#9734,10.);
#2985=VECTOR('',#9735,10.);
#2986=VECTOR('',#9738,10.);
#2987=VECTOR('',#9739,10.);
#2988=VECTOR('',#9740,10.);
#2989=VECTOR('',#9743,10.);
#2990=VECTOR('',#9744,10.);
#2991=VECTOR('',#9745,10.);
#2992=VECTOR('',#9748,10.);
#2993=VECTOR('',#9749,10.);
#2994=VECTOR('',#9750,10.);
#2995=VECTOR('',#9753,10.);
#2996=VECTOR('',#9754,10.);
#2997=VECTOR('',#9755,10.);
#2998=VECTOR('',#9758,10.);
#2999=VECTOR('',#9759,10.);
#3000=VECTOR('',#9762,10.);
#3001=VECTOR('',#9763,10.);
#3002=VECTOR('',#9764,10.);
#3003=VECTOR('',#9765,10.);
#3004=VECTOR('',#9768,10.);
#3005=VECTOR('',#9769,10.);
#3006=VECTOR('',#9770,10.);
#3007=VECTOR('',#9773,10.);
#3008=VECTOR('',#9774,10.);
#3009=VECTOR('',#9775,10.);
#3010=VECTOR('',#9778,10.);
#3011=VECTOR('',#9779,10.);
#3012=VECTOR('',#9780,10.);
#3013=VECTOR('',#9783,10.);
#3014=VECTOR('',#9784,10.);
#3015=VECTOR('',#9785,10.);
#3016=VECTOR('',#9788,10.);
#3017=VECTOR('',#9789,10.);
#3018=VECTOR('',#9792,10.);
#3019=VECTOR('',#9793,10.);
#3020=VECTOR('',#9794,10.);
#3021=VECTOR('',#9795,10.);
#3022=VECTOR('',#9798,10.);
#3023=VECTOR('',#9799,10.);
#3024=VECTOR('',#9800,10.);
#3025=VECTOR('',#9803,10.);
#3026=VECTOR('',#9804,10.);
#3027=VECTOR('',#9805,10.);
#3028=VECTOR('',#9808,10.);
#3029=VECTOR('',#9809,10.);
#3030=VECTOR('',#9810,10.);
#3031=VECTOR('',#9813,10.);
#3032=VECTOR('',#9814,10.);
#3033=VECTOR('',#9815,10.);
#3034=VECTOR('',#9818,10.);
#3035=VECTOR('',#9819,10.);
#3036=VECTOR('',#9822,10.);
#3037=VECTOR('',#9823,10.);
#3038=VECTOR('',#9824,10.);
#3039=VECTOR('',#9825,10.);
#3040=VECTOR('',#9828,10.);
#3041=VECTOR('',#9829,10.);
#3042=VECTOR('',#9830,10.);
#3043=VECTOR('',#9833,10.);
#3044=VECTOR('',#9834,10.);
#3045=VECTOR('',#9835,10.);
#3046=VECTOR('',#9838,10.);
#3047=VECTOR('',#9839,10.);
#3048=VECTOR('',#9840,10.);
#3049=VECTOR('',#9843,10.);
#3050=VECTOR('',#9844,10.);
#3051=VECTOR('',#9845,10.);
#3052=VECTOR('',#9848,10.);
#3053=VECTOR('',#9849,10.);
#3054=VECTOR('',#9852,10.);
#3055=VECTOR('',#9853,10.);
#3056=VECTOR('',#9854,10.);
#3057=VECTOR('',#9855,10.);
#3058=VECTOR('',#9858,10.);
#3059=VECTOR('',#9859,10.);
#3060=VECTOR('',#9860,10.);
#3061=VECTOR('',#9863,10.);
#3062=VECTOR('',#9864,10.);
#3063=VECTOR('',#9865,10.);
#3064=VECTOR('',#9868,10.);
#3065=VECTOR('',#9869,10.);
#3066=VECTOR('',#9870,10.);
#3067=VECTOR('',#9873,10.);
#3068=VECTOR('',#9874,10.);
#3069=VECTOR('',#9875,10.);
#3070=VECTOR('',#9878,10.);
#3071=VECTOR('',#9879,10.);
#3072=VECTOR('',#9882,10.);
#3073=VECTOR('',#9883,10.);
#3074=VECTOR('',#9884,10.);
#3075=VECTOR('',#9885,10.);
#3076=VECTOR('',#9888,10.);
#3077=VECTOR('',#9889,10.);
#3078=VECTOR('',#9890,10.);
#3079=VECTOR('',#9893,10.);
#3080=VECTOR('',#9894,10.);
#3081=VECTOR('',#9897,10.);
#3082=VECTOR('',#9898,10.);
#3083=VECTOR('',#9899,10.);
#3084=VECTOR('',#9900,10.);
#3085=VECTOR('',#9903,10.);
#3086=VECTOR('',#9904,10.);
#3087=VECTOR('',#9905,10.);
#3088=VECTOR('',#9908,10.);
#3089=VECTOR('',#9909,10.);
#3090=VECTOR('',#9910,10.);
#3091=VECTOR('',#9913,10.);
#3092=VECTOR('',#9914,10.);
#3093=VECTOR('',#9915,10.);
#3094=VECTOR('',#9918,10.);
#3095=VECTOR('',#9919,10.);
#3096=VECTOR('',#9920,10.);
#3097=VECTOR('',#9923,10.);
#3098=VECTOR('',#9924,10.);
#3099=VECTOR('',#9927,10.);
#3100=VECTOR('',#9928,10.);
#3101=VECTOR('',#9929,10.);
#3102=VECTOR('',#9930,10.);
#3103=VECTOR('',#9933,10.);
#3104=VECTOR('',#9934,10.);
#3105=VECTOR('',#9935,10.);
#3106=VECTOR('',#9938,10.);
#3107=VECTOR('',#9939,10.);
#3108=VECTOR('',#9940,10.);
#3109=VECTOR('',#9943,10.);
#3110=VECTOR('',#9944,10.);
#3111=VECTOR('',#9945,10.);
#3112=VECTOR('',#9948,10.);
#3113=VECTOR('',#9949,10.);
#3114=VECTOR('',#9950,10.);
#3115=VECTOR('',#9953,10.);
#3116=VECTOR('',#9954,10.);
#3117=VECTOR('',#9957,10.);
#3118=VECTOR('',#9958,10.);
#3119=VECTOR('',#9959,10.);
#3120=VECTOR('',#9960,10.);
#3121=VECTOR('',#9963,10.);
#3122=VECTOR('',#9964,10.);
#3123=VECTOR('',#9965,10.);
#3124=VECTOR('',#9968,10.);
#3125=VECTOR('',#9969,10.);
#3126=VECTOR('',#9970,10.);
#3127=VECTOR('',#9973,10.);
#3128=VECTOR('',#9974,10.);
#3129=VECTOR('',#9975,10.);
#3130=VECTOR('',#9978,10.);
#3131=VECTOR('',#9979,10.);
#3132=VECTOR('',#9980,10.);
#3133=VECTOR('',#9983,10.);
#3134=VECTOR('',#9984,10.);
#3135=VECTOR('',#9987,10.);
#3136=VECTOR('',#9988,10.);
#3137=VECTOR('',#9989,10.);
#3138=VECTOR('',#9990,10.);
#3139=VECTOR('',#9993,10.);
#3140=VECTOR('',#9994,10.);
#3141=VECTOR('',#9995,10.);
#3142=VECTOR('',#9998,10.);
#3143=VECTOR('',#9999,10.);
#3144=VECTOR('',#10000,10.);
#3145=VECTOR('',#10003,10.);
#3146=VECTOR('',#10004,10.);
#3147=VECTOR('',#10005,10.);
#3148=VECTOR('',#10008,10.);
#3149=VECTOR('',#10009,10.);
#3150=VECTOR('',#10010,10.);
#3151=VECTOR('',#10013,10.);
#3152=VECTOR('',#10014,10.);
#3153=VECTOR('',#10017,10.);
#3154=VECTOR('',#10018,10.);
#3155=VECTOR('',#10019,10.);
#3156=VECTOR('',#10020,10.);
#3157=VECTOR('',#10023,10.);
#3158=VECTOR('',#10024,10.);
#3159=VECTOR('',#10025,10.);
#3160=VECTOR('',#10028,10.);
#3161=VECTOR('',#10029,10.);
#3162=VECTOR('',#10030,10.);
#3163=VECTOR('',#10033,10.);
#3164=VECTOR('',#10034,10.);
#3165=VECTOR('',#10035,10.);
#3166=VECTOR('',#10038,10.);
#3167=VECTOR('',#10039,10.);
#3168=VECTOR('',#10042,10.);
#3169=VECTOR('',#10043,10.);
#3170=VECTOR('',#10044,10.);
#3171=VECTOR('',#10045,10.);
#3172=VECTOR('',#10048,10.);
#3173=VECTOR('',#10049,10.);
#3174=VECTOR('',#10050,10.);
#3175=VECTOR('',#10053,10.);
#3176=VECTOR('',#10054,10.);
#3177=VECTOR('',#10055,10.);
#3178=VECTOR('',#10058,10.);
#3179=VECTOR('',#10059,10.);
#3180=VECTOR('',#10060,10.);
#3181=VECTOR('',#10063,10.);
#3182=VECTOR('',#10064,10.);
#3183=VECTOR('',#10065,10.);
#3184=VECTOR('',#10068,10.);
#3185=VECTOR('',#10069,10.);
#3186=VECTOR('',#10072,10.);
#3187=VECTOR('',#10073,10.);
#3188=VECTOR('',#10074,10.);
#3189=VECTOR('',#10075,10.);
#3190=VECTOR('',#10078,10.);
#3191=VECTOR('',#10079,10.);
#3192=VECTOR('',#10080,10.);
#3193=VECTOR('',#10083,10.);
#3194=VECTOR('',#10084,10.);
#3195=VECTOR('',#10087,10.);
#3196=VECTOR('',#10088,10.);
#3197=VECTOR('',#10089,10.);
#3198=VECTOR('',#10090,10.);
#3199=VECTOR('',#10093,10.);
#3200=VECTOR('',#10094,10.);
#3201=VECTOR('',#10095,10.);
#3202=VECTOR('',#10098,10.);
#3203=VECTOR('',#10099,10.);
#3204=VECTOR('',#10100,10.);
#3205=VECTOR('',#10103,10.);
#3206=VECTOR('',#10104,10.);
#3207=VECTOR('',#10105,10.);
#3208=VECTOR('',#10108,10.);
#3209=VECTOR('',#10109,10.);
#3210=VECTOR('',#10112,10.);
#3211=VECTOR('',#10113,10.);
#3212=VECTOR('',#10114,10.);
#3213=VECTOR('',#10115,10.);
#3214=VECTOR('',#10118,10.);
#3215=VECTOR('',#10119,10.);
#3216=VECTOR('',#10120,10.);
#3217=VECTOR('',#10123,10.);
#3218=VECTOR('',#10124,10.);
#3219=VECTOR('',#10125,10.);
#3220=VECTOR('',#10128,10.);
#3221=VECTOR('',#10129,10.);
#3222=VECTOR('',#10130,10.);
#3223=VECTOR('',#10133,10.);
#3224=VECTOR('',#10134,10.);
#3225=VECTOR('',#10135,10.);
#3226=VECTOR('',#10138,10.);
#3227=VECTOR('',#10139,10.);
#3228=VECTOR('',#10142,10.);
#3229=VECTOR('',#10143,10.);
#3230=VECTOR('',#10144,10.);
#3231=VECTOR('',#10145,10.);
#3232=VECTOR('',#10148,10.);
#3233=VECTOR('',#10149,10.);
#3234=VECTOR('',#10150,10.);
#3235=VECTOR('',#10153,10.);
#3236=VECTOR('',#10154,10.);
#3237=VECTOR('',#10155,10.);
#3238=VECTOR('',#10158,10.);
#3239=VECTOR('',#10159,10.);
#3240=VECTOR('',#10160,10.);
#3241=VECTOR('',#10163,10.);
#3242=VECTOR('',#10164,10.);
#3243=VECTOR('',#10165,10.);
#3244=VECTOR('',#10168,10.);
#3245=VECTOR('',#10169,10.);
#3246=VECTOR('',#10172,10.);
#3247=VECTOR('',#10173,10.);
#3248=VECTOR('',#10174,10.);
#3249=VECTOR('',#10175,10.);
#3250=VECTOR('',#10178,10.);
#3251=VECTOR('',#10179,10.);
#3252=VECTOR('',#10180,10.);
#3253=VECTOR('',#10183,10.);
#3254=VECTOR('',#10184,10.);
#3255=VECTOR('',#10185,10.);
#3256=VECTOR('',#10188,10.);
#3257=VECTOR('',#10189,10.);
#3258=VECTOR('',#10192,10.);
#3259=VECTOR('',#10193,10.);
#3260=VECTOR('',#10194,10.);
#3261=VECTOR('',#10195,10.);
#3262=VECTOR('',#10198,10.);
#3263=VECTOR('',#10199,10.);
#3264=VECTOR('',#10200,10.);
#3265=VECTOR('',#10203,10.);
#3266=VECTOR('',#10204,10.);
#3267=VECTOR('',#10205,10.);
#3268=VECTOR('',#10208,10.);
#3269=VECTOR('',#10209,10.);
#3270=VECTOR('',#10210,10.);
#3271=VECTOR('',#10213,10.);
#3272=VECTOR('',#10214,10.);
#3273=VECTOR('',#10215,10.);
#3274=VECTOR('',#10218,10.);
#3275=VECTOR('',#10219,10.);
#3276=VECTOR('',#10222,10.);
#3277=VECTOR('',#10223,10.);
#3278=VECTOR('',#10224,10.);
#3279=VECTOR('',#10225,10.);
#3280=VECTOR('',#10228,10.);
#3281=VECTOR('',#10229,10.);
#3282=VECTOR('',#10230,10.);
#3283=VECTOR('',#10233,10.);
#3284=VECTOR('',#10234,10.);
#3285=VECTOR('',#10235,10.);
#3286=VECTOR('',#10238,10.);
#3287=VECTOR('',#10239,10.);
#3288=VECTOR('',#10240,10.);
#3289=VECTOR('',#10243,10.);
#3290=VECTOR('',#10244,10.);
#3291=VECTOR('',#10245,10.);
#3292=VECTOR('',#10248,10.);
#3293=VECTOR('',#10249,10.);
#3294=VECTOR('',#10252,10.);
#3295=VECTOR('',#10253,10.);
#3296=VECTOR('',#10254,10.);
#3297=VECTOR('',#10255,10.);
#3298=VECTOR('',#10258,10.);
#3299=VECTOR('',#10259,10.);
#3300=VECTOR('',#10260,10.);
#3301=VECTOR('',#10263,10.);
#3302=VECTOR('',#10264,10.);
#3303=VECTOR('',#10265,10.);
#3304=VECTOR('',#10268,10.);
#3305=VECTOR('',#10269,10.);
#3306=VECTOR('',#10270,10.);
#3307=VECTOR('',#10273,10.);
#3308=VECTOR('',#10274,10.);
#3309=VECTOR('',#10277,10.);
#3310=VECTOR('',#10278,10.);
#3311=VECTOR('',#10279,10.);
#3312=VECTOR('',#10280,10.);
#3313=VECTOR('',#10283,10.);
#3314=VECTOR('',#10284,10.);
#3315=VECTOR('',#10285,10.);
#3316=VECTOR('',#10288,10.);
#3317=VECTOR('',#10289,10.);
#3318=VECTOR('',#10290,10.);
#3319=VECTOR('',#10293,10.);
#3320=VECTOR('',#10294,10.);
#3321=VECTOR('',#10295,10.);
#3322=VECTOR('',#10298,10.);
#3323=VECTOR('',#10299,10.);
#3324=VECTOR('',#10300,10.);
#3325=VECTOR('',#10303,10.);
#3326=VECTOR('',#10304,10.);
#3327=VECTOR('',#10307,10.);
#3328=VECTOR('',#10308,10.);
#3329=VECTOR('',#10309,10.);
#3330=VECTOR('',#10310,10.);
#3331=VECTOR('',#10313,10.);
#3332=VECTOR('',#10314,10.);
#3333=VECTOR('',#10315,10.);
#3334=VECTOR('',#10318,10.);
#3335=VECTOR('',#10319,10.);
#3336=VECTOR('',#10320,10.);
#3337=VECTOR('',#10323,10.);
#3338=VECTOR('',#10324,10.);
#3339=VECTOR('',#10325,10.);
#3340=VECTOR('',#10328,10.);
#3341=VECTOR('',#10329,10.);
#3342=VECTOR('',#10330,10.);
#3343=VECTOR('',#10333,10.);
#3344=VECTOR('',#10334,10.);
#3345=VECTOR('',#10337,10.);
#3346=VECTOR('',#10338,10.);
#3347=VECTOR('',#10339,10.);
#3348=VECTOR('',#10340,10.);
#3349=VECTOR('',#10343,10.);
#3350=VECTOR('',#10344,10.);
#3351=VECTOR('',#10345,10.);
#3352=VECTOR('',#10348,10.);
#3353=VECTOR('',#10349,10.);
#3354=VECTOR('',#10350,10.);
#3355=VECTOR('',#10353,10.);
#3356=VECTOR('',#10354,10.);
#3357=VECTOR('',#10355,10.);
#3358=VECTOR('',#10358,10.);
#3359=VECTOR('',#10359,10.);
#3360=VECTOR('',#10360,10.);
#3361=VECTOR('',#10363,10.);
#3362=VECTOR('',#10364,10.);
#3363=VECTOR('',#10367,10.);
#3364=VECTOR('',#10368,10.);
#3365=VECTOR('',#10369,10.);
#3366=VECTOR('',#10370,10.);
#3367=VECTOR('',#10373,10.);
#3368=VECTOR('',#10374,10.);
#3369=VECTOR('',#10375,10.);
#3370=VECTOR('',#10378,10.);
#3371=VECTOR('',#10379,10.);
#3372=VECTOR('',#10382,10.);
#3373=VECTOR('',#10383,10.);
#3374=VECTOR('',#10384,10.);
#3375=VECTOR('',#10385,10.);
#3376=VECTOR('',#10388,10.);
#3377=VECTOR('',#10389,10.);
#3378=VECTOR('',#10390,10.);
#3379=VECTOR('',#10393,10.);
#3380=VECTOR('',#10394,10.);
#3381=VECTOR('',#10395,10.);
#3382=VECTOR('',#10398,10.);
#3383=VECTOR('',#10399,10.);
#3384=VECTOR('',#10402,10.);
#3385=VECTOR('',#10403,10.);
#3386=VECTOR('',#10404,10.);
#3387=VECTOR('',#10405,10.);
#3388=VECTOR('',#10408,10.);
#3389=VECTOR('',#10409,10.);
#3390=VECTOR('',#10410,10.);
#3391=VECTOR('',#10413,10.);
#3392=VECTOR('',#10414,10.);
#3393=VECTOR('',#10415,10.);
#3394=VECTOR('',#10418,10.);
#3395=VECTOR('',#10419,10.);
#3396=VECTOR('',#10420,10.);
#3397=VECTOR('',#10423,10.);
#3398=VECTOR('',#10424,10.);
#3399=VECTOR('',#10425,10.);
#3400=VECTOR('',#10428,10.);
#3401=VECTOR('',#10429,10.);
#3402=VECTOR('',#10432,10.);
#3403=VECTOR('',#10433,10.);
#3404=VECTOR('',#10434,10.);
#3405=VECTOR('',#10435,10.);
#3406=VECTOR('',#10438,10.);
#3407=VECTOR('',#10439,10.);
#3408=VECTOR('',#10440,10.);
#3409=VECTOR('',#10443,10.);
#3410=VECTOR('',#10444,10.);
#3411=VECTOR('',#10447,10.);
#3412=VECTOR('',#10448,10.);
#3413=VECTOR('',#10449,10.);
#3414=VECTOR('',#10450,10.);
#3415=VECTOR('',#10453,10.);
#3416=VECTOR('',#10454,10.);
#3417=VECTOR('',#10455,10.);
#3418=VECTOR('',#10458,10.);
#3419=VECTOR('',#10459,10.);
#3420=VECTOR('',#10460,10.);
#3421=VECTOR('',#10463,10.);
#3422=VECTOR('',#10464,10.);
#3423=VECTOR('',#10467,10.);
#3424=VECTOR('',#10468,10.);
#3425=VECTOR('',#10469,10.);
#3426=VECTOR('',#10470,10.);
#3427=VECTOR('',#10473,10.);
#3428=VECTOR('',#10474,10.);
#3429=VECTOR('',#10475,10.);
#3430=VECTOR('',#10478,10.);
#3431=VECTOR('',#10479,10.);
#3432=VECTOR('',#10480,10.);
#3433=VECTOR('',#10483,10.);
#3434=VECTOR('',#10484,10.);
#3435=VECTOR('',#10487,10.);
#3436=VECTOR('',#10488,10.);
#3437=VECTOR('',#10489,10.);
#3438=VECTOR('',#10490,10.);
#3439=VECTOR('',#10493,10.);
#3440=VECTOR('',#10494,10.);
#3441=VECTOR('',#10495,10.);
#3442=VECTOR('',#10498,10.);
#3443=VECTOR('',#10499,10.);
#3444=VECTOR('',#10500,10.);
#3445=VECTOR('',#10503,10.);
#3446=VECTOR('',#10504,10.);
#3447=VECTOR('',#10505,10.);
#3448=VECTOR('',#10508,10.);
#3449=VECTOR('',#10509,10.);
#3450=VECTOR('',#10510,10.);
#3451=VECTOR('',#10513,10.);
#3452=VECTOR('',#10514,10.);
#3453=VECTOR('',#10517,10.);
#3454=VECTOR('',#10518,10.);
#3455=VECTOR('',#10519,10.);
#3456=VECTOR('',#10520,10.);
#3457=VECTOR('',#10523,10.);
#3458=VECTOR('',#10524,10.);
#3459=VECTOR('',#10525,10.);
#3460=VECTOR('',#10528,10.);
#3461=VECTOR('',#10529,10.);
#3462=VECTOR('',#10530,10.);
#3463=VECTOR('',#10533,10.);
#3464=VECTOR('',#10534,10.);
#3465=VECTOR('',#10537,10.);
#3466=VECTOR('',#10538,10.);
#3467=VECTOR('',#10539,10.);
#3468=VECTOR('',#10540,10.);
#3469=VECTOR('',#10543,10.);
#3470=VECTOR('',#10544,10.);
#3471=VECTOR('',#10545,10.);
#3472=VECTOR('',#10548,10.);
#3473=VECTOR('',#10549,10.);
#3474=VECTOR('',#10552,10.);
#3475=VECTOR('',#10553,10.);
#3476=VECTOR('',#10554,10.);
#3477=VECTOR('',#10555,10.);
#3478=VECTOR('',#10558,10.);
#3479=VECTOR('',#10559,10.);
#3480=VECTOR('',#10560,10.);
#3481=VECTOR('',#10563,10.);
#3482=VECTOR('',#10564,10.);
#3483=VECTOR('',#10565,10.);
#3484=VECTOR('',#10568,10.);
#3485=VECTOR('',#10569,10.);
#3486=VECTOR('',#10570,10.);
#3487=VECTOR('',#10573,10.);
#3488=VECTOR('',#10574,10.);
#3489=VECTOR('',#10577,10.);
#3490=VECTOR('',#10578,10.);
#3491=VECTOR('',#10579,10.);
#3492=VECTOR('',#10580,10.);
#3493=VECTOR('',#10583,10.);
#3494=VECTOR('',#10584,10.);
#3495=VECTOR('',#10585,10.);
#3496=VECTOR('',#10588,10.);
#3497=VECTOR('',#10589,10.);
#3498=VECTOR('',#10592,10.);
#3499=VECTOR('',#10593,10.);
#3500=VECTOR('',#10594,10.);
#3501=VECTOR('',#10595,10.);
#3502=VECTOR('',#10598,10.);
#3503=VECTOR('',#10599,10.);
#3504=VECTOR('',#10600,10.);
#3505=VECTOR('',#10603,10.);
#3506=VECTOR('',#10604,10.);
#3507=VECTOR('',#10605,10.);
#3508=VECTOR('',#10608,10.);
#3509=VECTOR('',#10609,10.);
#3510=VECTOR('',#10610,10.);
#3511=VECTOR('',#10613,10.);
#3512=VECTOR('',#10614,10.);
#3513=VECTOR('',#10615,10.);
#3514=VECTOR('',#10618,10.);
#3515=VECTOR('',#10619,10.);
#3516=VECTOR('',#10622,10.);
#3517=VECTOR('',#10623,10.);
#3518=VECTOR('',#10624,10.);
#3519=VECTOR('',#10625,10.);
#3520=VECTOR('',#10628,10.);
#3521=VECTOR('',#10629,10.);
#3522=VECTOR('',#10630,10.);
#3523=VECTOR('',#10633,10.);
#3524=VECTOR('',#10634,10.);
#3525=VECTOR('',#10635,10.);
#3526=VECTOR('',#10638,10.);
#3527=VECTOR('',#10639,10.);
#3528=VECTOR('',#10640,10.);
#3529=VECTOR('',#10643,10.);
#3530=VECTOR('',#10644,10.);
#3531=VECTOR('',#10645,10.);
#3532=VECTOR('',#10648,10.);
#3533=VECTOR('',#10649,10.);
#3534=VECTOR('',#10652,10.);
#3535=VECTOR('',#10653,10.);
#3536=VECTOR('',#10654,10.);
#3537=VECTOR('',#10655,10.);
#3538=VECTOR('',#10658,10.);
#3539=VECTOR('',#10659,10.);
#3540=VECTOR('',#10660,10.);
#3541=VECTOR('',#10663,10.);
#3542=VECTOR('',#10664,10.);
#3543=VECTOR('',#10665,10.);
#3544=VECTOR('',#10668,10.);
#3545=VECTOR('',#10669,10.);
#3546=VECTOR('',#10670,10.);
#3547=VECTOR('',#10673,10.);
#3548=VECTOR('',#10674,10.);
#3549=VECTOR('',#10675,10.);
#3550=VECTOR('',#10678,10.);
#3551=VECTOR('',#10679,10.);
#3552=VECTOR('',#10682,10.);
#3553=VECTOR('',#10683,10.);
#3554=VECTOR('',#10684,10.);
#3555=VECTOR('',#10685,10.);
#3556=VECTOR('',#10688,10.);
#3557=VECTOR('',#10689,10.);
#3558=VECTOR('',#10690,10.);
#3559=VECTOR('',#10693,10.);
#3560=VECTOR('',#10694,10.);
#3561=VECTOR('',#10695,10.);
#3562=VECTOR('',#10698,10.);
#3563=VECTOR('',#10699,10.);
#3564=VECTOR('',#10700,10.);
#3565=VECTOR('',#10703,10.);
#3566=VECTOR('',#10704,10.);
#3567=VECTOR('',#10707,10.);
#3568=VECTOR('',#10708,10.);
#3569=VECTOR('',#10709,10.);
#3570=VECTOR('',#10710,10.);
#3571=VECTOR('',#10713,10.);
#3572=VECTOR('',#10714,10.);
#3573=VECTOR('',#10715,10.);
#3574=VECTOR('',#10718,10.);
#3575=VECTOR('',#10719,10.);
#3576=VECTOR('',#10720,10.);
#3577=VECTOR('',#10723,10.);
#3578=VECTOR('',#10724,10.);
#3579=VECTOR('',#10725,10.);
#3580=VECTOR('',#10728,10.);
#3581=VECTOR('',#10729,10.);
#3582=VECTOR('',#10730,10.);
#3583=VECTOR('',#10733,10.);
#3584=VECTOR('',#10734,10.);
#3585=VECTOR('',#10737,10.);
#3586=VECTOR('',#10738,10.);
#3587=VECTOR('',#10739,10.);
#3588=VECTOR('',#10740,10.);
#3589=VECTOR('',#10743,10.);
#3590=VECTOR('',#10744,10.);
#3591=VECTOR('',#10745,10.);
#3592=VECTOR('',#10748,10.);
#3593=VECTOR('',#10749,10.);
#3594=VECTOR('',#10750,10.);
#3595=VECTOR('',#10753,10.);
#3596=VECTOR('',#10754,10.);
#3597=VECTOR('',#10757,10.);
#3598=VECTOR('',#10758,10.);
#3599=VECTOR('',#10759,10.);
#3600=VECTOR('',#10760,10.);
#3601=VECTOR('',#10763,10.);
#3602=VECTOR('',#10764,10.);
#3603=VECTOR('',#10765,10.);
#3604=VECTOR('',#10768,10.);
#3605=VECTOR('',#10769,10.);
#3606=VECTOR('',#10770,10.);
#3607=VECTOR('',#10773,10.);
#3608=VECTOR('',#10774,10.);
#3609=VECTOR('',#10775,10.);
#3610=VECTOR('',#10778,10.);
#3611=VECTOR('',#10779,10.);
#3612=VECTOR('',#10780,10.);
#3613=VECTOR('',#10783,10.);
#3614=VECTOR('',#10784,10.);
#3615=VECTOR('',#10787,10.);
#3616=VECTOR('',#10788,10.);
#3617=VECTOR('',#10789,10.);
#3618=VECTOR('',#10790,10.);
#3619=VECTOR('',#10793,10.);
#3620=VECTOR('',#10794,10.);
#3621=VECTOR('',#10795,10.);
#3622=VECTOR('',#10798,10.);
#3623=VECTOR('',#10799,10.);
#3624=VECTOR('',#10800,10.);
#3625=VECTOR('',#10803,10.);
#3626=VECTOR('',#10804,10.);
#3627=VECTOR('',#10805,10.);
#3628=VECTOR('',#10808,10.);
#3629=VECTOR('',#10809,10.);
#3630=VECTOR('',#10812,10.);
#3631=VECTOR('',#10813,10.);
#3632=VECTOR('',#10814,10.);
#3633=VECTOR('',#10815,10.);
#3634=VECTOR('',#10818,10.);
#3635=VECTOR('',#10819,10.);
#3636=VECTOR('',#10820,10.);
#3637=VECTOR('',#10823,10.);
#3638=VECTOR('',#10824,10.);
#3639=VECTOR('',#10825,10.);
#3640=VECTOR('',#10828,10.);
#3641=VECTOR('',#10829,10.);
#3642=VECTOR('',#10830,10.);
#3643=VECTOR('',#10833,10.);
#3644=VECTOR('',#10834,10.);
#3645=VECTOR('',#10835,10.);
#3646=VECTOR('',#10838,10.);
#3647=VECTOR('',#10839,10.);
#3648=VECTOR('',#10842,10.);
#3649=VECTOR('',#10843,10.);
#3650=VECTOR('',#10844,10.);
#3651=VECTOR('',#10845,10.);
#3652=VECTOR('',#10848,10.);
#3653=VECTOR('',#10849,10.);
#3654=VECTOR('',#10850,10.);
#3655=VECTOR('',#10853,10.);
#3656=VECTOR('',#10854,10.);
#3657=VECTOR('',#10855,10.);
#3658=VECTOR('',#10858,10.);
#3659=VECTOR('',#10859,10.);
#3660=VECTOR('',#10860,10.);
#3661=VECTOR('',#10863,10.);
#3662=VECTOR('',#10864,10.);
#3663=VECTOR('',#10865,10.);
#3664=VECTOR('',#10868,10.);
#3665=VECTOR('',#10869,10.);
#3666=VECTOR('',#10872,10.);
#3667=VECTOR('',#10873,10.);
#3668=VECTOR('',#10874,10.);
#3669=VECTOR('',#10875,10.);
#3670=VECTOR('',#10878,10.);
#3671=VECTOR('',#10879,10.);
#3672=VECTOR('',#10880,10.);
#3673=VECTOR('',#10883,10.);
#3674=VECTOR('',#10884,10.);
#3675=VECTOR('',#10885,10.);
#3676=VECTOR('',#10888,10.);
#3677=VECTOR('',#10889,10.);
#3678=VECTOR('',#10890,10.);
#3679=VECTOR('',#10893,10.);
#3680=VECTOR('',#10894,10.);
#3681=VECTOR('',#10895,10.);
#3682=VECTOR('',#10898,10.);
#3683=VECTOR('',#10899,10.);
#3684=VECTOR('',#10902,10.);
#3685=VECTOR('',#10903,10.);
#3686=VECTOR('',#10904,10.);
#3687=VECTOR('',#10905,10.);
#3688=VECTOR('',#10908,10.);
#3689=VECTOR('',#10909,10.);
#3690=VECTOR('',#10910,10.);
#3691=VECTOR('',#10913,10.);
#3692=VECTOR('',#10914,10.);
#3693=VECTOR('',#10915,10.);
#3694=VECTOR('',#10918,10.);
#3695=VECTOR('',#10919,10.);
#3696=VECTOR('',#10920,10.);
#3697=VECTOR('',#10923,10.);
#3698=VECTOR('',#10924,10.);
#3699=VECTOR('',#10925,10.);
#3700=VECTOR('',#10928,10.);
#3701=VECTOR('',#10929,10.);
#3702=VECTOR('',#10932,10.);
#3703=VECTOR('',#10933,10.);
#3704=VECTOR('',#10934,10.);
#3705=VECTOR('',#10935,10.);
#3706=VECTOR('',#10938,10.);
#3707=VECTOR('',#10939,10.);
#3708=VECTOR('',#10940,10.);
#3709=VECTOR('',#10943,10.);
#3710=VECTOR('',#10944,10.);
#3711=VECTOR('',#10945,10.);
#3712=VECTOR('',#10948,10.);
#3713=VECTOR('',#10949,10.);
#3714=VECTOR('',#10950,10.);
#3715=VECTOR('',#10953,10.);
#3716=VECTOR('',#10954,10.);
#3717=VECTOR('',#10955,10.);
#3718=VECTOR('',#10958,10.);
#3719=VECTOR('',#10959,10.);
#3720=VECTOR('',#10962,10.);
#3721=VECTOR('',#10963,10.);
#3722=VECTOR('',#10964,10.);
#3723=VECTOR('',#10965,10.);
#3724=VECTOR('',#10968,10.);
#3725=VECTOR('',#10969,10.);
#3726=VECTOR('',#10970,10.);
#3727=VECTOR('',#10973,10.);
#3728=VECTOR('',#10974,10.);
#3729=VECTOR('',#10975,10.);
#3730=VECTOR('',#10978,10.);
#3731=VECTOR('',#10979,10.);
#3732=VECTOR('',#10980,10.);
#3733=VECTOR('',#10983,10.);
#3734=VECTOR('',#10984,10.);
#3735=VECTOR('',#10985,10.);
#3736=VECTOR('',#10988,10.);
#3737=VECTOR('',#10989,10.);
#3738=VECTOR('',#10992,10.);
#3739=VECTOR('',#10993,10.);
#3740=VECTOR('',#10994,10.);
#3741=VECTOR('',#10995,10.);
#3742=VECTOR('',#10998,10.);
#3743=VECTOR('',#10999,10.);
#3744=VECTOR('',#11000,10.);
#3745=VECTOR('',#11003,10.);
#3746=VECTOR('',#11004,10.);
#3747=VECTOR('',#11005,10.);
#3748=VECTOR('',#11008,10.);
#3749=VECTOR('',#11009,10.);
#3750=VECTOR('',#11010,10.);
#3751=VECTOR('',#11013,10.);
#3752=VECTOR('',#11014,10.);
#3753=VECTOR('',#11017,10.);
#3754=VECTOR('',#11018,10.);
#3755=VECTOR('',#11019,10.);
#3756=VECTOR('',#11020,10.);
#3757=VECTOR('',#11023,10.);
#3758=VECTOR('',#11024,10.);
#3759=VECTOR('',#11025,10.);
#3760=VECTOR('',#11028,10.);
#3761=VECTOR('',#11029,10.);
#3762=VECTOR('',#11030,10.);
#3763=VECTOR('',#11033,10.);
#3764=VECTOR('',#11034,10.);
#3765=VECTOR('',#11035,10.);
#3766=VECTOR('',#11038,10.);
#3767=VECTOR('',#11039,10.);
#3768=VECTOR('',#11040,10.);
#3769=VECTOR('',#11043,10.);
#3770=VECTOR('',#11044,10.);
#3771=VECTOR('',#11047,10.);
#3772=VECTOR('',#11048,10.);
#3773=VECTOR('',#11049,10.);
#3774=VECTOR('',#11050,10.);
#3775=VECTOR('',#11053,10.);
#3776=VECTOR('',#11054,10.);
#3777=VECTOR('',#11055,10.);
#3778=VECTOR('',#11058,10.);
#3779=VECTOR('',#11059,10.);
#3780=VECTOR('',#11060,10.);
#3781=VECTOR('',#11063,10.);
#3782=VECTOR('',#11064,10.);
#3783=VECTOR('',#11065,10.);
#3784=VECTOR('',#11068,10.);
#3785=VECTOR('',#11069,10.);
#3786=VECTOR('',#11070,10.);
#3787=VECTOR('',#11073,10.);
#3788=VECTOR('',#11074,10.);
#3789=VECTOR('',#11077,10.);
#3790=VECTOR('',#11078,10.);
#3791=VECTOR('',#11079,10.);
#3792=VECTOR('',#11080,10.);
#3793=VECTOR('',#11083,10.);
#3794=VECTOR('',#11084,10.);
#3795=VECTOR('',#11085,10.);
#3796=VECTOR('',#11088,10.);
#3797=VECTOR('',#11089,10.);
#3798=VECTOR('',#11090,10.);
#3799=VECTOR('',#11093,10.);
#3800=VECTOR('',#11094,10.);
#3801=VECTOR('',#11095,10.);
#3802=VECTOR('',#11098,10.);
#3803=VECTOR('',#11099,10.);
#3804=VECTOR('',#11100,10.);
#3805=VECTOR('',#11103,10.);
#3806=VECTOR('',#11104,10.);
#3807=VECTOR('',#11107,10.);
#3808=VECTOR('',#11108,10.);
#3809=VECTOR('',#11109,10.);
#3810=VECTOR('',#11110,10.);
#3811=VECTOR('',#11113,10.);
#3812=VECTOR('',#11114,10.);
#3813=VECTOR('',#11115,10.);
#3814=VECTOR('',#11118,10.);
#3815=VECTOR('',#11119,10.);
#3816=VECTOR('',#11120,10.);
#3817=VECTOR('',#11123,10.);
#3818=VECTOR('',#11124,10.);
#3819=VECTOR('',#11127,10.);
#3820=VECTOR('',#11128,10.);
#3821=VECTOR('',#11129,10.);
#3822=VECTOR('',#11130,10.);
#3823=VECTOR('',#11133,10.);
#3824=VECTOR('',#11134,10.);
#3825=VECTOR('',#11135,10.);
#3826=VECTOR('',#11138,10.);
#3827=VECTOR('',#11139,10.);
#3828=VECTOR('',#11140,10.);
#3829=VECTOR('',#11143,10.);
#3830=VECTOR('',#11144,10.);
#3831=VECTOR('',#11145,10.);
#3832=VECTOR('',#11148,10.);
#3833=VECTOR('',#11149,10.);
#3834=VECTOR('',#11150,10.);
#3835=VECTOR('',#11153,10.);
#3836=VECTOR('',#11154,10.);
#3837=VECTOR('',#11157,10.);
#3838=VECTOR('',#11158,10.);
#3839=VECTOR('',#11159,10.);
#3840=VECTOR('',#11160,10.);
#3841=VECTOR('',#11163,10.);
#3842=VECTOR('',#11164,10.);
#3843=VECTOR('',#11165,10.);
#3844=VECTOR('',#11168,10.);
#3845=VECTOR('',#11169,10.);
#3846=VECTOR('',#11170,10.);
#3847=VECTOR('',#11173,10.);
#3848=VECTOR('',#11174,10.);
#3849=VECTOR('',#11175,10.);
#3850=VECTOR('',#11178,10.);
#3851=VECTOR('',#11179,10.);
#3852=VECTOR('',#11180,10.);
#3853=VECTOR('',#11183,10.);
#3854=VECTOR('',#11184,10.);
#3855=VECTOR('',#11187,10.);
#3856=VECTOR('',#11188,10.);
#3857=VECTOR('',#11189,10.);
#3858=VECTOR('',#11190,10.);
#3859=VECTOR('',#11193,10.);
#3860=VECTOR('',#11194,10.);
#3861=VECTOR('',#11195,10.);
#3862=VECTOR('',#11198,10.);
#3863=VECTOR('',#11199,10.);
#3864=VECTOR('',#11202,10.);
#3865=VECTOR('',#11203,10.);
#3866=VECTOR('',#11204,10.);
#3867=VECTOR('',#11205,10.);
#3868=VECTOR('',#11208,10.);
#3869=VECTOR('',#11209,10.);
#3870=VECTOR('',#11210,10.);
#3871=VECTOR('',#11213,10.);
#3872=VECTOR('',#11214,10.);
#3873=VECTOR('',#11215,10.);
#3874=VECTOR('',#11218,10.);
#3875=VECTOR('',#11219,10.);
#3876=VECTOR('',#11220,10.);
#3877=VECTOR('',#11223,10.);
#3878=VECTOR('',#11224,10.);
#3879=VECTOR('',#11225,10.);
#3880=VECTOR('',#11228,10.);
#3881=VECTOR('',#11229,10.);
#3882=VECTOR('',#11232,10.);
#3883=VECTOR('',#11233,10.);
#3884=VECTOR('',#11234,10.);
#3885=VECTOR('',#11235,10.);
#3886=VECTOR('',#11238,10.);
#3887=VECTOR('',#11239,10.);
#3888=VECTOR('',#11240,10.);
#3889=VECTOR('',#11243,10.);
#3890=VECTOR('',#11244,10.);
#3891=VECTOR('',#11245,10.);
#3892=VECTOR('',#11248,10.);
#3893=VECTOR('',#11249,10.);
#3894=VECTOR('',#11250,10.);
#3895=VECTOR('',#11253,10.);
#3896=VECTOR('',#11254,10.);
#3897=VECTOR('',#11255,10.);
#3898=VECTOR('',#11258,10.);
#3899=VECTOR('',#11259,10.);
#3900=VECTOR('',#11262,10.);
#3901=VECTOR('',#11263,10.);
#3902=VECTOR('',#11264,10.);
#3903=VECTOR('',#11265,10.);
#3904=VECTOR('',#11268,10.);
#3905=VECTOR('',#11269,10.);
#3906=VECTOR('',#11270,10.);
#3907=VECTOR('',#11273,10.);
#3908=VECTOR('',#11274,10.);
#3909=VECTOR('',#11275,10.);
#3910=VECTOR('',#11278,10.);
#3911=VECTOR('',#11279,10.);
#3912=VECTOR('',#11280,10.);
#3913=VECTOR('',#11283,10.);
#3914=VECTOR('',#11284,10.);
#3915=VECTOR('',#11285,10.);
#3916=VECTOR('',#11288,10.);
#3917=VECTOR('',#11289,10.);
#3918=VECTOR('',#11292,10.);
#3919=VECTOR('',#11293,10.);
#3920=VECTOR('',#11294,10.);
#3921=VECTOR('',#11295,10.);
#3922=VECTOR('',#11298,10.);
#3923=VECTOR('',#11299,10.);
#3924=VECTOR('',#11300,10.);
#3925=VECTOR('',#11303,10.);
#3926=VECTOR('',#11304,10.);
#3927=VECTOR('',#11305,10.);
#3928=VECTOR('',#11308,10.);
#3929=VECTOR('',#11309,10.);
#3930=VECTOR('',#11310,10.);
#3931=VECTOR('',#11313,10.);
#3932=VECTOR('',#11314,10.);
#3933=VECTOR('',#11315,10.);
#3934=VECTOR('',#11318,10.);
#3935=VECTOR('',#11319,10.);
#3936=VECTOR('',#11322,10.);
#3937=VECTOR('',#11323,10.);
#3938=VECTOR('',#11324,10.);
#3939=VECTOR('',#11325,10.);
#3940=VECTOR('',#11328,10.);
#3941=VECTOR('',#11329,10.);
#3942=VECTOR('',#11330,10.);
#3943=VECTOR('',#11333,10.);
#3944=VECTOR('',#11334,10.);
#3945=VECTOR('',#11335,10.);
#3946=VECTOR('',#11338,10.);
#3947=VECTOR('',#11339,10.);
#3948=VECTOR('',#11342,10.);
#3949=VECTOR('',#11343,10.);
#3950=VECTOR('',#11344,10.);
#3951=VECTOR('',#11345,10.);
#3952=VECTOR('',#11348,10.);
#3953=VECTOR('',#11349,10.);
#3954=VECTOR('',#11350,10.);
#3955=VECTOR('',#11353,10.);
#3956=VECTOR('',#11354,10.);
#3957=VECTOR('',#11355,10.);
#3958=VECTOR('',#11358,10.);
#3959=VECTOR('',#11359,10.);
#3960=VECTOR('',#11360,10.);
#3961=VECTOR('',#11363,10.);
#3962=VECTOR('',#11364,10.);
#3963=VECTOR('',#11365,10.);
#3964=VECTOR('',#11368,10.);
#3965=VECTOR('',#11369,10.);
#3966=VECTOR('',#11372,10.);
#3967=VECTOR('',#11373,10.);
#3968=VECTOR('',#11374,10.);
#3969=VECTOR('',#11375,10.);
#3970=VECTOR('',#11378,10.);
#3971=VECTOR('',#11379,10.);
#3972=VECTOR('',#11380,10.);
#3973=VECTOR('',#11383,10.);
#3974=VECTOR('',#11384,10.);
#3975=VECTOR('',#11385,10.);
#3976=VECTOR('',#11388,10.);
#3977=VECTOR('',#11389,10.);
#3978=VECTOR('',#11390,10.);
#3979=VECTOR('',#11393,10.);
#3980=VECTOR('',#11394,10.);
#3981=VECTOR('',#11395,10.);
#3982=VECTOR('',#11398,10.);
#3983=VECTOR('',#11399,10.);
#3984=VECTOR('',#11402,10.);
#3985=VECTOR('',#11403,10.);
#3986=VECTOR('',#11404,10.);
#3987=VECTOR('',#11405,10.);
#3988=VECTOR('',#11408,10.);
#3989=VECTOR('',#11409,10.);
#3990=VECTOR('',#11410,10.);
#3991=VECTOR('',#11413,10.);
#3992=VECTOR('',#11414,10.);
#3993=VECTOR('',#11417,10.);
#3994=VECTOR('',#11418,10.);
#3995=VECTOR('',#11419,10.);
#3996=VECTOR('',#11420,10.);
#3997=VECTOR('',#11423,10.);
#3998=VECTOR('',#11424,10.);
#3999=VECTOR('',#11425,10.);
#4000=VECTOR('',#11428,10.);
#4001=VECTOR('',#11429,10.);
#4002=VECTOR('',#11430,10.);
#4003=VECTOR('',#11433,10.);
#4004=VECTOR('',#11434,10.);
#4005=VECTOR('',#11435,10.);
#4006=VECTOR('',#11438,10.);
#4007=VECTOR('',#11439,10.);
#4008=VECTOR('',#11440,10.);
#4009=VECTOR('',#11443,10.);
#4010=VECTOR('',#11444,10.);
#4011=VECTOR('',#11447,10.);
#4012=VECTOR('',#11448,10.);
#4013=VECTOR('',#11449,10.);
#4014=VECTOR('',#11450,10.);
#4015=VECTOR('',#11453,10.);
#4016=VECTOR('',#11454,10.);
#4017=VECTOR('',#11457,10.);
#4018=VECTOR('',#11458,10.);
#4019=CIRCLE('',#8986,4.0000014007092);
#4020=CIRCLE('',#8987,4.0000014007092);
#4021=CIRCLE('',#8989,7.00000144541266);
#4022=CIRCLE('',#8990,7.00000144541266);
#4023=VERTEX_POINT('',#11465);
#4024=VERTEX_POINT('',#11467);
#4025=VERTEX_POINT('',#11490);
#4026=VERTEX_POINT('',#11491);
#4027=VERTEX_POINT('',#11502);
#4028=VERTEX_POINT('',#11504);
#4029=VERTEX_POINT('',#11517);
#4030=VERTEX_POINT('',#11519);
#4031=VERTEX_POINT('',#11542);
#4032=VERTEX_POINT('',#11553);
#4033=VERTEX_POINT('',#11566);
#4034=VERTEX_POINT('',#11568);
#4035=VERTEX_POINT('',#11572);
#4036=VERTEX_POINT('',#11574);
#4037=VERTEX_POINT('',#11578);
#4038=VERTEX_POINT('',#11579);
#4039=VERTEX_POINT('',#11581);
#4040=VERTEX_POINT('',#11583);
#4041=VERTEX_POINT('',#11587);
#4042=VERTEX_POINT('',#11589);
#4043=VERTEX_POINT('',#11593);
#4044=VERTEX_POINT('',#11595);
#4045=VERTEX_POINT('',#11599);
#4046=VERTEX_POINT('',#11601);
#4047=VERTEX_POINT('',#11605);
#4048=VERTEX_POINT('',#11607);
#4049=VERTEX_POINT('',#11614);
#4050=VERTEX_POINT('',#11615);
#4051=VERTEX_POINT('',#11617);
#4052=VERTEX_POINT('',#11619);
#4053=VERTEX_POINT('',#11623);
#4054=VERTEX_POINT('',#11625);
#4055=VERTEX_POINT('',#11629);
#4056=VERTEX_POINT('',#11631);
#4057=VERTEX_POINT('',#11635);
#4058=VERTEX_POINT('',#11637);
#4059=VERTEX_POINT('',#11641);
#4060=VERTEX_POINT('',#11643);
#4061=VERTEX_POINT('',#11650);
#4062=VERTEX_POINT('',#11651);
#4063=VERTEX_POINT('',#11653);
#4064=VERTEX_POINT('',#11655);
#4065=VERTEX_POINT('',#11659);
#4066=VERTEX_POINT('',#11661);
#4067=VERTEX_POINT('',#11665);
#4068=VERTEX_POINT('',#11667);
#4069=VERTEX_POINT('',#11671);
#4070=VERTEX_POINT('',#11673);
#4071=VERTEX_POINT('',#11677);
#4072=VERTEX_POINT('',#11679);
#4073=VERTEX_POINT('',#11686);
#4074=VERTEX_POINT('',#11687);
#4075=VERTEX_POINT('',#11689);
#4076=VERTEX_POINT('',#11691);
#4077=VERTEX_POINT('',#11695);
#4078=VERTEX_POINT('',#11697);
#4079=VERTEX_POINT('',#11701);
#4080=VERTEX_POINT('',#11703);
#4081=VERTEX_POINT('',#11707);
#4082=VERTEX_POINT('',#11709);
#4083=VERTEX_POINT('',#11713);
#4084=VERTEX_POINT('',#11715);
#4085=VERTEX_POINT('',#11722);
#4086=VERTEX_POINT('',#11723);
#4087=VERTEX_POINT('',#11725);
#4088=VERTEX_POINT('',#11727);
#4089=VERTEX_POINT('',#11731);
#4090=VERTEX_POINT('',#11733);
#4091=VERTEX_POINT('',#11737);
#4092=VERTEX_POINT('',#11739);
#4093=VERTEX_POINT('',#11743);
#4094=VERTEX_POINT('',#11745);
#4095=VERTEX_POINT('',#11749);
#4096=VERTEX_POINT('',#11751);
#4097=VERTEX_POINT('',#11758);
#4098=VERTEX_POINT('',#11759);
#4099=VERTEX_POINT('',#11761);
#4100=VERTEX_POINT('',#11763);
#4101=VERTEX_POINT('',#11767);
#4102=VERTEX_POINT('',#11769);
#4103=VERTEX_POINT('',#11773);
#4104=VERTEX_POINT('',#11775);
#4105=VERTEX_POINT('',#11779);
#4106=VERTEX_POINT('',#11781);
#4107=VERTEX_POINT('',#11785);
#4108=VERTEX_POINT('',#11787);
#4109=VERTEX_POINT('',#11794);
#4110=VERTEX_POINT('',#11795);
#4111=VERTEX_POINT('',#11797);
#4112=VERTEX_POINT('',#11799);
#4113=VERTEX_POINT('',#11803);
#4114=VERTEX_POINT('',#11805);
#4115=VERTEX_POINT('',#11809);
#4116=VERTEX_POINT('',#11811);
#4117=VERTEX_POINT('',#11815);
#4118=VERTEX_POINT('',#11817);
#4119=VERTEX_POINT('',#11821);
#4120=VERTEX_POINT('',#11823);
#4121=VERTEX_POINT('',#11830);
#4122=VERTEX_POINT('',#11831);
#4123=VERTEX_POINT('',#11833);
#4124=VERTEX_POINT('',#11835);
#4125=VERTEX_POINT('',#11839);
#4126=VERTEX_POINT('',#11841);
#4127=VERTEX_POINT('',#11845);
#4128=VERTEX_POINT('',#11847);
#4129=VERTEX_POINT('',#11851);
#4130=VERTEX_POINT('',#11853);
#4131=VERTEX_POINT('',#11857);
#4132=VERTEX_POINT('',#11859);
#4133=VERTEX_POINT('',#11866);
#4134=VERTEX_POINT('',#11867);
#4135=VERTEX_POINT('',#11869);
#4136=VERTEX_POINT('',#11871);
#4137=VERTEX_POINT('',#11875);
#4138=VERTEX_POINT('',#11877);
#4139=VERTEX_POINT('',#11881);
#4140=VERTEX_POINT('',#11883);
#4141=VERTEX_POINT('',#11887);
#4142=VERTEX_POINT('',#11889);
#4143=VERTEX_POINT('',#11893);
#4144=VERTEX_POINT('',#11895);
#4145=VERTEX_POINT('',#11902);
#4146=VERTEX_POINT('',#11903);
#4147=VERTEX_POINT('',#11905);
#4148=VERTEX_POINT('',#11907);
#4149=VERTEX_POINT('',#11911);
#4150=VERTEX_POINT('',#11913);
#4151=VERTEX_POINT('',#11917);
#4152=VERTEX_POINT('',#11919);
#4153=VERTEX_POINT('',#11923);
#4154=VERTEX_POINT('',#11925);
#4155=VERTEX_POINT('',#11929);
#4156=VERTEX_POINT('',#11931);
#4157=VERTEX_POINT('',#11938);
#4158=VERTEX_POINT('',#11939);
#4159=VERTEX_POINT('',#11941);
#4160=VERTEX_POINT('',#11943);
#4161=VERTEX_POINT('',#11947);
#4162=VERTEX_POINT('',#11949);
#4163=VERTEX_POINT('',#11953);
#4164=VERTEX_POINT('',#11955);
#4165=VERTEX_POINT('',#11959);
#4166=VERTEX_POINT('',#11961);
#4167=VERTEX_POINT('',#11965);
#4168=VERTEX_POINT('',#11967);
#4169=VERTEX_POINT('',#11974);
#4170=VERTEX_POINT('',#11975);
#4171=VERTEX_POINT('',#11977);
#4172=VERTEX_POINT('',#11979);
#4173=VERTEX_POINT('',#11983);
#4174=VERTEX_POINT('',#11985);
#4175=VERTEX_POINT('',#11989);
#4176=VERTEX_POINT('',#11991);
#4177=VERTEX_POINT('',#11995);
#4178=VERTEX_POINT('',#11997);
#4179=VERTEX_POINT('',#12001);
#4180=VERTEX_POINT('',#12003);
#4181=VERTEX_POINT('',#12010);
#4182=VERTEX_POINT('',#12011);
#4183=VERTEX_POINT('',#12013);
#4184=VERTEX_POINT('',#12015);
#4185=VERTEX_POINT('',#12019);
#4186=VERTEX_POINT('',#12021);
#4187=VERTEX_POINT('',#12025);
#4188=VERTEX_POINT('',#12027);
#4189=VERTEX_POINT('',#12031);
#4190=VERTEX_POINT('',#12033);
#4191=VERTEX_POINT('',#12037);
#4192=VERTEX_POINT('',#12039);
#4193=VERTEX_POINT('',#12046);
#4194=VERTEX_POINT('',#12047);
#4195=VERTEX_POINT('',#12049);
#4196=VERTEX_POINT('',#12051);
#4197=VERTEX_POINT('',#12055);
#4198=VERTEX_POINT('',#12057);
#4199=VERTEX_POINT('',#12061);
#4200=VERTEX_POINT('',#12063);
#4201=VERTEX_POINT('',#12067);
#4202=VERTEX_POINT('',#12069);
#4203=VERTEX_POINT('',#12073);
#4204=VERTEX_POINT('',#12075);
#4205=VERTEX_POINT('',#12082);
#4206=VERTEX_POINT('',#12083);
#4207=VERTEX_POINT('',#12085);
#4208=VERTEX_POINT('',#12087);
#4209=VERTEX_POINT('',#12091);
#4210=VERTEX_POINT('',#12093);
#4211=VERTEX_POINT('',#12097);
#4212=VERTEX_POINT('',#12099);
#4213=VERTEX_POINT('',#12103);
#4214=VERTEX_POINT('',#12105);
#4215=VERTEX_POINT('',#12109);
#4216=VERTEX_POINT('',#12111);
#4217=VERTEX_POINT('',#12118);
#4218=VERTEX_POINT('',#12119);
#4219=VERTEX_POINT('',#12121);
#4220=VERTEX_POINT('',#12123);
#4221=VERTEX_POINT('',#12127);
#4222=VERTEX_POINT('',#12129);
#4223=VERTEX_POINT('',#12136);
#4224=VERTEX_POINT('',#12137);
#4225=VERTEX_POINT('',#12139);
#4226=VERTEX_POINT('',#12141);
#4227=VERTEX_POINT('',#12145);
#4228=VERTEX_POINT('',#12147);
#4229=VERTEX_POINT('',#12151);
#4230=VERTEX_POINT('',#12153);
#4231=VERTEX_POINT('',#12157);
#4232=VERTEX_POINT('',#12159);
#4233=VERTEX_POINT('',#12163);
#4234=VERTEX_POINT('',#12165);
#4235=VERTEX_POINT('',#12172);
#4236=VERTEX_POINT('',#12173);
#4237=VERTEX_POINT('',#12175);
#4238=VERTEX_POINT('',#12177);
#4239=VERTEX_POINT('',#12181);
#4240=VERTEX_POINT('',#12183);
#4241=VERTEX_POINT('',#12187);
#4242=VERTEX_POINT('',#12189);
#4243=VERTEX_POINT('',#12193);
#4244=VERTEX_POINT('',#12195);
#4245=VERTEX_POINT('',#12199);
#4246=VERTEX_POINT('',#12201);
#4247=VERTEX_POINT('',#12208);
#4248=VERTEX_POINT('',#12209);
#4249=VERTEX_POINT('',#12211);
#4250=VERTEX_POINT('',#12213);
#4251=VERTEX_POINT('',#12217);
#4252=VERTEX_POINT('',#12219);
#4253=VERTEX_POINT('',#12223);
#4254=VERTEX_POINT('',#12225);
#4255=VERTEX_POINT('',#12229);
#4256=VERTEX_POINT('',#12231);
#4257=VERTEX_POINT('',#12235);
#4258=VERTEX_POINT('',#12237);
#4259=VERTEX_POINT('',#12244);
#4260=VERTEX_POINT('',#12245);
#4261=VERTEX_POINT('',#12247);
#4262=VERTEX_POINT('',#12249);
#4263=VERTEX_POINT('',#12253);
#4264=VERTEX_POINT('',#12255);
#4265=VERTEX_POINT('',#12259);
#4266=VERTEX_POINT('',#12261);
#4267=VERTEX_POINT('',#12265);
#4268=VERTEX_POINT('',#12267);
#4269=VERTEX_POINT('',#12271);
#4270=VERTEX_POINT('',#12273);
#4271=VERTEX_POINT('',#12280);
#4272=VERTEX_POINT('',#12281);
#4273=VERTEX_POINT('',#12283);
#4274=VERTEX_POINT('',#12285);
#4275=VERTEX_POINT('',#12289);
#4276=VERTEX_POINT('',#12291);
#4277=VERTEX_POINT('',#12295);
#4278=VERTEX_POINT('',#12297);
#4279=VERTEX_POINT('',#12301);
#4280=VERTEX_POINT('',#12303);
#4281=VERTEX_POINT('',#12310);
#4282=VERTEX_POINT('',#12311);
#4283=VERTEX_POINT('',#12313);
#4284=VERTEX_POINT('',#12315);
#4285=VERTEX_POINT('',#12319);
#4286=VERTEX_POINT('',#12321);
#4287=VERTEX_POINT('',#12325);
#4288=VERTEX_POINT('',#12327);
#4289=VERTEX_POINT('',#12331);
#4290=VERTEX_POINT('',#12333);
#4291=VERTEX_POINT('',#12337);
#4292=VERTEX_POINT('',#12339);
#4293=VERTEX_POINT('',#12346);
#4294=VERTEX_POINT('',#12347);
#4295=VERTEX_POINT('',#12349);
#4296=VERTEX_POINT('',#12351);
#4297=VERTEX_POINT('',#12355);
#4298=VERTEX_POINT('',#12357);
#4299=VERTEX_POINT('',#12364);
#4300=VERTEX_POINT('',#12365);
#4301=VERTEX_POINT('',#12367);
#4302=VERTEX_POINT('',#12369);
#4303=VERTEX_POINT('',#12373);
#4304=VERTEX_POINT('',#12375);
#4305=VERTEX_POINT('',#12379);
#4306=VERTEX_POINT('',#12381);
#4307=VERTEX_POINT('',#12385);
#4308=VERTEX_POINT('',#12387);
#4309=VERTEX_POINT('',#12394);
#4310=VERTEX_POINT('',#12395);
#4311=VERTEX_POINT('',#12397);
#4312=VERTEX_POINT('',#12399);
#4313=VERTEX_POINT('',#12403);
#4314=VERTEX_POINT('',#12405);
#4315=VERTEX_POINT('',#12409);
#4316=VERTEX_POINT('',#12411);
#4317=VERTEX_POINT('',#12415);
#4318=VERTEX_POINT('',#12417);
#4319=VERTEX_POINT('',#12421);
#4320=VERTEX_POINT('',#12423);
#4321=VERTEX_POINT('',#12430);
#4322=VERTEX_POINT('',#12431);
#4323=VERTEX_POINT('',#12433);
#4324=VERTEX_POINT('',#12435);
#4325=VERTEX_POINT('',#12439);
#4326=VERTEX_POINT('',#12441);
#4327=VERTEX_POINT('',#12445);
#4328=VERTEX_POINT('',#12447);
#4329=VERTEX_POINT('',#12451);
#4330=VERTEX_POINT('',#12453);
#4331=VERTEX_POINT('',#12457);
#4332=VERTEX_POINT('',#12459);
#4333=VERTEX_POINT('',#12466);
#4334=VERTEX_POINT('',#12467);
#4335=VERTEX_POINT('',#12469);
#4336=VERTEX_POINT('',#12471);
#4337=VERTEX_POINT('',#12475);
#4338=VERTEX_POINT('',#12477);
#4339=VERTEX_POINT('',#12481);
#4340=VERTEX_POINT('',#12483);
#4341=VERTEX_POINT('',#12490);
#4342=VERTEX_POINT('',#12491);
#4343=VERTEX_POINT('',#12493);
#4344=VERTEX_POINT('',#12495);
#4345=VERTEX_POINT('',#12499);
#4346=VERTEX_POINT('',#12501);
#4347=VERTEX_POINT('',#12505);
#4348=VERTEX_POINT('',#12507);
#4349=VERTEX_POINT('',#12511);
#4350=VERTEX_POINT('',#12513);
#4351=VERTEX_POINT('',#12517);
#4352=VERTEX_POINT('',#12519);
#4353=VERTEX_POINT('',#12526);
#4354=VERTEX_POINT('',#12527);
#4355=VERTEX_POINT('',#12529);
#4356=VERTEX_POINT('',#12531);
#4357=VERTEX_POINT('',#12535);
#4358=VERTEX_POINT('',#12537);
#4359=VERTEX_POINT('',#12541);
#4360=VERTEX_POINT('',#12543);
#4361=VERTEX_POINT('',#12547);
#4362=VERTEX_POINT('',#12549);
#4363=VERTEX_POINT('',#12553);
#4364=VERTEX_POINT('',#12555);
#4365=VERTEX_POINT('',#12562);
#4366=VERTEX_POINT('',#12563);
#4367=VERTEX_POINT('',#12565);
#4368=VERTEX_POINT('',#12567);
#4369=VERTEX_POINT('',#12571);
#4370=VERTEX_POINT('',#12573);
#4371=VERTEX_POINT('',#12577);
#4372=VERTEX_POINT('',#12579);
#4373=VERTEX_POINT('',#12583);
#4374=VERTEX_POINT('',#12585);
#4375=VERTEX_POINT('',#12592);
#4376=VERTEX_POINT('',#12593);
#4377=VERTEX_POINT('',#12595);
#4378=VERTEX_POINT('',#12597);
#4379=VERTEX_POINT('',#12601);
#4380=VERTEX_POINT('',#12603);
#4381=VERTEX_POINT('',#12607);
#4382=VERTEX_POINT('',#12609);
#4383=VERTEX_POINT('',#12613);
#4384=VERTEX_POINT('',#12615);
#4385=VERTEX_POINT('',#12619);
#4386=VERTEX_POINT('',#12621);
#4387=VERTEX_POINT('',#12628);
#4388=VERTEX_POINT('',#12629);
#4389=VERTEX_POINT('',#12631);
#4390=VERTEX_POINT('',#12633);
#4391=VERTEX_POINT('',#12637);
#4392=VERTEX_POINT('',#12639);
#4393=VERTEX_POINT('',#12643);
#4394=VERTEX_POINT('',#12645);
#4395=VERTEX_POINT('',#12649);
#4396=VERTEX_POINT('',#12651);
#4397=VERTEX_POINT('',#12655);
#4398=VERTEX_POINT('',#12657);
#4399=VERTEX_POINT('',#12664);
#4400=VERTEX_POINT('',#12665);
#4401=VERTEX_POINT('',#12667);
#4402=VERTEX_POINT('',#12669);
#4403=VERTEX_POINT('',#12673);
#4404=VERTEX_POINT('',#12675);
#4405=VERTEX_POINT('',#12679);
#4406=VERTEX_POINT('',#12681);
#4407=VERTEX_POINT('',#12685);
#4408=VERTEX_POINT('',#12687);
#4409=VERTEX_POINT('',#12691);
#4410=VERTEX_POINT('',#12693);
#4411=VERTEX_POINT('',#12700);
#4412=VERTEX_POINT('',#12701);
#4413=VERTEX_POINT('',#12703);
#4414=VERTEX_POINT('',#12705);
#4415=VERTEX_POINT('',#12709);
#4416=VERTEX_POINT('',#12711);
#4417=VERTEX_POINT('',#12718);
#4418=VERTEX_POINT('',#12719);
#4419=VERTEX_POINT('',#12721);
#4420=VERTEX_POINT('',#12723);
#4421=VERTEX_POINT('',#12727);
#4422=VERTEX_POINT('',#12729);
#4423=VERTEX_POINT('',#12733);
#4424=VERTEX_POINT('',#12735);
#4425=VERTEX_POINT('',#12742);
#4426=VERTEX_POINT('',#12743);
#4427=VERTEX_POINT('',#12745);
#4428=VERTEX_POINT('',#12747);
#4429=VERTEX_POINT('',#12751);
#4430=VERTEX_POINT('',#12753);
#4431=VERTEX_POINT('',#12757);
#4432=VERTEX_POINT('',#12759);
#4433=VERTEX_POINT('',#12763);
#4434=VERTEX_POINT('',#12765);
#4435=VERTEX_POINT('',#12769);
#4436=VERTEX_POINT('',#12771);
#4437=VERTEX_POINT('',#12778);
#4438=VERTEX_POINT('',#12779);
#4439=VERTEX_POINT('',#12781);
#4440=VERTEX_POINT('',#12783);
#4441=VERTEX_POINT('',#12787);
#4442=VERTEX_POINT('',#12789);
#4443=VERTEX_POINT('',#12796);
#4444=VERTEX_POINT('',#12797);
#4445=VERTEX_POINT('',#12799);
#4446=VERTEX_POINT('',#12801);
#4447=VERTEX_POINT('',#12805);
#4448=VERTEX_POINT('',#12807);
#4449=VERTEX_POINT('',#12811);
#4450=VERTEX_POINT('',#12813);
#4451=VERTEX_POINT('',#12820);
#4452=VERTEX_POINT('',#12821);
#4453=VERTEX_POINT('',#12823);
#4454=VERTEX_POINT('',#12825);
#4455=VERTEX_POINT('',#12829);
#4456=VERTEX_POINT('',#12831);
#4457=VERTEX_POINT('',#12835);
#4458=VERTEX_POINT('',#12837);
#4459=VERTEX_POINT('',#12844);
#4460=VERTEX_POINT('',#12845);
#4461=VERTEX_POINT('',#12847);
#4462=VERTEX_POINT('',#12849);
#4463=VERTEX_POINT('',#12853);
#4464=VERTEX_POINT('',#12855);
#4465=VERTEX_POINT('',#12859);
#4466=VERTEX_POINT('',#12861);
#4467=VERTEX_POINT('',#12865);
#4468=VERTEX_POINT('',#12867);
#4469=VERTEX_POINT('',#12871);
#4470=VERTEX_POINT('',#12873);
#4471=VERTEX_POINT('',#12880);
#4472=VERTEX_POINT('',#12881);
#4473=VERTEX_POINT('',#12883);
#4474=VERTEX_POINT('',#12885);
#4475=VERTEX_POINT('',#12889);
#4476=VERTEX_POINT('',#12891);
#4477=VERTEX_POINT('',#12895);
#4478=VERTEX_POINT('',#12897);
#4479=VERTEX_POINT('',#12904);
#4480=VERTEX_POINT('',#12905);
#4481=VERTEX_POINT('',#12907);
#4482=VERTEX_POINT('',#12909);
#4483=VERTEX_POINT('',#12913);
#4484=VERTEX_POINT('',#12915);
#4485=VERTEX_POINT('',#12922);
#4486=VERTEX_POINT('',#12923);
#4487=VERTEX_POINT('',#12925);
#4488=VERTEX_POINT('',#12927);
#4489=VERTEX_POINT('',#12931);
#4490=VERTEX_POINT('',#12933);
#4491=VERTEX_POINT('',#12937);
#4492=VERTEX_POINT('',#12939);
#4493=VERTEX_POINT('',#12943);
#4494=VERTEX_POINT('',#12945);
#4495=VERTEX_POINT('',#12952);
#4496=VERTEX_POINT('',#12953);
#4497=VERTEX_POINT('',#12955);
#4498=VERTEX_POINT('',#12957);
#4499=VERTEX_POINT('',#12961);
#4500=VERTEX_POINT('',#12963);
#4501=VERTEX_POINT('',#12970);
#4502=VERTEX_POINT('',#12971);
#4503=VERTEX_POINT('',#12973);
#4504=VERTEX_POINT('',#12975);
#4505=VERTEX_POINT('',#12979);
#4506=VERTEX_POINT('',#12981);
#4507=VERTEX_POINT('',#12985);
#4508=VERTEX_POINT('',#12987);
#4509=VERTEX_POINT('',#12991);
#4510=VERTEX_POINT('',#12993);
#4511=VERTEX_POINT('',#12997);
#4512=VERTEX_POINT('',#12999);
#4513=VERTEX_POINT('',#13006);
#4514=VERTEX_POINT('',#13007);
#4515=VERTEX_POINT('',#13009);
#4516=VERTEX_POINT('',#13011);
#4517=VERTEX_POINT('',#13015);
#4518=VERTEX_POINT('',#13017);
#4519=VERTEX_POINT('',#13021);
#4520=VERTEX_POINT('',#13023);
#4521=VERTEX_POINT('',#13027);
#4522=VERTEX_POINT('',#13029);
#4523=VERTEX_POINT('',#13033);
#4524=VERTEX_POINT('',#13035);
#4525=VERTEX_POINT('',#13042);
#4526=VERTEX_POINT('',#13043);
#4527=VERTEX_POINT('',#13045);
#4528=VERTEX_POINT('',#13047);
#4529=VERTEX_POINT('',#13051);
#4530=VERTEX_POINT('',#13053);
#4531=VERTEX_POINT('',#13057);
#4532=VERTEX_POINT('',#13059);
#4533=VERTEX_POINT('',#13063);
#4534=VERTEX_POINT('',#13065);
#4535=VERTEX_POINT('',#13069);
#4536=VERTEX_POINT('',#13071);
#4537=VERTEX_POINT('',#13078);
#4538=VERTEX_POINT('',#13079);
#4539=VERTEX_POINT('',#13081);
#4540=VERTEX_POINT('',#13083);
#4541=VERTEX_POINT('',#13087);
#4542=VERTEX_POINT('',#13089);
#4543=VERTEX_POINT('',#13093);
#4544=VERTEX_POINT('',#13095);
#4545=VERTEX_POINT('',#13099);
#4546=VERTEX_POINT('',#13101);
#4547=VERTEX_POINT('',#13108);
#4548=VERTEX_POINT('',#13109);
#4549=VERTEX_POINT('',#13111);
#4550=VERTEX_POINT('',#13113);
#4551=VERTEX_POINT('',#13117);
#4552=VERTEX_POINT('',#13119);
#4553=VERTEX_POINT('',#13123);
#4554=VERTEX_POINT('',#13125);
#4555=VERTEX_POINT('',#13129);
#4556=VERTEX_POINT('',#13131);
#4557=VERTEX_POINT('',#13135);
#4558=VERTEX_POINT('',#13137);
#4559=VERTEX_POINT('',#13144);
#4560=VERTEX_POINT('',#13145);
#4561=VERTEX_POINT('',#13147);
#4562=VERTEX_POINT('',#13149);
#4563=VERTEX_POINT('',#13153);
#4564=VERTEX_POINT('',#13155);
#4565=VERTEX_POINT('',#13159);
#4566=VERTEX_POINT('',#13161);
#4567=VERTEX_POINT('',#13168);
#4568=VERTEX_POINT('',#13169);
#4569=VERTEX_POINT('',#13171);
#4570=VERTEX_POINT('',#13173);
#4571=VERTEX_POINT('',#13177);
#4572=VERTEX_POINT('',#13179);
#4573=VERTEX_POINT('',#13183);
#4574=VERTEX_POINT('',#13185);
#4575=VERTEX_POINT('',#13189);
#4576=VERTEX_POINT('',#13191);
#4577=VERTEX_POINT('',#13195);
#4578=VERTEX_POINT('',#13197);
#4579=VERTEX_POINT('',#13204);
#4580=VERTEX_POINT('',#13205);
#4581=VERTEX_POINT('',#13207);
#4582=VERTEX_POINT('',#13209);
#4583=VERTEX_POINT('',#13213);
#4584=VERTEX_POINT('',#13215);
#4585=VERTEX_POINT('',#13219);
#4586=VERTEX_POINT('',#13221);
#4587=VERTEX_POINT('',#13225);
#4588=VERTEX_POINT('',#13227);
#4589=VERTEX_POINT('',#13234);
#4590=VERTEX_POINT('',#13235);
#4591=VERTEX_POINT('',#13237);
#4592=VERTEX_POINT('',#13239);
#4593=VERTEX_POINT('',#13243);
#4594=VERTEX_POINT('',#13245);
#4595=VERTEX_POINT('',#13249);
#4596=VERTEX_POINT('',#13251);
#4597=VERTEX_POINT('',#13255);
#4598=VERTEX_POINT('',#13257);
#4599=VERTEX_POINT('',#13261);
#4600=VERTEX_POINT('',#13263);
#4601=VERTEX_POINT('',#13270);
#4602=VERTEX_POINT('',#13271);
#4603=VERTEX_POINT('',#13273);
#4604=VERTEX_POINT('',#13275);
#4605=VERTEX_POINT('',#13279);
#4606=VERTEX_POINT('',#13281);
#4607=VERTEX_POINT('',#13285);
#4608=VERTEX_POINT('',#13287);
#4609=VERTEX_POINT('',#13291);
#4610=VERTEX_POINT('',#13293);
#4611=VERTEX_POINT('',#13297);
#4612=VERTEX_POINT('',#13299);
#4613=VERTEX_POINT('',#13306);
#4614=VERTEX_POINT('',#13307);
#4615=VERTEX_POINT('',#13309);
#4616=VERTEX_POINT('',#13311);
#4617=VERTEX_POINT('',#13315);
#4618=VERTEX_POINT('',#13317);
#4619=VERTEX_POINT('',#13321);
#4620=VERTEX_POINT('',#13323);
#4621=VERTEX_POINT('',#13327);
#4622=VERTEX_POINT('',#13329);
#4623=VERTEX_POINT('',#13333);
#4624=VERTEX_POINT('',#13335);
#4625=VERTEX_POINT('',#13342);
#4626=VERTEX_POINT('',#13343);
#4627=VERTEX_POINT('',#13345);
#4628=VERTEX_POINT('',#13347);
#4629=VERTEX_POINT('',#13351);
#4630=VERTEX_POINT('',#13353);
#4631=VERTEX_POINT('',#13357);
#4632=VERTEX_POINT('',#13359);
#4633=VERTEX_POINT('',#13363);
#4634=VERTEX_POINT('',#13365);
#4635=VERTEX_POINT('',#13369);
#4636=VERTEX_POINT('',#13371);
#4637=VERTEX_POINT('',#13378);
#4638=VERTEX_POINT('',#13379);
#4639=VERTEX_POINT('',#13381);
#4640=VERTEX_POINT('',#13383);
#4641=VERTEX_POINT('',#13387);
#4642=VERTEX_POINT('',#13389);
#4643=VERTEX_POINT('',#13393);
#4644=VERTEX_POINT('',#13395);
#4645=VERTEX_POINT('',#13399);
#4646=VERTEX_POINT('',#13401);
#4647=VERTEX_POINT('',#13405);
#4648=VERTEX_POINT('',#13407);
#4649=VERTEX_POINT('',#13414);
#4650=VERTEX_POINT('',#13415);
#4651=VERTEX_POINT('',#13417);
#4652=VERTEX_POINT('',#13419);
#4653=VERTEX_POINT('',#13423);
#4654=VERTEX_POINT('',#13425);
#4655=VERTEX_POINT('',#13429);
#4656=VERTEX_POINT('',#13431);
#4657=VERTEX_POINT('',#13435);
#4658=VERTEX_POINT('',#13437);
#4659=VERTEX_POINT('',#13441);
#4660=VERTEX_POINT('',#13443);
#4661=VERTEX_POINT('',#13450);
#4662=VERTEX_POINT('',#13451);
#4663=VERTEX_POINT('',#13453);
#4664=VERTEX_POINT('',#13455);
#4665=VERTEX_POINT('',#13459);
#4666=VERTEX_POINT('',#13461);
#4667=VERTEX_POINT('',#13465);
#4668=VERTEX_POINT('',#13467);
#4669=VERTEX_POINT('',#13471);
#4670=VERTEX_POINT('',#13473);
#4671=VERTEX_POINT('',#13480);
#4672=VERTEX_POINT('',#13481);
#4673=VERTEX_POINT('',#13483);
#4674=VERTEX_POINT('',#13485);
#4675=VERTEX_POINT('',#13489);
#4676=VERTEX_POINT('',#13491);
#4677=VERTEX_POINT('',#13495);
#4678=VERTEX_POINT('',#13497);
#4679=VERTEX_POINT('',#13501);
#4680=VERTEX_POINT('',#13503);
#4681=VERTEX_POINT('',#13507);
#4682=VERTEX_POINT('',#13509);
#4683=VERTEX_POINT('',#13516);
#4684=VERTEX_POINT('',#13517);
#4685=VERTEX_POINT('',#13519);
#4686=VERTEX_POINT('',#13521);
#4687=VERTEX_POINT('',#13525);
#4688=VERTEX_POINT('',#13527);
#4689=VERTEX_POINT('',#13531);
#4690=VERTEX_POINT('',#13533);
#4691=VERTEX_POINT('',#13537);
#4692=VERTEX_POINT('',#13539);
#4693=VERTEX_POINT('',#13543);
#4694=VERTEX_POINT('',#13545);
#4695=VERTEX_POINT('',#13552);
#4696=VERTEX_POINT('',#13553);
#4697=VERTEX_POINT('',#13555);
#4698=VERTEX_POINT('',#13557);
#4699=VERTEX_POINT('',#13561);
#4700=VERTEX_POINT('',#13563);
#4701=VERTEX_POINT('',#13567);
#4702=VERTEX_POINT('',#13569);
#4703=VERTEX_POINT('',#13573);
#4704=VERTEX_POINT('',#13575);
#4705=VERTEX_POINT('',#13579);
#4706=VERTEX_POINT('',#13581);
#4707=VERTEX_POINT('',#13588);
#4708=VERTEX_POINT('',#13589);
#4709=VERTEX_POINT('',#13591);
#4710=VERTEX_POINT('',#13593);
#4711=VERTEX_POINT('',#13597);
#4712=VERTEX_POINT('',#13599);
#4713=VERTEX_POINT('',#13603);
#4714=VERTEX_POINT('',#13605);
#4715=VERTEX_POINT('',#13612);
#4716=VERTEX_POINT('',#13613);
#4717=VERTEX_POINT('',#13615);
#4718=VERTEX_POINT('',#13617);
#4719=VERTEX_POINT('',#13621);
#4720=VERTEX_POINT('',#13623);
#4721=VERTEX_POINT('',#13627);
#4722=VERTEX_POINT('',#13629);
#4723=VERTEX_POINT('',#13633);
#4724=VERTEX_POINT('',#13635);
#4725=VERTEX_POINT('',#13639);
#4726=VERTEX_POINT('',#13641);
#4727=VERTEX_POINT('',#13648);
#4728=VERTEX_POINT('',#13649);
#4729=VERTEX_POINT('',#13651);
#4730=VERTEX_POINT('',#13653);
#4731=VERTEX_POINT('',#13657);
#4732=VERTEX_POINT('',#13659);
#4733=VERTEX_POINT('',#13663);
#4734=VERTEX_POINT('',#13665);
#4735=VERTEX_POINT('',#13669);
#4736=VERTEX_POINT('',#13671);
#4737=VERTEX_POINT('',#13675);
#4738=VERTEX_POINT('',#13677);
#4739=VERTEX_POINT('',#13684);
#4740=VERTEX_POINT('',#13685);
#4741=VERTEX_POINT('',#13687);
#4742=VERTEX_POINT('',#13689);
#4743=VERTEX_POINT('',#13693);
#4744=VERTEX_POINT('',#13695);
#4745=VERTEX_POINT('',#13702);
#4746=VERTEX_POINT('',#13703);
#4747=VERTEX_POINT('',#13705);
#4748=VERTEX_POINT('',#13707);
#4749=VERTEX_POINT('',#13711);
#4750=VERTEX_POINT('',#13713);
#4751=VERTEX_POINT('',#13717);
#4752=VERTEX_POINT('',#13719);
#4753=VERTEX_POINT('',#13723);
#4754=VERTEX_POINT('',#13725);
#4755=VERTEX_POINT('',#13729);
#4756=VERTEX_POINT('',#13731);
#4757=VERTEX_POINT('',#13738);
#4758=VERTEX_POINT('',#13739);
#4759=VERTEX_POINT('',#13741);
#4760=VERTEX_POINT('',#13743);
#4761=VERTEX_POINT('',#13747);
#4762=VERTEX_POINT('',#13749);
#4763=VERTEX_POINT('',#13753);
#4764=VERTEX_POINT('',#13755);
#4765=VERTEX_POINT('',#13759);
#4766=VERTEX_POINT('',#13761);
#4767=VERTEX_POINT('',#13765);
#4768=VERTEX_POINT('',#13767);
#4769=VERTEX_POINT('',#13774);
#4770=VERTEX_POINT('',#13775);
#4771=VERTEX_POINT('',#13777);
#4772=VERTEX_POINT('',#13779);
#4773=VERTEX_POINT('',#13783);
#4774=VERTEX_POINT('',#13785);
#4775=VERTEX_POINT('',#13789);
#4776=VERTEX_POINT('',#13791);
#4777=VERTEX_POINT('',#13795);
#4778=VERTEX_POINT('',#13797);
#4779=VERTEX_POINT('',#13801);
#4780=VERTEX_POINT('',#13803);
#4781=VERTEX_POINT('',#13810);
#4782=VERTEX_POINT('',#13811);
#4783=VERTEX_POINT('',#13813);
#4784=VERTEX_POINT('',#13815);
#4785=VERTEX_POINT('',#13819);
#4786=VERTEX_POINT('',#13821);
#4787=VERTEX_POINT('',#13825);
#4788=VERTEX_POINT('',#13827);
#4789=VERTEX_POINT('',#13831);
#4790=VERTEX_POINT('',#13833);
#4791=VERTEX_POINT('',#13837);
#4792=VERTEX_POINT('',#13839);
#4793=VERTEX_POINT('',#13846);
#4794=VERTEX_POINT('',#13847);
#4795=VERTEX_POINT('',#13849);
#4796=VERTEX_POINT('',#13851);
#4797=VERTEX_POINT('',#13855);
#4798=VERTEX_POINT('',#13857);
#4799=VERTEX_POINT('',#13861);
#4800=VERTEX_POINT('',#13863);
#4801=VERTEX_POINT('',#13870);
#4802=VERTEX_POINT('',#13871);
#4803=VERTEX_POINT('',#13873);
#4804=VERTEX_POINT('',#13875);
#4805=VERTEX_POINT('',#13879);
#4806=VERTEX_POINT('',#13881);
#4807=VERTEX_POINT('',#13885);
#4808=VERTEX_POINT('',#13887);
#4809=VERTEX_POINT('',#13891);
#4810=VERTEX_POINT('',#13893);
#4811=VERTEX_POINT('',#13897);
#4812=VERTEX_POINT('',#13899);
#4813=VERTEX_POINT('',#13906);
#4814=VERTEX_POINT('',#13907);
#4815=VERTEX_POINT('',#13909);
#4816=VERTEX_POINT('',#13911);
#4817=VERTEX_POINT('',#13915);
#4818=VERTEX_POINT('',#13917);
#4819=VERTEX_POINT('',#13921);
#4820=VERTEX_POINT('',#13923);
#4821=VERTEX_POINT('',#13927);
#4822=VERTEX_POINT('',#13929);
#4823=VERTEX_POINT('',#13933);
#4824=VERTEX_POINT('',#13935);
#4825=VERTEX_POINT('',#13942);
#4826=VERTEX_POINT('',#13943);
#4827=VERTEX_POINT('',#13945);
#4828=VERTEX_POINT('',#13947);
#4829=VERTEX_POINT('',#13951);
#4830=VERTEX_POINT('',#13953);
#4831=VERTEX_POINT('',#13960);
#4832=VERTEX_POINT('',#13961);
#4833=VERTEX_POINT('',#13963);
#4834=VERTEX_POINT('',#13965);
#4835=VERTEX_POINT('',#13969);
#4836=VERTEX_POINT('',#13971);
#4837=VERTEX_POINT('',#13975);
#4838=VERTEX_POINT('',#13977);
#4839=VERTEX_POINT('',#13981);
#4840=VERTEX_POINT('',#13983);
#4841=VERTEX_POINT('',#13987);
#4842=VERTEX_POINT('',#13989);
#4843=VERTEX_POINT('',#13996);
#4844=VERTEX_POINT('',#13997);
#4845=VERTEX_POINT('',#13999);
#4846=VERTEX_POINT('',#14001);
#4847=EDGE_CURVE('',#4023,#4023,#4019,.T.);
#4848=EDGE_CURVE('',#4023,#4024,#1563,.T.);
#4849=EDGE_CURVE('',#4024,#4024,#4020,.T.);
#4850=EDGE_CURVE('',#4025,#4026,#577,.T.);
#4851=EDGE_CURVE('',#4026,#4027,#1564,.T.);
#4852=EDGE_CURVE('',#4028,#4027,#578,.T.);
#4853=EDGE_CURVE('',#4025,#4028,#1565,.T.);
#4854=EDGE_CURVE('',#4025,#4029,#4021,.T.);
#4855=EDGE_CURVE('',#4030,#4028,#4022,.T.);
#4856=EDGE_CURVE('',#4029,#4030,#1566,.T.);
#4857=EDGE_CURVE('',#4029,#4031,#579,.T.);
#4858=EDGE_CURVE('',#4032,#4030,#580,.T.);
#4859=EDGE_CURVE('',#4031,#4032,#1567,.T.);
#4860=EDGE_CURVE('',#4033,#4032,#1568,.T.);
#4861=EDGE_CURVE('',#4034,#4033,#1569,.T.);
#4862=EDGE_CURVE('',#4034,#4031,#1570,.T.);
#4863=EDGE_CURVE('',#4026,#4035,#1571,.T.);
#4864=EDGE_CURVE('',#4035,#4036,#1572,.T.);
#4865=EDGE_CURVE('',#4027,#4036,#1573,.T.);
#4866=EDGE_CURVE('',#4037,#4038,#1574,.T.);
#4867=EDGE_CURVE('',#4038,#4039,#1575,.T.);
#4868=EDGE_CURVE('',#4040,#4039,#1576,.T.);
#4869=EDGE_CURVE('',#4037,#4040,#1577,.T.);
#4870=EDGE_CURVE('',#4041,#4037,#1578,.T.);
#4871=EDGE_CURVE('',#4042,#4040,#1579,.T.);
#4872=EDGE_CURVE('',#4041,#4042,#1580,.T.);
#4873=EDGE_CURVE('',#4043,#4041,#1581,.T.);
#4874=EDGE_CURVE('',#4044,#4042,#1582,.T.);
#4875=EDGE_CURVE('',#4043,#4044,#1583,.T.);
#4876=EDGE_CURVE('',#4045,#4043,#1584,.T.);
#4877=EDGE_CURVE('',#4046,#4044,#1585,.T.);
#4878=EDGE_CURVE('',#4045,#4046,#1586,.T.);
#4879=EDGE_CURVE('',#4047,#4045,#1587,.T.);
#4880=EDGE_CURVE('',#4048,#4046,#1588,.T.);
#4881=EDGE_CURVE('',#4047,#4048,#1589,.T.);
#4882=EDGE_CURVE('',#4038,#4047,#1590,.T.);
#4883=EDGE_CURVE('',#4039,#4048,#1591,.T.);
#4884=EDGE_CURVE('',#4049,#4050,#1592,.T.);
#4885=EDGE_CURVE('',#4050,#4051,#1593,.T.);
#4886=EDGE_CURVE('',#4052,#4051,#1594,.T.);
#4887=EDGE_CURVE('',#4049,#4052,#1595,.T.);
#4888=EDGE_CURVE('',#4053,#4049,#1596,.T.);
#4889=EDGE_CURVE('',#4054,#4052,#1597,.T.);
#4890=EDGE_CURVE('',#4053,#4054,#1598,.T.);
#4891=EDGE_CURVE('',#4055,#4053,#1599,.T.);
#4892=EDGE_CURVE('',#4056,#4054,#1600,.T.);
#4893=EDGE_CURVE('',#4055,#4056,#1601,.T.);
#4894=EDGE_CURVE('',#4057,#4055,#1602,.T.);
#4895=EDGE_CURVE('',#4058,#4056,#1603,.T.);
#4896=EDGE_CURVE('',#4057,#4058,#1604,.T.);
#4897=EDGE_CURVE('',#4059,#4057,#1605,.T.);
#4898=EDGE_CURVE('',#4060,#4058,#1606,.T.);
#4899=EDGE_CURVE('',#4059,#4060,#1607,.T.);
#4900=EDGE_CURVE('',#4050,#4059,#1608,.T.);
#4901=EDGE_CURVE('',#4051,#4060,#1609,.T.);
#4902=EDGE_CURVE('',#4061,#4062,#1610,.T.);
#4903=EDGE_CURVE('',#4062,#4063,#1611,.T.);
#4904=EDGE_CURVE('',#4064,#4063,#1612,.T.);
#4905=EDGE_CURVE('',#4061,#4064,#1613,.T.);
#4906=EDGE_CURVE('',#4065,#4061,#1614,.T.);
#4907=EDGE_CURVE('',#4066,#4064,#1615,.T.);
#4908=EDGE_CURVE('',#4065,#4066,#1616,.T.);
#4909=EDGE_CURVE('',#4067,#4065,#1617,.T.);
#4910=EDGE_CURVE('',#4068,#4066,#1618,.T.);
#4911=EDGE_CURVE('',#4067,#4068,#1619,.T.);
#4912=EDGE_CURVE('',#4069,#4067,#1620,.T.);
#4913=EDGE_CURVE('',#4070,#4068,#1621,.T.);
#4914=EDGE_CURVE('',#4069,#4070,#1622,.T.);
#4915=EDGE_CURVE('',#4071,#4069,#1623,.T.);
#4916=EDGE_CURVE('',#4072,#4070,#1624,.T.);
#4917=EDGE_CURVE('',#4071,#4072,#1625,.T.);
#4918=EDGE_CURVE('',#4062,#4071,#1626,.T.);
#4919=EDGE_CURVE('',#4063,#4072,#1627,.T.);
#4920=EDGE_CURVE('',#4073,#4074,#1628,.T.);
#4921=EDGE_CURVE('',#4074,#4075,#1629,.T.);
#4922=EDGE_CURVE('',#4076,#4075,#1630,.T.);
#4923=EDGE_CURVE('',#4073,#4076,#1631,.T.);
#4924=EDGE_CURVE('',#4077,#4073,#1632,.T.);
#4925=EDGE_CURVE('',#4078,#4076,#1633,.T.);
#4926=EDGE_CURVE('',#4077,#4078,#1634,.T.);
#4927=EDGE_CURVE('',#4079,#4077,#1635,.T.);
#4928=EDGE_CURVE('',#4080,#4078,#1636,.T.);
#4929=EDGE_CURVE('',#4079,#4080,#1637,.T.);
#4930=EDGE_CURVE('',#4081,#4079,#1638,.T.);
#4931=EDGE_CURVE('',#4082,#4080,#1639,.T.);
#4932=EDGE_CURVE('',#4081,#4082,#1640,.T.);
#4933=EDGE_CURVE('',#4083,#4081,#1641,.T.);
#4934=EDGE_CURVE('',#4084,#4082,#1642,.T.);
#4935=EDGE_CURVE('',#4083,#4084,#1643,.T.);
#4936=EDGE_CURVE('',#4074,#4083,#1644,.T.);
#4937=EDGE_CURVE('',#4075,#4084,#1645,.T.);
#4938=EDGE_CURVE('',#4085,#4086,#1646,.T.);
#4939=EDGE_CURVE('',#4086,#4087,#1647,.T.);
#4940=EDGE_CURVE('',#4088,#4087,#1648,.T.);
#4941=EDGE_CURVE('',#4085,#4088,#1649,.T.);
#4942=EDGE_CURVE('',#4089,#4085,#1650,.T.);
#4943=EDGE_CURVE('',#4090,#4088,#1651,.T.);
#4944=EDGE_CURVE('',#4089,#4090,#1652,.T.);
#4945=EDGE_CURVE('',#4091,#4089,#1653,.T.);
#4946=EDGE_CURVE('',#4092,#4090,#1654,.T.);
#4947=EDGE_CURVE('',#4091,#4092,#1655,.T.);
#4948=EDGE_CURVE('',#4093,#4091,#1656,.T.);
#4949=EDGE_CURVE('',#4094,#4092,#1657,.T.);
#4950=EDGE_CURVE('',#4093,#4094,#1658,.T.);
#4951=EDGE_CURVE('',#4095,#4093,#1659,.T.);
#4952=EDGE_CURVE('',#4096,#4094,#1660,.T.);
#4953=EDGE_CURVE('',#4095,#4096,#1661,.T.);
#4954=EDGE_CURVE('',#4086,#4095,#1662,.T.);
#4955=EDGE_CURVE('',#4087,#4096,#1663,.T.);
#4956=EDGE_CURVE('',#4097,#4098,#1664,.T.);
#4957=EDGE_CURVE('',#4098,#4099,#1665,.T.);
#4958=EDGE_CURVE('',#4100,#4099,#1666,.T.);
#4959=EDGE_CURVE('',#4097,#4100,#1667,.T.);
#4960=EDGE_CURVE('',#4101,#4097,#1668,.T.);
#4961=EDGE_CURVE('',#4102,#4100,#1669,.T.);
#4962=EDGE_CURVE('',#4101,#4102,#1670,.T.);
#4963=EDGE_CURVE('',#4103,#4101,#1671,.T.);
#4964=EDGE_CURVE('',#4104,#4102,#1672,.T.);
#4965=EDGE_CURVE('',#4103,#4104,#1673,.T.);
#4966=EDGE_CURVE('',#4105,#4103,#1674,.T.);
#4967=EDGE_CURVE('',#4106,#4104,#1675,.T.);
#4968=EDGE_CURVE('',#4105,#4106,#1676,.T.);
#4969=EDGE_CURVE('',#4107,#4105,#1677,.T.);
#4970=EDGE_CURVE('',#4108,#4106,#1678,.T.);
#4971=EDGE_CURVE('',#4107,#4108,#1679,.T.);
#4972=EDGE_CURVE('',#4098,#4107,#1680,.T.);
#4973=EDGE_CURVE('',#4099,#4108,#1681,.T.);
#4974=EDGE_CURVE('',#4109,#4110,#1682,.T.);
#4975=EDGE_CURVE('',#4110,#4111,#1683,.T.);
#4976=EDGE_CURVE('',#4112,#4111,#1684,.T.);
#4977=EDGE_CURVE('',#4109,#4112,#1685,.T.);
#4978=EDGE_CURVE('',#4113,#4109,#1686,.T.);
#4979=EDGE_CURVE('',#4114,#4112,#1687,.T.);
#4980=EDGE_CURVE('',#4113,#4114,#1688,.T.);
#4981=EDGE_CURVE('',#4115,#4113,#1689,.T.);
#4982=EDGE_CURVE('',#4116,#4114,#1690,.T.);
#4983=EDGE_CURVE('',#4115,#4116,#1691,.T.);
#4984=EDGE_CURVE('',#4117,#4115,#1692,.T.);
#4985=EDGE_CURVE('',#4118,#4116,#1693,.T.);
#4986=EDGE_CURVE('',#4117,#4118,#1694,.T.);
#4987=EDGE_CURVE('',#4119,#4117,#1695,.T.);
#4988=EDGE_CURVE('',#4120,#4118,#1696,.T.);
#4989=EDGE_CURVE('',#4119,#4120,#1697,.T.);
#4990=EDGE_CURVE('',#4110,#4119,#1698,.T.);
#4991=EDGE_CURVE('',#4111,#4120,#1699,.T.);
#4992=EDGE_CURVE('',#4121,#4122,#1700,.T.);
#4993=EDGE_CURVE('',#4122,#4123,#1701,.T.);
#4994=EDGE_CURVE('',#4124,#4123,#1702,.T.);
#4995=EDGE_CURVE('',#4121,#4124,#1703,.T.);
#4996=EDGE_CURVE('',#4125,#4121,#1704,.T.);
#4997=EDGE_CURVE('',#4126,#4124,#1705,.T.);
#4998=EDGE_CURVE('',#4125,#4126,#1706,.T.);
#4999=EDGE_CURVE('',#4127,#4125,#1707,.T.);
#5000=EDGE_CURVE('',#4128,#4126,#1708,.T.);
#5001=EDGE_CURVE('',#4127,#4128,#1709,.T.);
#5002=EDGE_CURVE('',#4129,#4127,#1710,.T.);
#5003=EDGE_CURVE('',#4130,#4128,#1711,.T.);
#5004=EDGE_CURVE('',#4129,#4130,#1712,.T.);
#5005=EDGE_CURVE('',#4131,#4129,#1713,.T.);
#5006=EDGE_CURVE('',#4132,#4130,#1714,.T.);
#5007=EDGE_CURVE('',#4131,#4132,#1715,.T.);
#5008=EDGE_CURVE('',#4122,#4131,#1716,.T.);
#5009=EDGE_CURVE('',#4123,#4132,#1717,.T.);
#5010=EDGE_CURVE('',#4133,#4134,#1718,.T.);
#5011=EDGE_CURVE('',#4134,#4135,#1719,.T.);
#5012=EDGE_CURVE('',#4136,#4135,#1720,.T.);
#5013=EDGE_CURVE('',#4133,#4136,#1721,.T.);
#5014=EDGE_CURVE('',#4137,#4133,#1722,.T.);
#5015=EDGE_CURVE('',#4138,#4136,#1723,.T.);
#5016=EDGE_CURVE('',#4137,#4138,#1724,.T.);
#5017=EDGE_CURVE('',#4139,#4137,#1725,.T.);
#5018=EDGE_CURVE('',#4140,#4138,#1726,.T.);
#5019=EDGE_CURVE('',#4139,#4140,#1727,.T.);
#5020=EDGE_CURVE('',#4141,#4139,#1728,.T.);
#5021=EDGE_CURVE('',#4142,#4140,#1729,.T.);
#5022=EDGE_CURVE('',#4141,#4142,#1730,.T.);
#5023=EDGE_CURVE('',#4143,#4141,#1731,.T.);
#5024=EDGE_CURVE('',#4144,#4142,#1732,.T.);
#5025=EDGE_CURVE('',#4143,#4144,#1733,.T.);
#5026=EDGE_CURVE('',#4134,#4143,#1734,.T.);
#5027=EDGE_CURVE('',#4135,#4144,#1735,.T.);
#5028=EDGE_CURVE('',#4145,#4146,#1736,.T.);
#5029=EDGE_CURVE('',#4146,#4147,#1737,.T.);
#5030=EDGE_CURVE('',#4148,#4147,#1738,.T.);
#5031=EDGE_CURVE('',#4145,#4148,#1739,.T.);
#5032=EDGE_CURVE('',#4149,#4145,#1740,.T.);
#5033=EDGE_CURVE('',#4150,#4148,#1741,.T.);
#5034=EDGE_CURVE('',#4149,#4150,#1742,.T.);
#5035=EDGE_CURVE('',#4151,#4149,#1743,.T.);
#5036=EDGE_CURVE('',#4152,#4150,#1744,.T.);
#5037=EDGE_CURVE('',#4151,#4152,#1745,.T.);
#5038=EDGE_CURVE('',#4153,#4151,#1746,.T.);
#5039=EDGE_CURVE('',#4154,#4152,#1747,.T.);
#5040=EDGE_CURVE('',#4153,#4154,#1748,.T.);
#5041=EDGE_CURVE('',#4155,#4153,#1749,.T.);
#5042=EDGE_CURVE('',#4156,#4154,#1750,.T.);
#5043=EDGE_CURVE('',#4155,#4156,#1751,.T.);
#5044=EDGE_CURVE('',#4146,#4155,#1752,.T.);
#5045=EDGE_CURVE('',#4147,#4156,#1753,.T.);
#5046=EDGE_CURVE('',#4157,#4158,#1754,.T.);
#5047=EDGE_CURVE('',#4158,#4159,#1755,.T.);
#5048=EDGE_CURVE('',#4160,#4159,#1756,.T.);
#5049=EDGE_CURVE('',#4157,#4160,#1757,.T.);
#5050=EDGE_CURVE('',#4161,#4157,#1758,.T.);
#5051=EDGE_CURVE('',#4162,#4160,#1759,.T.);
#5052=EDGE_CURVE('',#4161,#4162,#1760,.T.);
#5053=EDGE_CURVE('',#4163,#4161,#1761,.T.);
#5054=EDGE_CURVE('',#4164,#4162,#1762,.T.);
#5055=EDGE_CURVE('',#4163,#4164,#1763,.T.);
#5056=EDGE_CURVE('',#4165,#4163,#1764,.T.);
#5057=EDGE_CURVE('',#4166,#4164,#1765,.T.);
#5058=EDGE_CURVE('',#4165,#4166,#1766,.T.);
#5059=EDGE_CURVE('',#4167,#4165,#1767,.T.);
#5060=EDGE_CURVE('',#4168,#4166,#1768,.T.);
#5061=EDGE_CURVE('',#4167,#4168,#1769,.T.);
#5062=EDGE_CURVE('',#4158,#4167,#1770,.T.);
#5063=EDGE_CURVE('',#4159,#4168,#1771,.T.);
#5064=EDGE_CURVE('',#4169,#4170,#1772,.T.);
#5065=EDGE_CURVE('',#4170,#4171,#1773,.T.);
#5066=EDGE_CURVE('',#4172,#4171,#1774,.T.);
#5067=EDGE_CURVE('',#4169,#4172,#1775,.T.);
#5068=EDGE_CURVE('',#4173,#4169,#1776,.T.);
#5069=EDGE_CURVE('',#4174,#4172,#1777,.T.);
#5070=EDGE_CURVE('',#4173,#4174,#1778,.T.);
#5071=EDGE_CURVE('',#4175,#4173,#1779,.T.);
#5072=EDGE_CURVE('',#4176,#4174,#1780,.T.);
#5073=EDGE_CURVE('',#4175,#4176,#1781,.T.);
#5074=EDGE_CURVE('',#4177,#4175,#1782,.T.);
#5075=EDGE_CURVE('',#4178,#4176,#1783,.T.);
#5076=EDGE_CURVE('',#4177,#4178,#1784,.T.);
#5077=EDGE_CURVE('',#4179,#4177,#1785,.T.);
#5078=EDGE_CURVE('',#4180,#4178,#1786,.T.);
#5079=EDGE_CURVE('',#4179,#4180,#1787,.T.);
#5080=EDGE_CURVE('',#4170,#4179,#1788,.T.);
#5081=EDGE_CURVE('',#4171,#4180,#1789,.T.);
#5082=EDGE_CURVE('',#4181,#4182,#1790,.T.);
#5083=EDGE_CURVE('',#4182,#4183,#1791,.T.);
#5084=EDGE_CURVE('',#4184,#4183,#1792,.T.);
#5085=EDGE_CURVE('',#4181,#4184,#1793,.T.);
#5086=EDGE_CURVE('',#4185,#4181,#1794,.T.);
#5087=EDGE_CURVE('',#4186,#4184,#1795,.T.);
#5088=EDGE_CURVE('',#4185,#4186,#1796,.T.);
#5089=EDGE_CURVE('',#4187,#4185,#1797,.T.);
#5090=EDGE_CURVE('',#4188,#4186,#1798,.T.);
#5091=EDGE_CURVE('',#4187,#4188,#1799,.T.);
#5092=EDGE_CURVE('',#4189,#4187,#1800,.T.);
#5093=EDGE_CURVE('',#4190,#4188,#1801,.T.);
#5094=EDGE_CURVE('',#4189,#4190,#1802,.T.);
#5095=EDGE_CURVE('',#4191,#4189,#1803,.T.);
#5096=EDGE_CURVE('',#4192,#4190,#1804,.T.);
#5097=EDGE_CURVE('',#4191,#4192,#1805,.T.);
#5098=EDGE_CURVE('',#4182,#4191,#1806,.T.);
#5099=EDGE_CURVE('',#4183,#4192,#1807,.T.);
#5100=EDGE_CURVE('',#4193,#4194,#1808,.T.);
#5101=EDGE_CURVE('',#4194,#4195,#1809,.T.);
#5102=EDGE_CURVE('',#4196,#4195,#1810,.T.);
#5103=EDGE_CURVE('',#4193,#4196,#1811,.T.);
#5104=EDGE_CURVE('',#4197,#4193,#1812,.T.);
#5105=EDGE_CURVE('',#4198,#4196,#1813,.T.);
#5106=EDGE_CURVE('',#4197,#4198,#1814,.T.);
#5107=EDGE_CURVE('',#4199,#4197,#1815,.T.);
#5108=EDGE_CURVE('',#4200,#4198,#1816,.T.);
#5109=EDGE_CURVE('',#4199,#4200,#1817,.T.);
#5110=EDGE_CURVE('',#4201,#4199,#1818,.T.);
#5111=EDGE_CURVE('',#4202,#4200,#1819,.T.);
#5112=EDGE_CURVE('',#4201,#4202,#1820,.T.);
#5113=EDGE_CURVE('',#4203,#4201,#1821,.T.);
#5114=EDGE_CURVE('',#4204,#4202,#1822,.T.);
#5115=EDGE_CURVE('',#4203,#4204,#1823,.T.);
#5116=EDGE_CURVE('',#4194,#4203,#1824,.T.);
#5117=EDGE_CURVE('',#4195,#4204,#1825,.T.);
#5118=EDGE_CURVE('',#4205,#4206,#1826,.T.);
#5119=EDGE_CURVE('',#4206,#4207,#1827,.T.);
#5120=EDGE_CURVE('',#4208,#4207,#1828,.T.);
#5121=EDGE_CURVE('',#4205,#4208,#1829,.T.);
#5122=EDGE_CURVE('',#4209,#4205,#1830,.T.);
#5123=EDGE_CURVE('',#4210,#4208,#1831,.T.);
#5124=EDGE_CURVE('',#4209,#4210,#1832,.T.);
#5125=EDGE_CURVE('',#4211,#4209,#1833,.T.);
#5126=EDGE_CURVE('',#4212,#4210,#1834,.T.);
#5127=EDGE_CURVE('',#4211,#4212,#1835,.T.);
#5128=EDGE_CURVE('',#4213,#4211,#1836,.T.);
#5129=EDGE_CURVE('',#4214,#4212,#1837,.T.);
#5130=EDGE_CURVE('',#4213,#4214,#1838,.T.);
#5131=EDGE_CURVE('',#4215,#4213,#1839,.T.);
#5132=EDGE_CURVE('',#4216,#4214,#1840,.T.);
#5133=EDGE_CURVE('',#4215,#4216,#1841,.T.);
#5134=EDGE_CURVE('',#4206,#4215,#1842,.T.);
#5135=EDGE_CURVE('',#4207,#4216,#1843,.T.);
#5136=EDGE_CURVE('',#4217,#4218,#1844,.T.);
#5137=EDGE_CURVE('',#4218,#4219,#1845,.T.);
#5138=EDGE_CURVE('',#4220,#4219,#1846,.T.);
#5139=EDGE_CURVE('',#4217,#4220,#1847,.T.);
#5140=EDGE_CURVE('',#4221,#4217,#1848,.T.);
#5141=EDGE_CURVE('',#4222,#4220,#1849,.T.);
#5142=EDGE_CURVE('',#4221,#4222,#1850,.T.);
#5143=EDGE_CURVE('',#4218,#4221,#1851,.T.);
#5144=EDGE_CURVE('',#4219,#4222,#1852,.T.);
#5145=EDGE_CURVE('',#4223,#4224,#1853,.T.);
#5146=EDGE_CURVE('',#4224,#4225,#1854,.T.);
#5147=EDGE_CURVE('',#4226,#4225,#1855,.T.);
#5148=EDGE_CURVE('',#4223,#4226,#1856,.T.);
#5149=EDGE_CURVE('',#4227,#4223,#1857,.T.);
#5150=EDGE_CURVE('',#4228,#4226,#1858,.T.);
#5151=EDGE_CURVE('',#4227,#4228,#1859,.T.);
#5152=EDGE_CURVE('',#4229,#4227,#1860,.T.);
#5153=EDGE_CURVE('',#4230,#4228,#1861,.T.);
#5154=EDGE_CURVE('',#4229,#4230,#1862,.T.);
#5155=EDGE_CURVE('',#4231,#4229,#1863,.T.);
#5156=EDGE_CURVE('',#4232,#4230,#1864,.T.);
#5157=EDGE_CURVE('',#4231,#4232,#1865,.T.);
#5158=EDGE_CURVE('',#4233,#4231,#1866,.T.);
#5159=EDGE_CURVE('',#4234,#4232,#1867,.T.);
#5160=EDGE_CURVE('',#4233,#4234,#1868,.T.);
#5161=EDGE_CURVE('',#4224,#4233,#1869,.T.);
#5162=EDGE_CURVE('',#4225,#4234,#1870,.T.);
#5163=EDGE_CURVE('',#4235,#4236,#1871,.T.);
#5164=EDGE_CURVE('',#4236,#4237,#1872,.T.);
#5165=EDGE_CURVE('',#4238,#4237,#1873,.T.);
#5166=EDGE_CURVE('',#4235,#4238,#1874,.T.);
#5167=EDGE_CURVE('',#4239,#4235,#1875,.T.);
#5168=EDGE_CURVE('',#4240,#4238,#1876,.T.);
#5169=EDGE_CURVE('',#4239,#4240,#1877,.T.);
#5170=EDGE_CURVE('',#4241,#4239,#1878,.T.);
#5171=EDGE_CURVE('',#4242,#4240,#1879,.T.);
#5172=EDGE_CURVE('',#4241,#4242,#1880,.T.);
#5173=EDGE_CURVE('',#4243,#4241,#1881,.T.);
#5174=EDGE_CURVE('',#4244,#4242,#1882,.T.);
#5175=EDGE_CURVE('',#4243,#4244,#1883,.T.);
#5176=EDGE_CURVE('',#4245,#4243,#1884,.T.);
#5177=EDGE_CURVE('',#4246,#4244,#1885,.T.);
#5178=EDGE_CURVE('',#4245,#4246,#1886,.T.);
#5179=EDGE_CURVE('',#4236,#4245,#1887,.T.);
#5180=EDGE_CURVE('',#4237,#4246,#1888,.T.);
#5181=EDGE_CURVE('',#4247,#4248,#1889,.T.);
#5182=EDGE_CURVE('',#4248,#4249,#1890,.T.);
#5183=EDGE_CURVE('',#4250,#4249,#1891,.T.);
#5184=EDGE_CURVE('',#4247,#4250,#1892,.T.);
#5185=EDGE_CURVE('',#4251,#4247,#1893,.T.);
#5186=EDGE_CURVE('',#4252,#4250,#1894,.T.);
#5187=EDGE_CURVE('',#4251,#4252,#1895,.T.);
#5188=EDGE_CURVE('',#4253,#4251,#1896,.T.);
#5189=EDGE_CURVE('',#4254,#4252,#1897,.T.);
#5190=EDGE_CURVE('',#4253,#4254,#1898,.T.);
#5191=EDGE_CURVE('',#4255,#4253,#1899,.T.);
#5192=EDGE_CURVE('',#4256,#4254,#1900,.T.);
#5193=EDGE_CURVE('',#4255,#4256,#1901,.T.);
#5194=EDGE_CURVE('',#4257,#4255,#1902,.T.);
#5195=EDGE_CURVE('',#4258,#4256,#1903,.T.);
#5196=EDGE_CURVE('',#4257,#4258,#1904,.T.);
#5197=EDGE_CURVE('',#4248,#4257,#1905,.T.);
#5198=EDGE_CURVE('',#4249,#4258,#1906,.T.);
#5199=EDGE_CURVE('',#4259,#4260,#1907,.T.);
#5200=EDGE_CURVE('',#4260,#4261,#1908,.T.);
#5201=EDGE_CURVE('',#4262,#4261,#1909,.T.);
#5202=EDGE_CURVE('',#4259,#4262,#1910,.T.);
#5203=EDGE_CURVE('',#4263,#4259,#1911,.T.);
#5204=EDGE_CURVE('',#4264,#4262,#1912,.T.);
#5205=EDGE_CURVE('',#4263,#4264,#1913,.T.);
#5206=EDGE_CURVE('',#4265,#4263,#1914,.T.);
#5207=EDGE_CURVE('',#4266,#4264,#1915,.T.);
#5208=EDGE_CURVE('',#4265,#4266,#1916,.T.);
#5209=EDGE_CURVE('',#4267,#4265,#1917,.T.);
#5210=EDGE_CURVE('',#4268,#4266,#1918,.T.);
#5211=EDGE_CURVE('',#4267,#4268,#1919,.T.);
#5212=EDGE_CURVE('',#4269,#4267,#1920,.T.);
#5213=EDGE_CURVE('',#4270,#4268,#1921,.T.);
#5214=EDGE_CURVE('',#4269,#4270,#1922,.T.);
#5215=EDGE_CURVE('',#4260,#4269,#1923,.T.);
#5216=EDGE_CURVE('',#4261,#4270,#1924,.T.);
#5217=EDGE_CURVE('',#4271,#4272,#1925,.T.);
#5218=EDGE_CURVE('',#4272,#4273,#1926,.T.);
#5219=EDGE_CURVE('',#4274,#4273,#1927,.T.);
#5220=EDGE_CURVE('',#4271,#4274,#1928,.T.);
#5221=EDGE_CURVE('',#4275,#4271,#1929,.T.);
#5222=EDGE_CURVE('',#4276,#4274,#1930,.T.);
#5223=EDGE_CURVE('',#4275,#4276,#1931,.T.);
#5224=EDGE_CURVE('',#4277,#4275,#1932,.T.);
#5225=EDGE_CURVE('',#4278,#4276,#1933,.T.);
#5226=EDGE_CURVE('',#4277,#4278,#1934,.T.);
#5227=EDGE_CURVE('',#4279,#4277,#1935,.T.);
#5228=EDGE_CURVE('',#4280,#4278,#1936,.T.);
#5229=EDGE_CURVE('',#4279,#4280,#1937,.T.);
#5230=EDGE_CURVE('',#4272,#4279,#1938,.T.);
#5231=EDGE_CURVE('',#4273,#4280,#1939,.T.);
#5232=EDGE_CURVE('',#4281,#4282,#1940,.T.);
#5233=EDGE_CURVE('',#4282,#4283,#1941,.T.);
#5234=EDGE_CURVE('',#4284,#4283,#1942,.T.);
#5235=EDGE_CURVE('',#4281,#4284,#1943,.T.);
#5236=EDGE_CURVE('',#4285,#4281,#1944,.T.);
#5237=EDGE_CURVE('',#4286,#4284,#1945,.T.);
#5238=EDGE_CURVE('',#4285,#4286,#1946,.T.);
#5239=EDGE_CURVE('',#4287,#4285,#1947,.T.);
#5240=EDGE_CURVE('',#4288,#4286,#1948,.T.);
#5241=EDGE_CURVE('',#4287,#4288,#1949,.T.);
#5242=EDGE_CURVE('',#4289,#4287,#1950,.T.);
#5243=EDGE_CURVE('',#4290,#4288,#1951,.T.);
#5244=EDGE_CURVE('',#4289,#4290,#1952,.T.);
#5245=EDGE_CURVE('',#4291,#4289,#1953,.T.);
#5246=EDGE_CURVE('',#4292,#4290,#1954,.T.);
#5247=EDGE_CURVE('',#4291,#4292,#1955,.T.);
#5248=EDGE_CURVE('',#4282,#4291,#1956,.T.);
#5249=EDGE_CURVE('',#4283,#4292,#1957,.T.);
#5250=EDGE_CURVE('',#4293,#4294,#1958,.T.);
#5251=EDGE_CURVE('',#4294,#4295,#1959,.T.);
#5252=EDGE_CURVE('',#4296,#4295,#1960,.T.);
#5253=EDGE_CURVE('',#4293,#4296,#1961,.T.);
#5254=EDGE_CURVE('',#4297,#4293,#1962,.T.);
#5255=EDGE_CURVE('',#4298,#4296,#1963,.T.);
#5256=EDGE_CURVE('',#4297,#4298,#1964,.T.);
#5257=EDGE_CURVE('',#4294,#4297,#1965,.T.);
#5258=EDGE_CURVE('',#4295,#4298,#1966,.T.);
#5259=EDGE_CURVE('',#4299,#4300,#1967,.T.);
#5260=EDGE_CURVE('',#4300,#4301,#1968,.T.);
#5261=EDGE_CURVE('',#4302,#4301,#1969,.T.);
#5262=EDGE_CURVE('',#4299,#4302,#1970,.T.);
#5263=EDGE_CURVE('',#4303,#4299,#1971,.T.);
#5264=EDGE_CURVE('',#4304,#4302,#1972,.T.);
#5265=EDGE_CURVE('',#4303,#4304,#1973,.T.);
#5266=EDGE_CURVE('',#4305,#4303,#1974,.T.);
#5267=EDGE_CURVE('',#4306,#4304,#1975,.T.);
#5268=EDGE_CURVE('',#4305,#4306,#1976,.T.);
#5269=EDGE_CURVE('',#4307,#4305,#1977,.T.);
#5270=EDGE_CURVE('',#4308,#4306,#1978,.T.);
#5271=EDGE_CURVE('',#4307,#4308,#1979,.T.);
#5272=EDGE_CURVE('',#4300,#4307,#1980,.T.);
#5273=EDGE_CURVE('',#4301,#4308,#1981,.T.);
#5274=EDGE_CURVE('',#4309,#4310,#1982,.T.);
#5275=EDGE_CURVE('',#4310,#4311,#1983,.T.);
#5276=EDGE_CURVE('',#4312,#4311,#1984,.T.);
#5277=EDGE_CURVE('',#4309,#4312,#1985,.T.);
#5278=EDGE_CURVE('',#4313,#4309,#1986,.T.);
#5279=EDGE_CURVE('',#4314,#4312,#1987,.T.);
#5280=EDGE_CURVE('',#4313,#4314,#1988,.T.);
#5281=EDGE_CURVE('',#4315,#4313,#1989,.T.);
#5282=EDGE_CURVE('',#4316,#4314,#1990,.T.);
#5283=EDGE_CURVE('',#4315,#4316,#1991,.T.);
#5284=EDGE_CURVE('',#4317,#4315,#1992,.T.);
#5285=EDGE_CURVE('',#4318,#4316,#1993,.T.);
#5286=EDGE_CURVE('',#4317,#4318,#1994,.T.);
#5287=EDGE_CURVE('',#4319,#4317,#1995,.T.);
#5288=EDGE_CURVE('',#4320,#4318,#1996,.T.);
#5289=EDGE_CURVE('',#4319,#4320,#1997,.T.);
#5290=EDGE_CURVE('',#4310,#4319,#1998,.T.);
#5291=EDGE_CURVE('',#4311,#4320,#1999,.T.);
#5292=EDGE_CURVE('',#4321,#4322,#2000,.T.);
#5293=EDGE_CURVE('',#4322,#4323,#2001,.T.);
#5294=EDGE_CURVE('',#4324,#4323,#2002,.T.);
#5295=EDGE_CURVE('',#4321,#4324,#2003,.T.);
#5296=EDGE_CURVE('',#4325,#4321,#2004,.T.);
#5297=EDGE_CURVE('',#4326,#4324,#2005,.T.);
#5298=EDGE_CURVE('',#4325,#4326,#2006,.T.);
#5299=EDGE_CURVE('',#4327,#4325,#2007,.T.);
#5300=EDGE_CURVE('',#4328,#4326,#2008,.T.);
#5301=EDGE_CURVE('',#4327,#4328,#2009,.T.);
#5302=EDGE_CURVE('',#4329,#4327,#2010,.T.);
#5303=EDGE_CURVE('',#4330,#4328,#2011,.T.);
#5304=EDGE_CURVE('',#4329,#4330,#2012,.T.);
#5305=EDGE_CURVE('',#4331,#4329,#2013,.T.);
#5306=EDGE_CURVE('',#4332,#4330,#2014,.T.);
#5307=EDGE_CURVE('',#4331,#4332,#2015,.T.);
#5308=EDGE_CURVE('',#4322,#4331,#2016,.T.);
#5309=EDGE_CURVE('',#4323,#4332,#2017,.T.);
#5310=EDGE_CURVE('',#4333,#4334,#2018,.T.);
#5311=EDGE_CURVE('',#4334,#4335,#2019,.T.);
#5312=EDGE_CURVE('',#4336,#4335,#2020,.T.);
#5313=EDGE_CURVE('',#4333,#4336,#2021,.T.);
#5314=EDGE_CURVE('',#4337,#4333,#2022,.T.);
#5315=EDGE_CURVE('',#4338,#4336,#2023,.T.);
#5316=EDGE_CURVE('',#4337,#4338,#2024,.T.);
#5317=EDGE_CURVE('',#4339,#4337,#2025,.T.);
#5318=EDGE_CURVE('',#4340,#4338,#2026,.T.);
#5319=EDGE_CURVE('',#4339,#4340,#2027,.T.);
#5320=EDGE_CURVE('',#4334,#4339,#2028,.T.);
#5321=EDGE_CURVE('',#4335,#4340,#2029,.T.);
#5322=EDGE_CURVE('',#4341,#4342,#2030,.T.);
#5323=EDGE_CURVE('',#4342,#4343,#2031,.T.);
#5324=EDGE_CURVE('',#4344,#4343,#2032,.T.);
#5325=EDGE_CURVE('',#4341,#4344,#2033,.T.);
#5326=EDGE_CURVE('',#4345,#4341,#2034,.T.);
#5327=EDGE_CURVE('',#4346,#4344,#2035,.T.);
#5328=EDGE_CURVE('',#4345,#4346,#2036,.T.);
#5329=EDGE_CURVE('',#4347,#4345,#2037,.T.);
#5330=EDGE_CURVE('',#4348,#4346,#2038,.T.);
#5331=EDGE_CURVE('',#4347,#4348,#2039,.T.);
#5332=EDGE_CURVE('',#4349,#4347,#2040,.T.);
#5333=EDGE_CURVE('',#4350,#4348,#2041,.T.);
#5334=EDGE_CURVE('',#4349,#4350,#2042,.T.);
#5335=EDGE_CURVE('',#4351,#4349,#2043,.T.);
#5336=EDGE_CURVE('',#4352,#4350,#2044,.T.);
#5337=EDGE_CURVE('',#4351,#4352,#2045,.T.);
#5338=EDGE_CURVE('',#4342,#4351,#2046,.T.);
#5339=EDGE_CURVE('',#4343,#4352,#2047,.T.);
#5340=EDGE_CURVE('',#4353,#4354,#2048,.T.);
#5341=EDGE_CURVE('',#4354,#4355,#2049,.T.);
#5342=EDGE_CURVE('',#4356,#4355,#2050,.T.);
#5343=EDGE_CURVE('',#4353,#4356,#2051,.T.);
#5344=EDGE_CURVE('',#4357,#4353,#2052,.T.);
#5345=EDGE_CURVE('',#4358,#4356,#2053,.T.);
#5346=EDGE_CURVE('',#4357,#4358,#2054,.T.);
#5347=EDGE_CURVE('',#4359,#4357,#2055,.T.);
#5348=EDGE_CURVE('',#4360,#4358,#2056,.T.);
#5349=EDGE_CURVE('',#4359,#4360,#2057,.T.);
#5350=EDGE_CURVE('',#4361,#4359,#2058,.T.);
#5351=EDGE_CURVE('',#4362,#4360,#2059,.T.);
#5352=EDGE_CURVE('',#4361,#4362,#2060,.T.);
#5353=EDGE_CURVE('',#4363,#4361,#2061,.T.);
#5354=EDGE_CURVE('',#4364,#4362,#2062,.T.);
#5355=EDGE_CURVE('',#4363,#4364,#2063,.T.);
#5356=EDGE_CURVE('',#4354,#4363,#2064,.T.);
#5357=EDGE_CURVE('',#4355,#4364,#2065,.T.);
#5358=EDGE_CURVE('',#4365,#4366,#2066,.T.);
#5359=EDGE_CURVE('',#4366,#4367,#2067,.T.);
#5360=EDGE_CURVE('',#4368,#4367,#2068,.T.);
#5361=EDGE_CURVE('',#4365,#4368,#2069,.T.);
#5362=EDGE_CURVE('',#4369,#4365,#2070,.T.);
#5363=EDGE_CURVE('',#4370,#4368,#2071,.T.);
#5364=EDGE_CURVE('',#4369,#4370,#2072,.T.);
#5365=EDGE_CURVE('',#4371,#4369,#2073,.T.);
#5366=EDGE_CURVE('',#4372,#4370,#2074,.T.);
#5367=EDGE_CURVE('',#4371,#4372,#2075,.T.);
#5368=EDGE_CURVE('',#4373,#4371,#2076,.T.);
#5369=EDGE_CURVE('',#4374,#4372,#2077,.T.);
#5370=EDGE_CURVE('',#4373,#4374,#2078,.T.);
#5371=EDGE_CURVE('',#4366,#4373,#2079,.T.);
#5372=EDGE_CURVE('',#4367,#4374,#2080,.T.);
#5373=EDGE_CURVE('',#4375,#4376,#2081,.T.);
#5374=EDGE_CURVE('',#4376,#4377,#2082,.T.);
#5375=EDGE_CURVE('',#4378,#4377,#2083,.T.);
#5376=EDGE_CURVE('',#4375,#4378,#2084,.T.);
#5377=EDGE_CURVE('',#4379,#4375,#2085,.T.);
#5378=EDGE_CURVE('',#4380,#4378,#2086,.T.);
#5379=EDGE_CURVE('',#4379,#4380,#2087,.T.);
#5380=EDGE_CURVE('',#4381,#4379,#2088,.T.);
#5381=EDGE_CURVE('',#4382,#4380,#2089,.T.);
#5382=EDGE_CURVE('',#4381,#4382,#2090,.T.);
#5383=EDGE_CURVE('',#4383,#4381,#2091,.T.);
#5384=EDGE_CURVE('',#4384,#4382,#2092,.T.);
#5385=EDGE_CURVE('',#4383,#4384,#2093,.T.);
#5386=EDGE_CURVE('',#4385,#4383,#2094,.T.);
#5387=EDGE_CURVE('',#4386,#4384,#2095,.T.);
#5388=EDGE_CURVE('',#4385,#4386,#2096,.T.);
#5389=EDGE_CURVE('',#4376,#4385,#2097,.T.);
#5390=EDGE_CURVE('',#4377,#4386,#2098,.T.);
#5391=EDGE_CURVE('',#4387,#4388,#2099,.T.);
#5392=EDGE_CURVE('',#4388,#4389,#2100,.T.);
#5393=EDGE_CURVE('',#4390,#4389,#2101,.T.);
#5394=EDGE_CURVE('',#4387,#4390,#2102,.T.);
#5395=EDGE_CURVE('',#4391,#4387,#2103,.T.);
#5396=EDGE_CURVE('',#4392,#4390,#2104,.T.);
#5397=EDGE_CURVE('',#4391,#4392,#2105,.T.);
#5398=EDGE_CURVE('',#4393,#4391,#2106,.T.);
#5399=EDGE_CURVE('',#4394,#4392,#2107,.T.);
#5400=EDGE_CURVE('',#4393,#4394,#2108,.T.);
#5401=EDGE_CURVE('',#4395,#4393,#2109,.T.);
#5402=EDGE_CURVE('',#4396,#4394,#2110,.T.);
#5403=EDGE_CURVE('',#4395,#4396,#2111,.T.);
#5404=EDGE_CURVE('',#4397,#4395,#2112,.T.);
#5405=EDGE_CURVE('',#4398,#4396,#2113,.T.);
#5406=EDGE_CURVE('',#4397,#4398,#2114,.T.);
#5407=EDGE_CURVE('',#4388,#4397,#2115,.T.);
#5408=EDGE_CURVE('',#4389,#4398,#2116,.T.);
#5409=EDGE_CURVE('',#4399,#4400,#2117,.T.);
#5410=EDGE_CURVE('',#4400,#4401,#2118,.T.);
#5411=EDGE_CURVE('',#4402,#4401,#2119,.T.);
#5412=EDGE_CURVE('',#4399,#4402,#2120,.T.);
#5413=EDGE_CURVE('',#4403,#4399,#2121,.T.);
#5414=EDGE_CURVE('',#4404,#4402,#2122,.T.);
#5415=EDGE_CURVE('',#4403,#4404,#2123,.T.);
#5416=EDGE_CURVE('',#4405,#4403,#2124,.T.);
#5417=EDGE_CURVE('',#4406,#4404,#2125,.T.);
#5418=EDGE_CURVE('',#4405,#4406,#2126,.T.);
#5419=EDGE_CURVE('',#4407,#4405,#2127,.T.);
#5420=EDGE_CURVE('',#4408,#4406,#2128,.T.);
#5421=EDGE_CURVE('',#4407,#4408,#2129,.T.);
#5422=EDGE_CURVE('',#4409,#4407,#2130,.T.);
#5423=EDGE_CURVE('',#4410,#4408,#2131,.T.);
#5424=EDGE_CURVE('',#4409,#4410,#2132,.T.);
#5425=EDGE_CURVE('',#4400,#4409,#2133,.T.);
#5426=EDGE_CURVE('',#4401,#4410,#2134,.T.);
#5427=EDGE_CURVE('',#4411,#4412,#2135,.T.);
#5428=EDGE_CURVE('',#4412,#4413,#2136,.T.);
#5429=EDGE_CURVE('',#4414,#4413,#2137,.T.);
#5430=EDGE_CURVE('',#4411,#4414,#2138,.T.);
#5431=EDGE_CURVE('',#4415,#4411,#2139,.T.);
#5432=EDGE_CURVE('',#4416,#4414,#2140,.T.);
#5433=EDGE_CURVE('',#4415,#4416,#2141,.T.);
#5434=EDGE_CURVE('',#4412,#4415,#2142,.T.);
#5435=EDGE_CURVE('',#4413,#4416,#2143,.T.);
#5436=EDGE_CURVE('',#4417,#4418,#2144,.T.);
#5437=EDGE_CURVE('',#4418,#4419,#2145,.T.);
#5438=EDGE_CURVE('',#4420,#4419,#2146,.T.);
#5439=EDGE_CURVE('',#4417,#4420,#2147,.T.);
#5440=EDGE_CURVE('',#4421,#4417,#2148,.T.);
#5441=EDGE_CURVE('',#4422,#4420,#2149,.T.);
#5442=EDGE_CURVE('',#4421,#4422,#2150,.T.);
#5443=EDGE_CURVE('',#4423,#4421,#2151,.T.);
#5444=EDGE_CURVE('',#4424,#4422,#2152,.T.);
#5445=EDGE_CURVE('',#4423,#4424,#2153,.T.);
#5446=EDGE_CURVE('',#4418,#4423,#2154,.T.);
#5447=EDGE_CURVE('',#4419,#4424,#2155,.T.);
#5448=EDGE_CURVE('',#4425,#4426,#2156,.T.);
#5449=EDGE_CURVE('',#4426,#4427,#2157,.T.);
#5450=EDGE_CURVE('',#4428,#4427,#2158,.T.);
#5451=EDGE_CURVE('',#4425,#4428,#2159,.T.);
#5452=EDGE_CURVE('',#4429,#4425,#2160,.T.);
#5453=EDGE_CURVE('',#4430,#4428,#2161,.T.);
#5454=EDGE_CURVE('',#4429,#4430,#2162,.T.);
#5455=EDGE_CURVE('',#4431,#4429,#2163,.T.);
#5456=EDGE_CURVE('',#4432,#4430,#2164,.T.);
#5457=EDGE_CURVE('',#4431,#4432,#2165,.T.);
#5458=EDGE_CURVE('',#4433,#4431,#2166,.T.);
#5459=EDGE_CURVE('',#4434,#4432,#2167,.T.);
#5460=EDGE_CURVE('',#4433,#4434,#2168,.T.);
#5461=EDGE_CURVE('',#4435,#4433,#2169,.T.);
#5462=EDGE_CURVE('',#4436,#4434,#2170,.T.);
#5463=EDGE_CURVE('',#4435,#4436,#2171,.T.);
#5464=EDGE_CURVE('',#4426,#4435,#2172,.T.);
#5465=EDGE_CURVE('',#4427,#4436,#2173,.T.);
#5466=EDGE_CURVE('',#4437,#4438,#2174,.T.);
#5467=EDGE_CURVE('',#4438,#4439,#2175,.T.);
#5468=EDGE_CURVE('',#4440,#4439,#2176,.T.);
#5469=EDGE_CURVE('',#4437,#4440,#2177,.T.);
#5470=EDGE_CURVE('',#4441,#4437,#2178,.T.);
#5471=EDGE_CURVE('',#4442,#4440,#2179,.T.);
#5472=EDGE_CURVE('',#4441,#4442,#2180,.T.);
#5473=EDGE_CURVE('',#4438,#4441,#2181,.T.);
#5474=EDGE_CURVE('',#4439,#4442,#2182,.T.);
#5475=EDGE_CURVE('',#4443,#4444,#2183,.T.);
#5476=EDGE_CURVE('',#4444,#4445,#2184,.T.);
#5477=EDGE_CURVE('',#4446,#4445,#2185,.T.);
#5478=EDGE_CURVE('',#4443,#4446,#2186,.T.);
#5479=EDGE_CURVE('',#4447,#4443,#2187,.T.);
#5480=EDGE_CURVE('',#4448,#4446,#2188,.T.);
#5481=EDGE_CURVE('',#4447,#4448,#2189,.T.);
#5482=EDGE_CURVE('',#4449,#4447,#2190,.T.);
#5483=EDGE_CURVE('',#4450,#4448,#2191,.T.);
#5484=EDGE_CURVE('',#4449,#4450,#2192,.T.);
#5485=EDGE_CURVE('',#4444,#4449,#2193,.T.);
#5486=EDGE_CURVE('',#4445,#4450,#2194,.T.);
#5487=EDGE_CURVE('',#4451,#4452,#2195,.T.);
#5488=EDGE_CURVE('',#4452,#4453,#2196,.T.);
#5489=EDGE_CURVE('',#4454,#4453,#2197,.T.);
#5490=EDGE_CURVE('',#4451,#4454,#2198,.T.);
#5491=EDGE_CURVE('',#4455,#4451,#2199,.T.);
#5492=EDGE_CURVE('',#4456,#4454,#2200,.T.);
#5493=EDGE_CURVE('',#4455,#4456,#2201,.T.);
#5494=EDGE_CURVE('',#4457,#4455,#2202,.T.);
#5495=EDGE_CURVE('',#4458,#4456,#2203,.T.);
#5496=EDGE_CURVE('',#4457,#4458,#2204,.T.);
#5497=EDGE_CURVE('',#4452,#4457,#2205,.T.);
#5498=EDGE_CURVE('',#4453,#4458,#2206,.T.);
#5499=EDGE_CURVE('',#4459,#4460,#2207,.T.);
#5500=EDGE_CURVE('',#4460,#4461,#2208,.T.);
#5501=EDGE_CURVE('',#4462,#4461,#2209,.T.);
#5502=EDGE_CURVE('',#4459,#4462,#2210,.T.);
#5503=EDGE_CURVE('',#4463,#4459,#2211,.T.);
#5504=EDGE_CURVE('',#4464,#4462,#2212,.T.);
#5505=EDGE_CURVE('',#4463,#4464,#2213,.T.);
#5506=EDGE_CURVE('',#4465,#4463,#2214,.T.);
#5507=EDGE_CURVE('',#4466,#4464,#2215,.T.);
#5508=EDGE_CURVE('',#4465,#4466,#2216,.T.);
#5509=EDGE_CURVE('',#4467,#4465,#2217,.T.);
#5510=EDGE_CURVE('',#4468,#4466,#2218,.T.);
#5511=EDGE_CURVE('',#4467,#4468,#2219,.T.);
#5512=EDGE_CURVE('',#4469,#4467,#2220,.T.);
#5513=EDGE_CURVE('',#4470,#4468,#2221,.T.);
#5514=EDGE_CURVE('',#4469,#4470,#2222,.T.);
#5515=EDGE_CURVE('',#4460,#4469,#2223,.T.);
#5516=EDGE_CURVE('',#4461,#4470,#2224,.T.);
#5517=EDGE_CURVE('',#4471,#4472,#2225,.T.);
#5518=EDGE_CURVE('',#4472,#4473,#2226,.T.);
#5519=EDGE_CURVE('',#4474,#4473,#2227,.T.);
#5520=EDGE_CURVE('',#4471,#4474,#2228,.T.);
#5521=EDGE_CURVE('',#4475,#4471,#2229,.T.);
#5522=EDGE_CURVE('',#4476,#4474,#2230,.T.);
#5523=EDGE_CURVE('',#4475,#4476,#2231,.T.);
#5524=EDGE_CURVE('',#4477,#4475,#2232,.T.);
#5525=EDGE_CURVE('',#4478,#4476,#2233,.T.);
#5526=EDGE_CURVE('',#4477,#4478,#2234,.T.);
#5527=EDGE_CURVE('',#4472,#4477,#2235,.T.);
#5528=EDGE_CURVE('',#4473,#4478,#2236,.T.);
#5529=EDGE_CURVE('',#4479,#4480,#2237,.T.);
#5530=EDGE_CURVE('',#4480,#4481,#2238,.T.);
#5531=EDGE_CURVE('',#4482,#4481,#2239,.T.);
#5532=EDGE_CURVE('',#4479,#4482,#2240,.T.);
#5533=EDGE_CURVE('',#4483,#4479,#2241,.T.);
#5534=EDGE_CURVE('',#4484,#4482,#2242,.T.);
#5535=EDGE_CURVE('',#4483,#4484,#2243,.T.);
#5536=EDGE_CURVE('',#4480,#4483,#2244,.T.);
#5537=EDGE_CURVE('',#4481,#4484,#2245,.T.);
#5538=EDGE_CURVE('',#4485,#4486,#2246,.T.);
#5539=EDGE_CURVE('',#4486,#4487,#2247,.T.);
#5540=EDGE_CURVE('',#4488,#4487,#2248,.T.);
#5541=EDGE_CURVE('',#4485,#4488,#2249,.T.);
#5542=EDGE_CURVE('',#4489,#4485,#2250,.T.);
#5543=EDGE_CURVE('',#4490,#4488,#2251,.T.);
#5544=EDGE_CURVE('',#4489,#4490,#2252,.T.);
#5545=EDGE_CURVE('',#4491,#4489,#2253,.T.);
#5546=EDGE_CURVE('',#4492,#4490,#2254,.T.);
#5547=EDGE_CURVE('',#4491,#4492,#2255,.T.);
#5548=EDGE_CURVE('',#4493,#4491,#2256,.T.);
#5549=EDGE_CURVE('',#4494,#4492,#2257,.T.);
#5550=EDGE_CURVE('',#4493,#4494,#2258,.T.);
#5551=EDGE_CURVE('',#4486,#4493,#2259,.T.);
#5552=EDGE_CURVE('',#4487,#4494,#2260,.T.);
#5553=EDGE_CURVE('',#4495,#4496,#2261,.T.);
#5554=EDGE_CURVE('',#4496,#4497,#2262,.T.);
#5555=EDGE_CURVE('',#4498,#4497,#2263,.T.);
#5556=EDGE_CURVE('',#4495,#4498,#2264,.T.);
#5557=EDGE_CURVE('',#4499,#4495,#2265,.T.);
#5558=EDGE_CURVE('',#4500,#4498,#2266,.T.);
#5559=EDGE_CURVE('',#4499,#4500,#2267,.T.);
#5560=EDGE_CURVE('',#4496,#4499,#2268,.T.);
#5561=EDGE_CURVE('',#4497,#4500,#2269,.T.);
#5562=EDGE_CURVE('',#4501,#4502,#2270,.T.);
#5563=EDGE_CURVE('',#4502,#4503,#2271,.T.);
#5564=EDGE_CURVE('',#4504,#4503,#2272,.T.);
#5565=EDGE_CURVE('',#4501,#4504,#2273,.T.);
#5566=EDGE_CURVE('',#4505,#4501,#2274,.T.);
#5567=EDGE_CURVE('',#4506,#4504,#2275,.T.);
#5568=EDGE_CURVE('',#4505,#4506,#2276,.T.);
#5569=EDGE_CURVE('',#4507,#4505,#2277,.T.);
#5570=EDGE_CURVE('',#4508,#4506,#2278,.T.);
#5571=EDGE_CURVE('',#4507,#4508,#2279,.T.);
#5572=EDGE_CURVE('',#4509,#4507,#2280,.T.);
#5573=EDGE_CURVE('',#4510,#4508,#2281,.T.);
#5574=EDGE_CURVE('',#4509,#4510,#2282,.T.);
#5575=EDGE_CURVE('',#4511,#4509,#2283,.T.);
#5576=EDGE_CURVE('',#4512,#4510,#2284,.T.);
#5577=EDGE_CURVE('',#4511,#4512,#2285,.T.);
#5578=EDGE_CURVE('',#4502,#4511,#2286,.T.);
#5579=EDGE_CURVE('',#4503,#4512,#2287,.T.);
#5580=EDGE_CURVE('',#4513,#4514,#2288,.T.);
#5581=EDGE_CURVE('',#4514,#4515,#2289,.T.);
#5582=EDGE_CURVE('',#4516,#4515,#2290,.T.);
#5583=EDGE_CURVE('',#4513,#4516,#2291,.T.);
#5584=EDGE_CURVE('',#4517,#4513,#2292,.T.);
#5585=EDGE_CURVE('',#4518,#4516,#2293,.T.);
#5586=EDGE_CURVE('',#4517,#4518,#2294,.T.);
#5587=EDGE_CURVE('',#4519,#4517,#2295,.T.);
#5588=EDGE_CURVE('',#4520,#4518,#2296,.T.);
#5589=EDGE_CURVE('',#4519,#4520,#2297,.T.);
#5590=EDGE_CURVE('',#4521,#4519,#2298,.T.);
#5591=EDGE_CURVE('',#4522,#4520,#2299,.T.);
#5592=EDGE_CURVE('',#4521,#4522,#2300,.T.);
#5593=EDGE_CURVE('',#4523,#4521,#2301,.T.);
#5594=EDGE_CURVE('',#4524,#4522,#2302,.T.);
#5595=EDGE_CURVE('',#4523,#4524,#2303,.T.);
#5596=EDGE_CURVE('',#4514,#4523,#2304,.T.);
#5597=EDGE_CURVE('',#4515,#4524,#2305,.T.);
#5598=EDGE_CURVE('',#4525,#4526,#2306,.T.);
#5599=EDGE_CURVE('',#4526,#4527,#2307,.T.);
#5600=EDGE_CURVE('',#4528,#4527,#2308,.T.);
#5601=EDGE_CURVE('',#4525,#4528,#2309,.T.);
#5602=EDGE_CURVE('',#4529,#4525,#2310,.T.);
#5603=EDGE_CURVE('',#4530,#4528,#2311,.T.);
#5604=EDGE_CURVE('',#4529,#4530,#2312,.T.);
#5605=EDGE_CURVE('',#4531,#4529,#2313,.T.);
#5606=EDGE_CURVE('',#4532,#4530,#2314,.T.);
#5607=EDGE_CURVE('',#4531,#4532,#2315,.T.);
#5608=EDGE_CURVE('',#4533,#4531,#2316,.T.);
#5609=EDGE_CURVE('',#4534,#4532,#2317,.T.);
#5610=EDGE_CURVE('',#4533,#4534,#2318,.T.);
#5611=EDGE_CURVE('',#4535,#4533,#2319,.T.);
#5612=EDGE_CURVE('',#4536,#4534,#2320,.T.);
#5613=EDGE_CURVE('',#4535,#4536,#2321,.T.);
#5614=EDGE_CURVE('',#4526,#4535,#2322,.T.);
#5615=EDGE_CURVE('',#4527,#4536,#2323,.T.);
#5616=EDGE_CURVE('',#4537,#4538,#2324,.T.);
#5617=EDGE_CURVE('',#4538,#4539,#2325,.T.);
#5618=EDGE_CURVE('',#4540,#4539,#2326,.T.);
#5619=EDGE_CURVE('',#4537,#4540,#2327,.T.);
#5620=EDGE_CURVE('',#4541,#4537,#2328,.T.);
#5621=EDGE_CURVE('',#4542,#4540,#2329,.T.);
#5622=EDGE_CURVE('',#4541,#4542,#2330,.T.);
#5623=EDGE_CURVE('',#4543,#4541,#2331,.T.);
#5624=EDGE_CURVE('',#4544,#4542,#2332,.T.);
#5625=EDGE_CURVE('',#4543,#4544,#2333,.T.);
#5626=EDGE_CURVE('',#4545,#4543,#2334,.T.);
#5627=EDGE_CURVE('',#4546,#4544,#2335,.T.);
#5628=EDGE_CURVE('',#4545,#4546,#2336,.T.);
#5629=EDGE_CURVE('',#4538,#4545,#2337,.T.);
#5630=EDGE_CURVE('',#4539,#4546,#2338,.T.);
#5631=EDGE_CURVE('',#4547,#4548,#2339,.T.);
#5632=EDGE_CURVE('',#4548,#4549,#2340,.T.);
#5633=EDGE_CURVE('',#4550,#4549,#2341,.T.);
#5634=EDGE_CURVE('',#4547,#4550,#2342,.T.);
#5635=EDGE_CURVE('',#4551,#4547,#2343,.T.);
#5636=EDGE_CURVE('',#4552,#4550,#2344,.T.);
#5637=EDGE_CURVE('',#4551,#4552,#2345,.T.);
#5638=EDGE_CURVE('',#4553,#4551,#2346,.T.);
#5639=EDGE_CURVE('',#4554,#4552,#2347,.T.);
#5640=EDGE_CURVE('',#4553,#4554,#2348,.T.);
#5641=EDGE_CURVE('',#4555,#4553,#2349,.T.);
#5642=EDGE_CURVE('',#4556,#4554,#2350,.T.);
#5643=EDGE_CURVE('',#4555,#4556,#2351,.T.);
#5644=EDGE_CURVE('',#4557,#4555,#2352,.T.);
#5645=EDGE_CURVE('',#4558,#4556,#2353,.T.);
#5646=EDGE_CURVE('',#4557,#4558,#2354,.T.);
#5647=EDGE_CURVE('',#4548,#4557,#2355,.T.);
#5648=EDGE_CURVE('',#4549,#4558,#2356,.T.);
#5649=EDGE_CURVE('',#4559,#4560,#2357,.T.);
#5650=EDGE_CURVE('',#4560,#4561,#2358,.T.);
#5651=EDGE_CURVE('',#4562,#4561,#2359,.T.);
#5652=EDGE_CURVE('',#4559,#4562,#2360,.T.);
#5653=EDGE_CURVE('',#4563,#4559,#2361,.T.);
#5654=EDGE_CURVE('',#4564,#4562,#2362,.T.);
#5655=EDGE_CURVE('',#4563,#4564,#2363,.T.);
#5656=EDGE_CURVE('',#4565,#4563,#2364,.T.);
#5657=EDGE_CURVE('',#4566,#4564,#2365,.T.);
#5658=EDGE_CURVE('',#4565,#4566,#2366,.T.);
#5659=EDGE_CURVE('',#4560,#4565,#2367,.T.);
#5660=EDGE_CURVE('',#4561,#4566,#2368,.T.);
#5661=EDGE_CURVE('',#4567,#4568,#2369,.T.);
#5662=EDGE_CURVE('',#4568,#4569,#2370,.T.);
#5663=EDGE_CURVE('',#4570,#4569,#2371,.T.);
#5664=EDGE_CURVE('',#4567,#4570,#2372,.T.);
#5665=EDGE_CURVE('',#4571,#4567,#2373,.T.);
#5666=EDGE_CURVE('',#4572,#4570,#2374,.T.);
#5667=EDGE_CURVE('',#4571,#4572,#2375,.T.);
#5668=EDGE_CURVE('',#4573,#4571,#2376,.T.);
#5669=EDGE_CURVE('',#4574,#4572,#2377,.T.);
#5670=EDGE_CURVE('',#4573,#4574,#2378,.T.);
#5671=EDGE_CURVE('',#4575,#4573,#2379,.T.);
#5672=EDGE_CURVE('',#4576,#4574,#2380,.T.);
#5673=EDGE_CURVE('',#4575,#4576,#2381,.T.);
#5674=EDGE_CURVE('',#4577,#4575,#2382,.T.);
#5675=EDGE_CURVE('',#4578,#4576,#2383,.T.);
#5676=EDGE_CURVE('',#4577,#4578,#2384,.T.);
#5677=EDGE_CURVE('',#4568,#4577,#2385,.T.);
#5678=EDGE_CURVE('',#4569,#4578,#2386,.T.);
#5679=EDGE_CURVE('',#4579,#4580,#2387,.T.);
#5680=EDGE_CURVE('',#4580,#4581,#2388,.T.);
#5681=EDGE_CURVE('',#4582,#4581,#2389,.T.);
#5682=EDGE_CURVE('',#4579,#4582,#2390,.T.);
#5683=EDGE_CURVE('',#4583,#4579,#2391,.T.);
#5684=EDGE_CURVE('',#4584,#4582,#2392,.T.);
#5685=EDGE_CURVE('',#4583,#4584,#2393,.T.);
#5686=EDGE_CURVE('',#4585,#4583,#2394,.T.);
#5687=EDGE_CURVE('',#4586,#4584,#2395,.T.);
#5688=EDGE_CURVE('',#4585,#4586,#2396,.T.);
#5689=EDGE_CURVE('',#4587,#4585,#2397,.T.);
#5690=EDGE_CURVE('',#4588,#4586,#2398,.T.);
#5691=EDGE_CURVE('',#4587,#4588,#2399,.T.);
#5692=EDGE_CURVE('',#4580,#4587,#2400,.T.);
#5693=EDGE_CURVE('',#4581,#4588,#2401,.T.);
#5694=EDGE_CURVE('',#4589,#4590,#2402,.T.);
#5695=EDGE_CURVE('',#4590,#4591,#2403,.T.);
#5696=EDGE_CURVE('',#4592,#4591,#2404,.T.);
#5697=EDGE_CURVE('',#4589,#4592,#2405,.T.);
#5698=EDGE_CURVE('',#4593,#4589,#2406,.T.);
#5699=EDGE_CURVE('',#4594,#4592,#2407,.T.);
#5700=EDGE_CURVE('',#4593,#4594,#2408,.T.);
#5701=EDGE_CURVE('',#4595,#4593,#2409,.T.);
#5702=EDGE_CURVE('',#4596,#4594,#2410,.T.);
#5703=EDGE_CURVE('',#4595,#4596,#2411,.T.);
#5704=EDGE_CURVE('',#4597,#4595,#2412,.T.);
#5705=EDGE_CURVE('',#4598,#4596,#2413,.T.);
#5706=EDGE_CURVE('',#4597,#4598,#2414,.T.);
#5707=EDGE_CURVE('',#4599,#4597,#2415,.T.);
#5708=EDGE_CURVE('',#4600,#4598,#2416,.T.);
#5709=EDGE_CURVE('',#4599,#4600,#2417,.T.);
#5710=EDGE_CURVE('',#4590,#4599,#2418,.T.);
#5711=EDGE_CURVE('',#4591,#4600,#2419,.T.);
#5712=EDGE_CURVE('',#4601,#4602,#2420,.T.);
#5713=EDGE_CURVE('',#4602,#4603,#2421,.T.);
#5714=EDGE_CURVE('',#4604,#4603,#2422,.T.);
#5715=EDGE_CURVE('',#4601,#4604,#2423,.T.);
#5716=EDGE_CURVE('',#4605,#4601,#2424,.T.);
#5717=EDGE_CURVE('',#4606,#4604,#2425,.T.);
#5718=EDGE_CURVE('',#4605,#4606,#2426,.T.);
#5719=EDGE_CURVE('',#4607,#4605,#2427,.T.);
#5720=EDGE_CURVE('',#4608,#4606,#2428,.T.);
#5721=EDGE_CURVE('',#4607,#4608,#2429,.T.);
#5722=EDGE_CURVE('',#4609,#4607,#2430,.T.);
#5723=EDGE_CURVE('',#4610,#4608,#2431,.T.);
#5724=EDGE_CURVE('',#4609,#4610,#2432,.T.);
#5725=EDGE_CURVE('',#4611,#4609,#2433,.T.);
#5726=EDGE_CURVE('',#4612,#4610,#2434,.T.);
#5727=EDGE_CURVE('',#4611,#4612,#2435,.T.);
#5728=EDGE_CURVE('',#4602,#4611,#2436,.T.);
#5729=EDGE_CURVE('',#4603,#4612,#2437,.T.);
#5730=EDGE_CURVE('',#4613,#4614,#2438,.T.);
#5731=EDGE_CURVE('',#4614,#4615,#2439,.T.);
#5732=EDGE_CURVE('',#4616,#4615,#2440,.T.);
#5733=EDGE_CURVE('',#4613,#4616,#2441,.T.);
#5734=EDGE_CURVE('',#4617,#4613,#2442,.T.);
#5735=EDGE_CURVE('',#4618,#4616,#2443,.T.);
#5736=EDGE_CURVE('',#4617,#4618,#2444,.T.);
#5737=EDGE_CURVE('',#4619,#4617,#2445,.T.);
#5738=EDGE_CURVE('',#4620,#4618,#2446,.T.);
#5739=EDGE_CURVE('',#4619,#4620,#2447,.T.);
#5740=EDGE_CURVE('',#4621,#4619,#2448,.T.);
#5741=EDGE_CURVE('',#4622,#4620,#2449,.T.);
#5742=EDGE_CURVE('',#4621,#4622,#2450,.T.);
#5743=EDGE_CURVE('',#4623,#4621,#2451,.T.);
#5744=EDGE_CURVE('',#4624,#4622,#2452,.T.);
#5745=EDGE_CURVE('',#4623,#4624,#2453,.T.);
#5746=EDGE_CURVE('',#4614,#4623,#2454,.T.);
#5747=EDGE_CURVE('',#4615,#4624,#2455,.T.);
#5748=EDGE_CURVE('',#4625,#4626,#2456,.T.);
#5749=EDGE_CURVE('',#4626,#4627,#2457,.T.);
#5750=EDGE_CURVE('',#4628,#4627,#2458,.T.);
#5751=EDGE_CURVE('',#4625,#4628,#2459,.T.);
#5752=EDGE_CURVE('',#4629,#4625,#2460,.T.);
#5753=EDGE_CURVE('',#4630,#4628,#2461,.T.);
#5754=EDGE_CURVE('',#4629,#4630,#2462,.T.);
#5755=EDGE_CURVE('',#4631,#4629,#2463,.T.);
#5756=EDGE_CURVE('',#4632,#4630,#2464,.T.);
#5757=EDGE_CURVE('',#4631,#4632,#2465,.T.);
#5758=EDGE_CURVE('',#4633,#4631,#2466,.T.);
#5759=EDGE_CURVE('',#4634,#4632,#2467,.T.);
#5760=EDGE_CURVE('',#4633,#4634,#2468,.T.);
#5761=EDGE_CURVE('',#4635,#4633,#2469,.T.);
#5762=EDGE_CURVE('',#4636,#4634,#2470,.T.);
#5763=EDGE_CURVE('',#4635,#4636,#2471,.T.);
#5764=EDGE_CURVE('',#4626,#4635,#2472,.T.);
#5765=EDGE_CURVE('',#4627,#4636,#2473,.T.);
#5766=EDGE_CURVE('',#4637,#4638,#2474,.T.);
#5767=EDGE_CURVE('',#4638,#4639,#2475,.T.);
#5768=EDGE_CURVE('',#4640,#4639,#2476,.T.);
#5769=EDGE_CURVE('',#4637,#4640,#2477,.T.);
#5770=EDGE_CURVE('',#4641,#4637,#2478,.T.);
#5771=EDGE_CURVE('',#4642,#4640,#2479,.T.);
#5772=EDGE_CURVE('',#4641,#4642,#2480,.T.);
#5773=EDGE_CURVE('',#4643,#4641,#2481,.T.);
#5774=EDGE_CURVE('',#4644,#4642,#2482,.T.);
#5775=EDGE_CURVE('',#4643,#4644,#2483,.T.);
#5776=EDGE_CURVE('',#4645,#4643,#2484,.T.);
#5777=EDGE_CURVE('',#4646,#4644,#2485,.T.);
#5778=EDGE_CURVE('',#4645,#4646,#2486,.T.);
#5779=EDGE_CURVE('',#4647,#4645,#2487,.T.);
#5780=EDGE_CURVE('',#4648,#4646,#2488,.T.);
#5781=EDGE_CURVE('',#4647,#4648,#2489,.T.);
#5782=EDGE_CURVE('',#4638,#4647,#2490,.T.);
#5783=EDGE_CURVE('',#4639,#4648,#2491,.T.);
#5784=EDGE_CURVE('',#4649,#4650,#2492,.T.);
#5785=EDGE_CURVE('',#4650,#4651,#2493,.T.);
#5786=EDGE_CURVE('',#4652,#4651,#2494,.T.);
#5787=EDGE_CURVE('',#4649,#4652,#2495,.T.);
#5788=EDGE_CURVE('',#4653,#4649,#2496,.T.);
#5789=EDGE_CURVE('',#4654,#4652,#2497,.T.);
#5790=EDGE_CURVE('',#4653,#4654,#2498,.T.);
#5791=EDGE_CURVE('',#4655,#4653,#2499,.T.);
#5792=EDGE_CURVE('',#4656,#4654,#2500,.T.);
#5793=EDGE_CURVE('',#4655,#4656,#2501,.T.);
#5794=EDGE_CURVE('',#4657,#4655,#2502,.T.);
#5795=EDGE_CURVE('',#4658,#4656,#2503,.T.);
#5796=EDGE_CURVE('',#4657,#4658,#2504,.T.);
#5797=EDGE_CURVE('',#4659,#4657,#2505,.T.);
#5798=EDGE_CURVE('',#4660,#4658,#2506,.T.);
#5799=EDGE_CURVE('',#4659,#4660,#2507,.T.);
#5800=EDGE_CURVE('',#4650,#4659,#2508,.T.);
#5801=EDGE_CURVE('',#4651,#4660,#2509,.T.);
#5802=EDGE_CURVE('',#4661,#4662,#2510,.T.);
#5803=EDGE_CURVE('',#4662,#4663,#2511,.T.);
#5804=EDGE_CURVE('',#4664,#4663,#2512,.T.);
#5805=EDGE_CURVE('',#4661,#4664,#2513,.T.);
#5806=EDGE_CURVE('',#4665,#4661,#2514,.T.);
#5807=EDGE_CURVE('',#4666,#4664,#2515,.T.);
#5808=EDGE_CURVE('',#4665,#4666,#2516,.T.);
#5809=EDGE_CURVE('',#4667,#4665,#2517,.T.);
#5810=EDGE_CURVE('',#4668,#4666,#2518,.T.);
#5811=EDGE_CURVE('',#4667,#4668,#2519,.T.);
#5812=EDGE_CURVE('',#4669,#4667,#2520,.T.);
#5813=EDGE_CURVE('',#4670,#4668,#2521,.T.);
#5814=EDGE_CURVE('',#4669,#4670,#2522,.T.);
#5815=EDGE_CURVE('',#4662,#4669,#2523,.T.);
#5816=EDGE_CURVE('',#4663,#4670,#2524,.T.);
#5817=EDGE_CURVE('',#4671,#4672,#2525,.T.);
#5818=EDGE_CURVE('',#4672,#4673,#2526,.T.);
#5819=EDGE_CURVE('',#4674,#4673,#2527,.T.);
#5820=EDGE_CURVE('',#4671,#4674,#2528,.T.);
#5821=EDGE_CURVE('',#4675,#4671,#2529,.T.);
#5822=EDGE_CURVE('',#4676,#4674,#2530,.T.);
#5823=EDGE_CURVE('',#4675,#4676,#2531,.T.);
#5824=EDGE_CURVE('',#4677,#4675,#2532,.T.);
#5825=EDGE_CURVE('',#4678,#4676,#2533,.T.);
#5826=EDGE_CURVE('',#4677,#4678,#2534,.T.);
#5827=EDGE_CURVE('',#4679,#4677,#2535,.T.);
#5828=EDGE_CURVE('',#4680,#4678,#2536,.T.);
#5829=EDGE_CURVE('',#4679,#4680,#2537,.T.);
#5830=EDGE_CURVE('',#4681,#4679,#2538,.T.);
#5831=EDGE_CURVE('',#4682,#4680,#2539,.T.);
#5832=EDGE_CURVE('',#4681,#4682,#2540,.T.);
#5833=EDGE_CURVE('',#4672,#4681,#2541,.T.);
#5834=EDGE_CURVE('',#4673,#4682,#2542,.T.);
#5835=EDGE_CURVE('',#4683,#4684,#2543,.T.);
#5836=EDGE_CURVE('',#4684,#4685,#2544,.T.);
#5837=EDGE_CURVE('',#4686,#4685,#2545,.T.);
#5838=EDGE_CURVE('',#4683,#4686,#2546,.T.);
#5839=EDGE_CURVE('',#4687,#4683,#2547,.T.);
#5840=EDGE_CURVE('',#4688,#4686,#2548,.T.);
#5841=EDGE_CURVE('',#4687,#4688,#2549,.T.);
#5842=EDGE_CURVE('',#4689,#4687,#2550,.T.);
#5843=EDGE_CURVE('',#4690,#4688,#2551,.T.);
#5844=EDGE_CURVE('',#4689,#4690,#2552,.T.);
#5845=EDGE_CURVE('',#4691,#4689,#2553,.T.);
#5846=EDGE_CURVE('',#4692,#4690,#2554,.T.);
#5847=EDGE_CURVE('',#4691,#4692,#2555,.T.);
#5848=EDGE_CURVE('',#4693,#4691,#2556,.T.);
#5849=EDGE_CURVE('',#4694,#4692,#2557,.T.);
#5850=EDGE_CURVE('',#4693,#4694,#2558,.T.);
#5851=EDGE_CURVE('',#4684,#4693,#2559,.T.);
#5852=EDGE_CURVE('',#4685,#4694,#2560,.T.);
#5853=EDGE_CURVE('',#4695,#4696,#2561,.T.);
#5854=EDGE_CURVE('',#4696,#4697,#2562,.T.);
#5855=EDGE_CURVE('',#4698,#4697,#2563,.T.);
#5856=EDGE_CURVE('',#4695,#4698,#2564,.T.);
#5857=EDGE_CURVE('',#4699,#4695,#2565,.T.);
#5858=EDGE_CURVE('',#4700,#4698,#2566,.T.);
#5859=EDGE_CURVE('',#4699,#4700,#2567,.T.);
#5860=EDGE_CURVE('',#4701,#4699,#2568,.T.);
#5861=EDGE_CURVE('',#4702,#4700,#2569,.T.);
#5862=EDGE_CURVE('',#4701,#4702,#2570,.T.);
#5863=EDGE_CURVE('',#4703,#4701,#2571,.T.);
#5864=EDGE_CURVE('',#4704,#4702,#2572,.T.);
#5865=EDGE_CURVE('',#4703,#4704,#2573,.T.);
#5866=EDGE_CURVE('',#4705,#4703,#2574,.T.);
#5867=EDGE_CURVE('',#4706,#4704,#2575,.T.);
#5868=EDGE_CURVE('',#4705,#4706,#2576,.T.);
#5869=EDGE_CURVE('',#4696,#4705,#2577,.T.);
#5870=EDGE_CURVE('',#4697,#4706,#2578,.T.);
#5871=EDGE_CURVE('',#4707,#4708,#2579,.T.);
#5872=EDGE_CURVE('',#4708,#4709,#2580,.T.);
#5873=EDGE_CURVE('',#4710,#4709,#2581,.T.);
#5874=EDGE_CURVE('',#4707,#4710,#2582,.T.);
#5875=EDGE_CURVE('',#4711,#4707,#2583,.T.);
#5876=EDGE_CURVE('',#4712,#4710,#2584,.T.);
#5877=EDGE_CURVE('',#4711,#4712,#2585,.T.);
#5878=EDGE_CURVE('',#4713,#4711,#2586,.T.);
#5879=EDGE_CURVE('',#4714,#4712,#2587,.T.);
#5880=EDGE_CURVE('',#4713,#4714,#2588,.T.);
#5881=EDGE_CURVE('',#4708,#4713,#2589,.T.);
#5882=EDGE_CURVE('',#4709,#4714,#2590,.T.);
#5883=EDGE_CURVE('',#4715,#4716,#2591,.T.);
#5884=EDGE_CURVE('',#4716,#4717,#2592,.T.);
#5885=EDGE_CURVE('',#4718,#4717,#2593,.T.);
#5886=EDGE_CURVE('',#4715,#4718,#2594,.T.);
#5887=EDGE_CURVE('',#4719,#4715,#2595,.T.);
#5888=EDGE_CURVE('',#4720,#4718,#2596,.T.);
#5889=EDGE_CURVE('',#4719,#4720,#2597,.T.);
#5890=EDGE_CURVE('',#4721,#4719,#2598,.T.);
#5891=EDGE_CURVE('',#4722,#4720,#2599,.T.);
#5892=EDGE_CURVE('',#4721,#4722,#2600,.T.);
#5893=EDGE_CURVE('',#4723,#4721,#2601,.T.);
#5894=EDGE_CURVE('',#4724,#4722,#2602,.T.);
#5895=EDGE_CURVE('',#4723,#4724,#2603,.T.);
#5896=EDGE_CURVE('',#4725,#4723,#2604,.T.);
#5897=EDGE_CURVE('',#4726,#4724,#2605,.T.);
#5898=EDGE_CURVE('',#4725,#4726,#2606,.T.);
#5899=EDGE_CURVE('',#4716,#4725,#2607,.T.);
#5900=EDGE_CURVE('',#4717,#4726,#2608,.T.);
#5901=EDGE_CURVE('',#4727,#4728,#2609,.T.);
#5902=EDGE_CURVE('',#4728,#4729,#2610,.T.);
#5903=EDGE_CURVE('',#4730,#4729,#2611,.T.);
#5904=EDGE_CURVE('',#4727,#4730,#2612,.T.);
#5905=EDGE_CURVE('',#4731,#4727,#2613,.T.);
#5906=EDGE_CURVE('',#4732,#4730,#2614,.T.);
#5907=EDGE_CURVE('',#4731,#4732,#2615,.T.);
#5908=EDGE_CURVE('',#4733,#4731,#2616,.T.);
#5909=EDGE_CURVE('',#4734,#4732,#2617,.T.);
#5910=EDGE_CURVE('',#4733,#4734,#2618,.T.);
#5911=EDGE_CURVE('',#4735,#4733,#2619,.T.);
#5912=EDGE_CURVE('',#4736,#4734,#2620,.T.);
#5913=EDGE_CURVE('',#4735,#4736,#2621,.T.);
#5914=EDGE_CURVE('',#4737,#4735,#2622,.T.);
#5915=EDGE_CURVE('',#4738,#4736,#2623,.T.);
#5916=EDGE_CURVE('',#4737,#4738,#2624,.T.);
#5917=EDGE_CURVE('',#4728,#4737,#2625,.T.);
#5918=EDGE_CURVE('',#4729,#4738,#2626,.T.);
#5919=EDGE_CURVE('',#4739,#4740,#2627,.T.);
#5920=EDGE_CURVE('',#4740,#4741,#2628,.T.);
#5921=EDGE_CURVE('',#4742,#4741,#2629,.T.);
#5922=EDGE_CURVE('',#4739,#4742,#2630,.T.);
#5923=EDGE_CURVE('',#4743,#4739,#2631,.T.);
#5924=EDGE_CURVE('',#4744,#4742,#2632,.T.);
#5925=EDGE_CURVE('',#4743,#4744,#2633,.T.);
#5926=EDGE_CURVE('',#4740,#4743,#2634,.T.);
#5927=EDGE_CURVE('',#4741,#4744,#2635,.T.);
#5928=EDGE_CURVE('',#4745,#4746,#2636,.T.);
#5929=EDGE_CURVE('',#4746,#4747,#2637,.T.);
#5930=EDGE_CURVE('',#4748,#4747,#2638,.T.);
#5931=EDGE_CURVE('',#4745,#4748,#2639,.T.);
#5932=EDGE_CURVE('',#4749,#4745,#2640,.T.);
#5933=EDGE_CURVE('',#4750,#4748,#2641,.T.);
#5934=EDGE_CURVE('',#4749,#4750,#2642,.T.);
#5935=EDGE_CURVE('',#4751,#4749,#2643,.T.);
#5936=EDGE_CURVE('',#4752,#4750,#2644,.T.);
#5937=EDGE_CURVE('',#4751,#4752,#2645,.T.);
#5938=EDGE_CURVE('',#4753,#4751,#2646,.T.);
#5939=EDGE_CURVE('',#4754,#4752,#2647,.T.);
#5940=EDGE_CURVE('',#4753,#4754,#2648,.T.);
#5941=EDGE_CURVE('',#4755,#4753,#2649,.T.);
#5942=EDGE_CURVE('',#4756,#4754,#2650,.T.);
#5943=EDGE_CURVE('',#4755,#4756,#2651,.T.);
#5944=EDGE_CURVE('',#4746,#4755,#2652,.T.);
#5945=EDGE_CURVE('',#4747,#4756,#2653,.T.);
#5946=EDGE_CURVE('',#4757,#4758,#2654,.T.);
#5947=EDGE_CURVE('',#4758,#4759,#2655,.T.);
#5948=EDGE_CURVE('',#4760,#4759,#2656,.T.);
#5949=EDGE_CURVE('',#4757,#4760,#2657,.T.);
#5950=EDGE_CURVE('',#4761,#4757,#2658,.T.);
#5951=EDGE_CURVE('',#4762,#4760,#2659,.T.);
#5952=EDGE_CURVE('',#4761,#4762,#2660,.T.);
#5953=EDGE_CURVE('',#4763,#4761,#2661,.T.);
#5954=EDGE_CURVE('',#4764,#4762,#2662,.T.);
#5955=EDGE_CURVE('',#4763,#4764,#2663,.T.);
#5956=EDGE_CURVE('',#4765,#4763,#2664,.T.);
#5957=EDGE_CURVE('',#4766,#4764,#2665,.T.);
#5958=EDGE_CURVE('',#4765,#4766,#2666,.T.);
#5959=EDGE_CURVE('',#4767,#4765,#2667,.T.);
#5960=EDGE_CURVE('',#4768,#4766,#2668,.T.);
#5961=EDGE_CURVE('',#4767,#4768,#2669,.T.);
#5962=EDGE_CURVE('',#4758,#4767,#2670,.T.);
#5963=EDGE_CURVE('',#4759,#4768,#2671,.T.);
#5964=EDGE_CURVE('',#4769,#4770,#2672,.T.);
#5965=EDGE_CURVE('',#4770,#4771,#2673,.T.);
#5966=EDGE_CURVE('',#4772,#4771,#2674,.T.);
#5967=EDGE_CURVE('',#4769,#4772,#2675,.T.);
#5968=EDGE_CURVE('',#4773,#4769,#2676,.T.);
#5969=EDGE_CURVE('',#4774,#4772,#2677,.T.);
#5970=EDGE_CURVE('',#4773,#4774,#2678,.T.);
#5971=EDGE_CURVE('',#4775,#4773,#2679,.T.);
#5972=EDGE_CURVE('',#4776,#4774,#2680,.T.);
#5973=EDGE_CURVE('',#4775,#4776,#2681,.T.);
#5974=EDGE_CURVE('',#4777,#4775,#2682,.T.);
#5975=EDGE_CURVE('',#4778,#4776,#2683,.T.);
#5976=EDGE_CURVE('',#4777,#4778,#2684,.T.);
#5977=EDGE_CURVE('',#4779,#4777,#2685,.T.);
#5978=EDGE_CURVE('',#4780,#4778,#2686,.T.);
#5979=EDGE_CURVE('',#4779,#4780,#2687,.T.);
#5980=EDGE_CURVE('',#4770,#4779,#2688,.T.);
#5981=EDGE_CURVE('',#4771,#4780,#2689,.T.);
#5982=EDGE_CURVE('',#4781,#4782,#2690,.T.);
#5983=EDGE_CURVE('',#4782,#4783,#2691,.T.);
#5984=EDGE_CURVE('',#4784,#4783,#2692,.T.);
#5985=EDGE_CURVE('',#4781,#4784,#2693,.T.);
#5986=EDGE_CURVE('',#4785,#4781,#2694,.T.);
#5987=EDGE_CURVE('',#4786,#4784,#2695,.T.);
#5988=EDGE_CURVE('',#4785,#4786,#2696,.T.);
#5989=EDGE_CURVE('',#4787,#4785,#2697,.T.);
#5990=EDGE_CURVE('',#4788,#4786,#2698,.T.);
#5991=EDGE_CURVE('',#4787,#4788,#2699,.T.);
#5992=EDGE_CURVE('',#4789,#4787,#2700,.T.);
#5993=EDGE_CURVE('',#4790,#4788,#2701,.T.);
#5994=EDGE_CURVE('',#4789,#4790,#2702,.T.);
#5995=EDGE_CURVE('',#4791,#4789,#2703,.T.);
#5996=EDGE_CURVE('',#4792,#4790,#2704,.T.);
#5997=EDGE_CURVE('',#4791,#4792,#2705,.T.);
#5998=EDGE_CURVE('',#4782,#4791,#2706,.T.);
#5999=EDGE_CURVE('',#4783,#4792,#2707,.T.);
#6000=EDGE_CURVE('',#4793,#4794,#2708,.T.);
#6001=EDGE_CURVE('',#4794,#4795,#2709,.T.);
#6002=EDGE_CURVE('',#4796,#4795,#2710,.T.);
#6003=EDGE_CURVE('',#4793,#4796,#2711,.T.);
#6004=EDGE_CURVE('',#4797,#4793,#2712,.T.);
#6005=EDGE_CURVE('',#4798,#4796,#2713,.T.);
#6006=EDGE_CURVE('',#4797,#4798,#2714,.T.);
#6007=EDGE_CURVE('',#4799,#4797,#2715,.T.);
#6008=EDGE_CURVE('',#4800,#4798,#2716,.T.);
#6009=EDGE_CURVE('',#4799,#4800,#2717,.T.);
#6010=EDGE_CURVE('',#4794,#4799,#2718,.T.);
#6011=EDGE_CURVE('',#4795,#4800,#2719,.T.);
#6012=EDGE_CURVE('',#4801,#4802,#2720,.T.);
#6013=EDGE_CURVE('',#4802,#4803,#2721,.T.);
#6014=EDGE_CURVE('',#4804,#4803,#2722,.T.);
#6015=EDGE_CURVE('',#4801,#4804,#2723,.T.);
#6016=EDGE_CURVE('',#4805,#4801,#2724,.T.);
#6017=EDGE_CURVE('',#4806,#4804,#2725,.T.);
#6018=EDGE_CURVE('',#4805,#4806,#2726,.T.);
#6019=EDGE_CURVE('',#4807,#4805,#2727,.T.);
#6020=EDGE_CURVE('',#4808,#4806,#2728,.T.);
#6021=EDGE_CURVE('',#4807,#4808,#2729,.T.);
#6022=EDGE_CURVE('',#4809,#4807,#2730,.T.);
#6023=EDGE_CURVE('',#4810,#4808,#2731,.T.);
#6024=EDGE_CURVE('',#4809,#4810,#2732,.T.);
#6025=EDGE_CURVE('',#4811,#4809,#2733,.T.);
#6026=EDGE_CURVE('',#4812,#4810,#2734,.T.);
#6027=EDGE_CURVE('',#4811,#4812,#2735,.T.);
#6028=EDGE_CURVE('',#4802,#4811,#2736,.T.);
#6029=EDGE_CURVE('',#4803,#4812,#2737,.T.);
#6030=EDGE_CURVE('',#4813,#4814,#2738,.T.);
#6031=EDGE_CURVE('',#4814,#4815,#2739,.T.);
#6032=EDGE_CURVE('',#4816,#4815,#2740,.T.);
#6033=EDGE_CURVE('',#4813,#4816,#2741,.T.);
#6034=EDGE_CURVE('',#4817,#4813,#2742,.T.);
#6035=EDGE_CURVE('',#4818,#4816,#2743,.T.);
#6036=EDGE_CURVE('',#4817,#4818,#2744,.T.);
#6037=EDGE_CURVE('',#4819,#4817,#2745,.T.);
#6038=EDGE_CURVE('',#4820,#4818,#2746,.T.);
#6039=EDGE_CURVE('',#4819,#4820,#2747,.T.);
#6040=EDGE_CURVE('',#4821,#4819,#2748,.T.);
#6041=EDGE_CURVE('',#4822,#4820,#2749,.T.);
#6042=EDGE_CURVE('',#4821,#4822,#2750,.T.);
#6043=EDGE_CURVE('',#4823,#4821,#2751,.T.);
#6044=EDGE_CURVE('',#4824,#4822,#2752,.T.);
#6045=EDGE_CURVE('',#4823,#4824,#2753,.T.);
#6046=EDGE_CURVE('',#4814,#4823,#2754,.T.);
#6047=EDGE_CURVE('',#4815,#4824,#2755,.T.);
#6048=EDGE_CURVE('',#4825,#4826,#2756,.T.);
#6049=EDGE_CURVE('',#4826,#4827,#2757,.T.);
#6050=EDGE_CURVE('',#4828,#4827,#2758,.T.);
#6051=EDGE_CURVE('',#4825,#4828,#2759,.T.);
#6052=EDGE_CURVE('',#4829,#4825,#2760,.T.);
#6053=EDGE_CURVE('',#4830,#4828,#2761,.T.);
#6054=EDGE_CURVE('',#4829,#4830,#2762,.T.);
#6055=EDGE_CURVE('',#4826,#4829,#2763,.T.);
#6056=EDGE_CURVE('',#4827,#4830,#2764,.T.);
#6057=EDGE_CURVE('',#4831,#4832,#2765,.T.);
#6058=EDGE_CURVE('',#4832,#4833,#2766,.T.);
#6059=EDGE_CURVE('',#4834,#4833,#2767,.T.);
#6060=EDGE_CURVE('',#4831,#4834,#2768,.T.);
#6061=EDGE_CURVE('',#4835,#4831,#2769,.T.);
#6062=EDGE_CURVE('',#4836,#4834,#2770,.T.);
#6063=EDGE_CURVE('',#4835,#4836,#2771,.T.);
#6064=EDGE_CURVE('',#4837,#4835,#2772,.T.);
#6065=EDGE_CURVE('',#4838,#4836,#2773,.T.);
#6066=EDGE_CURVE('',#4837,#4838,#2774,.T.);
#6067=EDGE_CURVE('',#4839,#4837,#2775,.T.);
#6068=EDGE_CURVE('',#4840,#4838,#2776,.T.);
#6069=EDGE_CURVE('',#4839,#4840,#2777,.T.);
#6070=EDGE_CURVE('',#4841,#4839,#2778,.T.);
#6071=EDGE_CURVE('',#4842,#4840,#2779,.T.);
#6072=EDGE_CURVE('',#4841,#4842,#2780,.T.);
#6073=EDGE_CURVE('',#4832,#4841,#2781,.T.);
#6074=EDGE_CURVE('',#4833,#4842,#2782,.T.);
#6075=EDGE_CURVE('',#4843,#4844,#2783,.T.);
#6076=EDGE_CURVE('',#4844,#4845,#2784,.T.);
#6077=EDGE_CURVE('',#4846,#4845,#2785,.T.);
#6078=EDGE_CURVE('',#4843,#4846,#2786,.T.);
#6079=EDGE_CURVE('',#4035,#4843,#2787,.T.);
#6080=EDGE_CURVE('',#4036,#4846,#2788,.T.);
#6081=EDGE_CURVE('',#4844,#4034,#2789,.T.);
#6082=EDGE_CURVE('',#4845,#4033,#2790,.T.);
#6083=ORIENTED_EDGE('',*,*,#4847,.F.);
#6084=ORIENTED_EDGE('',*,*,#4848,.T.);
#6085=ORIENTED_EDGE('',*,*,#4849,.F.);
#6086=ORIENTED_EDGE('',*,*,#4848,.F.);
#6087=ORIENTED_EDGE('',*,*,#4850,.T.);
#6088=ORIENTED_EDGE('',*,*,#4851,.T.);
#6089=ORIENTED_EDGE('',*,*,#4852,.F.);
#6090=ORIENTED_EDGE('',*,*,#4853,.F.);
#6091=ORIENTED_EDGE('',*,*,#4854,.F.);
#6092=ORIENTED_EDGE('',*,*,#4853,.T.);
#6093=ORIENTED_EDGE('',*,*,#4855,.F.);
#6094=ORIENTED_EDGE('',*,*,#4856,.F.);
#6095=ORIENTED_EDGE('',*,*,#4857,.F.);
#6096=ORIENTED_EDGE('',*,*,#4856,.T.);
#6097=ORIENTED_EDGE('',*,*,#4858,.F.);
#6098=ORIENTED_EDGE('',*,*,#4859,.F.);
#6099=ORIENTED_EDGE('',*,*,#4859,.T.);
#6100=ORIENTED_EDGE('',*,*,#4860,.F.);
#6101=ORIENTED_EDGE('',*,*,#4861,.F.);
#6102=ORIENTED_EDGE('',*,*,#4862,.T.);
#6103=ORIENTED_EDGE('',*,*,#4851,.F.);
#6104=ORIENTED_EDGE('',*,*,#4863,.T.);
#6105=ORIENTED_EDGE('',*,*,#4864,.T.);
#6106=ORIENTED_EDGE('',*,*,#4865,.F.);
#6107=ORIENTED_EDGE('',*,*,#4866,.T.);
#6108=ORIENTED_EDGE('',*,*,#4867,.T.);
#6109=ORIENTED_EDGE('',*,*,#4868,.F.);
#6110=ORIENTED_EDGE('',*,*,#4869,.F.);
#6111=ORIENTED_EDGE('',*,*,#4870,.T.);
#6112=ORIENTED_EDGE('',*,*,#4869,.T.);
#6113=ORIENTED_EDGE('',*,*,#4871,.F.);
#6114=ORIENTED_EDGE('',*,*,#4872,.F.);
#6115=ORIENTED_EDGE('',*,*,#4873,.T.);
#6116=ORIENTED_EDGE('',*,*,#4872,.T.);
#6117=ORIENTED_EDGE('',*,*,#4874,.F.);
#6118=ORIENTED_EDGE('',*,*,#4875,.F.);
#6119=ORIENTED_EDGE('',*,*,#4876,.T.);
#6120=ORIENTED_EDGE('',*,*,#4875,.T.);
#6121=ORIENTED_EDGE('',*,*,#4877,.F.);
#6122=ORIENTED_EDGE('',*,*,#4878,.F.);
#6123=ORIENTED_EDGE('',*,*,#4879,.T.);
#6124=ORIENTED_EDGE('',*,*,#4878,.T.);
#6125=ORIENTED_EDGE('',*,*,#4880,.F.);
#6126=ORIENTED_EDGE('',*,*,#4881,.F.);
#6127=ORIENTED_EDGE('',*,*,#4882,.T.);
#6128=ORIENTED_EDGE('',*,*,#4881,.T.);
#6129=ORIENTED_EDGE('',*,*,#4883,.F.);
#6130=ORIENTED_EDGE('',*,*,#4867,.F.);
#6131=ORIENTED_EDGE('',*,*,#4884,.T.);
#6132=ORIENTED_EDGE('',*,*,#4885,.T.);
#6133=ORIENTED_EDGE('',*,*,#4886,.F.);
#6134=ORIENTED_EDGE('',*,*,#4887,.F.);
#6135=ORIENTED_EDGE('',*,*,#4888,.T.);
#6136=ORIENTED_EDGE('',*,*,#4887,.T.);
#6137=ORIENTED_EDGE('',*,*,#4889,.F.);
#6138=ORIENTED_EDGE('',*,*,#4890,.F.);
#6139=ORIENTED_EDGE('',*,*,#4891,.T.);
#6140=ORIENTED_EDGE('',*,*,#4890,.T.);
#6141=ORIENTED_EDGE('',*,*,#4892,.F.);
#6142=ORIENTED_EDGE('',*,*,#4893,.F.);
#6143=ORIENTED_EDGE('',*,*,#4894,.T.);
#6144=ORIENTED_EDGE('',*,*,#4893,.T.);
#6145=ORIENTED_EDGE('',*,*,#4895,.F.);
#6146=ORIENTED_EDGE('',*,*,#4896,.F.);
#6147=ORIENTED_EDGE('',*,*,#4897,.T.);
#6148=ORIENTED_EDGE('',*,*,#4896,.T.);
#6149=ORIENTED_EDGE('',*,*,#4898,.F.);
#6150=ORIENTED_EDGE('',*,*,#4899,.F.);
#6151=ORIENTED_EDGE('',*,*,#4900,.T.);
#6152=ORIENTED_EDGE('',*,*,#4899,.T.);
#6153=ORIENTED_EDGE('',*,*,#4901,.F.);
#6154=ORIENTED_EDGE('',*,*,#4885,.F.);
#6155=ORIENTED_EDGE('',*,*,#4902,.T.);
#6156=ORIENTED_EDGE('',*,*,#4903,.T.);
#6157=ORIENTED_EDGE('',*,*,#4904,.F.);
#6158=ORIENTED_EDGE('',*,*,#4905,.F.);
#6159=ORIENTED_EDGE('',*,*,#4906,.T.);
#6160=ORIENTED_EDGE('',*,*,#4905,.T.);
#6161=ORIENTED_EDGE('',*,*,#4907,.F.);
#6162=ORIENTED_EDGE('',*,*,#4908,.F.);
#6163=ORIENTED_EDGE('',*,*,#4909,.T.);
#6164=ORIENTED_EDGE('',*,*,#4908,.T.);
#6165=ORIENTED_EDGE('',*,*,#4910,.F.);
#6166=ORIENTED_EDGE('',*,*,#4911,.F.);
#6167=ORIENTED_EDGE('',*,*,#4912,.T.);
#6168=ORIENTED_EDGE('',*,*,#4911,.T.);
#6169=ORIENTED_EDGE('',*,*,#4913,.F.);
#6170=ORIENTED_EDGE('',*,*,#4914,.F.);
#6171=ORIENTED_EDGE('',*,*,#4915,.T.);
#6172=ORIENTED_EDGE('',*,*,#4914,.T.);
#6173=ORIENTED_EDGE('',*,*,#4916,.F.);
#6174=ORIENTED_EDGE('',*,*,#4917,.F.);
#6175=ORIENTED_EDGE('',*,*,#4918,.T.);
#6176=ORIENTED_EDGE('',*,*,#4917,.T.);
#6177=ORIENTED_EDGE('',*,*,#4919,.F.);
#6178=ORIENTED_EDGE('',*,*,#4903,.F.);
#6179=ORIENTED_EDGE('',*,*,#4920,.T.);
#6180=ORIENTED_EDGE('',*,*,#4921,.T.);
#6181=ORIENTED_EDGE('',*,*,#4922,.F.);
#6182=ORIENTED_EDGE('',*,*,#4923,.F.);
#6183=ORIENTED_EDGE('',*,*,#4924,.T.);
#6184=ORIENTED_EDGE('',*,*,#4923,.T.);
#6185=ORIENTED_EDGE('',*,*,#4925,.F.);
#6186=ORIENTED_EDGE('',*,*,#4926,.F.);
#6187=ORIENTED_EDGE('',*,*,#4927,.T.);
#6188=ORIENTED_EDGE('',*,*,#4926,.T.);
#6189=ORIENTED_EDGE('',*,*,#4928,.F.);
#6190=ORIENTED_EDGE('',*,*,#4929,.F.);
#6191=ORIENTED_EDGE('',*,*,#4930,.T.);
#6192=ORIENTED_EDGE('',*,*,#4929,.T.);
#6193=ORIENTED_EDGE('',*,*,#4931,.F.);
#6194=ORIENTED_EDGE('',*,*,#4932,.F.);
#6195=ORIENTED_EDGE('',*,*,#4933,.T.);
#6196=ORIENTED_EDGE('',*,*,#4932,.T.);
#6197=ORIENTED_EDGE('',*,*,#4934,.F.);
#6198=ORIENTED_EDGE('',*,*,#4935,.F.);
#6199=ORIENTED_EDGE('',*,*,#4936,.T.);
#6200=ORIENTED_EDGE('',*,*,#4935,.T.);
#6201=ORIENTED_EDGE('',*,*,#4937,.F.);
#6202=ORIENTED_EDGE('',*,*,#4921,.F.);
#6203=ORIENTED_EDGE('',*,*,#4938,.T.);
#6204=ORIENTED_EDGE('',*,*,#4939,.T.);
#6205=ORIENTED_EDGE('',*,*,#4940,.F.);
#6206=ORIENTED_EDGE('',*,*,#4941,.F.);
#6207=ORIENTED_EDGE('',*,*,#4942,.T.);
#6208=ORIENTED_EDGE('',*,*,#4941,.T.);
#6209=ORIENTED_EDGE('',*,*,#4943,.F.);
#6210=ORIENTED_EDGE('',*,*,#4944,.F.);
#6211=ORIENTED_EDGE('',*,*,#4945,.T.);
#6212=ORIENTED_EDGE('',*,*,#4944,.T.);
#6213=ORIENTED_EDGE('',*,*,#4946,.F.);
#6214=ORIENTED_EDGE('',*,*,#4947,.F.);
#6215=ORIENTED_EDGE('',*,*,#4948,.T.);
#6216=ORIENTED_EDGE('',*,*,#4947,.T.);
#6217=ORIENTED_EDGE('',*,*,#4949,.F.);
#6218=ORIENTED_EDGE('',*,*,#4950,.F.);
#6219=ORIENTED_EDGE('',*,*,#4951,.T.);
#6220=ORIENTED_EDGE('',*,*,#4950,.T.);
#6221=ORIENTED_EDGE('',*,*,#4952,.F.);
#6222=ORIENTED_EDGE('',*,*,#4953,.F.);
#6223=ORIENTED_EDGE('',*,*,#4954,.T.);
#6224=ORIENTED_EDGE('',*,*,#4953,.T.);
#6225=ORIENTED_EDGE('',*,*,#4955,.F.);
#6226=ORIENTED_EDGE('',*,*,#4939,.F.);
#6227=ORIENTED_EDGE('',*,*,#4956,.T.);
#6228=ORIENTED_EDGE('',*,*,#4957,.T.);
#6229=ORIENTED_EDGE('',*,*,#4958,.F.);
#6230=ORIENTED_EDGE('',*,*,#4959,.F.);
#6231=ORIENTED_EDGE('',*,*,#4960,.T.);
#6232=ORIENTED_EDGE('',*,*,#4959,.T.);
#6233=ORIENTED_EDGE('',*,*,#4961,.F.);
#6234=ORIENTED_EDGE('',*,*,#4962,.F.);
#6235=ORIENTED_EDGE('',*,*,#4963,.T.);
#6236=ORIENTED_EDGE('',*,*,#4962,.T.);
#6237=ORIENTED_EDGE('',*,*,#4964,.F.);
#6238=ORIENTED_EDGE('',*,*,#4965,.F.);
#6239=ORIENTED_EDGE('',*,*,#4966,.T.);
#6240=ORIENTED_EDGE('',*,*,#4965,.T.);
#6241=ORIENTED_EDGE('',*,*,#4967,.F.);
#6242=ORIENTED_EDGE('',*,*,#4968,.F.);
#6243=ORIENTED_EDGE('',*,*,#4969,.T.);
#6244=ORIENTED_EDGE('',*,*,#4968,.T.);
#6245=ORIENTED_EDGE('',*,*,#4970,.F.);
#6246=ORIENTED_EDGE('',*,*,#4971,.F.);
#6247=ORIENTED_EDGE('',*,*,#4972,.T.);
#6248=ORIENTED_EDGE('',*,*,#4971,.T.);
#6249=ORIENTED_EDGE('',*,*,#4973,.F.);
#6250=ORIENTED_EDGE('',*,*,#4957,.F.);
#6251=ORIENTED_EDGE('',*,*,#4974,.T.);
#6252=ORIENTED_EDGE('',*,*,#4975,.T.);
#6253=ORIENTED_EDGE('',*,*,#4976,.F.);
#6254=ORIENTED_EDGE('',*,*,#4977,.F.);
#6255=ORIENTED_EDGE('',*,*,#4978,.T.);
#6256=ORIENTED_EDGE('',*,*,#4977,.T.);
#6257=ORIENTED_EDGE('',*,*,#4979,.F.);
#6258=ORIENTED_EDGE('',*,*,#4980,.F.);
#6259=ORIENTED_EDGE('',*,*,#4981,.T.);
#6260=ORIENTED_EDGE('',*,*,#4980,.T.);
#6261=ORIENTED_EDGE('',*,*,#4982,.F.);
#6262=ORIENTED_EDGE('',*,*,#4983,.F.);
#6263=ORIENTED_EDGE('',*,*,#4984,.T.);
#6264=ORIENTED_EDGE('',*,*,#4983,.T.);
#6265=ORIENTED_EDGE('',*,*,#4985,.F.);
#6266=ORIENTED_EDGE('',*,*,#4986,.F.);
#6267=ORIENTED_EDGE('',*,*,#4987,.T.);
#6268=ORIENTED_EDGE('',*,*,#4986,.T.);
#6269=ORIENTED_EDGE('',*,*,#4988,.F.);
#6270=ORIENTED_EDGE('',*,*,#4989,.F.);
#6271=ORIENTED_EDGE('',*,*,#4990,.T.);
#6272=ORIENTED_EDGE('',*,*,#4989,.T.);
#6273=ORIENTED_EDGE('',*,*,#4991,.F.);
#6274=ORIENTED_EDGE('',*,*,#4975,.F.);
#6275=ORIENTED_EDGE('',*,*,#4992,.T.);
#6276=ORIENTED_EDGE('',*,*,#4993,.T.);
#6277=ORIENTED_EDGE('',*,*,#4994,.F.);
#6278=ORIENTED_EDGE('',*,*,#4995,.F.);
#6279=ORIENTED_EDGE('',*,*,#4996,.T.);
#6280=ORIENTED_EDGE('',*,*,#4995,.T.);
#6281=ORIENTED_EDGE('',*,*,#4997,.F.);
#6282=ORIENTED_EDGE('',*,*,#4998,.F.);
#6283=ORIENTED_EDGE('',*,*,#4999,.T.);
#6284=ORIENTED_EDGE('',*,*,#4998,.T.);
#6285=ORIENTED_EDGE('',*,*,#5000,.F.);
#6286=ORIENTED_EDGE('',*,*,#5001,.F.);
#6287=ORIENTED_EDGE('',*,*,#5002,.T.);
#6288=ORIENTED_EDGE('',*,*,#5001,.T.);
#6289=ORIENTED_EDGE('',*,*,#5003,.F.);
#6290=ORIENTED_EDGE('',*,*,#5004,.F.);
#6291=ORIENTED_EDGE('',*,*,#5005,.T.);
#6292=ORIENTED_EDGE('',*,*,#5004,.T.);
#6293=ORIENTED_EDGE('',*,*,#5006,.F.);
#6294=ORIENTED_EDGE('',*,*,#5007,.F.);
#6295=ORIENTED_EDGE('',*,*,#5008,.T.);
#6296=ORIENTED_EDGE('',*,*,#5007,.T.);
#6297=ORIENTED_EDGE('',*,*,#5009,.F.);
#6298=ORIENTED_EDGE('',*,*,#4993,.F.);
#6299=ORIENTED_EDGE('',*,*,#5010,.T.);
#6300=ORIENTED_EDGE('',*,*,#5011,.T.);
#6301=ORIENTED_EDGE('',*,*,#5012,.F.);
#6302=ORIENTED_EDGE('',*,*,#5013,.F.);
#6303=ORIENTED_EDGE('',*,*,#5014,.T.);
#6304=ORIENTED_EDGE('',*,*,#5013,.T.);
#6305=ORIENTED_EDGE('',*,*,#5015,.F.);
#6306=ORIENTED_EDGE('',*,*,#5016,.F.);
#6307=ORIENTED_EDGE('',*,*,#5017,.T.);
#6308=ORIENTED_EDGE('',*,*,#5016,.T.);
#6309=ORIENTED_EDGE('',*,*,#5018,.F.);
#6310=ORIENTED_EDGE('',*,*,#5019,.F.);
#6311=ORIENTED_EDGE('',*,*,#5020,.T.);
#6312=ORIENTED_EDGE('',*,*,#5019,.T.);
#6313=ORIENTED_EDGE('',*,*,#5021,.F.);
#6314=ORIENTED_EDGE('',*,*,#5022,.F.);
#6315=ORIENTED_EDGE('',*,*,#5023,.T.);
#6316=ORIENTED_EDGE('',*,*,#5022,.T.);
#6317=ORIENTED_EDGE('',*,*,#5024,.F.);
#6318=ORIENTED_EDGE('',*,*,#5025,.F.);
#6319=ORIENTED_EDGE('',*,*,#5026,.T.);
#6320=ORIENTED_EDGE('',*,*,#5025,.T.);
#6321=ORIENTED_EDGE('',*,*,#5027,.F.);
#6322=ORIENTED_EDGE('',*,*,#5011,.F.);
#6323=ORIENTED_EDGE('',*,*,#5028,.T.);
#6324=ORIENTED_EDGE('',*,*,#5029,.T.);
#6325=ORIENTED_EDGE('',*,*,#5030,.F.);
#6326=ORIENTED_EDGE('',*,*,#5031,.F.);
#6327=ORIENTED_EDGE('',*,*,#5032,.T.);
#6328=ORIENTED_EDGE('',*,*,#5031,.T.);
#6329=ORIENTED_EDGE('',*,*,#5033,.F.);
#6330=ORIENTED_EDGE('',*,*,#5034,.F.);
#6331=ORIENTED_EDGE('',*,*,#5035,.T.);
#6332=ORIENTED_EDGE('',*,*,#5034,.T.);
#6333=ORIENTED_EDGE('',*,*,#5036,.F.);
#6334=ORIENTED_EDGE('',*,*,#5037,.F.);
#6335=ORIENTED_EDGE('',*,*,#5038,.T.);
#6336=ORIENTED_EDGE('',*,*,#5037,.T.);
#6337=ORIENTED_EDGE('',*,*,#5039,.F.);
#6338=ORIENTED_EDGE('',*,*,#5040,.F.);
#6339=ORIENTED_EDGE('',*,*,#5041,.T.);
#6340=ORIENTED_EDGE('',*,*,#5040,.T.);
#6341=ORIENTED_EDGE('',*,*,#5042,.F.);
#6342=ORIENTED_EDGE('',*,*,#5043,.F.);
#6343=ORIENTED_EDGE('',*,*,#5044,.T.);
#6344=ORIENTED_EDGE('',*,*,#5043,.T.);
#6345=ORIENTED_EDGE('',*,*,#5045,.F.);
#6346=ORIENTED_EDGE('',*,*,#5029,.F.);
#6347=ORIENTED_EDGE('',*,*,#5046,.T.);
#6348=ORIENTED_EDGE('',*,*,#5047,.T.);
#6349=ORIENTED_EDGE('',*,*,#5048,.F.);
#6350=ORIENTED_EDGE('',*,*,#5049,.F.);
#6351=ORIENTED_EDGE('',*,*,#5050,.T.);
#6352=ORIENTED_EDGE('',*,*,#5049,.T.);
#6353=ORIENTED_EDGE('',*,*,#5051,.F.);
#6354=ORIENTED_EDGE('',*,*,#5052,.F.);
#6355=ORIENTED_EDGE('',*,*,#5053,.T.);
#6356=ORIENTED_EDGE('',*,*,#5052,.T.);
#6357=ORIENTED_EDGE('',*,*,#5054,.F.);
#6358=ORIENTED_EDGE('',*,*,#5055,.F.);
#6359=ORIENTED_EDGE('',*,*,#5056,.T.);
#6360=ORIENTED_EDGE('',*,*,#5055,.T.);
#6361=ORIENTED_EDGE('',*,*,#5057,.F.);
#6362=ORIENTED_EDGE('',*,*,#5058,.F.);
#6363=ORIENTED_EDGE('',*,*,#5059,.T.);
#6364=ORIENTED_EDGE('',*,*,#5058,.T.);
#6365=ORIENTED_EDGE('',*,*,#5060,.F.);
#6366=ORIENTED_EDGE('',*,*,#5061,.F.);
#6367=ORIENTED_EDGE('',*,*,#5062,.T.);
#6368=ORIENTED_EDGE('',*,*,#5061,.T.);
#6369=ORIENTED_EDGE('',*,*,#5063,.F.);
#6370=ORIENTED_EDGE('',*,*,#5047,.F.);
#6371=ORIENTED_EDGE('',*,*,#5064,.T.);
#6372=ORIENTED_EDGE('',*,*,#5065,.T.);
#6373=ORIENTED_EDGE('',*,*,#5066,.F.);
#6374=ORIENTED_EDGE('',*,*,#5067,.F.);
#6375=ORIENTED_EDGE('',*,*,#5068,.T.);
#6376=ORIENTED_EDGE('',*,*,#5067,.T.);
#6377=ORIENTED_EDGE('',*,*,#5069,.F.);
#6378=ORIENTED_EDGE('',*,*,#5070,.F.);
#6379=ORIENTED_EDGE('',*,*,#5071,.T.);
#6380=ORIENTED_EDGE('',*,*,#5070,.T.);
#6381=ORIENTED_EDGE('',*,*,#5072,.F.);
#6382=ORIENTED_EDGE('',*,*,#5073,.F.);
#6383=ORIENTED_EDGE('',*,*,#5074,.T.);
#6384=ORIENTED_EDGE('',*,*,#5073,.T.);
#6385=ORIENTED_EDGE('',*,*,#5075,.F.);
#6386=ORIENTED_EDGE('',*,*,#5076,.F.);
#6387=ORIENTED_EDGE('',*,*,#5077,.T.);
#6388=ORIENTED_EDGE('',*,*,#5076,.T.);
#6389=ORIENTED_EDGE('',*,*,#5078,.F.);
#6390=ORIENTED_EDGE('',*,*,#5079,.F.);
#6391=ORIENTED_EDGE('',*,*,#5080,.T.);
#6392=ORIENTED_EDGE('',*,*,#5079,.T.);
#6393=ORIENTED_EDGE('',*,*,#5081,.F.);
#6394=ORIENTED_EDGE('',*,*,#5065,.F.);
#6395=ORIENTED_EDGE('',*,*,#5082,.T.);
#6396=ORIENTED_EDGE('',*,*,#5083,.T.);
#6397=ORIENTED_EDGE('',*,*,#5084,.F.);
#6398=ORIENTED_EDGE('',*,*,#5085,.F.);
#6399=ORIENTED_EDGE('',*,*,#5086,.T.);
#6400=ORIENTED_EDGE('',*,*,#5085,.T.);
#6401=ORIENTED_EDGE('',*,*,#5087,.F.);
#6402=ORIENTED_EDGE('',*,*,#5088,.F.);
#6403=ORIENTED_EDGE('',*,*,#5089,.T.);
#6404=ORIENTED_EDGE('',*,*,#5088,.T.);
#6405=ORIENTED_EDGE('',*,*,#5090,.F.);
#6406=ORIENTED_EDGE('',*,*,#5091,.F.);
#6407=ORIENTED_EDGE('',*,*,#5092,.T.);
#6408=ORIENTED_EDGE('',*,*,#5091,.T.);
#6409=ORIENTED_EDGE('',*,*,#5093,.F.);
#6410=ORIENTED_EDGE('',*,*,#5094,.F.);
#6411=ORIENTED_EDGE('',*,*,#5095,.T.);
#6412=ORIENTED_EDGE('',*,*,#5094,.T.);
#6413=ORIENTED_EDGE('',*,*,#5096,.F.);
#6414=ORIENTED_EDGE('',*,*,#5097,.F.);
#6415=ORIENTED_EDGE('',*,*,#5098,.T.);
#6416=ORIENTED_EDGE('',*,*,#5097,.T.);
#6417=ORIENTED_EDGE('',*,*,#5099,.F.);
#6418=ORIENTED_EDGE('',*,*,#5083,.F.);
#6419=ORIENTED_EDGE('',*,*,#5100,.T.);
#6420=ORIENTED_EDGE('',*,*,#5101,.T.);
#6421=ORIENTED_EDGE('',*,*,#5102,.F.);
#6422=ORIENTED_EDGE('',*,*,#5103,.F.);
#6423=ORIENTED_EDGE('',*,*,#5104,.T.);
#6424=ORIENTED_EDGE('',*,*,#5103,.T.);
#6425=ORIENTED_EDGE('',*,*,#5105,.F.);
#6426=ORIENTED_EDGE('',*,*,#5106,.F.);
#6427=ORIENTED_EDGE('',*,*,#5107,.T.);
#6428=ORIENTED_EDGE('',*,*,#5106,.T.);
#6429=ORIENTED_EDGE('',*,*,#5108,.F.);
#6430=ORIENTED_EDGE('',*,*,#5109,.F.);
#6431=ORIENTED_EDGE('',*,*,#5110,.T.);
#6432=ORIENTED_EDGE('',*,*,#5109,.T.);
#6433=ORIENTED_EDGE('',*,*,#5111,.F.);
#6434=ORIENTED_EDGE('',*,*,#5112,.F.);
#6435=ORIENTED_EDGE('',*,*,#5113,.T.);
#6436=ORIENTED_EDGE('',*,*,#5112,.T.);
#6437=ORIENTED_EDGE('',*,*,#5114,.F.);
#6438=ORIENTED_EDGE('',*,*,#5115,.F.);
#6439=ORIENTED_EDGE('',*,*,#5116,.T.);
#6440=ORIENTED_EDGE('',*,*,#5115,.T.);
#6441=ORIENTED_EDGE('',*,*,#5117,.F.);
#6442=ORIENTED_EDGE('',*,*,#5101,.F.);
#6443=ORIENTED_EDGE('',*,*,#5118,.T.);
#6444=ORIENTED_EDGE('',*,*,#5119,.T.);
#6445=ORIENTED_EDGE('',*,*,#5120,.F.);
#6446=ORIENTED_EDGE('',*,*,#5121,.F.);
#6447=ORIENTED_EDGE('',*,*,#5122,.T.);
#6448=ORIENTED_EDGE('',*,*,#5121,.T.);
#6449=ORIENTED_EDGE('',*,*,#5123,.F.);
#6450=ORIENTED_EDGE('',*,*,#5124,.F.);
#6451=ORIENTED_EDGE('',*,*,#5125,.T.);
#6452=ORIENTED_EDGE('',*,*,#5124,.T.);
#6453=ORIENTED_EDGE('',*,*,#5126,.F.);
#6454=ORIENTED_EDGE('',*,*,#5127,.F.);
#6455=ORIENTED_EDGE('',*,*,#5128,.T.);
#6456=ORIENTED_EDGE('',*,*,#5127,.T.);
#6457=ORIENTED_EDGE('',*,*,#5129,.F.);
#6458=ORIENTED_EDGE('',*,*,#5130,.F.);
#6459=ORIENTED_EDGE('',*,*,#5131,.T.);
#6460=ORIENTED_EDGE('',*,*,#5130,.T.);
#6461=ORIENTED_EDGE('',*,*,#5132,.F.);
#6462=ORIENTED_EDGE('',*,*,#5133,.F.);
#6463=ORIENTED_EDGE('',*,*,#5134,.T.);
#6464=ORIENTED_EDGE('',*,*,#5133,.T.);
#6465=ORIENTED_EDGE('',*,*,#5135,.F.);
#6466=ORIENTED_EDGE('',*,*,#5119,.F.);
#6467=ORIENTED_EDGE('',*,*,#5136,.T.);
#6468=ORIENTED_EDGE('',*,*,#5137,.T.);
#6469=ORIENTED_EDGE('',*,*,#5138,.F.);
#6470=ORIENTED_EDGE('',*,*,#5139,.F.);
#6471=ORIENTED_EDGE('',*,*,#5140,.T.);
#6472=ORIENTED_EDGE('',*,*,#5139,.T.);
#6473=ORIENTED_EDGE('',*,*,#5141,.F.);
#6474=ORIENTED_EDGE('',*,*,#5142,.F.);
#6475=ORIENTED_EDGE('',*,*,#5143,.T.);
#6476=ORIENTED_EDGE('',*,*,#5142,.T.);
#6477=ORIENTED_EDGE('',*,*,#5144,.F.);
#6478=ORIENTED_EDGE('',*,*,#5137,.F.);
#6479=ORIENTED_EDGE('',*,*,#5145,.T.);
#6480=ORIENTED_EDGE('',*,*,#5146,.T.);
#6481=ORIENTED_EDGE('',*,*,#5147,.F.);
#6482=ORIENTED_EDGE('',*,*,#5148,.F.);
#6483=ORIENTED_EDGE('',*,*,#5149,.T.);
#6484=ORIENTED_EDGE('',*,*,#5148,.T.);
#6485=ORIENTED_EDGE('',*,*,#5150,.F.);
#6486=ORIENTED_EDGE('',*,*,#5151,.F.);
#6487=ORIENTED_EDGE('',*,*,#5152,.T.);
#6488=ORIENTED_EDGE('',*,*,#5151,.T.);
#6489=ORIENTED_EDGE('',*,*,#5153,.F.);
#6490=ORIENTED_EDGE('',*,*,#5154,.F.);
#6491=ORIENTED_EDGE('',*,*,#5155,.T.);
#6492=ORIENTED_EDGE('',*,*,#5154,.T.);
#6493=ORIENTED_EDGE('',*,*,#5156,.F.);
#6494=ORIENTED_EDGE('',*,*,#5157,.F.);
#6495=ORIENTED_EDGE('',*,*,#5158,.T.);
#6496=ORIENTED_EDGE('',*,*,#5157,.T.);
#6497=ORIENTED_EDGE('',*,*,#5159,.F.);
#6498=ORIENTED_EDGE('',*,*,#5160,.F.);
#6499=ORIENTED_EDGE('',*,*,#5161,.T.);
#6500=ORIENTED_EDGE('',*,*,#5160,.T.);
#6501=ORIENTED_EDGE('',*,*,#5162,.F.);
#6502=ORIENTED_EDGE('',*,*,#5146,.F.);
#6503=ORIENTED_EDGE('',*,*,#5163,.T.);
#6504=ORIENTED_EDGE('',*,*,#5164,.T.);
#6505=ORIENTED_EDGE('',*,*,#5165,.F.);
#6506=ORIENTED_EDGE('',*,*,#5166,.F.);
#6507=ORIENTED_EDGE('',*,*,#5167,.T.);
#6508=ORIENTED_EDGE('',*,*,#5166,.T.);
#6509=ORIENTED_EDGE('',*,*,#5168,.F.);
#6510=ORIENTED_EDGE('',*,*,#5169,.F.);
#6511=ORIENTED_EDGE('',*,*,#5170,.T.);
#6512=ORIENTED_EDGE('',*,*,#5169,.T.);
#6513=ORIENTED_EDGE('',*,*,#5171,.F.);
#6514=ORIENTED_EDGE('',*,*,#5172,.F.);
#6515=ORIENTED_EDGE('',*,*,#5173,.T.);
#6516=ORIENTED_EDGE('',*,*,#5172,.T.);
#6517=ORIENTED_EDGE('',*,*,#5174,.F.);
#6518=ORIENTED_EDGE('',*,*,#5175,.F.);
#6519=ORIENTED_EDGE('',*,*,#5176,.T.);
#6520=ORIENTED_EDGE('',*,*,#5175,.T.);
#6521=ORIENTED_EDGE('',*,*,#5177,.F.);
#6522=ORIENTED_EDGE('',*,*,#5178,.F.);
#6523=ORIENTED_EDGE('',*,*,#5179,.T.);
#6524=ORIENTED_EDGE('',*,*,#5178,.T.);
#6525=ORIENTED_EDGE('',*,*,#5180,.F.);
#6526=ORIENTED_EDGE('',*,*,#5164,.F.);
#6527=ORIENTED_EDGE('',*,*,#5181,.T.);
#6528=ORIENTED_EDGE('',*,*,#5182,.T.);
#6529=ORIENTED_EDGE('',*,*,#5183,.F.);
#6530=ORIENTED_EDGE('',*,*,#5184,.F.);
#6531=ORIENTED_EDGE('',*,*,#5185,.T.);
#6532=ORIENTED_EDGE('',*,*,#5184,.T.);
#6533=ORIENTED_EDGE('',*,*,#5186,.F.);
#6534=ORIENTED_EDGE('',*,*,#5187,.F.);
#6535=ORIENTED_EDGE('',*,*,#5188,.T.);
#6536=ORIENTED_EDGE('',*,*,#5187,.T.);
#6537=ORIENTED_EDGE('',*,*,#5189,.F.);
#6538=ORIENTED_EDGE('',*,*,#5190,.F.);
#6539=ORIENTED_EDGE('',*,*,#5191,.T.);
#6540=ORIENTED_EDGE('',*,*,#5190,.T.);
#6541=ORIENTED_EDGE('',*,*,#5192,.F.);
#6542=ORIENTED_EDGE('',*,*,#5193,.F.);
#6543=ORIENTED_EDGE('',*,*,#5194,.T.);
#6544=ORIENTED_EDGE('',*,*,#5193,.T.);
#6545=ORIENTED_EDGE('',*,*,#5195,.F.);
#6546=ORIENTED_EDGE('',*,*,#5196,.F.);
#6547=ORIENTED_EDGE('',*,*,#5197,.T.);
#6548=ORIENTED_EDGE('',*,*,#5196,.T.);
#6549=ORIENTED_EDGE('',*,*,#5198,.F.);
#6550=ORIENTED_EDGE('',*,*,#5182,.F.);
#6551=ORIENTED_EDGE('',*,*,#5199,.T.);
#6552=ORIENTED_EDGE('',*,*,#5200,.T.);
#6553=ORIENTED_EDGE('',*,*,#5201,.F.);
#6554=ORIENTED_EDGE('',*,*,#5202,.F.);
#6555=ORIENTED_EDGE('',*,*,#5203,.T.);
#6556=ORIENTED_EDGE('',*,*,#5202,.T.);
#6557=ORIENTED_EDGE('',*,*,#5204,.F.);
#6558=ORIENTED_EDGE('',*,*,#5205,.F.);
#6559=ORIENTED_EDGE('',*,*,#5206,.T.);
#6560=ORIENTED_EDGE('',*,*,#5205,.T.);
#6561=ORIENTED_EDGE('',*,*,#5207,.F.);
#6562=ORIENTED_EDGE('',*,*,#5208,.F.);
#6563=ORIENTED_EDGE('',*,*,#5209,.T.);
#6564=ORIENTED_EDGE('',*,*,#5208,.T.);
#6565=ORIENTED_EDGE('',*,*,#5210,.F.);
#6566=ORIENTED_EDGE('',*,*,#5211,.F.);
#6567=ORIENTED_EDGE('',*,*,#5212,.T.);
#6568=ORIENTED_EDGE('',*,*,#5211,.T.);
#6569=ORIENTED_EDGE('',*,*,#5213,.F.);
#6570=ORIENTED_EDGE('',*,*,#5214,.F.);
#6571=ORIENTED_EDGE('',*,*,#5215,.T.);
#6572=ORIENTED_EDGE('',*,*,#5214,.T.);
#6573=ORIENTED_EDGE('',*,*,#5216,.F.);
#6574=ORIENTED_EDGE('',*,*,#5200,.F.);
#6575=ORIENTED_EDGE('',*,*,#5217,.T.);
#6576=ORIENTED_EDGE('',*,*,#5218,.T.);
#6577=ORIENTED_EDGE('',*,*,#5219,.F.);
#6578=ORIENTED_EDGE('',*,*,#5220,.F.);
#6579=ORIENTED_EDGE('',*,*,#5221,.T.);
#6580=ORIENTED_EDGE('',*,*,#5220,.T.);
#6581=ORIENTED_EDGE('',*,*,#5222,.F.);
#6582=ORIENTED_EDGE('',*,*,#5223,.F.);
#6583=ORIENTED_EDGE('',*,*,#5224,.T.);
#6584=ORIENTED_EDGE('',*,*,#5223,.T.);
#6585=ORIENTED_EDGE('',*,*,#5225,.F.);
#6586=ORIENTED_EDGE('',*,*,#5226,.F.);
#6587=ORIENTED_EDGE('',*,*,#5227,.T.);
#6588=ORIENTED_EDGE('',*,*,#5226,.T.);
#6589=ORIENTED_EDGE('',*,*,#5228,.F.);
#6590=ORIENTED_EDGE('',*,*,#5229,.F.);
#6591=ORIENTED_EDGE('',*,*,#5230,.T.);
#6592=ORIENTED_EDGE('',*,*,#5229,.T.);
#6593=ORIENTED_EDGE('',*,*,#5231,.F.);
#6594=ORIENTED_EDGE('',*,*,#5218,.F.);
#6595=ORIENTED_EDGE('',*,*,#5232,.T.);
#6596=ORIENTED_EDGE('',*,*,#5233,.T.);
#6597=ORIENTED_EDGE('',*,*,#5234,.F.);
#6598=ORIENTED_EDGE('',*,*,#5235,.F.);
#6599=ORIENTED_EDGE('',*,*,#5236,.T.);
#6600=ORIENTED_EDGE('',*,*,#5235,.T.);
#6601=ORIENTED_EDGE('',*,*,#5237,.F.);
#6602=ORIENTED_EDGE('',*,*,#5238,.F.);
#6603=ORIENTED_EDGE('',*,*,#5239,.T.);
#6604=ORIENTED_EDGE('',*,*,#5238,.T.);
#6605=ORIENTED_EDGE('',*,*,#5240,.F.);
#6606=ORIENTED_EDGE('',*,*,#5241,.F.);
#6607=ORIENTED_EDGE('',*,*,#5242,.T.);
#6608=ORIENTED_EDGE('',*,*,#5241,.T.);
#6609=ORIENTED_EDGE('',*,*,#5243,.F.);
#6610=ORIENTED_EDGE('',*,*,#5244,.F.);
#6611=ORIENTED_EDGE('',*,*,#5245,.T.);
#6612=ORIENTED_EDGE('',*,*,#5244,.T.);
#6613=ORIENTED_EDGE('',*,*,#5246,.F.);
#6614=ORIENTED_EDGE('',*,*,#5247,.F.);
#6615=ORIENTED_EDGE('',*,*,#5248,.T.);
#6616=ORIENTED_EDGE('',*,*,#5247,.T.);
#6617=ORIENTED_EDGE('',*,*,#5249,.F.);
#6618=ORIENTED_EDGE('',*,*,#5233,.F.);
#6619=ORIENTED_EDGE('',*,*,#5250,.T.);
#6620=ORIENTED_EDGE('',*,*,#5251,.T.);
#6621=ORIENTED_EDGE('',*,*,#5252,.F.);
#6622=ORIENTED_EDGE('',*,*,#5253,.F.);
#6623=ORIENTED_EDGE('',*,*,#5254,.T.);
#6624=ORIENTED_EDGE('',*,*,#5253,.T.);
#6625=ORIENTED_EDGE('',*,*,#5255,.F.);
#6626=ORIENTED_EDGE('',*,*,#5256,.F.);
#6627=ORIENTED_EDGE('',*,*,#5257,.T.);
#6628=ORIENTED_EDGE('',*,*,#5256,.T.);
#6629=ORIENTED_EDGE('',*,*,#5258,.F.);
#6630=ORIENTED_EDGE('',*,*,#5251,.F.);
#6631=ORIENTED_EDGE('',*,*,#5259,.T.);
#6632=ORIENTED_EDGE('',*,*,#5260,.T.);
#6633=ORIENTED_EDGE('',*,*,#5261,.F.);
#6634=ORIENTED_EDGE('',*,*,#5262,.F.);
#6635=ORIENTED_EDGE('',*,*,#5263,.T.);
#6636=ORIENTED_EDGE('',*,*,#5262,.T.);
#6637=ORIENTED_EDGE('',*,*,#5264,.F.);
#6638=ORIENTED_EDGE('',*,*,#5265,.F.);
#6639=ORIENTED_EDGE('',*,*,#5266,.T.);
#6640=ORIENTED_EDGE('',*,*,#5265,.T.);
#6641=ORIENTED_EDGE('',*,*,#5267,.F.);
#6642=ORIENTED_EDGE('',*,*,#5268,.F.);
#6643=ORIENTED_EDGE('',*,*,#5269,.T.);
#6644=ORIENTED_EDGE('',*,*,#5268,.T.);
#6645=ORIENTED_EDGE('',*,*,#5270,.F.);
#6646=ORIENTED_EDGE('',*,*,#5271,.F.);
#6647=ORIENTED_EDGE('',*,*,#5272,.T.);
#6648=ORIENTED_EDGE('',*,*,#5271,.T.);
#6649=ORIENTED_EDGE('',*,*,#5273,.F.);
#6650=ORIENTED_EDGE('',*,*,#5260,.F.);
#6651=ORIENTED_EDGE('',*,*,#5274,.T.);
#6652=ORIENTED_EDGE('',*,*,#5275,.T.);
#6653=ORIENTED_EDGE('',*,*,#5276,.F.);
#6654=ORIENTED_EDGE('',*,*,#5277,.F.);
#6655=ORIENTED_EDGE('',*,*,#5278,.T.);
#6656=ORIENTED_EDGE('',*,*,#5277,.T.);
#6657=ORIENTED_EDGE('',*,*,#5279,.F.);
#6658=ORIENTED_EDGE('',*,*,#5280,.F.);
#6659=ORIENTED_EDGE('',*,*,#5281,.T.);
#6660=ORIENTED_EDGE('',*,*,#5280,.T.);
#6661=ORIENTED_EDGE('',*,*,#5282,.F.);
#6662=ORIENTED_EDGE('',*,*,#5283,.F.);
#6663=ORIENTED_EDGE('',*,*,#5284,.T.);
#6664=ORIENTED_EDGE('',*,*,#5283,.T.);
#6665=ORIENTED_EDGE('',*,*,#5285,.F.);
#6666=ORIENTED_EDGE('',*,*,#5286,.F.);
#6667=ORIENTED_EDGE('',*,*,#5287,.T.);
#6668=ORIENTED_EDGE('',*,*,#5286,.T.);
#6669=ORIENTED_EDGE('',*,*,#5288,.F.);
#6670=ORIENTED_EDGE('',*,*,#5289,.F.);
#6671=ORIENTED_EDGE('',*,*,#5290,.T.);
#6672=ORIENTED_EDGE('',*,*,#5289,.T.);
#6673=ORIENTED_EDGE('',*,*,#5291,.F.);
#6674=ORIENTED_EDGE('',*,*,#5275,.F.);
#6675=ORIENTED_EDGE('',*,*,#5292,.T.);
#6676=ORIENTED_EDGE('',*,*,#5293,.T.);
#6677=ORIENTED_EDGE('',*,*,#5294,.F.);
#6678=ORIENTED_EDGE('',*,*,#5295,.F.);
#6679=ORIENTED_EDGE('',*,*,#5296,.T.);
#6680=ORIENTED_EDGE('',*,*,#5295,.T.);
#6681=ORIENTED_EDGE('',*,*,#5297,.F.);
#6682=ORIENTED_EDGE('',*,*,#5298,.F.);
#6683=ORIENTED_EDGE('',*,*,#5299,.T.);
#6684=ORIENTED_EDGE('',*,*,#5298,.T.);
#6685=ORIENTED_EDGE('',*,*,#5300,.F.);
#6686=ORIENTED_EDGE('',*,*,#5301,.F.);
#6687=ORIENTED_EDGE('',*,*,#5302,.T.);
#6688=ORIENTED_EDGE('',*,*,#5301,.T.);
#6689=ORIENTED_EDGE('',*,*,#5303,.F.);
#6690=ORIENTED_EDGE('',*,*,#5304,.F.);
#6691=ORIENTED_EDGE('',*,*,#5305,.T.);
#6692=ORIENTED_EDGE('',*,*,#5304,.T.);
#6693=ORIENTED_EDGE('',*,*,#5306,.F.);
#6694=ORIENTED_EDGE('',*,*,#5307,.F.);
#6695=ORIENTED_EDGE('',*,*,#5308,.T.);
#6696=ORIENTED_EDGE('',*,*,#5307,.T.);
#6697=ORIENTED_EDGE('',*,*,#5309,.F.);
#6698=ORIENTED_EDGE('',*,*,#5293,.F.);
#6699=ORIENTED_EDGE('',*,*,#5310,.T.);
#6700=ORIENTED_EDGE('',*,*,#5311,.T.);
#6701=ORIENTED_EDGE('',*,*,#5312,.F.);
#6702=ORIENTED_EDGE('',*,*,#5313,.F.);
#6703=ORIENTED_EDGE('',*,*,#5314,.T.);
#6704=ORIENTED_EDGE('',*,*,#5313,.T.);
#6705=ORIENTED_EDGE('',*,*,#5315,.F.);
#6706=ORIENTED_EDGE('',*,*,#5316,.F.);
#6707=ORIENTED_EDGE('',*,*,#5317,.T.);
#6708=ORIENTED_EDGE('',*,*,#5316,.T.);
#6709=ORIENTED_EDGE('',*,*,#5318,.F.);
#6710=ORIENTED_EDGE('',*,*,#5319,.F.);
#6711=ORIENTED_EDGE('',*,*,#5320,.T.);
#6712=ORIENTED_EDGE('',*,*,#5319,.T.);
#6713=ORIENTED_EDGE('',*,*,#5321,.F.);
#6714=ORIENTED_EDGE('',*,*,#5311,.F.);
#6715=ORIENTED_EDGE('',*,*,#5322,.T.);
#6716=ORIENTED_EDGE('',*,*,#5323,.T.);
#6717=ORIENTED_EDGE('',*,*,#5324,.F.);
#6718=ORIENTED_EDGE('',*,*,#5325,.F.);
#6719=ORIENTED_EDGE('',*,*,#5326,.T.);
#6720=ORIENTED_EDGE('',*,*,#5325,.T.);
#6721=ORIENTED_EDGE('',*,*,#5327,.F.);
#6722=ORIENTED_EDGE('',*,*,#5328,.F.);
#6723=ORIENTED_EDGE('',*,*,#5329,.T.);
#6724=ORIENTED_EDGE('',*,*,#5328,.T.);
#6725=ORIENTED_EDGE('',*,*,#5330,.F.);
#6726=ORIENTED_EDGE('',*,*,#5331,.F.);
#6727=ORIENTED_EDGE('',*,*,#5332,.T.);
#6728=ORIENTED_EDGE('',*,*,#5331,.T.);
#6729=ORIENTED_EDGE('',*,*,#5333,.F.);
#6730=ORIENTED_EDGE('',*,*,#5334,.F.);
#6731=ORIENTED_EDGE('',*,*,#5335,.T.);
#6732=ORIENTED_EDGE('',*,*,#5334,.T.);
#6733=ORIENTED_EDGE('',*,*,#5336,.F.);
#6734=ORIENTED_EDGE('',*,*,#5337,.F.);
#6735=ORIENTED_EDGE('',*,*,#5338,.T.);
#6736=ORIENTED_EDGE('',*,*,#5337,.T.);
#6737=ORIENTED_EDGE('',*,*,#5339,.F.);
#6738=ORIENTED_EDGE('',*,*,#5323,.F.);
#6739=ORIENTED_EDGE('',*,*,#5340,.T.);
#6740=ORIENTED_EDGE('',*,*,#5341,.T.);
#6741=ORIENTED_EDGE('',*,*,#5342,.F.);
#6742=ORIENTED_EDGE('',*,*,#5343,.F.);
#6743=ORIENTED_EDGE('',*,*,#5344,.T.);
#6744=ORIENTED_EDGE('',*,*,#5343,.T.);
#6745=ORIENTED_EDGE('',*,*,#5345,.F.);
#6746=ORIENTED_EDGE('',*,*,#5346,.F.);
#6747=ORIENTED_EDGE('',*,*,#5347,.T.);
#6748=ORIENTED_EDGE('',*,*,#5346,.T.);
#6749=ORIENTED_EDGE('',*,*,#5348,.F.);
#6750=ORIENTED_EDGE('',*,*,#5349,.F.);
#6751=ORIENTED_EDGE('',*,*,#5350,.T.);
#6752=ORIENTED_EDGE('',*,*,#5349,.T.);
#6753=ORIENTED_EDGE('',*,*,#5351,.F.);
#6754=ORIENTED_EDGE('',*,*,#5352,.F.);
#6755=ORIENTED_EDGE('',*,*,#5353,.T.);
#6756=ORIENTED_EDGE('',*,*,#5352,.T.);
#6757=ORIENTED_EDGE('',*,*,#5354,.F.);
#6758=ORIENTED_EDGE('',*,*,#5355,.F.);
#6759=ORIENTED_EDGE('',*,*,#5356,.T.);
#6760=ORIENTED_EDGE('',*,*,#5355,.T.);
#6761=ORIENTED_EDGE('',*,*,#5357,.F.);
#6762=ORIENTED_EDGE('',*,*,#5341,.F.);
#6763=ORIENTED_EDGE('',*,*,#5358,.T.);
#6764=ORIENTED_EDGE('',*,*,#5359,.T.);
#6765=ORIENTED_EDGE('',*,*,#5360,.F.);
#6766=ORIENTED_EDGE('',*,*,#5361,.F.);
#6767=ORIENTED_EDGE('',*,*,#5362,.T.);
#6768=ORIENTED_EDGE('',*,*,#5361,.T.);
#6769=ORIENTED_EDGE('',*,*,#5363,.F.);
#6770=ORIENTED_EDGE('',*,*,#5364,.F.);
#6771=ORIENTED_EDGE('',*,*,#5365,.T.);
#6772=ORIENTED_EDGE('',*,*,#5364,.T.);
#6773=ORIENTED_EDGE('',*,*,#5366,.F.);
#6774=ORIENTED_EDGE('',*,*,#5367,.F.);
#6775=ORIENTED_EDGE('',*,*,#5368,.T.);
#6776=ORIENTED_EDGE('',*,*,#5367,.T.);
#6777=ORIENTED_EDGE('',*,*,#5369,.F.);
#6778=ORIENTED_EDGE('',*,*,#5370,.F.);
#6779=ORIENTED_EDGE('',*,*,#5371,.T.);
#6780=ORIENTED_EDGE('',*,*,#5370,.T.);
#6781=ORIENTED_EDGE('',*,*,#5372,.F.);
#6782=ORIENTED_EDGE('',*,*,#5359,.F.);
#6783=ORIENTED_EDGE('',*,*,#5373,.T.);
#6784=ORIENTED_EDGE('',*,*,#5374,.T.);
#6785=ORIENTED_EDGE('',*,*,#5375,.F.);
#6786=ORIENTED_EDGE('',*,*,#5376,.F.);
#6787=ORIENTED_EDGE('',*,*,#5377,.T.);
#6788=ORIENTED_EDGE('',*,*,#5376,.T.);
#6789=ORIENTED_EDGE('',*,*,#5378,.F.);
#6790=ORIENTED_EDGE('',*,*,#5379,.F.);
#6791=ORIENTED_EDGE('',*,*,#5380,.T.);
#6792=ORIENTED_EDGE('',*,*,#5379,.T.);
#6793=ORIENTED_EDGE('',*,*,#5381,.F.);
#6794=ORIENTED_EDGE('',*,*,#5382,.F.);
#6795=ORIENTED_EDGE('',*,*,#5383,.T.);
#6796=ORIENTED_EDGE('',*,*,#5382,.T.);
#6797=ORIENTED_EDGE('',*,*,#5384,.F.);
#6798=ORIENTED_EDGE('',*,*,#5385,.F.);
#6799=ORIENTED_EDGE('',*,*,#5386,.T.);
#6800=ORIENTED_EDGE('',*,*,#5385,.T.);
#6801=ORIENTED_EDGE('',*,*,#5387,.F.);
#6802=ORIENTED_EDGE('',*,*,#5388,.F.);
#6803=ORIENTED_EDGE('',*,*,#5389,.T.);
#6804=ORIENTED_EDGE('',*,*,#5388,.T.);
#6805=ORIENTED_EDGE('',*,*,#5390,.F.);
#6806=ORIENTED_EDGE('',*,*,#5374,.F.);
#6807=ORIENTED_EDGE('',*,*,#5391,.T.);
#6808=ORIENTED_EDGE('',*,*,#5392,.T.);
#6809=ORIENTED_EDGE('',*,*,#5393,.F.);
#6810=ORIENTED_EDGE('',*,*,#5394,.F.);
#6811=ORIENTED_EDGE('',*,*,#5395,.T.);
#6812=ORIENTED_EDGE('',*,*,#5394,.T.);
#6813=ORIENTED_EDGE('',*,*,#5396,.F.);
#6814=ORIENTED_EDGE('',*,*,#5397,.F.);
#6815=ORIENTED_EDGE('',*,*,#5398,.T.);
#6816=ORIENTED_EDGE('',*,*,#5397,.T.);
#6817=ORIENTED_EDGE('',*,*,#5399,.F.);
#6818=ORIENTED_EDGE('',*,*,#5400,.F.);
#6819=ORIENTED_EDGE('',*,*,#5401,.T.);
#6820=ORIENTED_EDGE('',*,*,#5400,.T.);
#6821=ORIENTED_EDGE('',*,*,#5402,.F.);
#6822=ORIENTED_EDGE('',*,*,#5403,.F.);
#6823=ORIENTED_EDGE('',*,*,#5404,.T.);
#6824=ORIENTED_EDGE('',*,*,#5403,.T.);
#6825=ORIENTED_EDGE('',*,*,#5405,.F.);
#6826=ORIENTED_EDGE('',*,*,#5406,.F.);
#6827=ORIENTED_EDGE('',*,*,#5407,.T.);
#6828=ORIENTED_EDGE('',*,*,#5406,.T.);
#6829=ORIENTED_EDGE('',*,*,#5408,.F.);
#6830=ORIENTED_EDGE('',*,*,#5392,.F.);
#6831=ORIENTED_EDGE('',*,*,#5409,.T.);
#6832=ORIENTED_EDGE('',*,*,#5410,.T.);
#6833=ORIENTED_EDGE('',*,*,#5411,.F.);
#6834=ORIENTED_EDGE('',*,*,#5412,.F.);
#6835=ORIENTED_EDGE('',*,*,#5413,.T.);
#6836=ORIENTED_EDGE('',*,*,#5412,.T.);
#6837=ORIENTED_EDGE('',*,*,#5414,.F.);
#6838=ORIENTED_EDGE('',*,*,#5415,.F.);
#6839=ORIENTED_EDGE('',*,*,#5416,.T.);
#6840=ORIENTED_EDGE('',*,*,#5415,.T.);
#6841=ORIENTED_EDGE('',*,*,#5417,.F.);
#6842=ORIENTED_EDGE('',*,*,#5418,.F.);
#6843=ORIENTED_EDGE('',*,*,#5419,.T.);
#6844=ORIENTED_EDGE('',*,*,#5418,.T.);
#6845=ORIENTED_EDGE('',*,*,#5420,.F.);
#6846=ORIENTED_EDGE('',*,*,#5421,.F.);
#6847=ORIENTED_EDGE('',*,*,#5422,.T.);
#6848=ORIENTED_EDGE('',*,*,#5421,.T.);
#6849=ORIENTED_EDGE('',*,*,#5423,.F.);
#6850=ORIENTED_EDGE('',*,*,#5424,.F.);
#6851=ORIENTED_EDGE('',*,*,#5425,.T.);
#6852=ORIENTED_EDGE('',*,*,#5424,.T.);
#6853=ORIENTED_EDGE('',*,*,#5426,.F.);
#6854=ORIENTED_EDGE('',*,*,#5410,.F.);
#6855=ORIENTED_EDGE('',*,*,#5427,.T.);
#6856=ORIENTED_EDGE('',*,*,#5428,.T.);
#6857=ORIENTED_EDGE('',*,*,#5429,.F.);
#6858=ORIENTED_EDGE('',*,*,#5430,.F.);
#6859=ORIENTED_EDGE('',*,*,#5431,.T.);
#6860=ORIENTED_EDGE('',*,*,#5430,.T.);
#6861=ORIENTED_EDGE('',*,*,#5432,.F.);
#6862=ORIENTED_EDGE('',*,*,#5433,.F.);
#6863=ORIENTED_EDGE('',*,*,#5434,.T.);
#6864=ORIENTED_EDGE('',*,*,#5433,.T.);
#6865=ORIENTED_EDGE('',*,*,#5435,.F.);
#6866=ORIENTED_EDGE('',*,*,#5428,.F.);
#6867=ORIENTED_EDGE('',*,*,#5436,.T.);
#6868=ORIENTED_EDGE('',*,*,#5437,.T.);
#6869=ORIENTED_EDGE('',*,*,#5438,.F.);
#6870=ORIENTED_EDGE('',*,*,#5439,.F.);
#6871=ORIENTED_EDGE('',*,*,#5440,.T.);
#6872=ORIENTED_EDGE('',*,*,#5439,.T.);
#6873=ORIENTED_EDGE('',*,*,#5441,.F.);
#6874=ORIENTED_EDGE('',*,*,#5442,.F.);
#6875=ORIENTED_EDGE('',*,*,#5443,.T.);
#6876=ORIENTED_EDGE('',*,*,#5442,.T.);
#6877=ORIENTED_EDGE('',*,*,#5444,.F.);
#6878=ORIENTED_EDGE('',*,*,#5445,.F.);
#6879=ORIENTED_EDGE('',*,*,#5446,.T.);
#6880=ORIENTED_EDGE('',*,*,#5445,.T.);
#6881=ORIENTED_EDGE('',*,*,#5447,.F.);
#6882=ORIENTED_EDGE('',*,*,#5437,.F.);
#6883=ORIENTED_EDGE('',*,*,#5448,.T.);
#6884=ORIENTED_EDGE('',*,*,#5449,.T.);
#6885=ORIENTED_EDGE('',*,*,#5450,.F.);
#6886=ORIENTED_EDGE('',*,*,#5451,.F.);
#6887=ORIENTED_EDGE('',*,*,#5452,.T.);
#6888=ORIENTED_EDGE('',*,*,#5451,.T.);
#6889=ORIENTED_EDGE('',*,*,#5453,.F.);
#6890=ORIENTED_EDGE('',*,*,#5454,.F.);
#6891=ORIENTED_EDGE('',*,*,#5455,.T.);
#6892=ORIENTED_EDGE('',*,*,#5454,.T.);
#6893=ORIENTED_EDGE('',*,*,#5456,.F.);
#6894=ORIENTED_EDGE('',*,*,#5457,.F.);
#6895=ORIENTED_EDGE('',*,*,#5458,.T.);
#6896=ORIENTED_EDGE('',*,*,#5457,.T.);
#6897=ORIENTED_EDGE('',*,*,#5459,.F.);
#6898=ORIENTED_EDGE('',*,*,#5460,.F.);
#6899=ORIENTED_EDGE('',*,*,#5461,.T.);
#6900=ORIENTED_EDGE('',*,*,#5460,.T.);
#6901=ORIENTED_EDGE('',*,*,#5462,.F.);
#6902=ORIENTED_EDGE('',*,*,#5463,.F.);
#6903=ORIENTED_EDGE('',*,*,#5464,.T.);
#6904=ORIENTED_EDGE('',*,*,#5463,.T.);
#6905=ORIENTED_EDGE('',*,*,#5465,.F.);
#6906=ORIENTED_EDGE('',*,*,#5449,.F.);
#6907=ORIENTED_EDGE('',*,*,#5466,.T.);
#6908=ORIENTED_EDGE('',*,*,#5467,.T.);
#6909=ORIENTED_EDGE('',*,*,#5468,.F.);
#6910=ORIENTED_EDGE('',*,*,#5469,.F.);
#6911=ORIENTED_EDGE('',*,*,#5470,.T.);
#6912=ORIENTED_EDGE('',*,*,#5469,.T.);
#6913=ORIENTED_EDGE('',*,*,#5471,.F.);
#6914=ORIENTED_EDGE('',*,*,#5472,.F.);
#6915=ORIENTED_EDGE('',*,*,#5473,.T.);
#6916=ORIENTED_EDGE('',*,*,#5472,.T.);
#6917=ORIENTED_EDGE('',*,*,#5474,.F.);
#6918=ORIENTED_EDGE('',*,*,#5467,.F.);
#6919=ORIENTED_EDGE('',*,*,#5475,.T.);
#6920=ORIENTED_EDGE('',*,*,#5476,.T.);
#6921=ORIENTED_EDGE('',*,*,#5477,.F.);
#6922=ORIENTED_EDGE('',*,*,#5478,.F.);
#6923=ORIENTED_EDGE('',*,*,#5479,.T.);
#6924=ORIENTED_EDGE('',*,*,#5478,.T.);
#6925=ORIENTED_EDGE('',*,*,#5480,.F.);
#6926=ORIENTED_EDGE('',*,*,#5481,.F.);
#6927=ORIENTED_EDGE('',*,*,#5482,.T.);
#6928=ORIENTED_EDGE('',*,*,#5481,.T.);
#6929=ORIENTED_EDGE('',*,*,#5483,.F.);
#6930=ORIENTED_EDGE('',*,*,#5484,.F.);
#6931=ORIENTED_EDGE('',*,*,#5485,.T.);
#6932=ORIENTED_EDGE('',*,*,#5484,.T.);
#6933=ORIENTED_EDGE('',*,*,#5486,.F.);
#6934=ORIENTED_EDGE('',*,*,#5476,.F.);
#6935=ORIENTED_EDGE('',*,*,#5487,.T.);
#6936=ORIENTED_EDGE('',*,*,#5488,.T.);
#6937=ORIENTED_EDGE('',*,*,#5489,.F.);
#6938=ORIENTED_EDGE('',*,*,#5490,.F.);
#6939=ORIENTED_EDGE('',*,*,#5491,.T.);
#6940=ORIENTED_EDGE('',*,*,#5490,.T.);
#6941=ORIENTED_EDGE('',*,*,#5492,.F.);
#6942=ORIENTED_EDGE('',*,*,#5493,.F.);
#6943=ORIENTED_EDGE('',*,*,#5494,.T.);
#6944=ORIENTED_EDGE('',*,*,#5493,.T.);
#6945=ORIENTED_EDGE('',*,*,#5495,.F.);
#6946=ORIENTED_EDGE('',*,*,#5496,.F.);
#6947=ORIENTED_EDGE('',*,*,#5497,.T.);
#6948=ORIENTED_EDGE('',*,*,#5496,.T.);
#6949=ORIENTED_EDGE('',*,*,#5498,.F.);
#6950=ORIENTED_EDGE('',*,*,#5488,.F.);
#6951=ORIENTED_EDGE('',*,*,#5499,.T.);
#6952=ORIENTED_EDGE('',*,*,#5500,.T.);
#6953=ORIENTED_EDGE('',*,*,#5501,.F.);
#6954=ORIENTED_EDGE('',*,*,#5502,.F.);
#6955=ORIENTED_EDGE('',*,*,#5503,.T.);
#6956=ORIENTED_EDGE('',*,*,#5502,.T.);
#6957=ORIENTED_EDGE('',*,*,#5504,.F.);
#6958=ORIENTED_EDGE('',*,*,#5505,.F.);
#6959=ORIENTED_EDGE('',*,*,#5506,.T.);
#6960=ORIENTED_EDGE('',*,*,#5505,.T.);
#6961=ORIENTED_EDGE('',*,*,#5507,.F.);
#6962=ORIENTED_EDGE('',*,*,#5508,.F.);
#6963=ORIENTED_EDGE('',*,*,#5509,.T.);
#6964=ORIENTED_EDGE('',*,*,#5508,.T.);
#6965=ORIENTED_EDGE('',*,*,#5510,.F.);
#6966=ORIENTED_EDGE('',*,*,#5511,.F.);
#6967=ORIENTED_EDGE('',*,*,#5512,.T.);
#6968=ORIENTED_EDGE('',*,*,#5511,.T.);
#6969=ORIENTED_EDGE('',*,*,#5513,.F.);
#6970=ORIENTED_EDGE('',*,*,#5514,.F.);
#6971=ORIENTED_EDGE('',*,*,#5515,.T.);
#6972=ORIENTED_EDGE('',*,*,#5514,.T.);
#6973=ORIENTED_EDGE('',*,*,#5516,.F.);
#6974=ORIENTED_EDGE('',*,*,#5500,.F.);
#6975=ORIENTED_EDGE('',*,*,#5517,.T.);
#6976=ORIENTED_EDGE('',*,*,#5518,.T.);
#6977=ORIENTED_EDGE('',*,*,#5519,.F.);
#6978=ORIENTED_EDGE('',*,*,#5520,.F.);
#6979=ORIENTED_EDGE('',*,*,#5521,.T.);
#6980=ORIENTED_EDGE('',*,*,#5520,.T.);
#6981=ORIENTED_EDGE('',*,*,#5522,.F.);
#6982=ORIENTED_EDGE('',*,*,#5523,.F.);
#6983=ORIENTED_EDGE('',*,*,#5524,.T.);
#6984=ORIENTED_EDGE('',*,*,#5523,.T.);
#6985=ORIENTED_EDGE('',*,*,#5525,.F.);
#6986=ORIENTED_EDGE('',*,*,#5526,.F.);
#6987=ORIENTED_EDGE('',*,*,#5527,.T.);
#6988=ORIENTED_EDGE('',*,*,#5526,.T.);
#6989=ORIENTED_EDGE('',*,*,#5528,.F.);
#6990=ORIENTED_EDGE('',*,*,#5518,.F.);
#6991=ORIENTED_EDGE('',*,*,#5529,.T.);
#6992=ORIENTED_EDGE('',*,*,#5530,.T.);
#6993=ORIENTED_EDGE('',*,*,#5531,.F.);
#6994=ORIENTED_EDGE('',*,*,#5532,.F.);
#6995=ORIENTED_EDGE('',*,*,#5533,.T.);
#6996=ORIENTED_EDGE('',*,*,#5532,.T.);
#6997=ORIENTED_EDGE('',*,*,#5534,.F.);
#6998=ORIENTED_EDGE('',*,*,#5535,.F.);
#6999=ORIENTED_EDGE('',*,*,#5536,.T.);
#7000=ORIENTED_EDGE('',*,*,#5535,.T.);
#7001=ORIENTED_EDGE('',*,*,#5537,.F.);
#7002=ORIENTED_EDGE('',*,*,#5530,.F.);
#7003=ORIENTED_EDGE('',*,*,#5538,.T.);
#7004=ORIENTED_EDGE('',*,*,#5539,.T.);
#7005=ORIENTED_EDGE('',*,*,#5540,.F.);
#7006=ORIENTED_EDGE('',*,*,#5541,.F.);
#7007=ORIENTED_EDGE('',*,*,#5542,.T.);
#7008=ORIENTED_EDGE('',*,*,#5541,.T.);
#7009=ORIENTED_EDGE('',*,*,#5543,.F.);
#7010=ORIENTED_EDGE('',*,*,#5544,.F.);
#7011=ORIENTED_EDGE('',*,*,#5545,.T.);
#7012=ORIENTED_EDGE('',*,*,#5544,.T.);
#7013=ORIENTED_EDGE('',*,*,#5546,.F.);
#7014=ORIENTED_EDGE('',*,*,#5547,.F.);
#7015=ORIENTED_EDGE('',*,*,#5548,.T.);
#7016=ORIENTED_EDGE('',*,*,#5547,.T.);
#7017=ORIENTED_EDGE('',*,*,#5549,.F.);
#7018=ORIENTED_EDGE('',*,*,#5550,.F.);
#7019=ORIENTED_EDGE('',*,*,#5551,.T.);
#7020=ORIENTED_EDGE('',*,*,#5550,.T.);
#7021=ORIENTED_EDGE('',*,*,#5552,.F.);
#7022=ORIENTED_EDGE('',*,*,#5539,.F.);
#7023=ORIENTED_EDGE('',*,*,#5553,.T.);
#7024=ORIENTED_EDGE('',*,*,#5554,.T.);
#7025=ORIENTED_EDGE('',*,*,#5555,.F.);
#7026=ORIENTED_EDGE('',*,*,#5556,.F.);
#7027=ORIENTED_EDGE('',*,*,#5557,.T.);
#7028=ORIENTED_EDGE('',*,*,#5556,.T.);
#7029=ORIENTED_EDGE('',*,*,#5558,.F.);
#7030=ORIENTED_EDGE('',*,*,#5559,.F.);
#7031=ORIENTED_EDGE('',*,*,#5560,.T.);
#7032=ORIENTED_EDGE('',*,*,#5559,.T.);
#7033=ORIENTED_EDGE('',*,*,#5561,.F.);
#7034=ORIENTED_EDGE('',*,*,#5554,.F.);
#7035=ORIENTED_EDGE('',*,*,#5562,.T.);
#7036=ORIENTED_EDGE('',*,*,#5563,.T.);
#7037=ORIENTED_EDGE('',*,*,#5564,.F.);
#7038=ORIENTED_EDGE('',*,*,#5565,.F.);
#7039=ORIENTED_EDGE('',*,*,#5566,.T.);
#7040=ORIENTED_EDGE('',*,*,#5565,.T.);
#7041=ORIENTED_EDGE('',*,*,#5567,.F.);
#7042=ORIENTED_EDGE('',*,*,#5568,.F.);
#7043=ORIENTED_EDGE('',*,*,#5569,.T.);
#7044=ORIENTED_EDGE('',*,*,#5568,.T.);
#7045=ORIENTED_EDGE('',*,*,#5570,.F.);
#7046=ORIENTED_EDGE('',*,*,#5571,.F.);
#7047=ORIENTED_EDGE('',*,*,#5572,.T.);
#7048=ORIENTED_EDGE('',*,*,#5571,.T.);
#7049=ORIENTED_EDGE('',*,*,#5573,.F.);
#7050=ORIENTED_EDGE('',*,*,#5574,.F.);
#7051=ORIENTED_EDGE('',*,*,#5575,.T.);
#7052=ORIENTED_EDGE('',*,*,#5574,.T.);
#7053=ORIENTED_EDGE('',*,*,#5576,.F.);
#7054=ORIENTED_EDGE('',*,*,#5577,.F.);
#7055=ORIENTED_EDGE('',*,*,#5578,.T.);
#7056=ORIENTED_EDGE('',*,*,#5577,.T.);
#7057=ORIENTED_EDGE('',*,*,#5579,.F.);
#7058=ORIENTED_EDGE('',*,*,#5563,.F.);
#7059=ORIENTED_EDGE('',*,*,#5580,.T.);
#7060=ORIENTED_EDGE('',*,*,#5581,.T.);
#7061=ORIENTED_EDGE('',*,*,#5582,.F.);
#7062=ORIENTED_EDGE('',*,*,#5583,.F.);
#7063=ORIENTED_EDGE('',*,*,#5584,.T.);
#7064=ORIENTED_EDGE('',*,*,#5583,.T.);
#7065=ORIENTED_EDGE('',*,*,#5585,.F.);
#7066=ORIENTED_EDGE('',*,*,#5586,.F.);
#7067=ORIENTED_EDGE('',*,*,#5587,.T.);
#7068=ORIENTED_EDGE('',*,*,#5586,.T.);
#7069=ORIENTED_EDGE('',*,*,#5588,.F.);
#7070=ORIENTED_EDGE('',*,*,#5589,.F.);
#7071=ORIENTED_EDGE('',*,*,#5590,.T.);
#7072=ORIENTED_EDGE('',*,*,#5589,.T.);
#7073=ORIENTED_EDGE('',*,*,#5591,.F.);
#7074=ORIENTED_EDGE('',*,*,#5592,.F.);
#7075=ORIENTED_EDGE('',*,*,#5593,.T.);
#7076=ORIENTED_EDGE('',*,*,#5592,.T.);
#7077=ORIENTED_EDGE('',*,*,#5594,.F.);
#7078=ORIENTED_EDGE('',*,*,#5595,.F.);
#7079=ORIENTED_EDGE('',*,*,#5596,.T.);
#7080=ORIENTED_EDGE('',*,*,#5595,.T.);
#7081=ORIENTED_EDGE('',*,*,#5597,.F.);
#7082=ORIENTED_EDGE('',*,*,#5581,.F.);
#7083=ORIENTED_EDGE('',*,*,#5598,.T.);
#7084=ORIENTED_EDGE('',*,*,#5599,.T.);
#7085=ORIENTED_EDGE('',*,*,#5600,.F.);
#7086=ORIENTED_EDGE('',*,*,#5601,.F.);
#7087=ORIENTED_EDGE('',*,*,#5602,.T.);
#7088=ORIENTED_EDGE('',*,*,#5601,.T.);
#7089=ORIENTED_EDGE('',*,*,#5603,.F.);
#7090=ORIENTED_EDGE('',*,*,#5604,.F.);
#7091=ORIENTED_EDGE('',*,*,#5605,.T.);
#7092=ORIENTED_EDGE('',*,*,#5604,.T.);
#7093=ORIENTED_EDGE('',*,*,#5606,.F.);
#7094=ORIENTED_EDGE('',*,*,#5607,.F.);
#7095=ORIENTED_EDGE('',*,*,#5608,.T.);
#7096=ORIENTED_EDGE('',*,*,#5607,.T.);
#7097=ORIENTED_EDGE('',*,*,#5609,.F.);
#7098=ORIENTED_EDGE('',*,*,#5610,.F.);
#7099=ORIENTED_EDGE('',*,*,#5611,.T.);
#7100=ORIENTED_EDGE('',*,*,#5610,.T.);
#7101=ORIENTED_EDGE('',*,*,#5612,.F.);
#7102=ORIENTED_EDGE('',*,*,#5613,.F.);
#7103=ORIENTED_EDGE('',*,*,#5614,.T.);
#7104=ORIENTED_EDGE('',*,*,#5613,.T.);
#7105=ORIENTED_EDGE('',*,*,#5615,.F.);
#7106=ORIENTED_EDGE('',*,*,#5599,.F.);
#7107=ORIENTED_EDGE('',*,*,#5616,.T.);
#7108=ORIENTED_EDGE('',*,*,#5617,.T.);
#7109=ORIENTED_EDGE('',*,*,#5618,.F.);
#7110=ORIENTED_EDGE('',*,*,#5619,.F.);
#7111=ORIENTED_EDGE('',*,*,#5620,.T.);
#7112=ORIENTED_EDGE('',*,*,#5619,.T.);
#7113=ORIENTED_EDGE('',*,*,#5621,.F.);
#7114=ORIENTED_EDGE('',*,*,#5622,.F.);
#7115=ORIENTED_EDGE('',*,*,#5623,.T.);
#7116=ORIENTED_EDGE('',*,*,#5622,.T.);
#7117=ORIENTED_EDGE('',*,*,#5624,.F.);
#7118=ORIENTED_EDGE('',*,*,#5625,.F.);
#7119=ORIENTED_EDGE('',*,*,#5626,.T.);
#7120=ORIENTED_EDGE('',*,*,#5625,.T.);
#7121=ORIENTED_EDGE('',*,*,#5627,.F.);
#7122=ORIENTED_EDGE('',*,*,#5628,.F.);
#7123=ORIENTED_EDGE('',*,*,#5629,.T.);
#7124=ORIENTED_EDGE('',*,*,#5628,.T.);
#7125=ORIENTED_EDGE('',*,*,#5630,.F.);
#7126=ORIENTED_EDGE('',*,*,#5617,.F.);
#7127=ORIENTED_EDGE('',*,*,#5631,.T.);
#7128=ORIENTED_EDGE('',*,*,#5632,.T.);
#7129=ORIENTED_EDGE('',*,*,#5633,.F.);
#7130=ORIENTED_EDGE('',*,*,#5634,.F.);
#7131=ORIENTED_EDGE('',*,*,#5635,.T.);
#7132=ORIENTED_EDGE('',*,*,#5634,.T.);
#7133=ORIENTED_EDGE('',*,*,#5636,.F.);
#7134=ORIENTED_EDGE('',*,*,#5637,.F.);
#7135=ORIENTED_EDGE('',*,*,#5638,.T.);
#7136=ORIENTED_EDGE('',*,*,#5637,.T.);
#7137=ORIENTED_EDGE('',*,*,#5639,.F.);
#7138=ORIENTED_EDGE('',*,*,#5640,.F.);
#7139=ORIENTED_EDGE('',*,*,#5641,.T.);
#7140=ORIENTED_EDGE('',*,*,#5640,.T.);
#7141=ORIENTED_EDGE('',*,*,#5642,.F.);
#7142=ORIENTED_EDGE('',*,*,#5643,.F.);
#7143=ORIENTED_EDGE('',*,*,#5644,.T.);
#7144=ORIENTED_EDGE('',*,*,#5643,.T.);
#7145=ORIENTED_EDGE('',*,*,#5645,.F.);
#7146=ORIENTED_EDGE('',*,*,#5646,.F.);
#7147=ORIENTED_EDGE('',*,*,#5647,.T.);
#7148=ORIENTED_EDGE('',*,*,#5646,.T.);
#7149=ORIENTED_EDGE('',*,*,#5648,.F.);
#7150=ORIENTED_EDGE('',*,*,#5632,.F.);
#7151=ORIENTED_EDGE('',*,*,#5649,.T.);
#7152=ORIENTED_EDGE('',*,*,#5650,.T.);
#7153=ORIENTED_EDGE('',*,*,#5651,.F.);
#7154=ORIENTED_EDGE('',*,*,#5652,.F.);
#7155=ORIENTED_EDGE('',*,*,#5653,.T.);
#7156=ORIENTED_EDGE('',*,*,#5652,.T.);
#7157=ORIENTED_EDGE('',*,*,#5654,.F.);
#7158=ORIENTED_EDGE('',*,*,#5655,.F.);
#7159=ORIENTED_EDGE('',*,*,#5656,.T.);
#7160=ORIENTED_EDGE('',*,*,#5655,.T.);
#7161=ORIENTED_EDGE('',*,*,#5657,.F.);
#7162=ORIENTED_EDGE('',*,*,#5658,.F.);
#7163=ORIENTED_EDGE('',*,*,#5659,.T.);
#7164=ORIENTED_EDGE('',*,*,#5658,.T.);
#7165=ORIENTED_EDGE('',*,*,#5660,.F.);
#7166=ORIENTED_EDGE('',*,*,#5650,.F.);
#7167=ORIENTED_EDGE('',*,*,#5661,.T.);
#7168=ORIENTED_EDGE('',*,*,#5662,.T.);
#7169=ORIENTED_EDGE('',*,*,#5663,.F.);
#7170=ORIENTED_EDGE('',*,*,#5664,.F.);
#7171=ORIENTED_EDGE('',*,*,#5665,.T.);
#7172=ORIENTED_EDGE('',*,*,#5664,.T.);
#7173=ORIENTED_EDGE('',*,*,#5666,.F.);
#7174=ORIENTED_EDGE('',*,*,#5667,.F.);
#7175=ORIENTED_EDGE('',*,*,#5668,.T.);
#7176=ORIENTED_EDGE('',*,*,#5667,.T.);
#7177=ORIENTED_EDGE('',*,*,#5669,.F.);
#7178=ORIENTED_EDGE('',*,*,#5670,.F.);
#7179=ORIENTED_EDGE('',*,*,#5671,.T.);
#7180=ORIENTED_EDGE('',*,*,#5670,.T.);
#7181=ORIENTED_EDGE('',*,*,#5672,.F.);
#7182=ORIENTED_EDGE('',*,*,#5673,.F.);
#7183=ORIENTED_EDGE('',*,*,#5674,.T.);
#7184=ORIENTED_EDGE('',*,*,#5673,.T.);
#7185=ORIENTED_EDGE('',*,*,#5675,.F.);
#7186=ORIENTED_EDGE('',*,*,#5676,.F.);
#7187=ORIENTED_EDGE('',*,*,#5677,.T.);
#7188=ORIENTED_EDGE('',*,*,#5676,.T.);
#7189=ORIENTED_EDGE('',*,*,#5678,.F.);
#7190=ORIENTED_EDGE('',*,*,#5662,.F.);
#7191=ORIENTED_EDGE('',*,*,#5679,.T.);
#7192=ORIENTED_EDGE('',*,*,#5680,.T.);
#7193=ORIENTED_EDGE('',*,*,#5681,.F.);
#7194=ORIENTED_EDGE('',*,*,#5682,.F.);
#7195=ORIENTED_EDGE('',*,*,#5683,.T.);
#7196=ORIENTED_EDGE('',*,*,#5682,.T.);
#7197=ORIENTED_EDGE('',*,*,#5684,.F.);
#7198=ORIENTED_EDGE('',*,*,#5685,.F.);
#7199=ORIENTED_EDGE('',*,*,#5686,.T.);
#7200=ORIENTED_EDGE('',*,*,#5685,.T.);
#7201=ORIENTED_EDGE('',*,*,#5687,.F.);
#7202=ORIENTED_EDGE('',*,*,#5688,.F.);
#7203=ORIENTED_EDGE('',*,*,#5689,.T.);
#7204=ORIENTED_EDGE('',*,*,#5688,.T.);
#7205=ORIENTED_EDGE('',*,*,#5690,.F.);
#7206=ORIENTED_EDGE('',*,*,#5691,.F.);
#7207=ORIENTED_EDGE('',*,*,#5692,.T.);
#7208=ORIENTED_EDGE('',*,*,#5691,.T.);
#7209=ORIENTED_EDGE('',*,*,#5693,.F.);
#7210=ORIENTED_EDGE('',*,*,#5680,.F.);
#7211=ORIENTED_EDGE('',*,*,#5694,.T.);
#7212=ORIENTED_EDGE('',*,*,#5695,.T.);
#7213=ORIENTED_EDGE('',*,*,#5696,.F.);
#7214=ORIENTED_EDGE('',*,*,#5697,.F.);
#7215=ORIENTED_EDGE('',*,*,#5698,.T.);
#7216=ORIENTED_EDGE('',*,*,#5697,.T.);
#7217=ORIENTED_EDGE('',*,*,#5699,.F.);
#7218=ORIENTED_EDGE('',*,*,#5700,.F.);
#7219=ORIENTED_EDGE('',*,*,#5701,.T.);
#7220=ORIENTED_EDGE('',*,*,#5700,.T.);
#7221=ORIENTED_EDGE('',*,*,#5702,.F.);
#7222=ORIENTED_EDGE('',*,*,#5703,.F.);
#7223=ORIENTED_EDGE('',*,*,#5704,.T.);
#7224=ORIENTED_EDGE('',*,*,#5703,.T.);
#7225=ORIENTED_EDGE('',*,*,#5705,.F.);
#7226=ORIENTED_EDGE('',*,*,#5706,.F.);
#7227=ORIENTED_EDGE('',*,*,#5707,.T.);
#7228=ORIENTED_EDGE('',*,*,#5706,.T.);
#7229=ORIENTED_EDGE('',*,*,#5708,.F.);
#7230=ORIENTED_EDGE('',*,*,#5709,.F.);
#7231=ORIENTED_EDGE('',*,*,#5710,.T.);
#7232=ORIENTED_EDGE('',*,*,#5709,.T.);
#7233=ORIENTED_EDGE('',*,*,#5711,.F.);
#7234=ORIENTED_EDGE('',*,*,#5695,.F.);
#7235=ORIENTED_EDGE('',*,*,#5712,.T.);
#7236=ORIENTED_EDGE('',*,*,#5713,.T.);
#7237=ORIENTED_EDGE('',*,*,#5714,.F.);
#7238=ORIENTED_EDGE('',*,*,#5715,.F.);
#7239=ORIENTED_EDGE('',*,*,#5716,.T.);
#7240=ORIENTED_EDGE('',*,*,#5715,.T.);
#7241=ORIENTED_EDGE('',*,*,#5717,.F.);
#7242=ORIENTED_EDGE('',*,*,#5718,.F.);
#7243=ORIENTED_EDGE('',*,*,#5719,.T.);
#7244=ORIENTED_EDGE('',*,*,#5718,.T.);
#7245=ORIENTED_EDGE('',*,*,#5720,.F.);
#7246=ORIENTED_EDGE('',*,*,#5721,.F.);
#7247=ORIENTED_EDGE('',*,*,#5722,.T.);
#7248=ORIENTED_EDGE('',*,*,#5721,.T.);
#7249=ORIENTED_EDGE('',*,*,#5723,.F.);
#7250=ORIENTED_EDGE('',*,*,#5724,.F.);
#7251=ORIENTED_EDGE('',*,*,#5725,.T.);
#7252=ORIENTED_EDGE('',*,*,#5724,.T.);
#7253=ORIENTED_EDGE('',*,*,#5726,.F.);
#7254=ORIENTED_EDGE('',*,*,#5727,.F.);
#7255=ORIENTED_EDGE('',*,*,#5728,.T.);
#7256=ORIENTED_EDGE('',*,*,#5727,.T.);
#7257=ORIENTED_EDGE('',*,*,#5729,.F.);
#7258=ORIENTED_EDGE('',*,*,#5713,.F.);
#7259=ORIENTED_EDGE('',*,*,#5730,.T.);
#7260=ORIENTED_EDGE('',*,*,#5731,.T.);
#7261=ORIENTED_EDGE('',*,*,#5732,.F.);
#7262=ORIENTED_EDGE('',*,*,#5733,.F.);
#7263=ORIENTED_EDGE('',*,*,#5734,.T.);
#7264=ORIENTED_EDGE('',*,*,#5733,.T.);
#7265=ORIENTED_EDGE('',*,*,#5735,.F.);
#7266=ORIENTED_EDGE('',*,*,#5736,.F.);
#7267=ORIENTED_EDGE('',*,*,#5737,.T.);
#7268=ORIENTED_EDGE('',*,*,#5736,.T.);
#7269=ORIENTED_EDGE('',*,*,#5738,.F.);
#7270=ORIENTED_EDGE('',*,*,#5739,.F.);
#7271=ORIENTED_EDGE('',*,*,#5740,.T.);
#7272=ORIENTED_EDGE('',*,*,#5739,.T.);
#7273=ORIENTED_EDGE('',*,*,#5741,.F.);
#7274=ORIENTED_EDGE('',*,*,#5742,.F.);
#7275=ORIENTED_EDGE('',*,*,#5743,.T.);
#7276=ORIENTED_EDGE('',*,*,#5742,.T.);
#7277=ORIENTED_EDGE('',*,*,#5744,.F.);
#7278=ORIENTED_EDGE('',*,*,#5745,.F.);
#7279=ORIENTED_EDGE('',*,*,#5746,.T.);
#7280=ORIENTED_EDGE('',*,*,#5745,.T.);
#7281=ORIENTED_EDGE('',*,*,#5747,.F.);
#7282=ORIENTED_EDGE('',*,*,#5731,.F.);
#7283=ORIENTED_EDGE('',*,*,#5748,.T.);
#7284=ORIENTED_EDGE('',*,*,#5749,.T.);
#7285=ORIENTED_EDGE('',*,*,#5750,.F.);
#7286=ORIENTED_EDGE('',*,*,#5751,.F.);
#7287=ORIENTED_EDGE('',*,*,#5752,.T.);
#7288=ORIENTED_EDGE('',*,*,#5751,.T.);
#7289=ORIENTED_EDGE('',*,*,#5753,.F.);
#7290=ORIENTED_EDGE('',*,*,#5754,.F.);
#7291=ORIENTED_EDGE('',*,*,#5755,.T.);
#7292=ORIENTED_EDGE('',*,*,#5754,.T.);
#7293=ORIENTED_EDGE('',*,*,#5756,.F.);
#7294=ORIENTED_EDGE('',*,*,#5757,.F.);
#7295=ORIENTED_EDGE('',*,*,#5758,.T.);
#7296=ORIENTED_EDGE('',*,*,#5757,.T.);
#7297=ORIENTED_EDGE('',*,*,#5759,.F.);
#7298=ORIENTED_EDGE('',*,*,#5760,.F.);
#7299=ORIENTED_EDGE('',*,*,#5761,.T.);
#7300=ORIENTED_EDGE('',*,*,#5760,.T.);
#7301=ORIENTED_EDGE('',*,*,#5762,.F.);
#7302=ORIENTED_EDGE('',*,*,#5763,.F.);
#7303=ORIENTED_EDGE('',*,*,#5764,.T.);
#7304=ORIENTED_EDGE('',*,*,#5763,.T.);
#7305=ORIENTED_EDGE('',*,*,#5765,.F.);
#7306=ORIENTED_EDGE('',*,*,#5749,.F.);
#7307=ORIENTED_EDGE('',*,*,#5766,.T.);
#7308=ORIENTED_EDGE('',*,*,#5767,.T.);
#7309=ORIENTED_EDGE('',*,*,#5768,.F.);
#7310=ORIENTED_EDGE('',*,*,#5769,.F.);
#7311=ORIENTED_EDGE('',*,*,#5770,.T.);
#7312=ORIENTED_EDGE('',*,*,#5769,.T.);
#7313=ORIENTED_EDGE('',*,*,#5771,.F.);
#7314=ORIENTED_EDGE('',*,*,#5772,.F.);
#7315=ORIENTED_EDGE('',*,*,#5773,.T.);
#7316=ORIENTED_EDGE('',*,*,#5772,.T.);
#7317=ORIENTED_EDGE('',*,*,#5774,.F.);
#7318=ORIENTED_EDGE('',*,*,#5775,.F.);
#7319=ORIENTED_EDGE('',*,*,#5776,.T.);
#7320=ORIENTED_EDGE('',*,*,#5775,.T.);
#7321=ORIENTED_EDGE('',*,*,#5777,.F.);
#7322=ORIENTED_EDGE('',*,*,#5778,.F.);
#7323=ORIENTED_EDGE('',*,*,#5779,.T.);
#7324=ORIENTED_EDGE('',*,*,#5778,.T.);
#7325=ORIENTED_EDGE('',*,*,#5780,.F.);
#7326=ORIENTED_EDGE('',*,*,#5781,.F.);
#7327=ORIENTED_EDGE('',*,*,#5782,.T.);
#7328=ORIENTED_EDGE('',*,*,#5781,.T.);
#7329=ORIENTED_EDGE('',*,*,#5783,.F.);
#7330=ORIENTED_EDGE('',*,*,#5767,.F.);
#7331=ORIENTED_EDGE('',*,*,#5784,.T.);
#7332=ORIENTED_EDGE('',*,*,#5785,.T.);
#7333=ORIENTED_EDGE('',*,*,#5786,.F.);
#7334=ORIENTED_EDGE('',*,*,#5787,.F.);
#7335=ORIENTED_EDGE('',*,*,#5788,.T.);
#7336=ORIENTED_EDGE('',*,*,#5787,.T.);
#7337=ORIENTED_EDGE('',*,*,#5789,.F.);
#7338=ORIENTED_EDGE('',*,*,#5790,.F.);
#7339=ORIENTED_EDGE('',*,*,#5791,.T.);
#7340=ORIENTED_EDGE('',*,*,#5790,.T.);
#7341=ORIENTED_EDGE('',*,*,#5792,.F.);
#7342=ORIENTED_EDGE('',*,*,#5793,.F.);
#7343=ORIENTED_EDGE('',*,*,#5794,.T.);
#7344=ORIENTED_EDGE('',*,*,#5793,.T.);
#7345=ORIENTED_EDGE('',*,*,#5795,.F.);
#7346=ORIENTED_EDGE('',*,*,#5796,.F.);
#7347=ORIENTED_EDGE('',*,*,#5797,.T.);
#7348=ORIENTED_EDGE('',*,*,#5796,.T.);
#7349=ORIENTED_EDGE('',*,*,#5798,.F.);
#7350=ORIENTED_EDGE('',*,*,#5799,.F.);
#7351=ORIENTED_EDGE('',*,*,#5800,.T.);
#7352=ORIENTED_EDGE('',*,*,#5799,.T.);
#7353=ORIENTED_EDGE('',*,*,#5801,.F.);
#7354=ORIENTED_EDGE('',*,*,#5785,.F.);
#7355=ORIENTED_EDGE('',*,*,#5802,.T.);
#7356=ORIENTED_EDGE('',*,*,#5803,.T.);
#7357=ORIENTED_EDGE('',*,*,#5804,.F.);
#7358=ORIENTED_EDGE('',*,*,#5805,.F.);
#7359=ORIENTED_EDGE('',*,*,#5806,.T.);
#7360=ORIENTED_EDGE('',*,*,#5805,.T.);
#7361=ORIENTED_EDGE('',*,*,#5807,.F.);
#7362=ORIENTED_EDGE('',*,*,#5808,.F.);
#7363=ORIENTED_EDGE('',*,*,#5809,.T.);
#7364=ORIENTED_EDGE('',*,*,#5808,.T.);
#7365=ORIENTED_EDGE('',*,*,#5810,.F.);
#7366=ORIENTED_EDGE('',*,*,#5811,.F.);
#7367=ORIENTED_EDGE('',*,*,#5812,.T.);
#7368=ORIENTED_EDGE('',*,*,#5811,.T.);
#7369=ORIENTED_EDGE('',*,*,#5813,.F.);
#7370=ORIENTED_EDGE('',*,*,#5814,.F.);
#7371=ORIENTED_EDGE('',*,*,#5815,.T.);
#7372=ORIENTED_EDGE('',*,*,#5814,.T.);
#7373=ORIENTED_EDGE('',*,*,#5816,.F.);
#7374=ORIENTED_EDGE('',*,*,#5803,.F.);
#7375=ORIENTED_EDGE('',*,*,#5817,.T.);
#7376=ORIENTED_EDGE('',*,*,#5818,.T.);
#7377=ORIENTED_EDGE('',*,*,#5819,.F.);
#7378=ORIENTED_EDGE('',*,*,#5820,.F.);
#7379=ORIENTED_EDGE('',*,*,#5821,.T.);
#7380=ORIENTED_EDGE('',*,*,#5820,.T.);
#7381=ORIENTED_EDGE('',*,*,#5822,.F.);
#7382=ORIENTED_EDGE('',*,*,#5823,.F.);
#7383=ORIENTED_EDGE('',*,*,#5824,.T.);
#7384=ORIENTED_EDGE('',*,*,#5823,.T.);
#7385=ORIENTED_EDGE('',*,*,#5825,.F.);
#7386=ORIENTED_EDGE('',*,*,#5826,.F.);
#7387=ORIENTED_EDGE('',*,*,#5827,.T.);
#7388=ORIENTED_EDGE('',*,*,#5826,.T.);
#7389=ORIENTED_EDGE('',*,*,#5828,.F.);
#7390=ORIENTED_EDGE('',*,*,#5829,.F.);
#7391=ORIENTED_EDGE('',*,*,#5830,.T.);
#7392=ORIENTED_EDGE('',*,*,#5829,.T.);
#7393=ORIENTED_EDGE('',*,*,#5831,.F.);
#7394=ORIENTED_EDGE('',*,*,#5832,.F.);
#7395=ORIENTED_EDGE('',*,*,#5833,.T.);
#7396=ORIENTED_EDGE('',*,*,#5832,.T.);
#7397=ORIENTED_EDGE('',*,*,#5834,.F.);
#7398=ORIENTED_EDGE('',*,*,#5818,.F.);
#7399=ORIENTED_EDGE('',*,*,#5835,.T.);
#7400=ORIENTED_EDGE('',*,*,#5836,.T.);
#7401=ORIENTED_EDGE('',*,*,#5837,.F.);
#7402=ORIENTED_EDGE('',*,*,#5838,.F.);
#7403=ORIENTED_EDGE('',*,*,#5839,.T.);
#7404=ORIENTED_EDGE('',*,*,#5838,.T.);
#7405=ORIENTED_EDGE('',*,*,#5840,.F.);
#7406=ORIENTED_EDGE('',*,*,#5841,.F.);
#7407=ORIENTED_EDGE('',*,*,#5842,.T.);
#7408=ORIENTED_EDGE('',*,*,#5841,.T.);
#7409=ORIENTED_EDGE('',*,*,#5843,.F.);
#7410=ORIENTED_EDGE('',*,*,#5844,.F.);
#7411=ORIENTED_EDGE('',*,*,#5845,.T.);
#7412=ORIENTED_EDGE('',*,*,#5844,.T.);
#7413=ORIENTED_EDGE('',*,*,#5846,.F.);
#7414=ORIENTED_EDGE('',*,*,#5847,.F.);
#7415=ORIENTED_EDGE('',*,*,#5848,.T.);
#7416=ORIENTED_EDGE('',*,*,#5847,.T.);
#7417=ORIENTED_EDGE('',*,*,#5849,.F.);
#7418=ORIENTED_EDGE('',*,*,#5850,.F.);
#7419=ORIENTED_EDGE('',*,*,#5851,.T.);
#7420=ORIENTED_EDGE('',*,*,#5850,.T.);
#7421=ORIENTED_EDGE('',*,*,#5852,.F.);
#7422=ORIENTED_EDGE('',*,*,#5836,.F.);
#7423=ORIENTED_EDGE('',*,*,#5853,.T.);
#7424=ORIENTED_EDGE('',*,*,#5854,.T.);
#7425=ORIENTED_EDGE('',*,*,#5855,.F.);
#7426=ORIENTED_EDGE('',*,*,#5856,.F.);
#7427=ORIENTED_EDGE('',*,*,#5857,.T.);
#7428=ORIENTED_EDGE('',*,*,#5856,.T.);
#7429=ORIENTED_EDGE('',*,*,#5858,.F.);
#7430=ORIENTED_EDGE('',*,*,#5859,.F.);
#7431=ORIENTED_EDGE('',*,*,#5860,.T.);
#7432=ORIENTED_EDGE('',*,*,#5859,.T.);
#7433=ORIENTED_EDGE('',*,*,#5861,.F.);
#7434=ORIENTED_EDGE('',*,*,#5862,.F.);
#7435=ORIENTED_EDGE('',*,*,#5863,.T.);
#7436=ORIENTED_EDGE('',*,*,#5862,.T.);
#7437=ORIENTED_EDGE('',*,*,#5864,.F.);
#7438=ORIENTED_EDGE('',*,*,#5865,.F.);
#7439=ORIENTED_EDGE('',*,*,#5866,.T.);
#7440=ORIENTED_EDGE('',*,*,#5865,.T.);
#7441=ORIENTED_EDGE('',*,*,#5867,.F.);
#7442=ORIENTED_EDGE('',*,*,#5868,.F.);
#7443=ORIENTED_EDGE('',*,*,#5869,.T.);
#7444=ORIENTED_EDGE('',*,*,#5868,.T.);
#7445=ORIENTED_EDGE('',*,*,#5870,.F.);
#7446=ORIENTED_EDGE('',*,*,#5854,.F.);
#7447=ORIENTED_EDGE('',*,*,#5871,.T.);
#7448=ORIENTED_EDGE('',*,*,#5872,.T.);
#7449=ORIENTED_EDGE('',*,*,#5873,.F.);
#7450=ORIENTED_EDGE('',*,*,#5874,.F.);
#7451=ORIENTED_EDGE('',*,*,#5875,.T.);
#7452=ORIENTED_EDGE('',*,*,#5874,.T.);
#7453=ORIENTED_EDGE('',*,*,#5876,.F.);
#7454=ORIENTED_EDGE('',*,*,#5877,.F.);
#7455=ORIENTED_EDGE('',*,*,#5878,.T.);
#7456=ORIENTED_EDGE('',*,*,#5877,.T.);
#7457=ORIENTED_EDGE('',*,*,#5879,.F.);
#7458=ORIENTED_EDGE('',*,*,#5880,.F.);
#7459=ORIENTED_EDGE('',*,*,#5881,.T.);
#7460=ORIENTED_EDGE('',*,*,#5880,.T.);
#7461=ORIENTED_EDGE('',*,*,#5882,.F.);
#7462=ORIENTED_EDGE('',*,*,#5872,.F.);
#7463=ORIENTED_EDGE('',*,*,#5883,.T.);
#7464=ORIENTED_EDGE('',*,*,#5884,.T.);
#7465=ORIENTED_EDGE('',*,*,#5885,.F.);
#7466=ORIENTED_EDGE('',*,*,#5886,.F.);
#7467=ORIENTED_EDGE('',*,*,#5887,.T.);
#7468=ORIENTED_EDGE('',*,*,#5886,.T.);
#7469=ORIENTED_EDGE('',*,*,#5888,.F.);
#7470=ORIENTED_EDGE('',*,*,#5889,.F.);
#7471=ORIENTED_EDGE('',*,*,#5890,.T.);
#7472=ORIENTED_EDGE('',*,*,#5889,.T.);
#7473=ORIENTED_EDGE('',*,*,#5891,.F.);
#7474=ORIENTED_EDGE('',*,*,#5892,.F.);
#7475=ORIENTED_EDGE('',*,*,#5893,.T.);
#7476=ORIENTED_EDGE('',*,*,#5892,.T.);
#7477=ORIENTED_EDGE('',*,*,#5894,.F.);
#7478=ORIENTED_EDGE('',*,*,#5895,.F.);
#7479=ORIENTED_EDGE('',*,*,#5896,.T.);
#7480=ORIENTED_EDGE('',*,*,#5895,.T.);
#7481=ORIENTED_EDGE('',*,*,#5897,.F.);
#7482=ORIENTED_EDGE('',*,*,#5898,.F.);
#7483=ORIENTED_EDGE('',*,*,#5899,.T.);
#7484=ORIENTED_EDGE('',*,*,#5898,.T.);
#7485=ORIENTED_EDGE('',*,*,#5900,.F.);
#7486=ORIENTED_EDGE('',*,*,#5884,.F.);
#7487=ORIENTED_EDGE('',*,*,#5901,.T.);
#7488=ORIENTED_EDGE('',*,*,#5902,.T.);
#7489=ORIENTED_EDGE('',*,*,#5903,.F.);
#7490=ORIENTED_EDGE('',*,*,#5904,.F.);
#7491=ORIENTED_EDGE('',*,*,#5905,.T.);
#7492=ORIENTED_EDGE('',*,*,#5904,.T.);
#7493=ORIENTED_EDGE('',*,*,#5906,.F.);
#7494=ORIENTED_EDGE('',*,*,#5907,.F.);
#7495=ORIENTED_EDGE('',*,*,#5908,.T.);
#7496=ORIENTED_EDGE('',*,*,#5907,.T.);
#7497=ORIENTED_EDGE('',*,*,#5909,.F.);
#7498=ORIENTED_EDGE('',*,*,#5910,.F.);
#7499=ORIENTED_EDGE('',*,*,#5911,.T.);
#7500=ORIENTED_EDGE('',*,*,#5910,.T.);
#7501=ORIENTED_EDGE('',*,*,#5912,.F.);
#7502=ORIENTED_EDGE('',*,*,#5913,.F.);
#7503=ORIENTED_EDGE('',*,*,#5914,.T.);
#7504=ORIENTED_EDGE('',*,*,#5913,.T.);
#7505=ORIENTED_EDGE('',*,*,#5915,.F.);
#7506=ORIENTED_EDGE('',*,*,#5916,.F.);
#7507=ORIENTED_EDGE('',*,*,#5917,.T.);
#7508=ORIENTED_EDGE('',*,*,#5916,.T.);
#7509=ORIENTED_EDGE('',*,*,#5918,.F.);
#7510=ORIENTED_EDGE('',*,*,#5902,.F.);
#7511=ORIENTED_EDGE('',*,*,#5919,.T.);
#7512=ORIENTED_EDGE('',*,*,#5920,.T.);
#7513=ORIENTED_EDGE('',*,*,#5921,.F.);
#7514=ORIENTED_EDGE('',*,*,#5922,.F.);
#7515=ORIENTED_EDGE('',*,*,#5923,.T.);
#7516=ORIENTED_EDGE('',*,*,#5922,.T.);
#7517=ORIENTED_EDGE('',*,*,#5924,.F.);
#7518=ORIENTED_EDGE('',*,*,#5925,.F.);
#7519=ORIENTED_EDGE('',*,*,#5926,.T.);
#7520=ORIENTED_EDGE('',*,*,#5925,.T.);
#7521=ORIENTED_EDGE('',*,*,#5927,.F.);
#7522=ORIENTED_EDGE('',*,*,#5920,.F.);
#7523=ORIENTED_EDGE('',*,*,#5928,.T.);
#7524=ORIENTED_EDGE('',*,*,#5929,.T.);
#7525=ORIENTED_EDGE('',*,*,#5930,.F.);
#7526=ORIENTED_EDGE('',*,*,#5931,.F.);
#7527=ORIENTED_EDGE('',*,*,#5932,.T.);
#7528=ORIENTED_EDGE('',*,*,#5931,.T.);
#7529=ORIENTED_EDGE('',*,*,#5933,.F.);
#7530=ORIENTED_EDGE('',*,*,#5934,.F.);
#7531=ORIENTED_EDGE('',*,*,#5935,.T.);
#7532=ORIENTED_EDGE('',*,*,#5934,.T.);
#7533=ORIENTED_EDGE('',*,*,#5936,.F.);
#7534=ORIENTED_EDGE('',*,*,#5937,.F.);
#7535=ORIENTED_EDGE('',*,*,#5938,.T.);
#7536=ORIENTED_EDGE('',*,*,#5937,.T.);
#7537=ORIENTED_EDGE('',*,*,#5939,.F.);
#7538=ORIENTED_EDGE('',*,*,#5940,.F.);
#7539=ORIENTED_EDGE('',*,*,#5941,.T.);
#7540=ORIENTED_EDGE('',*,*,#5940,.T.);
#7541=ORIENTED_EDGE('',*,*,#5942,.F.);
#7542=ORIENTED_EDGE('',*,*,#5943,.F.);
#7543=ORIENTED_EDGE('',*,*,#5944,.T.);
#7544=ORIENTED_EDGE('',*,*,#5943,.T.);
#7545=ORIENTED_EDGE('',*,*,#5945,.F.);
#7546=ORIENTED_EDGE('',*,*,#5929,.F.);
#7547=ORIENTED_EDGE('',*,*,#5946,.T.);
#7548=ORIENTED_EDGE('',*,*,#5947,.T.);
#7549=ORIENTED_EDGE('',*,*,#5948,.F.);
#7550=ORIENTED_EDGE('',*,*,#5949,.F.);
#7551=ORIENTED_EDGE('',*,*,#5950,.T.);
#7552=ORIENTED_EDGE('',*,*,#5949,.T.);
#7553=ORIENTED_EDGE('',*,*,#5951,.F.);
#7554=ORIENTED_EDGE('',*,*,#5952,.F.);
#7555=ORIENTED_EDGE('',*,*,#5953,.T.);
#7556=ORIENTED_EDGE('',*,*,#5952,.T.);
#7557=ORIENTED_EDGE('',*,*,#5954,.F.);
#7558=ORIENTED_EDGE('',*,*,#5955,.F.);
#7559=ORIENTED_EDGE('',*,*,#5956,.T.);
#7560=ORIENTED_EDGE('',*,*,#5955,.T.);
#7561=ORIENTED_EDGE('',*,*,#5957,.F.);
#7562=ORIENTED_EDGE('',*,*,#5958,.F.);
#7563=ORIENTED_EDGE('',*,*,#5959,.T.);
#7564=ORIENTED_EDGE('',*,*,#5958,.T.);
#7565=ORIENTED_EDGE('',*,*,#5960,.F.);
#7566=ORIENTED_EDGE('',*,*,#5961,.F.);
#7567=ORIENTED_EDGE('',*,*,#5962,.T.);
#7568=ORIENTED_EDGE('',*,*,#5961,.T.);
#7569=ORIENTED_EDGE('',*,*,#5963,.F.);
#7570=ORIENTED_EDGE('',*,*,#5947,.F.);
#7571=ORIENTED_EDGE('',*,*,#5964,.T.);
#7572=ORIENTED_EDGE('',*,*,#5965,.T.);
#7573=ORIENTED_EDGE('',*,*,#5966,.F.);
#7574=ORIENTED_EDGE('',*,*,#5967,.F.);
#7575=ORIENTED_EDGE('',*,*,#5968,.T.);
#7576=ORIENTED_EDGE('',*,*,#5967,.T.);
#7577=ORIENTED_EDGE('',*,*,#5969,.F.);
#7578=ORIENTED_EDGE('',*,*,#5970,.F.);
#7579=ORIENTED_EDGE('',*,*,#5971,.T.);
#7580=ORIENTED_EDGE('',*,*,#5970,.T.);
#7581=ORIENTED_EDGE('',*,*,#5972,.F.);
#7582=ORIENTED_EDGE('',*,*,#5973,.F.);
#7583=ORIENTED_EDGE('',*,*,#5974,.T.);
#7584=ORIENTED_EDGE('',*,*,#5973,.T.);
#7585=ORIENTED_EDGE('',*,*,#5975,.F.);
#7586=ORIENTED_EDGE('',*,*,#5976,.F.);
#7587=ORIENTED_EDGE('',*,*,#5977,.T.);
#7588=ORIENTED_EDGE('',*,*,#5976,.T.);
#7589=ORIENTED_EDGE('',*,*,#5978,.F.);
#7590=ORIENTED_EDGE('',*,*,#5979,.F.);
#7591=ORIENTED_EDGE('',*,*,#5980,.T.);
#7592=ORIENTED_EDGE('',*,*,#5979,.T.);
#7593=ORIENTED_EDGE('',*,*,#5981,.F.);
#7594=ORIENTED_EDGE('',*,*,#5965,.F.);
#7595=ORIENTED_EDGE('',*,*,#5982,.T.);
#7596=ORIENTED_EDGE('',*,*,#5983,.T.);
#7597=ORIENTED_EDGE('',*,*,#5984,.F.);
#7598=ORIENTED_EDGE('',*,*,#5985,.F.);
#7599=ORIENTED_EDGE('',*,*,#5986,.T.);
#7600=ORIENTED_EDGE('',*,*,#5985,.T.);
#7601=ORIENTED_EDGE('',*,*,#5987,.F.);
#7602=ORIENTED_EDGE('',*,*,#5988,.F.);
#7603=ORIENTED_EDGE('',*,*,#5989,.T.);
#7604=ORIENTED_EDGE('',*,*,#5988,.T.);
#7605=ORIENTED_EDGE('',*,*,#5990,.F.);
#7606=ORIENTED_EDGE('',*,*,#5991,.F.);
#7607=ORIENTED_EDGE('',*,*,#5992,.T.);
#7608=ORIENTED_EDGE('',*,*,#5991,.T.);
#7609=ORIENTED_EDGE('',*,*,#5993,.F.);
#7610=ORIENTED_EDGE('',*,*,#5994,.F.);
#7611=ORIENTED_EDGE('',*,*,#5995,.T.);
#7612=ORIENTED_EDGE('',*,*,#5994,.T.);
#7613=ORIENTED_EDGE('',*,*,#5996,.F.);
#7614=ORIENTED_EDGE('',*,*,#5997,.F.);
#7615=ORIENTED_EDGE('',*,*,#5998,.T.);
#7616=ORIENTED_EDGE('',*,*,#5997,.T.);
#7617=ORIENTED_EDGE('',*,*,#5999,.F.);
#7618=ORIENTED_EDGE('',*,*,#5983,.F.);
#7619=ORIENTED_EDGE('',*,*,#6000,.T.);
#7620=ORIENTED_EDGE('',*,*,#6001,.T.);
#7621=ORIENTED_EDGE('',*,*,#6002,.F.);
#7622=ORIENTED_EDGE('',*,*,#6003,.F.);
#7623=ORIENTED_EDGE('',*,*,#6004,.T.);
#7624=ORIENTED_EDGE('',*,*,#6003,.T.);
#7625=ORIENTED_EDGE('',*,*,#6005,.F.);
#7626=ORIENTED_EDGE('',*,*,#6006,.F.);
#7627=ORIENTED_EDGE('',*,*,#6007,.T.);
#7628=ORIENTED_EDGE('',*,*,#6006,.T.);
#7629=ORIENTED_EDGE('',*,*,#6008,.F.);
#7630=ORIENTED_EDGE('',*,*,#6009,.F.);
#7631=ORIENTED_EDGE('',*,*,#6010,.T.);
#7632=ORIENTED_EDGE('',*,*,#6009,.T.);
#7633=ORIENTED_EDGE('',*,*,#6011,.F.);
#7634=ORIENTED_EDGE('',*,*,#6001,.F.);
#7635=ORIENTED_EDGE('',*,*,#6012,.T.);
#7636=ORIENTED_EDGE('',*,*,#6013,.T.);
#7637=ORIENTED_EDGE('',*,*,#6014,.F.);
#7638=ORIENTED_EDGE('',*,*,#6015,.F.);
#7639=ORIENTED_EDGE('',*,*,#6016,.T.);
#7640=ORIENTED_EDGE('',*,*,#6015,.T.);
#7641=ORIENTED_EDGE('',*,*,#6017,.F.);
#7642=ORIENTED_EDGE('',*,*,#6018,.F.);
#7643=ORIENTED_EDGE('',*,*,#6019,.T.);
#7644=ORIENTED_EDGE('',*,*,#6018,.T.);
#7645=ORIENTED_EDGE('',*,*,#6020,.F.);
#7646=ORIENTED_EDGE('',*,*,#6021,.F.);
#7647=ORIENTED_EDGE('',*,*,#6022,.T.);
#7648=ORIENTED_EDGE('',*,*,#6021,.T.);
#7649=ORIENTED_EDGE('',*,*,#6023,.F.);
#7650=ORIENTED_EDGE('',*,*,#6024,.F.);
#7651=ORIENTED_EDGE('',*,*,#6025,.T.);
#7652=ORIENTED_EDGE('',*,*,#6024,.T.);
#7653=ORIENTED_EDGE('',*,*,#6026,.F.);
#7654=ORIENTED_EDGE('',*,*,#6027,.F.);
#7655=ORIENTED_EDGE('',*,*,#6028,.T.);
#7656=ORIENTED_EDGE('',*,*,#6027,.T.);
#7657=ORIENTED_EDGE('',*,*,#6029,.F.);
#7658=ORIENTED_EDGE('',*,*,#6013,.F.);
#7659=ORIENTED_EDGE('',*,*,#6030,.T.);
#7660=ORIENTED_EDGE('',*,*,#6031,.T.);
#7661=ORIENTED_EDGE('',*,*,#6032,.F.);
#7662=ORIENTED_EDGE('',*,*,#6033,.F.);
#7663=ORIENTED_EDGE('',*,*,#6034,.T.);
#7664=ORIENTED_EDGE('',*,*,#6033,.T.);
#7665=ORIENTED_EDGE('',*,*,#6035,.F.);
#7666=ORIENTED_EDGE('',*,*,#6036,.F.);
#7667=ORIENTED_EDGE('',*,*,#6037,.T.);
#7668=ORIENTED_EDGE('',*,*,#6036,.T.);
#7669=ORIENTED_EDGE('',*,*,#6038,.F.);
#7670=ORIENTED_EDGE('',*,*,#6039,.F.);
#7671=ORIENTED_EDGE('',*,*,#6040,.T.);
#7672=ORIENTED_EDGE('',*,*,#6039,.T.);
#7673=ORIENTED_EDGE('',*,*,#6041,.F.);
#7674=ORIENTED_EDGE('',*,*,#6042,.F.);
#7675=ORIENTED_EDGE('',*,*,#6043,.T.);
#7676=ORIENTED_EDGE('',*,*,#6042,.T.);
#7677=ORIENTED_EDGE('',*,*,#6044,.F.);
#7678=ORIENTED_EDGE('',*,*,#6045,.F.);
#7679=ORIENTED_EDGE('',*,*,#6046,.T.);
#7680=ORIENTED_EDGE('',*,*,#6045,.T.);
#7681=ORIENTED_EDGE('',*,*,#6047,.F.);
#7682=ORIENTED_EDGE('',*,*,#6031,.F.);
#7683=ORIENTED_EDGE('',*,*,#6048,.T.);
#7684=ORIENTED_EDGE('',*,*,#6049,.T.);
#7685=ORIENTED_EDGE('',*,*,#6050,.F.);
#7686=ORIENTED_EDGE('',*,*,#6051,.F.);
#7687=ORIENTED_EDGE('',*,*,#6052,.T.);
#7688=ORIENTED_EDGE('',*,*,#6051,.T.);
#7689=ORIENTED_EDGE('',*,*,#6053,.F.);
#7690=ORIENTED_EDGE('',*,*,#6054,.F.);
#7691=ORIENTED_EDGE('',*,*,#6055,.T.);
#7692=ORIENTED_EDGE('',*,*,#6054,.T.);
#7693=ORIENTED_EDGE('',*,*,#6056,.F.);
#7694=ORIENTED_EDGE('',*,*,#6049,.F.);
#7695=ORIENTED_EDGE('',*,*,#6057,.T.);
#7696=ORIENTED_EDGE('',*,*,#6058,.T.);
#7697=ORIENTED_EDGE('',*,*,#6059,.F.);
#7698=ORIENTED_EDGE('',*,*,#6060,.F.);
#7699=ORIENTED_EDGE('',*,*,#6061,.T.);
#7700=ORIENTED_EDGE('',*,*,#6060,.T.);
#7701=ORIENTED_EDGE('',*,*,#6062,.F.);
#7702=ORIENTED_EDGE('',*,*,#6063,.F.);
#7703=ORIENTED_EDGE('',*,*,#6064,.T.);
#7704=ORIENTED_EDGE('',*,*,#6063,.T.);
#7705=ORIENTED_EDGE('',*,*,#6065,.F.);
#7706=ORIENTED_EDGE('',*,*,#6066,.F.);
#7707=ORIENTED_EDGE('',*,*,#6067,.T.);
#7708=ORIENTED_EDGE('',*,*,#6066,.T.);
#7709=ORIENTED_EDGE('',*,*,#6068,.F.);
#7710=ORIENTED_EDGE('',*,*,#6069,.F.);
#7711=ORIENTED_EDGE('',*,*,#6070,.T.);
#7712=ORIENTED_EDGE('',*,*,#6069,.T.);
#7713=ORIENTED_EDGE('',*,*,#6071,.F.);
#7714=ORIENTED_EDGE('',*,*,#6072,.F.);
#7715=ORIENTED_EDGE('',*,*,#6073,.T.);
#7716=ORIENTED_EDGE('',*,*,#6072,.T.);
#7717=ORIENTED_EDGE('',*,*,#6074,.F.);
#7718=ORIENTED_EDGE('',*,*,#6058,.F.);
#7719=ORIENTED_EDGE('',*,*,#6075,.T.);
#7720=ORIENTED_EDGE('',*,*,#6076,.T.);
#7721=ORIENTED_EDGE('',*,*,#6077,.F.);
#7722=ORIENTED_EDGE('',*,*,#6078,.F.);
#7723=ORIENTED_EDGE('',*,*,#6079,.T.);
#7724=ORIENTED_EDGE('',*,*,#6078,.T.);
#7725=ORIENTED_EDGE('',*,*,#6080,.F.);
#7726=ORIENTED_EDGE('',*,*,#4864,.F.);
#7727=ORIENTED_EDGE('',*,*,#6081,.T.);
#7728=ORIENTED_EDGE('',*,*,#4861,.T.);
#7729=ORIENTED_EDGE('',*,*,#6082,.F.);
#7730=ORIENTED_EDGE('',*,*,#6076,.F.);
#7731=ORIENTED_EDGE('',*,*,#6082,.T.);
#7732=ORIENTED_EDGE('',*,*,#4860,.T.);
#7733=ORIENTED_EDGE('',*,*,#4858,.T.);
#7734=ORIENTED_EDGE('',*,*,#4855,.T.);
#7735=ORIENTED_EDGE('',*,*,#4852,.T.);
#7736=ORIENTED_EDGE('',*,*,#4865,.T.);
#7737=ORIENTED_EDGE('',*,*,#6080,.T.);
#7738=ORIENTED_EDGE('',*,*,#6077,.T.);
#7739=ORIENTED_EDGE('',*,*,#4847,.T.);
#7740=ORIENTED_EDGE('',*,*,#6074,.T.);
#7741=ORIENTED_EDGE('',*,*,#6071,.T.);
#7742=ORIENTED_EDGE('',*,*,#6068,.T.);
#7743=ORIENTED_EDGE('',*,*,#6065,.T.);
#7744=ORIENTED_EDGE('',*,*,#6062,.T.);
#7745=ORIENTED_EDGE('',*,*,#6059,.T.);
#7746=ORIENTED_EDGE('',*,*,#6056,.T.);
#7747=ORIENTED_EDGE('',*,*,#6053,.T.);
#7748=ORIENTED_EDGE('',*,*,#6050,.T.);
#7749=ORIENTED_EDGE('',*,*,#6047,.T.);
#7750=ORIENTED_EDGE('',*,*,#6044,.T.);
#7751=ORIENTED_EDGE('',*,*,#6041,.T.);
#7752=ORIENTED_EDGE('',*,*,#6038,.T.);
#7753=ORIENTED_EDGE('',*,*,#6035,.T.);
#7754=ORIENTED_EDGE('',*,*,#6032,.T.);
#7755=ORIENTED_EDGE('',*,*,#6029,.T.);
#7756=ORIENTED_EDGE('',*,*,#6026,.T.);
#7757=ORIENTED_EDGE('',*,*,#6023,.T.);
#7758=ORIENTED_EDGE('',*,*,#6020,.T.);
#7759=ORIENTED_EDGE('',*,*,#6017,.T.);
#7760=ORIENTED_EDGE('',*,*,#6014,.T.);
#7761=ORIENTED_EDGE('',*,*,#6011,.T.);
#7762=ORIENTED_EDGE('',*,*,#6008,.T.);
#7763=ORIENTED_EDGE('',*,*,#6005,.T.);
#7764=ORIENTED_EDGE('',*,*,#6002,.T.);
#7765=ORIENTED_EDGE('',*,*,#5999,.T.);
#7766=ORIENTED_EDGE('',*,*,#5996,.T.);
#7767=ORIENTED_EDGE('',*,*,#5993,.T.);
#7768=ORIENTED_EDGE('',*,*,#5990,.T.);
#7769=ORIENTED_EDGE('',*,*,#5987,.T.);
#7770=ORIENTED_EDGE('',*,*,#5984,.T.);
#7771=ORIENTED_EDGE('',*,*,#5981,.T.);
#7772=ORIENTED_EDGE('',*,*,#5978,.T.);
#7773=ORIENTED_EDGE('',*,*,#5975,.T.);
#7774=ORIENTED_EDGE('',*,*,#5972,.T.);
#7775=ORIENTED_EDGE('',*,*,#5969,.T.);
#7776=ORIENTED_EDGE('',*,*,#5966,.T.);
#7777=ORIENTED_EDGE('',*,*,#5963,.T.);
#7778=ORIENTED_EDGE('',*,*,#5960,.T.);
#7779=ORIENTED_EDGE('',*,*,#5957,.T.);
#7780=ORIENTED_EDGE('',*,*,#5954,.T.);
#7781=ORIENTED_EDGE('',*,*,#5951,.T.);
#7782=ORIENTED_EDGE('',*,*,#5948,.T.);
#7783=ORIENTED_EDGE('',*,*,#5945,.T.);
#7784=ORIENTED_EDGE('',*,*,#5942,.T.);
#7785=ORIENTED_EDGE('',*,*,#5939,.T.);
#7786=ORIENTED_EDGE('',*,*,#5936,.T.);
#7787=ORIENTED_EDGE('',*,*,#5933,.T.);
#7788=ORIENTED_EDGE('',*,*,#5930,.T.);
#7789=ORIENTED_EDGE('',*,*,#5927,.T.);
#7790=ORIENTED_EDGE('',*,*,#5924,.T.);
#7791=ORIENTED_EDGE('',*,*,#5921,.T.);
#7792=ORIENTED_EDGE('',*,*,#5918,.T.);
#7793=ORIENTED_EDGE('',*,*,#5915,.T.);
#7794=ORIENTED_EDGE('',*,*,#5912,.T.);
#7795=ORIENTED_EDGE('',*,*,#5909,.T.);
#7796=ORIENTED_EDGE('',*,*,#5906,.T.);
#7797=ORIENTED_EDGE('',*,*,#5903,.T.);
#7798=ORIENTED_EDGE('',*,*,#5900,.T.);
#7799=ORIENTED_EDGE('',*,*,#5897,.T.);
#7800=ORIENTED_EDGE('',*,*,#5894,.T.);
#7801=ORIENTED_EDGE('',*,*,#5891,.T.);
#7802=ORIENTED_EDGE('',*,*,#5888,.T.);
#7803=ORIENTED_EDGE('',*,*,#5885,.T.);
#7804=ORIENTED_EDGE('',*,*,#5882,.T.);
#7805=ORIENTED_EDGE('',*,*,#5879,.T.);
#7806=ORIENTED_EDGE('',*,*,#5876,.T.);
#7807=ORIENTED_EDGE('',*,*,#5873,.T.);
#7808=ORIENTED_EDGE('',*,*,#5870,.T.);
#7809=ORIENTED_EDGE('',*,*,#5867,.T.);
#7810=ORIENTED_EDGE('',*,*,#5864,.T.);
#7811=ORIENTED_EDGE('',*,*,#5861,.T.);
#7812=ORIENTED_EDGE('',*,*,#5858,.T.);
#7813=ORIENTED_EDGE('',*,*,#5855,.T.);
#7814=ORIENTED_EDGE('',*,*,#5852,.T.);
#7815=ORIENTED_EDGE('',*,*,#5849,.T.);
#7816=ORIENTED_EDGE('',*,*,#5846,.T.);
#7817=ORIENTED_EDGE('',*,*,#5843,.T.);
#7818=ORIENTED_EDGE('',*,*,#5840,.T.);
#7819=ORIENTED_EDGE('',*,*,#5837,.T.);
#7820=ORIENTED_EDGE('',*,*,#5834,.T.);
#7821=ORIENTED_EDGE('',*,*,#5831,.T.);
#7822=ORIENTED_EDGE('',*,*,#5828,.T.);
#7823=ORIENTED_EDGE('',*,*,#5825,.T.);
#7824=ORIENTED_EDGE('',*,*,#5822,.T.);
#7825=ORIENTED_EDGE('',*,*,#5819,.T.);
#7826=ORIENTED_EDGE('',*,*,#5816,.T.);
#7827=ORIENTED_EDGE('',*,*,#5813,.T.);
#7828=ORIENTED_EDGE('',*,*,#5810,.T.);
#7829=ORIENTED_EDGE('',*,*,#5807,.T.);
#7830=ORIENTED_EDGE('',*,*,#5804,.T.);
#7831=ORIENTED_EDGE('',*,*,#5801,.T.);
#7832=ORIENTED_EDGE('',*,*,#5798,.T.);
#7833=ORIENTED_EDGE('',*,*,#5795,.T.);
#7834=ORIENTED_EDGE('',*,*,#5792,.T.);
#7835=ORIENTED_EDGE('',*,*,#5789,.T.);
#7836=ORIENTED_EDGE('',*,*,#5786,.T.);
#7837=ORIENTED_EDGE('',*,*,#5783,.T.);
#7838=ORIENTED_EDGE('',*,*,#5780,.T.);
#7839=ORIENTED_EDGE('',*,*,#5777,.T.);
#7840=ORIENTED_EDGE('',*,*,#5774,.T.);
#7841=ORIENTED_EDGE('',*,*,#5771,.T.);
#7842=ORIENTED_EDGE('',*,*,#5768,.T.);
#7843=ORIENTED_EDGE('',*,*,#5765,.T.);
#7844=ORIENTED_EDGE('',*,*,#5762,.T.);
#7845=ORIENTED_EDGE('',*,*,#5759,.T.);
#7846=ORIENTED_EDGE('',*,*,#5756,.T.);
#7847=ORIENTED_EDGE('',*,*,#5753,.T.);
#7848=ORIENTED_EDGE('',*,*,#5750,.T.);
#7849=ORIENTED_EDGE('',*,*,#5747,.T.);
#7850=ORIENTED_EDGE('',*,*,#5744,.T.);
#7851=ORIENTED_EDGE('',*,*,#5741,.T.);
#7852=ORIENTED_EDGE('',*,*,#5738,.T.);
#7853=ORIENTED_EDGE('',*,*,#5735,.T.);
#7854=ORIENTED_EDGE('',*,*,#5732,.T.);
#7855=ORIENTED_EDGE('',*,*,#5729,.T.);
#7856=ORIENTED_EDGE('',*,*,#5726,.T.);
#7857=ORIENTED_EDGE('',*,*,#5723,.T.);
#7858=ORIENTED_EDGE('',*,*,#5720,.T.);
#7859=ORIENTED_EDGE('',*,*,#5717,.T.);
#7860=ORIENTED_EDGE('',*,*,#5714,.T.);
#7861=ORIENTED_EDGE('',*,*,#5711,.T.);
#7862=ORIENTED_EDGE('',*,*,#5708,.T.);
#7863=ORIENTED_EDGE('',*,*,#5705,.T.);
#7864=ORIENTED_EDGE('',*,*,#5702,.T.);
#7865=ORIENTED_EDGE('',*,*,#5699,.T.);
#7866=ORIENTED_EDGE('',*,*,#5696,.T.);
#7867=ORIENTED_EDGE('',*,*,#5693,.T.);
#7868=ORIENTED_EDGE('',*,*,#5690,.T.);
#7869=ORIENTED_EDGE('',*,*,#5687,.T.);
#7870=ORIENTED_EDGE('',*,*,#5684,.T.);
#7871=ORIENTED_EDGE('',*,*,#5681,.T.);
#7872=ORIENTED_EDGE('',*,*,#5678,.T.);
#7873=ORIENTED_EDGE('',*,*,#5675,.T.);
#7874=ORIENTED_EDGE('',*,*,#5672,.T.);
#7875=ORIENTED_EDGE('',*,*,#5669,.T.);
#7876=ORIENTED_EDGE('',*,*,#5666,.T.);
#7877=ORIENTED_EDGE('',*,*,#5663,.T.);
#7878=ORIENTED_EDGE('',*,*,#5660,.T.);
#7879=ORIENTED_EDGE('',*,*,#5657,.T.);
#7880=ORIENTED_EDGE('',*,*,#5654,.T.);
#7881=ORIENTED_EDGE('',*,*,#5651,.T.);
#7882=ORIENTED_EDGE('',*,*,#5648,.T.);
#7883=ORIENTED_EDGE('',*,*,#5645,.T.);
#7884=ORIENTED_EDGE('',*,*,#5642,.T.);
#7885=ORIENTED_EDGE('',*,*,#5639,.T.);
#7886=ORIENTED_EDGE('',*,*,#5636,.T.);
#7887=ORIENTED_EDGE('',*,*,#5633,.T.);
#7888=ORIENTED_EDGE('',*,*,#5630,.T.);
#7889=ORIENTED_EDGE('',*,*,#5627,.T.);
#7890=ORIENTED_EDGE('',*,*,#5624,.T.);
#7891=ORIENTED_EDGE('',*,*,#5621,.T.);
#7892=ORIENTED_EDGE('',*,*,#5618,.T.);
#7893=ORIENTED_EDGE('',*,*,#5615,.T.);
#7894=ORIENTED_EDGE('',*,*,#5612,.T.);
#7895=ORIENTED_EDGE('',*,*,#5609,.T.);
#7896=ORIENTED_EDGE('',*,*,#5606,.T.);
#7897=ORIENTED_EDGE('',*,*,#5603,.T.);
#7898=ORIENTED_EDGE('',*,*,#5600,.T.);
#7899=ORIENTED_EDGE('',*,*,#5597,.T.);
#7900=ORIENTED_EDGE('',*,*,#5594,.T.);
#7901=ORIENTED_EDGE('',*,*,#5591,.T.);
#7902=ORIENTED_EDGE('',*,*,#5588,.T.);
#7903=ORIENTED_EDGE('',*,*,#5585,.T.);
#7904=ORIENTED_EDGE('',*,*,#5582,.T.);
#7905=ORIENTED_EDGE('',*,*,#5579,.T.);
#7906=ORIENTED_EDGE('',*,*,#5576,.T.);
#7907=ORIENTED_EDGE('',*,*,#5573,.T.);
#7908=ORIENTED_EDGE('',*,*,#5570,.T.);
#7909=ORIENTED_EDGE('',*,*,#5567,.T.);
#7910=ORIENTED_EDGE('',*,*,#5564,.T.);
#7911=ORIENTED_EDGE('',*,*,#5561,.T.);
#7912=ORIENTED_EDGE('',*,*,#5558,.T.);
#7913=ORIENTED_EDGE('',*,*,#5555,.T.);
#7914=ORIENTED_EDGE('',*,*,#5552,.T.);
#7915=ORIENTED_EDGE('',*,*,#5549,.T.);
#7916=ORIENTED_EDGE('',*,*,#5546,.T.);
#7917=ORIENTED_EDGE('',*,*,#5543,.T.);
#7918=ORIENTED_EDGE('',*,*,#5540,.T.);
#7919=ORIENTED_EDGE('',*,*,#5537,.T.);
#7920=ORIENTED_EDGE('',*,*,#5534,.T.);
#7921=ORIENTED_EDGE('',*,*,#5531,.T.);
#7922=ORIENTED_EDGE('',*,*,#5528,.T.);
#7923=ORIENTED_EDGE('',*,*,#5525,.T.);
#7924=ORIENTED_EDGE('',*,*,#5522,.T.);
#7925=ORIENTED_EDGE('',*,*,#5519,.T.);
#7926=ORIENTED_EDGE('',*,*,#5516,.T.);
#7927=ORIENTED_EDGE('',*,*,#5513,.T.);
#7928=ORIENTED_EDGE('',*,*,#5510,.T.);
#7929=ORIENTED_EDGE('',*,*,#5507,.T.);
#7930=ORIENTED_EDGE('',*,*,#5504,.T.);
#7931=ORIENTED_EDGE('',*,*,#5501,.T.);
#7932=ORIENTED_EDGE('',*,*,#5498,.T.);
#7933=ORIENTED_EDGE('',*,*,#5495,.T.);
#7934=ORIENTED_EDGE('',*,*,#5492,.T.);
#7935=ORIENTED_EDGE('',*,*,#5489,.T.);
#7936=ORIENTED_EDGE('',*,*,#5486,.T.);
#7937=ORIENTED_EDGE('',*,*,#5483,.T.);
#7938=ORIENTED_EDGE('',*,*,#5480,.T.);
#7939=ORIENTED_EDGE('',*,*,#5477,.T.);
#7940=ORIENTED_EDGE('',*,*,#5474,.T.);
#7941=ORIENTED_EDGE('',*,*,#5471,.T.);
#7942=ORIENTED_EDGE('',*,*,#5468,.T.);
#7943=ORIENTED_EDGE('',*,*,#5465,.T.);
#7944=ORIENTED_EDGE('',*,*,#5462,.T.);
#7945=ORIENTED_EDGE('',*,*,#5459,.T.);
#7946=ORIENTED_EDGE('',*,*,#5456,.T.);
#7947=ORIENTED_EDGE('',*,*,#5453,.T.);
#7948=ORIENTED_EDGE('',*,*,#5450,.T.);
#7949=ORIENTED_EDGE('',*,*,#5447,.T.);
#7950=ORIENTED_EDGE('',*,*,#5444,.T.);
#7951=ORIENTED_EDGE('',*,*,#5441,.T.);
#7952=ORIENTED_EDGE('',*,*,#5438,.T.);
#7953=ORIENTED_EDGE('',*,*,#5435,.T.);
#7954=ORIENTED_EDGE('',*,*,#5432,.T.);
#7955=ORIENTED_EDGE('',*,*,#5429,.T.);
#7956=ORIENTED_EDGE('',*,*,#5426,.T.);
#7957=ORIENTED_EDGE('',*,*,#5423,.T.);
#7958=ORIENTED_EDGE('',*,*,#5420,.T.);
#7959=ORIENTED_EDGE('',*,*,#5417,.T.);
#7960=ORIENTED_EDGE('',*,*,#5414,.T.);
#7961=ORIENTED_EDGE('',*,*,#5411,.T.);
#7962=ORIENTED_EDGE('',*,*,#5408,.T.);
#7963=ORIENTED_EDGE('',*,*,#5405,.T.);
#7964=ORIENTED_EDGE('',*,*,#5402,.T.);
#7965=ORIENTED_EDGE('',*,*,#5399,.T.);
#7966=ORIENTED_EDGE('',*,*,#5396,.T.);
#7967=ORIENTED_EDGE('',*,*,#5393,.T.);
#7968=ORIENTED_EDGE('',*,*,#5390,.T.);
#7969=ORIENTED_EDGE('',*,*,#5387,.T.);
#7970=ORIENTED_EDGE('',*,*,#5384,.T.);
#7971=ORIENTED_EDGE('',*,*,#5381,.T.);
#7972=ORIENTED_EDGE('',*,*,#5378,.T.);
#7973=ORIENTED_EDGE('',*,*,#5375,.T.);
#7974=ORIENTED_EDGE('',*,*,#5372,.T.);
#7975=ORIENTED_EDGE('',*,*,#5369,.T.);
#7976=ORIENTED_EDGE('',*,*,#5366,.T.);
#7977=ORIENTED_EDGE('',*,*,#5363,.T.);
#7978=ORIENTED_EDGE('',*,*,#5360,.T.);
#7979=ORIENTED_EDGE('',*,*,#5357,.T.);
#7980=ORIENTED_EDGE('',*,*,#5354,.T.);
#7981=ORIENTED_EDGE('',*,*,#5351,.T.);
#7982=ORIENTED_EDGE('',*,*,#5348,.T.);
#7983=ORIENTED_EDGE('',*,*,#5345,.T.);
#7984=ORIENTED_EDGE('',*,*,#5342,.T.);
#7985=ORIENTED_EDGE('',*,*,#5339,.T.);
#7986=ORIENTED_EDGE('',*,*,#5336,.T.);
#7987=ORIENTED_EDGE('',*,*,#5333,.T.);
#7988=ORIENTED_EDGE('',*,*,#5330,.T.);
#7989=ORIENTED_EDGE('',*,*,#5327,.T.);
#7990=ORIENTED_EDGE('',*,*,#5324,.T.);
#7991=ORIENTED_EDGE('',*,*,#5321,.T.);
#7992=ORIENTED_EDGE('',*,*,#5318,.T.);
#7993=ORIENTED_EDGE('',*,*,#5315,.T.);
#7994=ORIENTED_EDGE('',*,*,#5312,.T.);
#7995=ORIENTED_EDGE('',*,*,#5309,.T.);
#7996=ORIENTED_EDGE('',*,*,#5306,.T.);
#7997=ORIENTED_EDGE('',*,*,#5303,.T.);
#7998=ORIENTED_EDGE('',*,*,#5300,.T.);
#7999=ORIENTED_EDGE('',*,*,#5297,.T.);
#8000=ORIENTED_EDGE('',*,*,#5294,.T.);
#8001=ORIENTED_EDGE('',*,*,#5291,.T.);
#8002=ORIENTED_EDGE('',*,*,#5288,.T.);
#8003=ORIENTED_EDGE('',*,*,#5285,.T.);
#8004=ORIENTED_EDGE('',*,*,#5282,.T.);
#8005=ORIENTED_EDGE('',*,*,#5279,.T.);
#8006=ORIENTED_EDGE('',*,*,#5276,.T.);
#8007=ORIENTED_EDGE('',*,*,#5273,.T.);
#8008=ORIENTED_EDGE('',*,*,#5270,.T.);
#8009=ORIENTED_EDGE('',*,*,#5267,.T.);
#8010=ORIENTED_EDGE('',*,*,#5264,.T.);
#8011=ORIENTED_EDGE('',*,*,#5261,.T.);
#8012=ORIENTED_EDGE('',*,*,#5258,.T.);
#8013=ORIENTED_EDGE('',*,*,#5255,.T.);
#8014=ORIENTED_EDGE('',*,*,#5252,.T.);
#8015=ORIENTED_EDGE('',*,*,#5249,.T.);
#8016=ORIENTED_EDGE('',*,*,#5246,.T.);
#8017=ORIENTED_EDGE('',*,*,#5243,.T.);
#8018=ORIENTED_EDGE('',*,*,#5240,.T.);
#8019=ORIENTED_EDGE('',*,*,#5237,.T.);
#8020=ORIENTED_EDGE('',*,*,#5234,.T.);
#8021=ORIENTED_EDGE('',*,*,#5231,.T.);
#8022=ORIENTED_EDGE('',*,*,#5228,.T.);
#8023=ORIENTED_EDGE('',*,*,#5225,.T.);
#8024=ORIENTED_EDGE('',*,*,#5222,.T.);
#8025=ORIENTED_EDGE('',*,*,#5219,.T.);
#8026=ORIENTED_EDGE('',*,*,#5216,.T.);
#8027=ORIENTED_EDGE('',*,*,#5213,.T.);
#8028=ORIENTED_EDGE('',*,*,#5210,.T.);
#8029=ORIENTED_EDGE('',*,*,#5207,.T.);
#8030=ORIENTED_EDGE('',*,*,#5204,.T.);
#8031=ORIENTED_EDGE('',*,*,#5201,.T.);
#8032=ORIENTED_EDGE('',*,*,#5198,.T.);
#8033=ORIENTED_EDGE('',*,*,#5195,.T.);
#8034=ORIENTED_EDGE('',*,*,#5192,.T.);
#8035=ORIENTED_EDGE('',*,*,#5189,.T.);
#8036=ORIENTED_EDGE('',*,*,#5186,.T.);
#8037=ORIENTED_EDGE('',*,*,#5183,.T.);
#8038=ORIENTED_EDGE('',*,*,#5180,.T.);
#8039=ORIENTED_EDGE('',*,*,#5177,.T.);
#8040=ORIENTED_EDGE('',*,*,#5174,.T.);
#8041=ORIENTED_EDGE('',*,*,#5171,.T.);
#8042=ORIENTED_EDGE('',*,*,#5168,.T.);
#8043=ORIENTED_EDGE('',*,*,#5165,.T.);
#8044=ORIENTED_EDGE('',*,*,#5162,.T.);
#8045=ORIENTED_EDGE('',*,*,#5159,.T.);
#8046=ORIENTED_EDGE('',*,*,#5156,.T.);
#8047=ORIENTED_EDGE('',*,*,#5153,.T.);
#8048=ORIENTED_EDGE('',*,*,#5150,.T.);
#8049=ORIENTED_EDGE('',*,*,#5147,.T.);
#8050=ORIENTED_EDGE('',*,*,#5144,.T.);
#8051=ORIENTED_EDGE('',*,*,#5141,.T.);
#8052=ORIENTED_EDGE('',*,*,#5138,.T.);
#8053=ORIENTED_EDGE('',*,*,#5135,.T.);
#8054=ORIENTED_EDGE('',*,*,#5132,.T.);
#8055=ORIENTED_EDGE('',*,*,#5129,.T.);
#8056=ORIENTED_EDGE('',*,*,#5126,.T.);
#8057=ORIENTED_EDGE('',*,*,#5123,.T.);
#8058=ORIENTED_EDGE('',*,*,#5120,.T.);
#8059=ORIENTED_EDGE('',*,*,#5117,.T.);
#8060=ORIENTED_EDGE('',*,*,#5114,.T.);
#8061=ORIENTED_EDGE('',*,*,#5111,.T.);
#8062=ORIENTED_EDGE('',*,*,#5108,.T.);
#8063=ORIENTED_EDGE('',*,*,#5105,.T.);
#8064=ORIENTED_EDGE('',*,*,#5102,.T.);
#8065=ORIENTED_EDGE('',*,*,#5099,.T.);
#8066=ORIENTED_EDGE('',*,*,#5096,.T.);
#8067=ORIENTED_EDGE('',*,*,#5093,.T.);
#8068=ORIENTED_EDGE('',*,*,#5090,.T.);
#8069=ORIENTED_EDGE('',*,*,#5087,.T.);
#8070=ORIENTED_EDGE('',*,*,#5084,.T.);
#8071=ORIENTED_EDGE('',*,*,#5081,.T.);
#8072=ORIENTED_EDGE('',*,*,#5078,.T.);
#8073=ORIENTED_EDGE('',*,*,#5075,.T.);
#8074=ORIENTED_EDGE('',*,*,#5072,.T.);
#8075=ORIENTED_EDGE('',*,*,#5069,.T.);
#8076=ORIENTED_EDGE('',*,*,#5066,.T.);
#8077=ORIENTED_EDGE('',*,*,#5063,.T.);
#8078=ORIENTED_EDGE('',*,*,#5060,.T.);
#8079=ORIENTED_EDGE('',*,*,#5057,.T.);
#8080=ORIENTED_EDGE('',*,*,#5054,.T.);
#8081=ORIENTED_EDGE('',*,*,#5051,.T.);
#8082=ORIENTED_EDGE('',*,*,#5048,.T.);
#8083=ORIENTED_EDGE('',*,*,#5045,.T.);
#8084=ORIENTED_EDGE('',*,*,#5042,.T.);
#8085=ORIENTED_EDGE('',*,*,#5039,.T.);
#8086=ORIENTED_EDGE('',*,*,#5036,.T.);
#8087=ORIENTED_EDGE('',*,*,#5033,.T.);
#8088=ORIENTED_EDGE('',*,*,#5030,.T.);
#8089=ORIENTED_EDGE('',*,*,#5027,.T.);
#8090=ORIENTED_EDGE('',*,*,#5024,.T.);
#8091=ORIENTED_EDGE('',*,*,#5021,.T.);
#8092=ORIENTED_EDGE('',*,*,#5018,.T.);
#8093=ORIENTED_EDGE('',*,*,#5015,.T.);
#8094=ORIENTED_EDGE('',*,*,#5012,.T.);
#8095=ORIENTED_EDGE('',*,*,#5009,.T.);
#8096=ORIENTED_EDGE('',*,*,#5006,.T.);
#8097=ORIENTED_EDGE('',*,*,#5003,.T.);
#8098=ORIENTED_EDGE('',*,*,#5000,.T.);
#8099=ORIENTED_EDGE('',*,*,#4997,.T.);
#8100=ORIENTED_EDGE('',*,*,#4994,.T.);
#8101=ORIENTED_EDGE('',*,*,#4991,.T.);
#8102=ORIENTED_EDGE('',*,*,#4988,.T.);
#8103=ORIENTED_EDGE('',*,*,#4985,.T.);
#8104=ORIENTED_EDGE('',*,*,#4982,.T.);
#8105=ORIENTED_EDGE('',*,*,#4979,.T.);
#8106=ORIENTED_EDGE('',*,*,#4976,.T.);
#8107=ORIENTED_EDGE('',*,*,#4973,.T.);
#8108=ORIENTED_EDGE('',*,*,#4970,.T.);
#8109=ORIENTED_EDGE('',*,*,#4967,.T.);
#8110=ORIENTED_EDGE('',*,*,#4964,.T.);
#8111=ORIENTED_EDGE('',*,*,#4961,.T.);
#8112=ORIENTED_EDGE('',*,*,#4958,.T.);
#8113=ORIENTED_EDGE('',*,*,#4955,.T.);
#8114=ORIENTED_EDGE('',*,*,#4952,.T.);
#8115=ORIENTED_EDGE('',*,*,#4949,.T.);
#8116=ORIENTED_EDGE('',*,*,#4946,.T.);
#8117=ORIENTED_EDGE('',*,*,#4943,.T.);
#8118=ORIENTED_EDGE('',*,*,#4940,.T.);
#8119=ORIENTED_EDGE('',*,*,#4937,.T.);
#8120=ORIENTED_EDGE('',*,*,#4934,.T.);
#8121=ORIENTED_EDGE('',*,*,#4931,.T.);
#8122=ORIENTED_EDGE('',*,*,#4928,.T.);
#8123=ORIENTED_EDGE('',*,*,#4925,.T.);
#8124=ORIENTED_EDGE('',*,*,#4922,.T.);
#8125=ORIENTED_EDGE('',*,*,#4919,.T.);
#8126=ORIENTED_EDGE('',*,*,#4916,.T.);
#8127=ORIENTED_EDGE('',*,*,#4913,.T.);
#8128=ORIENTED_EDGE('',*,*,#4910,.T.);
#8129=ORIENTED_EDGE('',*,*,#4907,.T.);
#8130=ORIENTED_EDGE('',*,*,#4904,.T.);
#8131=ORIENTED_EDGE('',*,*,#4901,.T.);
#8132=ORIENTED_EDGE('',*,*,#4898,.T.);
#8133=ORIENTED_EDGE('',*,*,#4895,.T.);
#8134=ORIENTED_EDGE('',*,*,#4892,.T.);
#8135=ORIENTED_EDGE('',*,*,#4889,.T.);
#8136=ORIENTED_EDGE('',*,*,#4886,.T.);
#8137=ORIENTED_EDGE('',*,*,#4883,.T.);
#8138=ORIENTED_EDGE('',*,*,#4880,.T.);
#8139=ORIENTED_EDGE('',*,*,#4877,.T.);
#8140=ORIENTED_EDGE('',*,*,#4874,.T.);
#8141=ORIENTED_EDGE('',*,*,#4871,.T.);
#8142=ORIENTED_EDGE('',*,*,#4868,.T.);
#8143=ORIENTED_EDGE('',*,*,#6081,.F.);
#8144=ORIENTED_EDGE('',*,*,#6075,.F.);
#8145=ORIENTED_EDGE('',*,*,#6079,.F.);
#8146=ORIENTED_EDGE('',*,*,#4863,.F.);
#8147=ORIENTED_EDGE('',*,*,#4850,.F.);
#8148=ORIENTED_EDGE('',*,*,#4854,.T.);
#8149=ORIENTED_EDGE('',*,*,#4857,.T.);
#8150=ORIENTED_EDGE('',*,*,#4862,.F.);
#8151=ORIENTED_EDGE('',*,*,#4849,.T.);
#8152=ORIENTED_EDGE('',*,*,#6073,.F.);
#8153=ORIENTED_EDGE('',*,*,#6057,.F.);
#8154=ORIENTED_EDGE('',*,*,#6061,.F.);
#8155=ORIENTED_EDGE('',*,*,#6064,.F.);
#8156=ORIENTED_EDGE('',*,*,#6067,.F.);
#8157=ORIENTED_EDGE('',*,*,#6070,.F.);
#8158=ORIENTED_EDGE('',*,*,#6055,.F.);
#8159=ORIENTED_EDGE('',*,*,#6048,.F.);
#8160=ORIENTED_EDGE('',*,*,#6052,.F.);
#8161=ORIENTED_EDGE('',*,*,#6046,.F.);
#8162=ORIENTED_EDGE('',*,*,#6030,.F.);
#8163=ORIENTED_EDGE('',*,*,#6034,.F.);
#8164=ORIENTED_EDGE('',*,*,#6037,.F.);
#8165=ORIENTED_EDGE('',*,*,#6040,.F.);
#8166=ORIENTED_EDGE('',*,*,#6043,.F.);
#8167=ORIENTED_EDGE('',*,*,#6028,.F.);
#8168=ORIENTED_EDGE('',*,*,#6012,.F.);
#8169=ORIENTED_EDGE('',*,*,#6016,.F.);
#8170=ORIENTED_EDGE('',*,*,#6019,.F.);
#8171=ORIENTED_EDGE('',*,*,#6022,.F.);
#8172=ORIENTED_EDGE('',*,*,#6025,.F.);
#8173=ORIENTED_EDGE('',*,*,#6010,.F.);
#8174=ORIENTED_EDGE('',*,*,#6000,.F.);
#8175=ORIENTED_EDGE('',*,*,#6004,.F.);
#8176=ORIENTED_EDGE('',*,*,#6007,.F.);
#8177=ORIENTED_EDGE('',*,*,#5998,.F.);
#8178=ORIENTED_EDGE('',*,*,#5982,.F.);
#8179=ORIENTED_EDGE('',*,*,#5986,.F.);
#8180=ORIENTED_EDGE('',*,*,#5989,.F.);
#8181=ORIENTED_EDGE('',*,*,#5992,.F.);
#8182=ORIENTED_EDGE('',*,*,#5995,.F.);
#8183=ORIENTED_EDGE('',*,*,#5980,.F.);
#8184=ORIENTED_EDGE('',*,*,#5964,.F.);
#8185=ORIENTED_EDGE('',*,*,#5968,.F.);
#8186=ORIENTED_EDGE('',*,*,#5971,.F.);
#8187=ORIENTED_EDGE('',*,*,#5974,.F.);
#8188=ORIENTED_EDGE('',*,*,#5977,.F.);
#8189=ORIENTED_EDGE('',*,*,#5962,.F.);
#8190=ORIENTED_EDGE('',*,*,#5946,.F.);
#8191=ORIENTED_EDGE('',*,*,#5950,.F.);
#8192=ORIENTED_EDGE('',*,*,#5953,.F.);
#8193=ORIENTED_EDGE('',*,*,#5956,.F.);
#8194=ORIENTED_EDGE('',*,*,#5959,.F.);
#8195=ORIENTED_EDGE('',*,*,#5944,.F.);
#8196=ORIENTED_EDGE('',*,*,#5928,.F.);
#8197=ORIENTED_EDGE('',*,*,#5932,.F.);
#8198=ORIENTED_EDGE('',*,*,#5935,.F.);
#8199=ORIENTED_EDGE('',*,*,#5938,.F.);
#8200=ORIENTED_EDGE('',*,*,#5941,.F.);
#8201=ORIENTED_EDGE('',*,*,#5926,.F.);
#8202=ORIENTED_EDGE('',*,*,#5919,.F.);
#8203=ORIENTED_EDGE('',*,*,#5923,.F.);
#8204=ORIENTED_EDGE('',*,*,#5917,.F.);
#8205=ORIENTED_EDGE('',*,*,#5901,.F.);
#8206=ORIENTED_EDGE('',*,*,#5905,.F.);
#8207=ORIENTED_EDGE('',*,*,#5908,.F.);
#8208=ORIENTED_EDGE('',*,*,#5911,.F.);
#8209=ORIENTED_EDGE('',*,*,#5914,.F.);
#8210=ORIENTED_EDGE('',*,*,#5899,.F.);
#8211=ORIENTED_EDGE('',*,*,#5883,.F.);
#8212=ORIENTED_EDGE('',*,*,#5887,.F.);
#8213=ORIENTED_EDGE('',*,*,#5890,.F.);
#8214=ORIENTED_EDGE('',*,*,#5893,.F.);
#8215=ORIENTED_EDGE('',*,*,#5896,.F.);
#8216=ORIENTED_EDGE('',*,*,#5881,.F.);
#8217=ORIENTED_EDGE('',*,*,#5871,.F.);
#8218=ORIENTED_EDGE('',*,*,#5875,.F.);
#8219=ORIENTED_EDGE('',*,*,#5878,.F.);
#8220=ORIENTED_EDGE('',*,*,#5869,.F.);
#8221=ORIENTED_EDGE('',*,*,#5853,.F.);
#8222=ORIENTED_EDGE('',*,*,#5857,.F.);
#8223=ORIENTED_EDGE('',*,*,#5860,.F.);
#8224=ORIENTED_EDGE('',*,*,#5863,.F.);
#8225=ORIENTED_EDGE('',*,*,#5866,.F.);
#8226=ORIENTED_EDGE('',*,*,#5851,.F.);
#8227=ORIENTED_EDGE('',*,*,#5835,.F.);
#8228=ORIENTED_EDGE('',*,*,#5839,.F.);
#8229=ORIENTED_EDGE('',*,*,#5842,.F.);
#8230=ORIENTED_EDGE('',*,*,#5845,.F.);
#8231=ORIENTED_EDGE('',*,*,#5848,.F.);
#8232=ORIENTED_EDGE('',*,*,#5833,.F.);
#8233=ORIENTED_EDGE('',*,*,#5817,.F.);
#8234=ORIENTED_EDGE('',*,*,#5821,.F.);
#8235=ORIENTED_EDGE('',*,*,#5824,.F.);
#8236=ORIENTED_EDGE('',*,*,#5827,.F.);
#8237=ORIENTED_EDGE('',*,*,#5830,.F.);
#8238=ORIENTED_EDGE('',*,*,#5815,.F.);
#8239=ORIENTED_EDGE('',*,*,#5802,.F.);
#8240=ORIENTED_EDGE('',*,*,#5806,.F.);
#8241=ORIENTED_EDGE('',*,*,#5809,.F.);
#8242=ORIENTED_EDGE('',*,*,#5812,.F.);
#8243=ORIENTED_EDGE('',*,*,#5800,.F.);
#8244=ORIENTED_EDGE('',*,*,#5784,.F.);
#8245=ORIENTED_EDGE('',*,*,#5788,.F.);
#8246=ORIENTED_EDGE('',*,*,#5791,.F.);
#8247=ORIENTED_EDGE('',*,*,#5794,.F.);
#8248=ORIENTED_EDGE('',*,*,#5797,.F.);
#8249=ORIENTED_EDGE('',*,*,#5782,.F.);
#8250=ORIENTED_EDGE('',*,*,#5766,.F.);
#8251=ORIENTED_EDGE('',*,*,#5770,.F.);
#8252=ORIENTED_EDGE('',*,*,#5773,.F.);
#8253=ORIENTED_EDGE('',*,*,#5776,.F.);
#8254=ORIENTED_EDGE('',*,*,#5779,.F.);
#8255=ORIENTED_EDGE('',*,*,#5764,.F.);
#8256=ORIENTED_EDGE('',*,*,#5748,.F.);
#8257=ORIENTED_EDGE('',*,*,#5752,.F.);
#8258=ORIENTED_EDGE('',*,*,#5755,.F.);
#8259=ORIENTED_EDGE('',*,*,#5758,.F.);
#8260=ORIENTED_EDGE('',*,*,#5761,.F.);
#8261=ORIENTED_EDGE('',*,*,#5746,.F.);
#8262=ORIENTED_EDGE('',*,*,#5730,.F.);
#8263=ORIENTED_EDGE('',*,*,#5734,.F.);
#8264=ORIENTED_EDGE('',*,*,#5737,.F.);
#8265=ORIENTED_EDGE('',*,*,#5740,.F.);
#8266=ORIENTED_EDGE('',*,*,#5743,.F.);
#8267=ORIENTED_EDGE('',*,*,#5728,.F.);
#8268=ORIENTED_EDGE('',*,*,#5712,.F.);
#8269=ORIENTED_EDGE('',*,*,#5716,.F.);
#8270=ORIENTED_EDGE('',*,*,#5719,.F.);
#8271=ORIENTED_EDGE('',*,*,#5722,.F.);
#8272=ORIENTED_EDGE('',*,*,#5725,.F.);
#8273=ORIENTED_EDGE('',*,*,#5710,.F.);
#8274=ORIENTED_EDGE('',*,*,#5694,.F.);
#8275=ORIENTED_EDGE('',*,*,#5698,.F.);
#8276=ORIENTED_EDGE('',*,*,#5701,.F.);
#8277=ORIENTED_EDGE('',*,*,#5704,.F.);
#8278=ORIENTED_EDGE('',*,*,#5707,.F.);
#8279=ORIENTED_EDGE('',*,*,#5692,.F.);
#8280=ORIENTED_EDGE('',*,*,#5679,.F.);
#8281=ORIENTED_EDGE('',*,*,#5683,.F.);
#8282=ORIENTED_EDGE('',*,*,#5686,.F.);
#8283=ORIENTED_EDGE('',*,*,#5689,.F.);
#8284=ORIENTED_EDGE('',*,*,#5677,.F.);
#8285=ORIENTED_EDGE('',*,*,#5661,.F.);
#8286=ORIENTED_EDGE('',*,*,#5665,.F.);
#8287=ORIENTED_EDGE('',*,*,#5668,.F.);
#8288=ORIENTED_EDGE('',*,*,#5671,.F.);
#8289=ORIENTED_EDGE('',*,*,#5674,.F.);
#8290=ORIENTED_EDGE('',*,*,#5659,.F.);
#8291=ORIENTED_EDGE('',*,*,#5649,.F.);
#8292=ORIENTED_EDGE('',*,*,#5653,.F.);
#8293=ORIENTED_EDGE('',*,*,#5656,.F.);
#8294=ORIENTED_EDGE('',*,*,#5647,.F.);
#8295=ORIENTED_EDGE('',*,*,#5631,.F.);
#8296=ORIENTED_EDGE('',*,*,#5635,.F.);
#8297=ORIENTED_EDGE('',*,*,#5638,.F.);
#8298=ORIENTED_EDGE('',*,*,#5641,.F.);
#8299=ORIENTED_EDGE('',*,*,#5644,.F.);
#8300=ORIENTED_EDGE('',*,*,#5629,.F.);
#8301=ORIENTED_EDGE('',*,*,#5616,.F.);
#8302=ORIENTED_EDGE('',*,*,#5620,.F.);
#8303=ORIENTED_EDGE('',*,*,#5623,.F.);
#8304=ORIENTED_EDGE('',*,*,#5626,.F.);
#8305=ORIENTED_EDGE('',*,*,#5614,.F.);
#8306=ORIENTED_EDGE('',*,*,#5598,.F.);
#8307=ORIENTED_EDGE('',*,*,#5602,.F.);
#8308=ORIENTED_EDGE('',*,*,#5605,.F.);
#8309=ORIENTED_EDGE('',*,*,#5608,.F.);
#8310=ORIENTED_EDGE('',*,*,#5611,.F.);
#8311=ORIENTED_EDGE('',*,*,#5596,.F.);
#8312=ORIENTED_EDGE('',*,*,#5580,.F.);
#8313=ORIENTED_EDGE('',*,*,#5584,.F.);
#8314=ORIENTED_EDGE('',*,*,#5587,.F.);
#8315=ORIENTED_EDGE('',*,*,#5590,.F.);
#8316=ORIENTED_EDGE('',*,*,#5593,.F.);
#8317=ORIENTED_EDGE('',*,*,#5578,.F.);
#8318=ORIENTED_EDGE('',*,*,#5562,.F.);
#8319=ORIENTED_EDGE('',*,*,#5566,.F.);
#8320=ORIENTED_EDGE('',*,*,#5569,.F.);
#8321=ORIENTED_EDGE('',*,*,#5572,.F.);
#8322=ORIENTED_EDGE('',*,*,#5575,.F.);
#8323=ORIENTED_EDGE('',*,*,#5560,.F.);
#8324=ORIENTED_EDGE('',*,*,#5553,.F.);
#8325=ORIENTED_EDGE('',*,*,#5557,.F.);
#8326=ORIENTED_EDGE('',*,*,#5551,.F.);
#8327=ORIENTED_EDGE('',*,*,#5538,.F.);
#8328=ORIENTED_EDGE('',*,*,#5542,.F.);
#8329=ORIENTED_EDGE('',*,*,#5545,.F.);
#8330=ORIENTED_EDGE('',*,*,#5548,.F.);
#8331=ORIENTED_EDGE('',*,*,#5536,.F.);
#8332=ORIENTED_EDGE('',*,*,#5529,.F.);
#8333=ORIENTED_EDGE('',*,*,#5533,.F.);
#8334=ORIENTED_EDGE('',*,*,#5527,.F.);
#8335=ORIENTED_EDGE('',*,*,#5517,.F.);
#8336=ORIENTED_EDGE('',*,*,#5521,.F.);
#8337=ORIENTED_EDGE('',*,*,#5524,.F.);
#8338=ORIENTED_EDGE('',*,*,#5515,.F.);
#8339=ORIENTED_EDGE('',*,*,#5499,.F.);
#8340=ORIENTED_EDGE('',*,*,#5503,.F.);
#8341=ORIENTED_EDGE('',*,*,#5506,.F.);
#8342=ORIENTED_EDGE('',*,*,#5509,.F.);
#8343=ORIENTED_EDGE('',*,*,#5512,.F.);
#8344=ORIENTED_EDGE('',*,*,#5497,.F.);
#8345=ORIENTED_EDGE('',*,*,#5487,.F.);
#8346=ORIENTED_EDGE('',*,*,#5491,.F.);
#8347=ORIENTED_EDGE('',*,*,#5494,.F.);
#8348=ORIENTED_EDGE('',*,*,#5485,.F.);
#8349=ORIENTED_EDGE('',*,*,#5475,.F.);
#8350=ORIENTED_EDGE('',*,*,#5479,.F.);
#8351=ORIENTED_EDGE('',*,*,#5482,.F.);
#8352=ORIENTED_EDGE('',*,*,#5473,.F.);
#8353=ORIENTED_EDGE('',*,*,#5466,.F.);
#8354=ORIENTED_EDGE('',*,*,#5470,.F.);
#8355=ORIENTED_EDGE('',*,*,#5464,.F.);
#8356=ORIENTED_EDGE('',*,*,#5448,.F.);
#8357=ORIENTED_EDGE('',*,*,#5452,.F.);
#8358=ORIENTED_EDGE('',*,*,#5455,.F.);
#8359=ORIENTED_EDGE('',*,*,#5458,.F.);
#8360=ORIENTED_EDGE('',*,*,#5461,.F.);
#8361=ORIENTED_EDGE('',*,*,#5446,.F.);
#8362=ORIENTED_EDGE('',*,*,#5436,.F.);
#8363=ORIENTED_EDGE('',*,*,#5440,.F.);
#8364=ORIENTED_EDGE('',*,*,#5443,.F.);
#8365=ORIENTED_EDGE('',*,*,#5434,.F.);
#8366=ORIENTED_EDGE('',*,*,#5427,.F.);
#8367=ORIENTED_EDGE('',*,*,#5431,.F.);
#8368=ORIENTED_EDGE('',*,*,#5425,.F.);
#8369=ORIENTED_EDGE('',*,*,#5409,.F.);
#8370=ORIENTED_EDGE('',*,*,#5413,.F.);
#8371=ORIENTED_EDGE('',*,*,#5416,.F.);
#8372=ORIENTED_EDGE('',*,*,#5419,.F.);
#8373=ORIENTED_EDGE('',*,*,#5422,.F.);
#8374=ORIENTED_EDGE('',*,*,#5407,.F.);
#8375=ORIENTED_EDGE('',*,*,#5391,.F.);
#8376=ORIENTED_EDGE('',*,*,#5395,.F.);
#8377=ORIENTED_EDGE('',*,*,#5398,.F.);
#8378=ORIENTED_EDGE('',*,*,#5401,.F.);
#8379=ORIENTED_EDGE('',*,*,#5404,.F.);
#8380=ORIENTED_EDGE('',*,*,#5389,.F.);
#8381=ORIENTED_EDGE('',*,*,#5373,.F.);
#8382=ORIENTED_EDGE('',*,*,#5377,.F.);
#8383=ORIENTED_EDGE('',*,*,#5380,.F.);
#8384=ORIENTED_EDGE('',*,*,#5383,.F.);
#8385=ORIENTED_EDGE('',*,*,#5386,.F.);
#8386=ORIENTED_EDGE('',*,*,#5371,.F.);
#8387=ORIENTED_EDGE('',*,*,#5358,.F.);
#8388=ORIENTED_EDGE('',*,*,#5362,.F.);
#8389=ORIENTED_EDGE('',*,*,#5365,.F.);
#8390=ORIENTED_EDGE('',*,*,#5368,.F.);
#8391=ORIENTED_EDGE('',*,*,#5356,.F.);
#8392=ORIENTED_EDGE('',*,*,#5340,.F.);
#8393=ORIENTED_EDGE('',*,*,#5344,.F.);
#8394=ORIENTED_EDGE('',*,*,#5347,.F.);
#8395=ORIENTED_EDGE('',*,*,#5350,.F.);
#8396=ORIENTED_EDGE('',*,*,#5353,.F.);
#8397=ORIENTED_EDGE('',*,*,#5338,.F.);
#8398=ORIENTED_EDGE('',*,*,#5322,.F.);
#8399=ORIENTED_EDGE('',*,*,#5326,.F.);
#8400=ORIENTED_EDGE('',*,*,#5329,.F.);
#8401=ORIENTED_EDGE('',*,*,#5332,.F.);
#8402=ORIENTED_EDGE('',*,*,#5335,.F.);
#8403=ORIENTED_EDGE('',*,*,#5320,.F.);
#8404=ORIENTED_EDGE('',*,*,#5310,.F.);
#8405=ORIENTED_EDGE('',*,*,#5314,.F.);
#8406=ORIENTED_EDGE('',*,*,#5317,.F.);
#8407=ORIENTED_EDGE('',*,*,#5308,.F.);
#8408=ORIENTED_EDGE('',*,*,#5292,.F.);
#8409=ORIENTED_EDGE('',*,*,#5296,.F.);
#8410=ORIENTED_EDGE('',*,*,#5299,.F.);
#8411=ORIENTED_EDGE('',*,*,#5302,.F.);
#8412=ORIENTED_EDGE('',*,*,#5305,.F.);
#8413=ORIENTED_EDGE('',*,*,#5290,.F.);
#8414=ORIENTED_EDGE('',*,*,#5274,.F.);
#8415=ORIENTED_EDGE('',*,*,#5278,.F.);
#8416=ORIENTED_EDGE('',*,*,#5281,.F.);
#8417=ORIENTED_EDGE('',*,*,#5284,.F.);
#8418=ORIENTED_EDGE('',*,*,#5287,.F.);
#8419=ORIENTED_EDGE('',*,*,#5272,.F.);
#8420=ORIENTED_EDGE('',*,*,#5259,.F.);
#8421=ORIENTED_EDGE('',*,*,#5263,.F.);
#8422=ORIENTED_EDGE('',*,*,#5266,.F.);
#8423=ORIENTED_EDGE('',*,*,#5269,.F.);
#8424=ORIENTED_EDGE('',*,*,#5257,.F.);
#8425=ORIENTED_EDGE('',*,*,#5250,.F.);
#8426=ORIENTED_EDGE('',*,*,#5254,.F.);
#8427=ORIENTED_EDGE('',*,*,#5248,.F.);
#8428=ORIENTED_EDGE('',*,*,#5232,.F.);
#8429=ORIENTED_EDGE('',*,*,#5236,.F.);
#8430=ORIENTED_EDGE('',*,*,#5239,.F.);
#8431=ORIENTED_EDGE('',*,*,#5242,.F.);
#8432=ORIENTED_EDGE('',*,*,#5245,.F.);
#8433=ORIENTED_EDGE('',*,*,#5230,.F.);
#8434=ORIENTED_EDGE('',*,*,#5217,.F.);
#8435=ORIENTED_EDGE('',*,*,#5221,.F.);
#8436=ORIENTED_EDGE('',*,*,#5224,.F.);
#8437=ORIENTED_EDGE('',*,*,#5227,.F.);
#8438=ORIENTED_EDGE('',*,*,#5215,.F.);
#8439=ORIENTED_EDGE('',*,*,#5199,.F.);
#8440=ORIENTED_EDGE('',*,*,#5203,.F.);
#8441=ORIENTED_EDGE('',*,*,#5206,.F.);
#8442=ORIENTED_EDGE('',*,*,#5209,.F.);
#8443=ORIENTED_EDGE('',*,*,#5212,.F.);
#8444=ORIENTED_EDGE('',*,*,#5197,.F.);
#8445=ORIENTED_EDGE('',*,*,#5181,.F.);
#8446=ORIENTED_EDGE('',*,*,#5185,.F.);
#8447=ORIENTED_EDGE('',*,*,#5188,.F.);
#8448=ORIENTED_EDGE('',*,*,#5191,.F.);
#8449=ORIENTED_EDGE('',*,*,#5194,.F.);
#8450=ORIENTED_EDGE('',*,*,#5179,.F.);
#8451=ORIENTED_EDGE('',*,*,#5163,.F.);
#8452=ORIENTED_EDGE('',*,*,#5167,.F.);
#8453=ORIENTED_EDGE('',*,*,#5170,.F.);
#8454=ORIENTED_EDGE('',*,*,#5173,.F.);
#8455=ORIENTED_EDGE('',*,*,#5176,.F.);
#8456=ORIENTED_EDGE('',*,*,#5161,.F.);
#8457=ORIENTED_EDGE('',*,*,#5145,.F.);
#8458=ORIENTED_EDGE('',*,*,#5149,.F.);
#8459=ORIENTED_EDGE('',*,*,#5152,.F.);
#8460=ORIENTED_EDGE('',*,*,#5155,.F.);
#8461=ORIENTED_EDGE('',*,*,#5158,.F.);
#8462=ORIENTED_EDGE('',*,*,#5143,.F.);
#8463=ORIENTED_EDGE('',*,*,#5136,.F.);
#8464=ORIENTED_EDGE('',*,*,#5140,.F.);
#8465=ORIENTED_EDGE('',*,*,#5134,.F.);
#8466=ORIENTED_EDGE('',*,*,#5118,.F.);
#8467=ORIENTED_EDGE('',*,*,#5122,.F.);
#8468=ORIENTED_EDGE('',*,*,#5125,.F.);
#8469=ORIENTED_EDGE('',*,*,#5128,.F.);
#8470=ORIENTED_EDGE('',*,*,#5131,.F.);
#8471=ORIENTED_EDGE('',*,*,#5116,.F.);
#8472=ORIENTED_EDGE('',*,*,#5100,.F.);
#8473=ORIENTED_EDGE('',*,*,#5104,.F.);
#8474=ORIENTED_EDGE('',*,*,#5107,.F.);
#8475=ORIENTED_EDGE('',*,*,#5110,.F.);
#8476=ORIENTED_EDGE('',*,*,#5113,.F.);
#8477=ORIENTED_EDGE('',*,*,#5098,.F.);
#8478=ORIENTED_EDGE('',*,*,#5082,.F.);
#8479=ORIENTED_EDGE('',*,*,#5086,.F.);
#8480=ORIENTED_EDGE('',*,*,#5089,.F.);
#8481=ORIENTED_EDGE('',*,*,#5092,.F.);
#8482=ORIENTED_EDGE('',*,*,#5095,.F.);
#8483=ORIENTED_EDGE('',*,*,#5080,.F.);
#8484=ORIENTED_EDGE('',*,*,#5064,.F.);
#8485=ORIENTED_EDGE('',*,*,#5068,.F.);
#8486=ORIENTED_EDGE('',*,*,#5071,.F.);
#8487=ORIENTED_EDGE('',*,*,#5074,.F.);
#8488=ORIENTED_EDGE('',*,*,#5077,.F.);
#8489=ORIENTED_EDGE('',*,*,#5062,.F.);
#8490=ORIENTED_EDGE('',*,*,#5046,.F.);
#8491=ORIENTED_EDGE('',*,*,#5050,.F.);
#8492=ORIENTED_EDGE('',*,*,#5053,.F.);
#8493=ORIENTED_EDGE('',*,*,#5056,.F.);
#8494=ORIENTED_EDGE('',*,*,#5059,.F.);
#8495=ORIENTED_EDGE('',*,*,#5044,.F.);
#8496=ORIENTED_EDGE('',*,*,#5028,.F.);
#8497=ORIENTED_EDGE('',*,*,#5032,.F.);
#8498=ORIENTED_EDGE('',*,*,#5035,.F.);
#8499=ORIENTED_EDGE('',*,*,#5038,.F.);
#8500=ORIENTED_EDGE('',*,*,#5041,.F.);
#8501=ORIENTED_EDGE('',*,*,#5026,.F.);
#8502=ORIENTED_EDGE('',*,*,#5010,.F.);
#8503=ORIENTED_EDGE('',*,*,#5014,.F.);
#8504=ORIENTED_EDGE('',*,*,#5017,.F.);
#8505=ORIENTED_EDGE('',*,*,#5020,.F.);
#8506=ORIENTED_EDGE('',*,*,#5023,.F.);
#8507=ORIENTED_EDGE('',*,*,#5008,.F.);
#8508=ORIENTED_EDGE('',*,*,#4992,.F.);
#8509=ORIENTED_EDGE('',*,*,#4996,.F.);
#8510=ORIENTED_EDGE('',*,*,#4999,.F.);
#8511=ORIENTED_EDGE('',*,*,#5002,.F.);
#8512=ORIENTED_EDGE('',*,*,#5005,.F.);
#8513=ORIENTED_EDGE('',*,*,#4990,.F.);
#8514=ORIENTED_EDGE('',*,*,#4974,.F.);
#8515=ORIENTED_EDGE('',*,*,#4978,.F.);
#8516=ORIENTED_EDGE('',*,*,#4981,.F.);
#8517=ORIENTED_EDGE('',*,*,#4984,.F.);
#8518=ORIENTED_EDGE('',*,*,#4987,.F.);
#8519=ORIENTED_EDGE('',*,*,#4972,.F.);
#8520=ORIENTED_EDGE('',*,*,#4956,.F.);
#8521=ORIENTED_EDGE('',*,*,#4960,.F.);
#8522=ORIENTED_EDGE('',*,*,#4963,.F.);
#8523=ORIENTED_EDGE('',*,*,#4966,.F.);
#8524=ORIENTED_EDGE('',*,*,#4969,.F.);
#8525=ORIENTED_EDGE('',*,*,#4954,.F.);
#8526=ORIENTED_EDGE('',*,*,#4938,.F.);
#8527=ORIENTED_EDGE('',*,*,#4942,.F.);
#8528=ORIENTED_EDGE('',*,*,#4945,.F.);
#8529=ORIENTED_EDGE('',*,*,#4948,.F.);
#8530=ORIENTED_EDGE('',*,*,#4951,.F.);
#8531=ORIENTED_EDGE('',*,*,#4936,.F.);
#8532=ORIENTED_EDGE('',*,*,#4920,.F.);
#8533=ORIENTED_EDGE('',*,*,#4924,.F.);
#8534=ORIENTED_EDGE('',*,*,#4927,.F.);
#8535=ORIENTED_EDGE('',*,*,#4930,.F.);
#8536=ORIENTED_EDGE('',*,*,#4933,.F.);
#8537=ORIENTED_EDGE('',*,*,#4918,.F.);
#8538=ORIENTED_EDGE('',*,*,#4902,.F.);
#8539=ORIENTED_EDGE('',*,*,#4906,.F.);
#8540=ORIENTED_EDGE('',*,*,#4909,.F.);
#8541=ORIENTED_EDGE('',*,*,#4912,.F.);
#8542=ORIENTED_EDGE('',*,*,#4915,.F.);
#8543=ORIENTED_EDGE('',*,*,#4900,.F.);
#8544=ORIENTED_EDGE('',*,*,#4884,.F.);
#8545=ORIENTED_EDGE('',*,*,#4888,.F.);
#8546=ORIENTED_EDGE('',*,*,#4891,.F.);
#8547=ORIENTED_EDGE('',*,*,#4894,.F.);
#8548=ORIENTED_EDGE('',*,*,#4897,.F.);
#8549=ORIENTED_EDGE('',*,*,#4882,.F.);
#8550=ORIENTED_EDGE('',*,*,#4866,.F.);
#8551=ORIENTED_EDGE('',*,*,#4870,.F.);
#8552=ORIENTED_EDGE('',*,*,#4873,.F.);
#8553=ORIENTED_EDGE('',*,*,#4876,.F.);
#8554=ORIENTED_EDGE('',*,*,#4879,.F.);
#8555=CYLINDRICAL_SURFACE('',#8985,4.0000014007092);
#8556=CYLINDRICAL_SURFACE('',#8988,7.00000144541266);
#8557=ADVANCED_FACE('',(#583),#8555,.F.);
#8558=ADVANCED_FACE('',(#584),#581,.T.);
#8559=ADVANCED_FACE('',(#585),#8556,.T.);
#8560=ADVANCED_FACE('',(#586),#582,.T.);
#8561=ADVANCED_FACE('',(#587),#167,.T.);
#8562=ADVANCED_FACE('',(#588),#168,.T.);
#8563=ADVANCED_FACE('',(#589),#169,.T.);
#8564=ADVANCED_FACE('',(#590),#170,.T.);
#8565=ADVANCED_FACE('',(#591),#171,.T.);
#8566=ADVANCED_FACE('',(#592),#172,.T.);
#8567=ADVANCED_FACE('',(#593),#173,.T.);
#8568=ADVANCED_FACE('',(#594),#174,.T.);
#8569=ADVANCED_FACE('',(#595),#175,.T.);
#8570=ADVANCED_FACE('',(#596),#176,.T.);
#8571=ADVANCED_FACE('',(#597),#177,.T.);
#8572=ADVANCED_FACE('',(#598),#178,.T.);
#8573=ADVANCED_FACE('',(#599),#179,.T.);
#8574=ADVANCED_FACE('',(#600),#180,.T.);
#8575=ADVANCED_FACE('',(#601),#181,.T.);
#8576=ADVANCED_FACE('',(#602),#182,.T.);
#8577=ADVANCED_FACE('',(#603),#183,.T.);
#8578=ADVANCED_FACE('',(#604),#184,.T.);
#8579=ADVANCED_FACE('',(#605),#185,.T.);
#8580=ADVANCED_FACE('',(#606),#186,.T.);
#8581=ADVANCED_FACE('',(#607),#187,.T.);
#8582=ADVANCED_FACE('',(#608),#188,.T.);
#8583=ADVANCED_FACE('',(#609),#189,.T.);
#8584=ADVANCED_FACE('',(#610),#190,.T.);
#8585=ADVANCED_FACE('',(#611),#191,.T.);
#8586=ADVANCED_FACE('',(#612),#192,.T.);
#8587=ADVANCED_FACE('',(#613),#193,.T.);
#8588=ADVANCED_FACE('',(#614),#194,.T.);
#8589=ADVANCED_FACE('',(#615),#195,.T.);
#8590=ADVANCED_FACE('',(#616),#196,.T.);
#8591=ADVANCED_FACE('',(#617),#197,.T.);
#8592=ADVANCED_FACE('',(#618),#198,.T.);
#8593=ADVANCED_FACE('',(#619),#199,.T.);
#8594=ADVANCED_FACE('',(#620),#200,.T.);
#8595=ADVANCED_FACE('',(#621),#201,.T.);
#8596=ADVANCED_FACE('',(#622),#202,.T.);
#8597=ADVANCED_FACE('',(#623),#203,.T.);
#8598=ADVANCED_FACE('',(#624),#204,.T.);
#8599=ADVANCED_FACE('',(#625),#205,.T.);
#8600=ADVANCED_FACE('',(#626),#206,.T.);
#8601=ADVANCED_FACE('',(#627),#207,.T.);
#8602=ADVANCED_FACE('',(#628),#208,.T.);
#8603=ADVANCED_FACE('',(#629),#209,.T.);
#8604=ADVANCED_FACE('',(#630),#210,.T.);
#8605=ADVANCED_FACE('',(#631),#211,.T.);
#8606=ADVANCED_FACE('',(#632),#212,.T.);
#8607=ADVANCED_FACE('',(#633),#213,.T.);
#8608=ADVANCED_FACE('',(#634),#214,.T.);
#8609=ADVANCED_FACE('',(#635),#215,.T.);
#8610=ADVANCED_FACE('',(#636),#216,.T.);
#8611=ADVANCED_FACE('',(#637),#217,.T.);
#8612=ADVANCED_FACE('',(#638),#218,.T.);
#8613=ADVANCED_FACE('',(#639),#219,.T.);
#8614=ADVANCED_FACE('',(#640),#220,.T.);
#8615=ADVANCED_FACE('',(#641),#221,.T.);
#8616=ADVANCED_FACE('',(#642),#222,.T.);
#8617=ADVANCED_FACE('',(#643),#223,.T.);
#8618=ADVANCED_FACE('',(#644),#224,.T.);
#8619=ADVANCED_FACE('',(#645),#225,.T.);
#8620=ADVANCED_FACE('',(#646),#226,.T.);
#8621=ADVANCED_FACE('',(#647),#227,.T.);
#8622=ADVANCED_FACE('',(#648),#228,.T.);
#8623=ADVANCED_FACE('',(#649),#229,.T.);
#8624=ADVANCED_FACE('',(#650),#230,.T.);
#8625=ADVANCED_FACE('',(#651),#231,.T.);
#8626=ADVANCED_FACE('',(#652),#232,.T.);
#8627=ADVANCED_FACE('',(#653),#233,.T.);
#8628=ADVANCED_FACE('',(#654),#234,.T.);
#8629=ADVANCED_FACE('',(#655),#235,.T.);
#8630=ADVANCED_FACE('',(#656),#236,.T.);
#8631=ADVANCED_FACE('',(#657),#237,.T.);
#8632=ADVANCED_FACE('',(#658),#238,.T.);
#8633=ADVANCED_FACE('',(#659),#239,.T.);
#8634=ADVANCED_FACE('',(#660),#240,.T.);
#8635=ADVANCED_FACE('',(#661),#241,.T.);
#8636=ADVANCED_FACE('',(#662),#242,.T.);
#8637=ADVANCED_FACE('',(#663),#243,.T.);
#8638=ADVANCED_FACE('',(#664),#244,.T.);
#8639=ADVANCED_FACE('',(#665),#245,.T.);
#8640=ADVANCED_FACE('',(#666),#246,.T.);
#8641=ADVANCED_FACE('',(#667),#247,.T.);
#8642=ADVANCED_FACE('',(#668),#248,.T.);
#8643=ADVANCED_FACE('',(#669),#249,.T.);
#8644=ADVANCED_FACE('',(#670),#250,.T.);
#8645=ADVANCED_FACE('',(#671),#251,.T.);
#8646=ADVANCED_FACE('',(#672),#252,.T.);
#8647=ADVANCED_FACE('',(#673),#253,.T.);
#8648=ADVANCED_FACE('',(#674),#254,.T.);
#8649=ADVANCED_FACE('',(#675),#255,.T.);
#8650=ADVANCED_FACE('',(#676),#256,.T.);
#8651=ADVANCED_FACE('',(#677),#257,.T.);
#8652=ADVANCED_FACE('',(#678),#258,.T.);
#8653=ADVANCED_FACE('',(#679),#259,.T.);
#8654=ADVANCED_FACE('',(#680),#260,.T.);
#8655=ADVANCED_FACE('',(#681),#261,.T.);
#8656=ADVANCED_FACE('',(#682),#262,.T.);
#8657=ADVANCED_FACE('',(#683),#263,.T.);
#8658=ADVANCED_FACE('',(#684),#264,.T.);
#8659=ADVANCED_FACE('',(#685),#265,.T.);
#8660=ADVANCED_FACE('',(#686),#266,.T.);
#8661=ADVANCED_FACE('',(#687),#267,.T.);
#8662=ADVANCED_FACE('',(#688),#268,.T.);
#8663=ADVANCED_FACE('',(#689),#269,.T.);
#8664=ADVANCED_FACE('',(#690),#270,.T.);
#8665=ADVANCED_FACE('',(#691),#271,.T.);
#8666=ADVANCED_FACE('',(#692),#272,.T.);
#8667=ADVANCED_FACE('',(#693),#273,.T.);
#8668=ADVANCED_FACE('',(#694),#274,.T.);
#8669=ADVANCED_FACE('',(#695),#275,.T.);
#8670=ADVANCED_FACE('',(#696),#276,.T.);
#8671=ADVANCED_FACE('',(#697),#277,.T.);
#8672=ADVANCED_FACE('',(#698),#278,.T.);
#8673=ADVANCED_FACE('',(#699),#279,.T.);
#8674=ADVANCED_FACE('',(#700),#280,.T.);
#8675=ADVANCED_FACE('',(#701),#281,.T.);
#8676=ADVANCED_FACE('',(#702),#282,.T.);
#8677=ADVANCED_FACE('',(#703),#283,.T.);
#8678=ADVANCED_FACE('',(#704),#284,.T.);
#8679=ADVANCED_FACE('',(#705),#285,.T.);
#8680=ADVANCED_FACE('',(#706),#286,.T.);
#8681=ADVANCED_FACE('',(#707),#287,.T.);
#8682=ADVANCED_FACE('',(#708),#288,.T.);
#8683=ADVANCED_FACE('',(#709),#289,.T.);
#8684=ADVANCED_FACE('',(#710),#290,.T.);
#8685=ADVANCED_FACE('',(#711),#291,.T.);
#8686=ADVANCED_FACE('',(#712),#292,.T.);
#8687=ADVANCED_FACE('',(#713),#293,.T.);
#8688=ADVANCED_FACE('',(#714),#294,.T.);
#8689=ADVANCED_FACE('',(#715),#295,.T.);
#8690=ADVANCED_FACE('',(#716),#296,.T.);
#8691=ADVANCED_FACE('',(#717),#297,.T.);
#8692=ADVANCED_FACE('',(#718),#298,.T.);
#8693=ADVANCED_FACE('',(#719),#299,.T.);
#8694=ADVANCED_FACE('',(#720),#300,.T.);
#8695=ADVANCED_FACE('',(#721),#301,.T.);
#8696=ADVANCED_FACE('',(#722),#302,.T.);
#8697=ADVANCED_FACE('',(#723),#303,.T.);
#8698=ADVANCED_FACE('',(#724),#304,.T.);
#8699=ADVANCED_FACE('',(#725),#305,.T.);
#8700=ADVANCED_FACE('',(#726),#306,.T.);
#8701=ADVANCED_FACE('',(#727),#307,.T.);
#8702=ADVANCED_FACE('',(#728),#308,.T.);
#8703=ADVANCED_FACE('',(#729),#309,.T.);
#8704=ADVANCED_FACE('',(#730),#310,.T.);
#8705=ADVANCED_FACE('',(#731),#311,.T.);
#8706=ADVANCED_FACE('',(#732),#312,.T.);
#8707=ADVANCED_FACE('',(#733),#313,.T.);
#8708=ADVANCED_FACE('',(#734),#314,.T.);
#8709=ADVANCED_FACE('',(#735),#315,.T.);
#8710=ADVANCED_FACE('',(#736),#316,.T.);
#8711=ADVANCED_FACE('',(#737),#317,.T.);
#8712=ADVANCED_FACE('',(#738),#318,.T.);
#8713=ADVANCED_FACE('',(#739),#319,.T.);
#8714=ADVANCED_FACE('',(#740),#320,.T.);
#8715=ADVANCED_FACE('',(#741),#321,.T.);
#8716=ADVANCED_FACE('',(#742),#322,.T.);
#8717=ADVANCED_FACE('',(#743),#323,.T.);
#8718=ADVANCED_FACE('',(#744),#324,.T.);
#8719=ADVANCED_FACE('',(#745),#325,.T.);
#8720=ADVANCED_FACE('',(#746),#326,.T.);
#8721=ADVANCED_FACE('',(#747),#327,.T.);
#8722=ADVANCED_FACE('',(#748),#328,.T.);
#8723=ADVANCED_FACE('',(#749),#329,.T.);
#8724=ADVANCED_FACE('',(#750),#330,.T.);
#8725=ADVANCED_FACE('',(#751),#331,.T.);
#8726=ADVANCED_FACE('',(#752),#332,.T.);
#8727=ADVANCED_FACE('',(#753),#333,.T.);
#8728=ADVANCED_FACE('',(#754),#334,.T.);
#8729=ADVANCED_FACE('',(#755),#335,.T.);
#8730=ADVANCED_FACE('',(#756),#336,.T.);
#8731=ADVANCED_FACE('',(#757),#337,.T.);
#8732=ADVANCED_FACE('',(#758),#338,.T.);
#8733=ADVANCED_FACE('',(#759),#339,.T.);
#8734=ADVANCED_FACE('',(#760),#340,.T.);
#8735=ADVANCED_FACE('',(#761),#341,.T.);
#8736=ADVANCED_FACE('',(#762),#342,.T.);
#8737=ADVANCED_FACE('',(#763),#343,.T.);
#8738=ADVANCED_FACE('',(#764),#344,.T.);
#8739=ADVANCED_FACE('',(#765),#345,.T.);
#8740=ADVANCED_FACE('',(#766),#346,.T.);
#8741=ADVANCED_FACE('',(#767),#347,.T.);
#8742=ADVANCED_FACE('',(#768),#348,.T.);
#8743=ADVANCED_FACE('',(#769),#349,.T.);
#8744=ADVANCED_FACE('',(#770),#350,.T.);
#8745=ADVANCED_FACE('',(#771),#351,.T.);
#8746=ADVANCED_FACE('',(#772),#352,.T.);
#8747=ADVANCED_FACE('',(#773),#353,.T.);
#8748=ADVANCED_FACE('',(#774),#354,.T.);
#8749=ADVANCED_FACE('',(#775),#355,.T.);
#8750=ADVANCED_FACE('',(#776),#356,.T.);
#8751=ADVANCED_FACE('',(#777),#357,.T.);
#8752=ADVANCED_FACE('',(#778),#358,.T.);
#8753=ADVANCED_FACE('',(#779),#359,.T.);
#8754=ADVANCED_FACE('',(#780),#360,.T.);
#8755=ADVANCED_FACE('',(#781),#361,.T.);
#8756=ADVANCED_FACE('',(#782),#362,.T.);
#8757=ADVANCED_FACE('',(#783),#363,.T.);
#8758=ADVANCED_FACE('',(#784),#364,.T.);
#8759=ADVANCED_FACE('',(#785),#365,.T.);
#8760=ADVANCED_FACE('',(#786),#366,.T.);
#8761=ADVANCED_FACE('',(#787),#367,.T.);
#8762=ADVANCED_FACE('',(#788),#368,.T.);
#8763=ADVANCED_FACE('',(#789),#369,.T.);
#8764=ADVANCED_FACE('',(#790),#370,.T.);
#8765=ADVANCED_FACE('',(#791),#371,.T.);
#8766=ADVANCED_FACE('',(#792),#372,.T.);
#8767=ADVANCED_FACE('',(#793),#373,.T.);
#8768=ADVANCED_FACE('',(#794),#374,.T.);
#8769=ADVANCED_FACE('',(#795),#375,.T.);
#8770=ADVANCED_FACE('',(#796),#376,.T.);
#8771=ADVANCED_FACE('',(#797),#377,.T.);
#8772=ADVANCED_FACE('',(#798),#378,.T.);
#8773=ADVANCED_FACE('',(#799),#379,.T.);
#8774=ADVANCED_FACE('',(#800),#380,.T.);
#8775=ADVANCED_FACE('',(#801),#381,.T.);
#8776=ADVANCED_FACE('',(#802),#382,.T.);
#8777=ADVANCED_FACE('',(#803),#383,.T.);
#8778=ADVANCED_FACE('',(#804),#384,.T.);
#8779=ADVANCED_FACE('',(#805),#385,.T.);
#8780=ADVANCED_FACE('',(#806),#386,.T.);
#8781=ADVANCED_FACE('',(#807),#387,.T.);
#8782=ADVANCED_FACE('',(#808),#388,.T.);
#8783=ADVANCED_FACE('',(#809),#389,.T.);
#8784=ADVANCED_FACE('',(#810),#390,.T.);
#8785=ADVANCED_FACE('',(#811),#391,.T.);
#8786=ADVANCED_FACE('',(#812),#392,.T.);
#8787=ADVANCED_FACE('',(#813),#393,.T.);
#8788=ADVANCED_FACE('',(#814),#394,.T.);
#8789=ADVANCED_FACE('',(#815),#395,.T.);
#8790=ADVANCED_FACE('',(#816),#396,.T.);
#8791=ADVANCED_FACE('',(#817),#397,.T.);
#8792=ADVANCED_FACE('',(#818),#398,.T.);
#8793=ADVANCED_FACE('',(#819),#399,.T.);
#8794=ADVANCED_FACE('',(#820),#400,.T.);
#8795=ADVANCED_FACE('',(#821),#401,.T.);
#8796=ADVANCED_FACE('',(#822),#402,.T.);
#8797=ADVANCED_FACE('',(#823),#403,.T.);
#8798=ADVANCED_FACE('',(#824),#404,.T.);
#8799=ADVANCED_FACE('',(#825),#405,.T.);
#8800=ADVANCED_FACE('',(#826),#406,.T.);
#8801=ADVANCED_FACE('',(#827),#407,.T.);
#8802=ADVANCED_FACE('',(#828),#408,.T.);
#8803=ADVANCED_FACE('',(#829),#409,.T.);
#8804=ADVANCED_FACE('',(#830),#410,.T.);
#8805=ADVANCED_FACE('',(#831),#411,.T.);
#8806=ADVANCED_FACE('',(#832),#412,.T.);
#8807=ADVANCED_FACE('',(#833),#413,.T.);
#8808=ADVANCED_FACE('',(#834),#414,.T.);
#8809=ADVANCED_FACE('',(#835),#415,.T.);
#8810=ADVANCED_FACE('',(#836),#416,.T.);
#8811=ADVANCED_FACE('',(#837),#417,.T.);
#8812=ADVANCED_FACE('',(#838),#418,.T.);
#8813=ADVANCED_FACE('',(#839),#419,.T.);
#8814=ADVANCED_FACE('',(#840),#420,.T.);
#8815=ADVANCED_FACE('',(#841),#421,.T.);
#8816=ADVANCED_FACE('',(#842),#422,.T.);
#8817=ADVANCED_FACE('',(#843),#423,.T.);
#8818=ADVANCED_FACE('',(#844),#424,.T.);
#8819=ADVANCED_FACE('',(#845),#425,.T.);
#8820=ADVANCED_FACE('',(#846),#426,.T.);
#8821=ADVANCED_FACE('',(#847),#427,.T.);
#8822=ADVANCED_FACE('',(#848),#428,.T.);
#8823=ADVANCED_FACE('',(#849),#429,.T.);
#8824=ADVANCED_FACE('',(#850),#430,.T.);
#8825=ADVANCED_FACE('',(#851),#431,.T.);
#8826=ADVANCED_FACE('',(#852),#432,.T.);
#8827=ADVANCED_FACE('',(#853),#433,.T.);
#8828=ADVANCED_FACE('',(#854),#434,.T.);
#8829=ADVANCED_FACE('',(#855),#435,.T.);
#8830=ADVANCED_FACE('',(#856),#436,.T.);
#8831=ADVANCED_FACE('',(#857),#437,.T.);
#8832=ADVANCED_FACE('',(#858),#438,.T.);
#8833=ADVANCED_FACE('',(#859),#439,.T.);
#8834=ADVANCED_FACE('',(#860),#440,.T.);
#8835=ADVANCED_FACE('',(#861),#441,.T.);
#8836=ADVANCED_FACE('',(#862),#442,.T.);
#8837=ADVANCED_FACE('',(#863),#443,.T.);
#8838=ADVANCED_FACE('',(#864),#444,.T.);
#8839=ADVANCED_FACE('',(#865),#445,.T.);
#8840=ADVANCED_FACE('',(#866),#446,.T.);
#8841=ADVANCED_FACE('',(#867),#447,.T.);
#8842=ADVANCED_FACE('',(#868),#448,.T.);
#8843=ADVANCED_FACE('',(#869),#449,.T.);
#8844=ADVANCED_FACE('',(#870),#450,.T.);
#8845=ADVANCED_FACE('',(#871),#451,.T.);
#8846=ADVANCED_FACE('',(#872),#452,.T.);
#8847=ADVANCED_FACE('',(#873),#453,.T.);
#8848=ADVANCED_FACE('',(#874),#454,.T.);
#8849=ADVANCED_FACE('',(#875),#455,.T.);
#8850=ADVANCED_FACE('',(#876),#456,.T.);
#8851=ADVANCED_FACE('',(#877),#457,.T.);
#8852=ADVANCED_FACE('',(#878),#458,.T.);
#8853=ADVANCED_FACE('',(#879),#459,.T.);
#8854=ADVANCED_FACE('',(#880),#460,.T.);
#8855=ADVANCED_FACE('',(#881),#461,.T.);
#8856=ADVANCED_FACE('',(#882),#462,.T.);
#8857=ADVANCED_FACE('',(#883),#463,.T.);
#8858=ADVANCED_FACE('',(#884),#464,.T.);
#8859=ADVANCED_FACE('',(#885),#465,.T.);
#8860=ADVANCED_FACE('',(#886),#466,.T.);
#8861=ADVANCED_FACE('',(#887),#467,.T.);
#8862=ADVANCED_FACE('',(#888),#468,.T.);
#8863=ADVANCED_FACE('',(#889),#469,.T.);
#8864=ADVANCED_FACE('',(#890),#470,.T.);
#8865=ADVANCED_FACE('',(#891),#471,.T.);
#8866=ADVANCED_FACE('',(#892),#472,.T.);
#8867=ADVANCED_FACE('',(#893),#473,.T.);
#8868=ADVANCED_FACE('',(#894),#474,.T.);
#8869=ADVANCED_FACE('',(#895),#475,.T.);
#8870=ADVANCED_FACE('',(#896),#476,.T.);
#8871=ADVANCED_FACE('',(#897),#477,.T.);
#8872=ADVANCED_FACE('',(#898),#478,.T.);
#8873=ADVANCED_FACE('',(#899),#479,.T.);
#8874=ADVANCED_FACE('',(#900),#480,.T.);
#8875=ADVANCED_FACE('',(#901),#481,.T.);
#8876=ADVANCED_FACE('',(#902),#482,.T.);
#8877=ADVANCED_FACE('',(#903),#483,.T.);
#8878=ADVANCED_FACE('',(#904),#484,.T.);
#8879=ADVANCED_FACE('',(#905),#485,.T.);
#8880=ADVANCED_FACE('',(#906),#486,.T.);
#8881=ADVANCED_FACE('',(#907),#487,.T.);
#8882=ADVANCED_FACE('',(#908),#488,.T.);
#8883=ADVANCED_FACE('',(#909),#489,.T.);
#8884=ADVANCED_FACE('',(#910),#490,.T.);
#8885=ADVANCED_FACE('',(#911),#491,.T.);
#8886=ADVANCED_FACE('',(#912),#492,.T.);
#8887=ADVANCED_FACE('',(#913),#493,.T.);
#8888=ADVANCED_FACE('',(#914),#494,.T.);
#8889=ADVANCED_FACE('',(#915),#495,.T.);
#8890=ADVANCED_FACE('',(#916),#496,.T.);
#8891=ADVANCED_FACE('',(#917),#497,.T.);
#8892=ADVANCED_FACE('',(#918),#498,.T.);
#8893=ADVANCED_FACE('',(#919),#499,.T.);
#8894=ADVANCED_FACE('',(#920),#500,.T.);
#8895=ADVANCED_FACE('',(#921),#501,.T.);
#8896=ADVANCED_FACE('',(#922),#502,.T.);
#8897=ADVANCED_FACE('',(#923),#503,.T.);
#8898=ADVANCED_FACE('',(#924),#504,.T.);
#8899=ADVANCED_FACE('',(#925),#505,.T.);
#8900=ADVANCED_FACE('',(#926),#506,.T.);
#8901=ADVANCED_FACE('',(#927),#507,.T.);
#8902=ADVANCED_FACE('',(#928),#508,.T.);
#8903=ADVANCED_FACE('',(#929),#509,.T.);
#8904=ADVANCED_FACE('',(#930),#510,.T.);
#8905=ADVANCED_FACE('',(#931),#511,.T.);
#8906=ADVANCED_FACE('',(#932),#512,.T.);
#8907=ADVANCED_FACE('',(#933),#513,.T.);
#8908=ADVANCED_FACE('',(#934),#514,.T.);
#8909=ADVANCED_FACE('',(#935),#515,.T.);
#8910=ADVANCED_FACE('',(#936),#516,.T.);
#8911=ADVANCED_FACE('',(#937),#517,.T.);
#8912=ADVANCED_FACE('',(#938),#518,.T.);
#8913=ADVANCED_FACE('',(#939),#519,.T.);
#8914=ADVANCED_FACE('',(#940),#520,.T.);
#8915=ADVANCED_FACE('',(#941),#521,.T.);
#8916=ADVANCED_FACE('',(#942),#522,.T.);
#8917=ADVANCED_FACE('',(#943),#523,.T.);
#8918=ADVANCED_FACE('',(#944),#524,.T.);
#8919=ADVANCED_FACE('',(#945),#525,.T.);
#8920=ADVANCED_FACE('',(#946),#526,.T.);
#8921=ADVANCED_FACE('',(#947),#527,.T.);
#8922=ADVANCED_FACE('',(#948),#528,.T.);
#8923=ADVANCED_FACE('',(#949),#529,.T.);
#8924=ADVANCED_FACE('',(#950),#530,.T.);
#8925=ADVANCED_FACE('',(#951),#531,.T.);
#8926=ADVANCED_FACE('',(#952),#532,.T.);
#8927=ADVANCED_FACE('',(#953),#533,.T.);
#8928=ADVANCED_FACE('',(#954),#534,.T.);
#8929=ADVANCED_FACE('',(#955),#535,.T.);
#8930=ADVANCED_FACE('',(#956),#536,.T.);
#8931=ADVANCED_FACE('',(#957),#537,.T.);
#8932=ADVANCED_FACE('',(#958),#538,.T.);
#8933=ADVANCED_FACE('',(#959),#539,.T.);
#8934=ADVANCED_FACE('',(#960),#540,.T.);
#8935=ADVANCED_FACE('',(#961),#541,.T.);
#8936=ADVANCED_FACE('',(#962),#542,.T.);
#8937=ADVANCED_FACE('',(#963),#543,.T.);
#8938=ADVANCED_FACE('',(#964),#544,.T.);
#8939=ADVANCED_FACE('',(#965),#545,.T.);
#8940=ADVANCED_FACE('',(#966),#546,.T.);
#8941=ADVANCED_FACE('',(#967),#547,.T.);
#8942=ADVANCED_FACE('',(#968),#548,.T.);
#8943=ADVANCED_FACE('',(#969),#549,.T.);
#8944=ADVANCED_FACE('',(#970),#550,.T.);
#8945=ADVANCED_FACE('',(#971),#551,.T.);
#8946=ADVANCED_FACE('',(#972),#552,.T.);
#8947=ADVANCED_FACE('',(#973),#553,.T.);
#8948=ADVANCED_FACE('',(#974),#554,.T.);
#8949=ADVANCED_FACE('',(#975),#555,.T.);
#8950=ADVANCED_FACE('',(#976),#556,.T.);
#8951=ADVANCED_FACE('',(#977),#557,.T.);
#8952=ADVANCED_FACE('',(#978),#558,.T.);
#8953=ADVANCED_FACE('',(#979),#559,.T.);
#8954=ADVANCED_FACE('',(#980),#560,.T.);
#8955=ADVANCED_FACE('',(#981),#561,.T.);
#8956=ADVANCED_FACE('',(#982),#562,.T.);
#8957=ADVANCED_FACE('',(#983),#563,.T.);
#8958=ADVANCED_FACE('',(#984),#564,.T.);
#8959=ADVANCED_FACE('',(#985),#565,.T.);
#8960=ADVANCED_FACE('',(#986),#566,.T.);
#8961=ADVANCED_FACE('',(#987),#567,.T.);
#8962=ADVANCED_FACE('',(#988),#568,.T.);
#8963=ADVANCED_FACE('',(#989),#569,.T.);
#8964=ADVANCED_FACE('',(#990),#570,.T.);
#8965=ADVANCED_FACE('',(#991),#571,.T.);
#8966=ADVANCED_FACE('',(#992),#572,.T.);
#8967=ADVANCED_FACE('',(#993),#573,.T.);
#8968=ADVANCED_FACE('',(#994),#574,.T.);
#8969=ADVANCED_FACE('',(#995,#15,#16,#17,#18,#19,#20,#21,#22,#23,#24,#25,
#26,#27,#28,#29,#30,#31,#32,#33,#34,#35,#36,#37,#38,#39,#40,#41,#42,#43,
#44,#45,#46,#47,#48,#49,#50,#51,#52,#53,#54,#55,#56,#57,#58,#59,#60,#61,
#62,#63,#64,#65,#66,#67,#68,#69,#70,#71,#72,#73,#74,#75,#76,#77,#78,#79,
#80,#81,#82,#83,#84,#85,#86,#87,#88,#89,#90),#575,.T.);
#8970=ADVANCED_FACE('',(#996,#91,#92,#93,#94,#95,#96,#97,#98,#99,#100,#101,
#102,#103,#104,#105,#106,#107,#108,#109,#110,#111,#112,#113,#114,#115,#116,
#117,#118,#119,#120,#121,#122,#123,#124,#125,#126,#127,#128,#129,#130,#131,
#132,#133,#134,#135,#136,#137,#138,#139,#140,#141,#142,#143,#144,#145,#146,
#147,#148,#149,#150,#151,#152,#153,#154,#155,#156,#157,#158,#159,#160,#161,
#162,#163,#164,#165,#166),#576,.F.);
#8971=CLOSED_SHELL('',(#8557,#8558,#8559,#8560,#8561,#8562,#8563,#8564,
#8565,#8566,#8567,#8568,#8569,#8570,#8571,#8572,#8573,#8574,#8575,#8576,
#8577,#8578,#8579,#8580,#8581,#8582,#8583,#8584,#8585,#8586,#8587,#8588,
#8589,#8590,#8591,#8592,#8593,#8594,#8595,#8596,#8597,#8598,#8599,#8600,
#8601,#8602,#8603,#8604,#8605,#8606,#8607,#8608,#8609,#8610,#8611,#8612,
#8613,#8614,#8615,#8616,#8617,#8618,#8619,#8620,#8621,#8622,#8623,#8624,
#8625,#8626,#8627,#8628,#8629,#8630,#8631,#8632,#8633,#8634,#8635,#8636,
#8637,#8638,#8639,#8640,#8641,#8642,#8643,#8644,#8645,#8646,#8647,#8648,
#8649,#8650,#8651,#8652,#8653,#8654,#8655,#8656,#8657,#8658,#8659,#8660,
#8661,#8662,#8663,#8664,#8665,#8666,#8667,#8668,#8669,#8670,#8671,#8672,
#8673,#8674,#8675,#8676,#8677,#8678,#8679,#8680,#8681,#8682,#8683,#8684,
#8685,#8686,#8687,#8688,#8689,#8690,#8691,#8692,#8693,#8694,#8695,#8696,
#8697,#8698,#8699,#8700,#8701,#8702,#8703,#8704,#8705,#8706,#8707,#8708,
#8709,#8710,#8711,#8712,#8713,#8714,#8715,#8716,#8717,#8718,#8719,#8720,
#8721,#8722,#8723,#8724,#8725,#8726,#8727,#8728,#8729,#8730,#8731,#8732,
#8733,#8734,#8735,#8736,#8737,#8738,#8739,#8740,#8741,#8742,#8743,#8744,
#8745,#8746,#8747,#8748,#8749,#8750,#8751,#8752,#8753,#8754,#8755,#8756,
#8757,#8758,#8759,#8760,#8761,#8762,#8763,#8764,#8765,#8766,#8767,#8768,
#8769,#8770,#8771,#8772,#8773,#8774,#8775,#8776,#8777,#8778,#8779,#8780,
#8781,#8782,#8783,#8784,#8785,#8786,#8787,#8788,#8789,#8790,#8791,#8792,
#8793,#8794,#8795,#8796,#8797,#8798,#8799,#8800,#8801,#8802,#8803,#8804,
#8805,#8806,#8807,#8808,#8809,#8810,#8811,#8812,#8813,#8814,#8815,#8816,
#8817,#8818,#8819,#8820,#8821,#8822,#8823,#8824,#8825,#8826,#8827,#8828,
#8829,#8830,#8831,#8832,#8833,#8834,#8835,#8836,#8837,#8838,#8839,#8840,
#8841,#8842,#8843,#8844,#8845,#8846,#8847,#8848,#8849,#8850,#8851,#8852,
#8853,#8854,#8855,#8856,#8857,#8858,#8859,#8860,#8861,#8862,#8863,#8864,
#8865,#8866,#8867,#8868,#8869,#8870,#8871,#8872,#8873,#8874,#8875,#8876,
#8877,#8878,#8879,#8880,#8881,#8882,#8883,#8884,#8885,#8886,#8887,#8888,
#8889,#8890,#8891,#8892,#8893,#8894,#8895,#8896,#8897,#8898,#8899,#8900,
#8901,#8902,#8903,#8904,#8905,#8906,#8907,#8908,#8909,#8910,#8911,#8912,
#8913,#8914,#8915,#8916,#8917,#8918,#8919,#8920,#8921,#8922,#8923,#8924,
#8925,#8926,#8927,#8928,#8929,#8930,#8931,#8932,#8933,#8934,#8935,#8936,
#8937,#8938,#8939,#8940,#8941,#8942,#8943,#8944,#8945,#8946,#8947,#8948,
#8949,#8950,#8951,#8952,#8953,#8954,#8955,#8956,#8957,#8958,#8959,#8960,
#8961,#8962,#8963,#8964,#8965,#8966,#8967,#8968,#8969,#8970));
#8972=DERIVED_UNIT_ELEMENT(#8974,1.);
#8973=DERIVED_UNIT_ELEMENT(#14017,-3.);
#8974=(
MASS_UNIT()
NAMED_UNIT(*)
SI_UNIT(.KILO.,.GRAM.)
);
#8975=DERIVED_UNIT((#8972,#8973));
#8976=MEASURE_REPRESENTATION_ITEM('density measure',
POSITIVE_RATIO_MEASURE(7850.),#8975);
#8977=PROPERTY_DEFINITION_REPRESENTATION(#8982,#8979);
#8978=PROPERTY_DEFINITION_REPRESENTATION(#8983,#8980);
#8979=REPRESENTATION('material name',(#8981),#14014);
#8980=REPRESENTATION('density',(#8976),#14014);
#8981=DESCRIPTIVE_REPRESENTATION_ITEM('Acciaio','Acciaio');
#8982=PROPERTY_DEFINITION('material property','material name',#14024);
#8983=PROPERTY_DEFINITION('material property','density of part',#14024);
#8984=AXIS2_PLACEMENT_3D('',#11463,#9401,#9402);
#8985=AXIS2_PLACEMENT_3D('',#11464,#9403,#9404);
#8986=AXIS2_PLACEMENT_3D('',#11466,#9405,#9406);
#8987=AXIS2_PLACEMENT_3D('',#11469,#9408,#9409);
#8988=AXIS2_PLACEMENT_3D('',#11516,#9412,#9413);
#8989=AXIS2_PLACEMENT_3D('',#11518,#9414,#9415);
#8990=AXIS2_PLACEMENT_3D('',#11520,#9416,#9417);
#8991=AXIS2_PLACEMENT_3D('',#11565,#9420,#9421);
#8992=AXIS2_PLACEMENT_3D('',#11571,#9425,#9426);
#8993=AXIS2_PLACEMENT_3D('',#11577,#9430,#9431);
#8994=AXIS2_PLACEMENT_3D('',#11586,#9436,#9437);
#8995=AXIS2_PLACEMENT_3D('',#11592,#9441,#9442);
#8996=AXIS2_PLACEMENT_3D('',#11598,#9446,#9447);
#8997=AXIS2_PLACEMENT_3D('',#11604,#9451,#9452);
#8998=AXIS2_PLACEMENT_3D('',#11610,#9456,#9457);
#8999=AXIS2_PLACEMENT_3D('',#11613,#9460,#9461);
#9000=AXIS2_PLACEMENT_3D('',#11622,#9466,#9467);
#9001=AXIS2_PLACEMENT_3D('',#11628,#9471,#9472);
#9002=AXIS2_PLACEMENT_3D('',#11634,#9476,#9477);
#9003=AXIS2_PLACEMENT_3D('',#11640,#9481,#9482);
#9004=AXIS2_PLACEMENT_3D('',#11646,#9486,#9487);
#9005=AXIS2_PLACEMENT_3D('',#11649,#9490,#9491);
#9006=AXIS2_PLACEMENT_3D('',#11658,#9496,#9497);
#9007=AXIS2_PLACEMENT_3D('',#11664,#9501,#9502);
#9008=AXIS2_PLACEMENT_3D('',#11670,#9506,#9507);
#9009=AXIS2_PLACEMENT_3D('',#11676,#9511,#9512);
#9010=AXIS2_PLACEMENT_3D('',#11682,#9516,#9517);
#9011=AXIS2_PLACEMENT_3D('',#11685,#9520,#9521);
#9012=AXIS2_PLACEMENT_3D('',#11694,#9526,#9527);
#9013=AXIS2_PLACEMENT_3D('',#11700,#9531,#9532);
#9014=AXIS2_PLACEMENT_3D('',#11706,#9536,#9537);
#9015=AXIS2_PLACEMENT_3D('',#11712,#9541,#9542);
#9016=AXIS2_PLACEMENT_3D('',#11718,#9546,#9547);
#9017=AXIS2_PLACEMENT_3D('',#11721,#9550,#9551);
#9018=AXIS2_PLACEMENT_3D('',#11730,#9556,#9557);
#9019=AXIS2_PLACEMENT_3D('',#11736,#9561,#9562);
#9020=AXIS2_PLACEMENT_3D('',#11742,#9566,#9567);
#9021=AXIS2_PLACEMENT_3D('',#11748,#9571,#9572);
#9022=AXIS2_PLACEMENT_3D('',#11754,#9576,#9577);
#9023=AXIS2_PLACEMENT_3D('',#11757,#9580,#9581);
#9024=AXIS2_PLACEMENT_3D('',#11766,#9586,#9587);
#9025=AXIS2_PLACEMENT_3D('',#11772,#9591,#9592);
#9026=AXIS2_PLACEMENT_3D('',#11778,#9596,#9597);
#9027=AXIS2_PLACEMENT_3D('',#11784,#9601,#9602);
#9028=AXIS2_PLACEMENT_3D('',#11790,#9606,#9607);
#9029=AXIS2_PLACEMENT_3D('',#11793,#9610,#9611);
#9030=AXIS2_PLACEMENT_3D('',#11802,#9616,#9617);
#9031=AXIS2_PLACEMENT_3D('',#11808,#9621,#9622);
#9032=AXIS2_PLACEMENT_3D('',#11814,#9626,#9627);
#9033=AXIS2_PLACEMENT_3D('',#11820,#9631,#9632);
#9034=AXIS2_PLACEMENT_3D('',#11826,#9636,#9637);
#9035=AXIS2_PLACEMENT_3D('',#11829,#9640,#9641);
#9036=AXIS2_PLACEMENT_3D('',#11838,#9646,#9647);
#9037=AXIS2_PLACEMENT_3D('',#11844,#9651,#9652);
#9038=AXIS2_PLACEMENT_3D('',#11850,#9656,#9657);
#9039=AXIS2_PLACEMENT_3D('',#11856,#9661,#9662);
#9040=AXIS2_PLACEMENT_3D('',#11862,#9666,#9667);
#9041=AXIS2_PLACEMENT_3D('',#11865,#9670,#9671);
#9042=AXIS2_PLACEMENT_3D('',#11874,#9676,#9677);
#9043=AXIS2_PLACEMENT_3D('',#11880,#9681,#9682);
#9044=AXIS2_PLACEMENT_3D('',#11886,#9686,#9687);
#9045=AXIS2_PLACEMENT_3D('',#11892,#9691,#9692);
#9046=AXIS2_PLACEMENT_3D('',#11898,#9696,#9697);
#9047=AXIS2_PLACEMENT_3D('',#11901,#9700,#9701);
#9048=AXIS2_PLACEMENT_3D('',#11910,#9706,#9707);
#9049=AXIS2_PLACEMENT_3D('',#11916,#9711,#9712);
#9050=AXIS2_PLACEMENT_3D('',#11922,#9716,#9717);
#9051=AXIS2_PLACEMENT_3D('',#11928,#9721,#9722);
#9052=AXIS2_PLACEMENT_3D('',#11934,#9726,#9727);
#9053=AXIS2_PLACEMENT_3D('',#11937,#9730,#9731);
#9054=AXIS2_PLACEMENT_3D('',#11946,#9736,#9737);
#9055=AXIS2_PLACEMENT_3D('',#11952,#9741,#9742);
#9056=AXIS2_PLACEMENT_3D('',#11958,#9746,#9747);
#9057=AXIS2_PLACEMENT_3D('',#11964,#9751,#9752);
#9058=AXIS2_PLACEMENT_3D('',#11970,#9756,#9757);
#9059=AXIS2_PLACEMENT_3D('',#11973,#9760,#9761);
#9060=AXIS2_PLACEMENT_3D('',#11982,#9766,#9767);
#9061=AXIS2_PLACEMENT_3D('',#11988,#9771,#9772);
#9062=AXIS2_PLACEMENT_3D('',#11994,#9776,#9777);
#9063=AXIS2_PLACEMENT_3D('',#12000,#9781,#9782);
#9064=AXIS2_PLACEMENT_3D('',#12006,#9786,#9787);
#9065=AXIS2_PLACEMENT_3D('',#12009,#9790,#9791);
#9066=AXIS2_PLACEMENT_3D('',#12018,#9796,#9797);
#9067=AXIS2_PLACEMENT_3D('',#12024,#9801,#9802);
#9068=AXIS2_PLACEMENT_3D('',#12030,#9806,#9807);
#9069=AXIS2_PLACEMENT_3D('',#12036,#9811,#9812);
#9070=AXIS2_PLACEMENT_3D('',#12042,#9816,#9817);
#9071=AXIS2_PLACEMENT_3D('',#12045,#9820,#9821);
#9072=AXIS2_PLACEMENT_3D('',#12054,#9826,#9827);
#9073=AXIS2_PLACEMENT_3D('',#12060,#9831,#9832);
#9074=AXIS2_PLACEMENT_3D('',#12066,#9836,#9837);
#9075=AXIS2_PLACEMENT_3D('',#12072,#9841,#9842);
#9076=AXIS2_PLACEMENT_3D('',#12078,#9846,#9847);
#9077=AXIS2_PLACEMENT_3D('',#12081,#9850,#9851);
#9078=AXIS2_PLACEMENT_3D('',#12090,#9856,#9857);
#9079=AXIS2_PLACEMENT_3D('',#12096,#9861,#9862);
#9080=AXIS2_PLACEMENT_3D('',#12102,#9866,#9867);
#9081=AXIS2_PLACEMENT_3D('',#12108,#9871,#9872);
#9082=AXIS2_PLACEMENT_3D('',#12114,#9876,#9877);
#9083=AXIS2_PLACEMENT_3D('',#12117,#9880,#9881);
#9084=AXIS2_PLACEMENT_3D('',#12126,#9886,#9887);
#9085=AXIS2_PLACEMENT_3D('',#12132,#9891,#9892);
#9086=AXIS2_PLACEMENT_3D('',#12135,#9895,#9896);
#9087=AXIS2_PLACEMENT_3D('',#12144,#9901,#9902);
#9088=AXIS2_PLACEMENT_3D('',#12150,#9906,#9907);
#9089=AXIS2_PLACEMENT_3D('',#12156,#9911,#9912);
#9090=AXIS2_PLACEMENT_3D('',#12162,#9916,#9917);
#9091=AXIS2_PLACEMENT_3D('',#12168,#9921,#9922);
#9092=AXIS2_PLACEMENT_3D('',#12171,#9925,#9926);
#9093=AXIS2_PLACEMENT_3D('',#12180,#9931,#9932);
#9094=AXIS2_PLACEMENT_3D('',#12186,#9936,#9937);
#9095=AXIS2_PLACEMENT_3D('',#12192,#9941,#9942);
#9096=AXIS2_PLACEMENT_3D('',#12198,#9946,#9947);
#9097=AXIS2_PLACEMENT_3D('',#12204,#9951,#9952);
#9098=AXIS2_PLACEMENT_3D('',#12207,#9955,#9956);
#9099=AXIS2_PLACEMENT_3D('',#12216,#9961,#9962);
#9100=AXIS2_PLACEMENT_3D('',#12222,#9966,#9967);
#9101=AXIS2_PLACEMENT_3D('',#12228,#9971,#9972);
#9102=AXIS2_PLACEMENT_3D('',#12234,#9976,#9977);
#9103=AXIS2_PLACEMENT_3D('',#12240,#9981,#9982);
#9104=AXIS2_PLACEMENT_3D('',#12243,#9985,#9986);
#9105=AXIS2_PLACEMENT_3D('',#12252,#9991,#9992);
#9106=AXIS2_PLACEMENT_3D('',#12258,#9996,#9997);
#9107=AXIS2_PLACEMENT_3D('',#12264,#10001,#10002);
#9108=AXIS2_PLACEMENT_3D('',#12270,#10006,#10007);
#9109=AXIS2_PLACEMENT_3D('',#12276,#10011,#10012);
#9110=AXIS2_PLACEMENT_3D('',#12279,#10015,#10016);
#9111=AXIS2_PLACEMENT_3D('',#12288,#10021,#10022);
#9112=AXIS2_PLACEMENT_3D('',#12294,#10026,#10027);
#9113=AXIS2_PLACEMENT_3D('',#12300,#10031,#10032);
#9114=AXIS2_PLACEMENT_3D('',#12306,#10036,#10037);
#9115=AXIS2_PLACEMENT_3D('',#12309,#10040,#10041);
#9116=AXIS2_PLACEMENT_3D('',#12318,#10046,#10047);
#9117=AXIS2_PLACEMENT_3D('',#12324,#10051,#10052);
#9118=AXIS2_PLACEMENT_3D('',#12330,#10056,#10057);
#9119=AXIS2_PLACEMENT_3D('',#12336,#10061,#10062);
#9120=AXIS2_PLACEMENT_3D('',#12342,#10066,#10067);
#9121=AXIS2_PLACEMENT_3D('',#12345,#10070,#10071);
#9122=AXIS2_PLACEMENT_3D('',#12354,#10076,#10077);
#9123=AXIS2_PLACEMENT_3D('',#12360,#10081,#10082);
#9124=AXIS2_PLACEMENT_3D('',#12363,#10085,#10086);
#9125=AXIS2_PLACEMENT_3D('',#12372,#10091,#10092);
#9126=AXIS2_PLACEMENT_3D('',#12378,#10096,#10097);
#9127=AXIS2_PLACEMENT_3D('',#12384,#10101,#10102);
#9128=AXIS2_PLACEMENT_3D('',#12390,#10106,#10107);
#9129=AXIS2_PLACEMENT_3D('',#12393,#10110,#10111);
#9130=AXIS2_PLACEMENT_3D('',#12402,#10116,#10117);
#9131=AXIS2_PLACEMENT_3D('',#12408,#10121,#10122);
#9132=AXIS2_PLACEMENT_3D('',#12414,#10126,#10127);
#9133=AXIS2_PLACEMENT_3D('',#12420,#10131,#10132);
#9134=AXIS2_PLACEMENT_3D('',#12426,#10136,#10137);
#9135=AXIS2_PLACEMENT_3D('',#12429,#10140,#10141);
#9136=AXIS2_PLACEMENT_3D('',#12438,#10146,#10147);
#9137=AXIS2_PLACEMENT_3D('',#12444,#10151,#10152);
#9138=AXIS2_PLACEMENT_3D('',#12450,#10156,#10157);
#9139=AXIS2_PLACEMENT_3D('',#12456,#10161,#10162);
#9140=AXIS2_PLACEMENT_3D('',#12462,#10166,#10167);
#9141=AXIS2_PLACEMENT_3D('',#12465,#10170,#10171);
#9142=AXIS2_PLACEMENT_3D('',#12474,#10176,#10177);
#9143=AXIS2_PLACEMENT_3D('',#12480,#10181,#10182);
#9144=AXIS2_PLACEMENT_3D('',#12486,#10186,#10187);
#9145=AXIS2_PLACEMENT_3D('',#12489,#10190,#10191);
#9146=AXIS2_PLACEMENT_3D('',#12498,#10196,#10197);
#9147=AXIS2_PLACEMENT_3D('',#12504,#10201,#10202);
#9148=AXIS2_PLACEMENT_3D('',#12510,#10206,#10207);
#9149=AXIS2_PLACEMENT_3D('',#12516,#10211,#10212);
#9150=AXIS2_PLACEMENT_3D('',#12522,#10216,#10217);
#9151=AXIS2_PLACEMENT_3D('',#12525,#10220,#10221);
#9152=AXIS2_PLACEMENT_3D('',#12534,#10226,#10227);
#9153=AXIS2_PLACEMENT_3D('',#12540,#10231,#10232);
#9154=AXIS2_PLACEMENT_3D('',#12546,#10236,#10237);
#9155=AXIS2_PLACEMENT_3D('',#12552,#10241,#10242);
#9156=AXIS2_PLACEMENT_3D('',#12558,#10246,#10247);
#9157=AXIS2_PLACEMENT_3D('',#12561,#10250,#10251);
#9158=AXIS2_PLACEMENT_3D('',#12570,#10256,#10257);
#9159=AXIS2_PLACEMENT_3D('',#12576,#10261,#10262);
#9160=AXIS2_PLACEMENT_3D('',#12582,#10266,#10267);
#9161=AXIS2_PLACEMENT_3D('',#12588,#10271,#10272);
#9162=AXIS2_PLACEMENT_3D('',#12591,#10275,#10276);
#9163=AXIS2_PLACEMENT_3D('',#12600,#10281,#10282);
#9164=AXIS2_PLACEMENT_3D('',#12606,#10286,#10287);
#9165=AXIS2_PLACEMENT_3D('',#12612,#10291,#10292);
#9166=AXIS2_PLACEMENT_3D('',#12618,#10296,#10297);
#9167=AXIS2_PLACEMENT_3D('',#12624,#10301,#10302);
#9168=AXIS2_PLACEMENT_3D('',#12627,#10305,#10306);
#9169=AXIS2_PLACEMENT_3D('',#12636,#10311,#10312);
#9170=AXIS2_PLACEMENT_3D('',#12642,#10316,#10317);
#9171=AXIS2_PLACEMENT_3D('',#12648,#10321,#10322);
#9172=AXIS2_PLACEMENT_3D('',#12654,#10326,#10327);
#9173=AXIS2_PLACEMENT_3D('',#12660,#10331,#10332);
#9174=AXIS2_PLACEMENT_3D('',#12663,#10335,#10336);
#9175=AXIS2_PLACEMENT_3D('',#12672,#10341,#10342);
#9176=AXIS2_PLACEMENT_3D('',#12678,#10346,#10347);
#9177=AXIS2_PLACEMENT_3D('',#12684,#10351,#10352);
#9178=AXIS2_PLACEMENT_3D('',#12690,#10356,#10357);
#9179=AXIS2_PLACEMENT_3D('',#12696,#10361,#10362);
#9180=AXIS2_PLACEMENT_3D('',#12699,#10365,#10366);
#9181=AXIS2_PLACEMENT_3D('',#12708,#10371,#10372);
#9182=AXIS2_PLACEMENT_3D('',#12714,#10376,#10377);
#9183=AXIS2_PLACEMENT_3D('',#12717,#10380,#10381);
#9184=AXIS2_PLACEMENT_3D('',#12726,#10386,#10387);
#9185=AXIS2_PLACEMENT_3D('',#12732,#10391,#10392);
#9186=AXIS2_PLACEMENT_3D('',#12738,#10396,#10397);
#9187=AXIS2_PLACEMENT_3D('',#12741,#10400,#10401);
#9188=AXIS2_PLACEMENT_3D('',#12750,#10406,#10407);
#9189=AXIS2_PLACEMENT_3D('',#12756,#10411,#10412);
#9190=AXIS2_PLACEMENT_3D('',#12762,#10416,#10417);
#9191=AXIS2_PLACEMENT_3D('',#12768,#10421,#10422);
#9192=AXIS2_PLACEMENT_3D('',#12774,#10426,#10427);
#9193=AXIS2_PLACEMENT_3D('',#12777,#10430,#10431);
#9194=AXIS2_PLACEMENT_3D('',#12786,#10436,#10437);
#9195=AXIS2_PLACEMENT_3D('',#12792,#10441,#10442);
#9196=AXIS2_PLACEMENT_3D('',#12795,#10445,#10446);
#9197=AXIS2_PLACEMENT_3D('',#12804,#10451,#10452);
#9198=AXIS2_PLACEMENT_3D('',#12810,#10456,#10457);
#9199=AXIS2_PLACEMENT_3D('',#12816,#10461,#10462);
#9200=AXIS2_PLACEMENT_3D('',#12819,#10465,#10466);
#9201=AXIS2_PLACEMENT_3D('',#12828,#10471,#10472);
#9202=AXIS2_PLACEMENT_3D('',#12834,#10476,#10477);
#9203=AXIS2_PLACEMENT_3D('',#12840,#10481,#10482);
#9204=AXIS2_PLACEMENT_3D('',#12843,#10485,#10486);
#9205=AXIS2_PLACEMENT_3D('',#12852,#10491,#10492);
#9206=AXIS2_PLACEMENT_3D('',#12858,#10496,#10497);
#9207=AXIS2_PLACEMENT_3D('',#12864,#10501,#10502);
#9208=AXIS2_PLACEMENT_3D('',#12870,#10506,#10507);
#9209=AXIS2_PLACEMENT_3D('',#12876,#10511,#10512);
#9210=AXIS2_PLACEMENT_3D('',#12879,#10515,#10516);
#9211=AXIS2_PLACEMENT_3D('',#12888,#10521,#10522);
#9212=AXIS2_PLACEMENT_3D('',#12894,#10526,#10527);
#9213=AXIS2_PLACEMENT_3D('',#12900,#10531,#10532);
#9214=AXIS2_PLACEMENT_3D('',#12903,#10535,#10536);
#9215=AXIS2_PLACEMENT_3D('',#12912,#10541,#10542);
#9216=AXIS2_PLACEMENT_3D('',#12918,#10546,#10547);
#9217=AXIS2_PLACEMENT_3D('',#12921,#10550,#10551);
#9218=AXIS2_PLACEMENT_3D('',#12930,#10556,#10557);
#9219=AXIS2_PLACEMENT_3D('',#12936,#10561,#10562);
#9220=AXIS2_PLACEMENT_3D('',#12942,#10566,#10567);
#9221=AXIS2_PLACEMENT_3D('',#12948,#10571,#10572);
#9222=AXIS2_PLACEMENT_3D('',#12951,#10575,#10576);
#9223=AXIS2_PLACEMENT_3D('',#12960,#10581,#10582);
#9224=AXIS2_PLACEMENT_3D('',#12966,#10586,#10587);
#9225=AXIS2_PLACEMENT_3D('',#12969,#10590,#10591);
#9226=AXIS2_PLACEMENT_3D('',#12978,#10596,#10597);
#9227=AXIS2_PLACEMENT_3D('',#12984,#10601,#10602);
#9228=AXIS2_PLACEMENT_3D('',#12990,#10606,#10607);
#9229=AXIS2_PLACEMENT_3D('',#12996,#10611,#10612);
#9230=AXIS2_PLACEMENT_3D('',#13002,#10616,#10617);
#9231=AXIS2_PLACEMENT_3D('',#13005,#10620,#10621);
#9232=AXIS2_PLACEMENT_3D('',#13014,#10626,#10627);
#9233=AXIS2_PLACEMENT_3D('',#13020,#10631,#10632);
#9234=AXIS2_PLACEMENT_3D('',#13026,#10636,#10637);
#9235=AXIS2_PLACEMENT_3D('',#13032,#10641,#10642);
#9236=AXIS2_PLACEMENT_3D('',#13038,#10646,#10647);
#9237=AXIS2_PLACEMENT_3D('',#13041,#10650,#10651);
#9238=AXIS2_PLACEMENT_3D('',#13050,#10656,#10657);
#9239=AXIS2_PLACEMENT_3D('',#13056,#10661,#10662);
#9240=AXIS2_PLACEMENT_3D('',#13062,#10666,#10667);
#9241=AXIS2_PLACEMENT_3D('',#13068,#10671,#10672);
#9242=AXIS2_PLACEMENT_3D('',#13074,#10676,#10677);
#9243=AXIS2_PLACEMENT_3D('',#13077,#10680,#10681);
#9244=AXIS2_PLACEMENT_3D('',#13086,#10686,#10687);
#9245=AXIS2_PLACEMENT_3D('',#13092,#10691,#10692);
#9246=AXIS2_PLACEMENT_3D('',#13098,#10696,#10697);
#9247=AXIS2_PLACEMENT_3D('',#13104,#10701,#10702);
#9248=AXIS2_PLACEMENT_3D('',#13107,#10705,#10706);
#9249=AXIS2_PLACEMENT_3D('',#13116,#10711,#10712);
#9250=AXIS2_PLACEMENT_3D('',#13122,#10716,#10717);
#9251=AXIS2_PLACEMENT_3D('',#13128,#10721,#10722);
#9252=AXIS2_PLACEMENT_3D('',#13134,#10726,#10727);
#9253=AXIS2_PLACEMENT_3D('',#13140,#10731,#10732);
#9254=AXIS2_PLACEMENT_3D('',#13143,#10735,#10736);
#9255=AXIS2_PLACEMENT_3D('',#13152,#10741,#10742);
#9256=AXIS2_PLACEMENT_3D('',#13158,#10746,#10747);
#9257=AXIS2_PLACEMENT_3D('',#13164,#10751,#10752);
#9258=AXIS2_PLACEMENT_3D('',#13167,#10755,#10756);
#9259=AXIS2_PLACEMENT_3D('',#13176,#10761,#10762);
#9260=AXIS2_PLACEMENT_3D('',#13182,#10766,#10767);
#9261=AXIS2_PLACEMENT_3D('',#13188,#10771,#10772);
#9262=AXIS2_PLACEMENT_3D('',#13194,#10776,#10777);
#9263=AXIS2_PLACEMENT_3D('',#13200,#10781,#10782);
#9264=AXIS2_PLACEMENT_3D('',#13203,#10785,#10786);
#9265=AXIS2_PLACEMENT_3D('',#13212,#10791,#10792);
#9266=AXIS2_PLACEMENT_3D('',#13218,#10796,#10797);
#9267=AXIS2_PLACEMENT_3D('',#13224,#10801,#10802);
#9268=AXIS2_PLACEMENT_3D('',#13230,#10806,#10807);
#9269=AXIS2_PLACEMENT_3D('',#13233,#10810,#10811);
#9270=AXIS2_PLACEMENT_3D('',#13242,#10816,#10817);
#9271=AXIS2_PLACEMENT_3D('',#13248,#10821,#10822);
#9272=AXIS2_PLACEMENT_3D('',#13254,#10826,#10827);
#9273=AXIS2_PLACEMENT_3D('',#13260,#10831,#10832);
#9274=AXIS2_PLACEMENT_3D('',#13266,#10836,#10837);
#9275=AXIS2_PLACEMENT_3D('',#13269,#10840,#10841);
#9276=AXIS2_PLACEMENT_3D('',#13278,#10846,#10847);
#9277=AXIS2_PLACEMENT_3D('',#13284,#10851,#10852);
#9278=AXIS2_PLACEMENT_3D('',#13290,#10856,#10857);
#9279=AXIS2_PLACEMENT_3D('',#13296,#10861,#10862);
#9280=AXIS2_PLACEMENT_3D('',#13302,#10866,#10867);
#9281=AXIS2_PLACEMENT_3D('',#13305,#10870,#10871);
#9282=AXIS2_PLACEMENT_3D('',#13314,#10876,#10877);
#9283=AXIS2_PLACEMENT_3D('',#13320,#10881,#10882);
#9284=AXIS2_PLACEMENT_3D('',#13326,#10886,#10887);
#9285=AXIS2_PLACEMENT_3D('',#13332,#10891,#10892);
#9286=AXIS2_PLACEMENT_3D('',#13338,#10896,#10897);
#9287=AXIS2_PLACEMENT_3D('',#13341,#10900,#10901);
#9288=AXIS2_PLACEMENT_3D('',#13350,#10906,#10907);
#9289=AXIS2_PLACEMENT_3D('',#13356,#10911,#10912);
#9290=AXIS2_PLACEMENT_3D('',#13362,#10916,#10917);
#9291=AXIS2_PLACEMENT_3D('',#13368,#10921,#10922);
#9292=AXIS2_PLACEMENT_3D('',#13374,#10926,#10927);
#9293=AXIS2_PLACEMENT_3D('',#13377,#10930,#10931);
#9294=AXIS2_PLACEMENT_3D('',#13386,#10936,#10937);
#9295=AXIS2_PLACEMENT_3D('',#13392,#10941,#10942);
#9296=AXIS2_PLACEMENT_3D('',#13398,#10946,#10947);
#9297=AXIS2_PLACEMENT_3D('',#13404,#10951,#10952);
#9298=AXIS2_PLACEMENT_3D('',#13410,#10956,#10957);
#9299=AXIS2_PLACEMENT_3D('',#13413,#10960,#10961);
#9300=AXIS2_PLACEMENT_3D('',#13422,#10966,#10967);
#9301=AXIS2_PLACEMENT_3D('',#13428,#10971,#10972);
#9302=AXIS2_PLACEMENT_3D('',#13434,#10976,#10977);
#9303=AXIS2_PLACEMENT_3D('',#13440,#10981,#10982);
#9304=AXIS2_PLACEMENT_3D('',#13446,#10986,#10987);
#9305=AXIS2_PLACEMENT_3D('',#13449,#10990,#10991);
#9306=AXIS2_PLACEMENT_3D('',#13458,#10996,#10997);
#9307=AXIS2_PLACEMENT_3D('',#13464,#11001,#11002);
#9308=AXIS2_PLACEMENT_3D('',#13470,#11006,#11007);
#9309=AXIS2_PLACEMENT_3D('',#13476,#11011,#11012);
#9310=AXIS2_PLACEMENT_3D('',#13479,#11015,#11016);
#9311=AXIS2_PLACEMENT_3D('',#13488,#11021,#11022);
#9312=AXIS2_PLACEMENT_3D('',#13494,#11026,#11027);
#9313=AXIS2_PLACEMENT_3D('',#13500,#11031,#11032);
#9314=AXIS2_PLACEMENT_3D('',#13506,#11036,#11037);
#9315=AXIS2_PLACEMENT_3D('',#13512,#11041,#11042);
#9316=AXIS2_PLACEMENT_3D('',#13515,#11045,#11046);
#9317=AXIS2_PLACEMENT_3D('',#13524,#11051,#11052);
#9318=AXIS2_PLACEMENT_3D('',#13530,#11056,#11057);
#9319=AXIS2_PLACEMENT_3D('',#13536,#11061,#11062);
#9320=AXIS2_PLACEMENT_3D('',#13542,#11066,#11067);
#9321=AXIS2_PLACEMENT_3D('',#13548,#11071,#11072);
#9322=AXIS2_PLACEMENT_3D('',#13551,#11075,#11076);
#9323=AXIS2_PLACEMENT_3D('',#13560,#11081,#11082);
#9324=AXIS2_PLACEMENT_3D('',#13566,#11086,#11087);
#9325=AXIS2_PLACEMENT_3D('',#13572,#11091,#11092);
#9326=AXIS2_PLACEMENT_3D('',#13578,#11096,#11097);
#9327=AXIS2_PLACEMENT_3D('',#13584,#11101,#11102);
#9328=AXIS2_PLACEMENT_3D('',#13587,#11105,#11106);
#9329=AXIS2_PLACEMENT_3D('',#13596,#11111,#11112);
#9330=AXIS2_PLACEMENT_3D('',#13602,#11116,#11117);
#9331=AXIS2_PLACEMENT_3D('',#13608,#11121,#11122);
#9332=AXIS2_PLACEMENT_3D('',#13611,#11125,#11126);
#9333=AXIS2_PLACEMENT_3D('',#13620,#11131,#11132);
#9334=AXIS2_PLACEMENT_3D('',#13626,#11136,#11137);
#9335=AXIS2_PLACEMENT_3D('',#13632,#11141,#11142);
#9336=AXIS2_PLACEMENT_3D('',#13638,#11146,#11147);
#9337=AXIS2_PLACEMENT_3D('',#13644,#11151,#11152);
#9338=AXIS2_PLACEMENT_3D('',#13647,#11155,#11156);
#9339=AXIS2_PLACEMENT_3D('',#13656,#11161,#11162);
#9340=AXIS2_PLACEMENT_3D('',#13662,#11166,#11167);
#9341=AXIS2_PLACEMENT_3D('',#13668,#11171,#11172);
#9342=AXIS2_PLACEMENT_3D('',#13674,#11176,#11177);
#9343=AXIS2_PLACEMENT_3D('',#13680,#11181,#11182);
#9344=AXIS2_PLACEMENT_3D('',#13683,#11185,#11186);
#9345=AXIS2_PLACEMENT_3D('',#13692,#11191,#11192);
#9346=AXIS2_PLACEMENT_3D('',#13698,#11196,#11197);
#9347=AXIS2_PLACEMENT_3D('',#13701,#11200,#11201);
#9348=AXIS2_PLACEMENT_3D('',#13710,#11206,#11207);
#9349=AXIS2_PLACEMENT_3D('',#13716,#11211,#11212);
#9350=AXIS2_PLACEMENT_3D('',#13722,#11216,#11217);
#9351=AXIS2_PLACEMENT_3D('',#13728,#11221,#11222);
#9352=AXIS2_PLACEMENT_3D('',#13734,#11226,#11227);
#9353=AXIS2_PLACEMENT_3D('',#13737,#11230,#11231);
#9354=AXIS2_PLACEMENT_3D('',#13746,#11236,#11237);
#9355=AXIS2_PLACEMENT_3D('',#13752,#11241,#11242);
#9356=AXIS2_PLACEMENT_3D('',#13758,#11246,#11247);
#9357=AXIS2_PLACEMENT_3D('',#13764,#11251,#11252);
#9358=AXIS2_PLACEMENT_3D('',#13770,#11256,#11257);
#9359=AXIS2_PLACEMENT_3D('',#13773,#11260,#11261);
#9360=AXIS2_PLACEMENT_3D('',#13782,#11266,#11267);
#9361=AXIS2_PLACEMENT_3D('',#13788,#11271,#11272);
#9362=AXIS2_PLACEMENT_3D('',#13794,#11276,#11277);
#9363=AXIS2_PLACEMENT_3D('',#13800,#11281,#11282);
#9364=AXIS2_PLACEMENT_3D('',#13806,#11286,#11287);
#9365=AXIS2_PLACEMENT_3D('',#13809,#11290,#11291);
#9366=AXIS2_PLACEMENT_3D('',#13818,#11296,#11297);
#9367=AXIS2_PLACEMENT_3D('',#13824,#11301,#11302);
#9368=AXIS2_PLACEMENT_3D('',#13830,#11306,#11307);
#9369=AXIS2_PLACEMENT_3D('',#13836,#11311,#11312);
#9370=AXIS2_PLACEMENT_3D('',#13842,#11316,#11317);
#9371=AXIS2_PLACEMENT_3D('',#13845,#11320,#11321);
#9372=AXIS2_PLACEMENT_3D('',#13854,#11326,#11327);
#9373=AXIS2_PLACEMENT_3D('',#13860,#11331,#11332);
#9374=AXIS2_PLACEMENT_3D('',#13866,#11336,#11337);
#9375=AXIS2_PLACEMENT_3D('',#13869,#11340,#11341);
#9376=AXIS2_PLACEMENT_3D('',#13878,#11346,#11347);
#9377=AXIS2_PLACEMENT_3D('',#13884,#11351,#11352);
#9378=AXIS2_PLACEMENT_3D('',#13890,#11356,#11357);
#9379=AXIS2_PLACEMENT_3D('',#13896,#11361,#11362);
#9380=AXIS2_PLACEMENT_3D('',#13902,#11366,#11367);
#9381=AXIS2_PLACEMENT_3D('',#13905,#11370,#11371);
#9382=AXIS2_PLACEMENT_3D('',#13914,#11376,#11377);
#9383=AXIS2_PLACEMENT_3D('',#13920,#11381,#11382);
#9384=AXIS2_PLACEMENT_3D('',#13926,#11386,#11387);
#9385=AXIS2_PLACEMENT_3D('',#13932,#11391,#11392);
#9386=AXIS2_PLACEMENT_3D('',#13938,#11396,#11397);
#9387=AXIS2_PLACEMENT_3D('',#13941,#11400,#11401);
#9388=AXIS2_PLACEMENT_3D('',#13950,#11406,#11407);
#9389=AXIS2_PLACEMENT_3D('',#13956,#11411,#11412);
#9390=AXIS2_PLACEMENT_3D('',#13959,#11415,#11416);
#9391=AXIS2_PLACEMENT_3D('',#13968,#11421,#11422);
#9392=AXIS2_PLACEMENT_3D('',#13974,#11426,#11427);
#9393=AXIS2_PLACEMENT_3D('',#13980,#11431,#11432);
#9394=AXIS2_PLACEMENT_3D('',#13986,#11436,#11437);
#9395=AXIS2_PLACEMENT_3D('',#13992,#11441,#11442);
#9396=AXIS2_PLACEMENT_3D('',#13995,#11445,#11446);
#9397=AXIS2_PLACEMENT_3D('',#14004,#11451,#11452);
#9398=AXIS2_PLACEMENT_3D('',#14007,#11455,#11456);
#9399=AXIS2_PLACEMENT_3D('',#14010,#11459,#11460);
#9400=AXIS2_PLACEMENT_3D('',#14011,#11461,#11462);
#9401=DIRECTION('axis',(0.,0.,1.));
#9402=DIRECTION('refdir',(1.,0.,0.));
#9403=DIRECTION('center_axis',(1.,0.,0.));
#9404=DIRECTION('ref_axis',(0.,-1.,0.));
#9405=DIRECTION('center_axis',(-1.,0.,0.));
#9406=DIRECTION('ref_axis',(0.,-1.,0.));
#9407=DIRECTION('',(-1.,0.,0.));
#9408=DIRECTION('center_axis',(1.,0.,0.));
#9409=DIRECTION('ref_axis',(0.,-1.,0.));
#9410=DIRECTION('',(1.,0.,0.));
#9411=DIRECTION('',(1.,0.,0.));
#9412=DIRECTION('center_axis',(1.,0.,0.));
#9413=DIRECTION('ref_axis',(0.,-2.98023218325838E-8,1.));
#9414=DIRECTION('center_axis',(-1.,0.,0.));
#9415=DIRECTION('ref_axis',(0.,-0.707106765381479,-0.707106796991616));
#9416=DIRECTION('center_axis',(1.,0.,0.));
#9417=DIRECTION('ref_axis',(0.,-0.707106765381479,-0.707106796991616));
#9418=DIRECTION('',(1.,0.,0.));
#9419=DIRECTION('',(1.,0.,0.));
#9420=DIRECTION('center_axis',(0.,0.,1.));
#9421=DIRECTION('ref_axis',(0.,-1.,0.));
#9422=DIRECTION('',(0.,-1.,0.));
#9423=DIRECTION('',(1.,0.,0.));
#9424=DIRECTION('',(0.,-1.,0.));
#9425=DIRECTION('center_axis',(0.,0.,1.));
#9426=DIRECTION('ref_axis',(0.,-1.,0.));
#9427=DIRECTION('',(0.,-1.,0.));
#9428=DIRECTION('',(1.,0.,0.));
#9429=DIRECTION('',(0.,-1.,0.));
#9430=DIRECTION('center_axis',(0.,-1.,0.));
#9431=DIRECTION('ref_axis',(0.,0.,-1.));
#9432=DIRECTION('',(0.,0.,-1.));
#9433=DIRECTION('',(1.,0.,0.));
#9434=DIRECTION('',(0.,0.,-1.));
#9435=DIRECTION('',(1.,0.,0.));
#9436=DIRECTION('center_axis',(0.,-0.5,-0.866025403784439));
#9437=DIRECTION('ref_axis',(0.,0.866025403784439,-0.5));
#9438=DIRECTION('',(0.,0.866025403784439,-0.5));
#9439=DIRECTION('',(0.,0.866025403784439,-0.5));
#9440=DIRECTION('',(1.,0.,0.));
#9441=DIRECTION('center_axis',(0.,0.5,-0.866025403784439));
#9442=DIRECTION('ref_axis',(0.,0.866025403784439,0.5));
#9443=DIRECTION('',(0.,0.866025403784439,0.5));
#9444=DIRECTION('',(0.,0.866025403784439,0.5));
#9445=DIRECTION('',(1.,0.,0.));
#9446=DIRECTION('center_axis',(0.,1.,0.));
#9447=DIRECTION('ref_axis',(0.,0.,1.));
#9448=DIRECTION('',(0.,0.,1.));
#9449=DIRECTION('',(0.,0.,1.));
#9450=DIRECTION('',(1.,0.,0.));
#9451=DIRECTION('center_axis',(0.,0.5,0.866025403784439));
#9452=DIRECTION('ref_axis',(0.,-0.866025403784439,0.5));
#9453=DIRECTION('',(0.,-0.866025403784439,0.5));
#9454=DIRECTION('',(0.,-0.866025403784439,0.5));
#9455=DIRECTION('',(1.,0.,0.));
#9456=DIRECTION('center_axis',(0.,-0.5,0.866025403784439));
#9457=DIRECTION('ref_axis',(0.,-0.866025403784439,-0.5));
#9458=DIRECTION('',(0.,-0.866025403784439,-0.5));
#9459=DIRECTION('',(0.,-0.866025403784439,-0.5));
#9460=DIRECTION('center_axis',(0.,1.,0.));
#9461=DIRECTION('ref_axis',(0.,0.,1.));
#9462=DIRECTION('',(0.,0.,1.));
#9463=DIRECTION('',(1.,0.,0.));
#9464=DIRECTION('',(0.,0.,1.));
#9465=DIRECTION('',(1.,0.,0.));
#9466=DIRECTION('center_axis',(0.,0.5,0.866025403784439));
#9467=DIRECTION('ref_axis',(0.,-0.866025403784438,0.5));
#9468=DIRECTION('',(0.,-0.866025403784439,0.5));
#9469=DIRECTION('',(0.,-0.866025403784439,0.5));
#9470=DIRECTION('',(1.,0.,0.));
#9471=DIRECTION('center_axis',(0.,-0.5,0.866025403784439));
#9472=DIRECTION('ref_axis',(0.,-0.866025403784438,-0.5));
#9473=DIRECTION('',(0.,-0.866025403784439,-0.5));
#9474=DIRECTION('',(0.,-0.866025403784439,-0.5));
#9475=DIRECTION('',(1.,0.,0.));
#9476=DIRECTION('center_axis',(0.,-1.,0.));
#9477=DIRECTION('ref_axis',(0.,0.,-1.));
#9478=DIRECTION('',(0.,0.,-1.));
#9479=DIRECTION('',(0.,0.,-1.));
#9480=DIRECTION('',(1.,0.,0.));
#9481=DIRECTION('center_axis',(0.,-0.5,-0.866025403784439));
#9482=DIRECTION('ref_axis',(0.,0.866025403784438,-0.5));
#9483=DIRECTION('',(0.,0.866025403784439,-0.5));
#9484=DIRECTION('',(0.,0.866025403784439,-0.5));
#9485=DIRECTION('',(1.,0.,0.));
#9486=DIRECTION('center_axis',(0.,0.5,-0.866025403784439));
#9487=DIRECTION('ref_axis',(0.,0.866025403784438,0.5));
#9488=DIRECTION('',(0.,0.866025403784439,0.5));
#9489=DIRECTION('',(0.,0.866025403784439,0.5));
#9490=DIRECTION('center_axis',(0.,-0.5,-0.866025403784439));
#9491=DIRECTION('ref_axis',(0.,0.866025403784439,-0.5));
#9492=DIRECTION('',(0.,0.866025403784439,-0.5));
#9493=DIRECTION('',(1.,0.,0.));
#9494=DIRECTION('',(0.,0.866025403784439,-0.5));
#9495=DIRECTION('',(1.,0.,0.));
#9496=DIRECTION('center_axis',(0.,0.5,-0.866025403784439));
#9497=DIRECTION('ref_axis',(0.,0.866025403784439,0.5));
#9498=DIRECTION('',(0.,0.866025403784439,0.5));
#9499=DIRECTION('',(0.,0.866025403784439,0.5));
#9500=DIRECTION('',(1.,0.,0.));
#9501=DIRECTION('center_axis',(0.,1.,0.));
#9502=DIRECTION('ref_axis',(0.,0.,1.));
#9503=DIRECTION('',(0.,0.,1.));
#9504=DIRECTION('',(0.,0.,1.));
#9505=DIRECTION('',(1.,0.,0.));
#9506=DIRECTION('center_axis',(0.,0.5,0.866025403784439));
#9507=DIRECTION('ref_axis',(0.,-0.866025403784439,0.5));
#9508=DIRECTION('',(0.,-0.866025403784439,0.5));
#9509=DIRECTION('',(0.,-0.866025403784439,0.5));
#9510=DIRECTION('',(1.,0.,0.));
#9511=DIRECTION('center_axis',(0.,-0.5,0.866025403784439));
#9512=DIRECTION('ref_axis',(0.,-0.866025403784439,-0.5));
#9513=DIRECTION('',(0.,-0.866025403784439,-0.5));
#9514=DIRECTION('',(0.,-0.866025403784439,-0.5));
#9515=DIRECTION('',(1.,0.,0.));
#9516=DIRECTION('center_axis',(0.,-1.,0.));
#9517=DIRECTION('ref_axis',(0.,0.,-1.));
#9518=DIRECTION('',(0.,0.,-1.));
#9519=DIRECTION('',(0.,0.,-1.));
#9520=DIRECTION('center_axis',(0.,-0.5,-0.866025403784439));
#9521=DIRECTION('ref_axis',(0.,0.866025403784439,-0.5));
#9522=DIRECTION('',(0.,0.866025403784439,-0.5));
#9523=DIRECTION('',(1.,0.,0.));
#9524=DIRECTION('',(0.,0.866025403784439,-0.5));
#9525=DIRECTION('',(1.,0.,0.));
#9526=DIRECTION('center_axis',(0.,0.5,-0.866025403784439));
#9527=DIRECTION('ref_axis',(0.,0.866025403784439,0.5));
#9528=DIRECTION('',(0.,0.866025403784439,0.5));
#9529=DIRECTION('',(0.,0.866025403784439,0.5));
#9530=DIRECTION('',(1.,0.,0.));
#9531=DIRECTION('center_axis',(0.,1.,0.));
#9532=DIRECTION('ref_axis',(0.,0.,1.));
#9533=DIRECTION('',(0.,0.,1.));
#9534=DIRECTION('',(0.,0.,1.));
#9535=DIRECTION('',(1.,0.,0.));
#9536=DIRECTION('center_axis',(0.,0.5,0.866025403784439));
#9537=DIRECTION('ref_axis',(0.,-0.866025403784439,0.5));
#9538=DIRECTION('',(0.,-0.866025403784439,0.5));
#9539=DIRECTION('',(0.,-0.866025403784439,0.5));
#9540=DIRECTION('',(1.,0.,0.));
#9541=DIRECTION('center_axis',(0.,-0.5,0.866025403784439));
#9542=DIRECTION('ref_axis',(0.,-0.866025403784439,-0.5));
#9543=DIRECTION('',(0.,-0.866025403784439,-0.5));
#9544=DIRECTION('',(0.,-0.866025403784439,-0.5));
#9545=DIRECTION('',(1.,0.,0.));
#9546=DIRECTION('center_axis',(0.,-1.,0.));
#9547=DIRECTION('ref_axis',(0.,0.,-1.));
#9548=DIRECTION('',(0.,0.,-1.));
#9549=DIRECTION('',(0.,0.,-1.));
#9550=DIRECTION('center_axis',(0.,0.5,-0.866025403784439));
#9551=DIRECTION('ref_axis',(0.,0.866025403784438,0.5));
#9552=DIRECTION('',(0.,0.866025403784439,0.5));
#9553=DIRECTION('',(1.,0.,0.));
#9554=DIRECTION('',(0.,0.866025403784439,0.5));
#9555=DIRECTION('',(1.,0.,0.));
#9556=DIRECTION('center_axis',(0.,1.,0.));
#9557=DIRECTION('ref_axis',(0.,0.,1.));
#9558=DIRECTION('',(0.,0.,1.));
#9559=DIRECTION('',(0.,0.,1.));
#9560=DIRECTION('',(1.,0.,0.));
#9561=DIRECTION('center_axis',(0.,0.5,0.866025403784439));
#9562=DIRECTION('ref_axis',(0.,-0.866025403784438,0.5));
#9563=DIRECTION('',(0.,-0.866025403784439,0.5));
#9564=DIRECTION('',(0.,-0.866025403784439,0.5));
#9565=DIRECTION('',(1.,0.,0.));
#9566=DIRECTION('center_axis',(0.,-0.5,0.866025403784439));
#9567=DIRECTION('ref_axis',(0.,-0.866025403784438,-0.5));
#9568=DIRECTION('',(0.,-0.866025403784439,-0.5));
#9569=DIRECTION('',(0.,-0.866025403784439,-0.5));
#9570=DIRECTION('',(1.,0.,0.));
#9571=DIRECTION('center_axis',(0.,-1.,0.));
#9572=DIRECTION('ref_axis',(0.,0.,-1.));
#9573=DIRECTION('',(0.,0.,-1.));
#9574=DIRECTION('',(0.,0.,-1.));
#9575=DIRECTION('',(1.,0.,0.));
#9576=DIRECTION('center_axis',(0.,-0.5,-0.866025403784439));
#9577=DIRECTION('ref_axis',(0.,0.866025403784438,-0.5));
#9578=DIRECTION('',(0.,0.866025403784439,-0.5));
#9579=DIRECTION('',(0.,0.866025403784439,-0.5));
#9580=DIRECTION('center_axis',(0.,1.,-2.22044651247155E-16));
#9581=DIRECTION('ref_axis',(0.,2.22044651247155E-16,1.));
#9582=DIRECTION('',(0.,2.22044651247155E-16,1.));
#9583=DIRECTION('',(1.,0.,0.));
#9584=DIRECTION('',(0.,2.22044651247155E-16,1.));
#9585=DIRECTION('',(1.,0.,0.));
#9586=DIRECTION('center_axis',(0.,0.5,0.866025403784439));
#9587=DIRECTION('ref_axis',(0.,-0.866025403784439,0.5));
#9588=DIRECTION('',(0.,-0.866025403784439,0.5));
#9589=DIRECTION('',(0.,-0.866025403784439,0.5));
#9590=DIRECTION('',(1.,0.,0.));
#9591=DIRECTION('center_axis',(0.,-0.5,0.866025403784439));
#9592=DIRECTION('ref_axis',(0.,-0.866025403784439,-0.5));
#9593=DIRECTION('',(0.,-0.866025403784439,-0.5));
#9594=DIRECTION('',(0.,-0.866025403784439,-0.5));
#9595=DIRECTION('',(1.,0.,0.));
#9596=DIRECTION('center_axis',(0.,-1.,4.44089302494311E-16));
#9597=DIRECTION('ref_axis',(0.,-4.44089302494311E-16,-1.));
#9598=DIRECTION('',(0.,-4.44089302494311E-16,-1.));
#9599=DIRECTION('',(0.,-4.44089302494311E-16,-1.));
#9600=DIRECTION('',(1.,0.,0.));
#9601=DIRECTION('center_axis',(0.,-0.5,-0.866025403784439));
#9602=DIRECTION('ref_axis',(0.,0.866025403784439,-0.5));
#9603=DIRECTION('',(0.,0.866025403784439,-0.5));
#9604=DIRECTION('',(0.,0.866025403784439,-0.5));
#9605=DIRECTION('',(1.,0.,0.));
#9606=DIRECTION('center_axis',(0.,0.5,-0.866025403784439));
#9607=DIRECTION('ref_axis',(0.,0.866025403784439,0.5));
#9608=DIRECTION('',(0.,0.866025403784439,0.5));
#9609=DIRECTION('',(0.,0.866025403784439,0.5));
#9610=DIRECTION('center_axis',(0.,1.,0.));
#9611=DIRECTION('ref_axis',(0.,0.,1.));
#9612=DIRECTION('',(0.,0.,1.));
#9613=DIRECTION('',(1.,0.,0.));
#9614=DIRECTION('',(0.,0.,1.));
#9615=DIRECTION('',(1.,0.,0.));
#9616=DIRECTION('center_axis',(0.,0.5,0.866025403784439));
#9617=DIRECTION('ref_axis',(0.,-0.866025403784438,0.5));
#9618=DIRECTION('',(0.,-0.866025403784439,0.5));
#9619=DIRECTION('',(0.,-0.866025403784439,0.5));
#9620=DIRECTION('',(1.,0.,0.));
#9621=DIRECTION('center_axis',(0.,-0.5,0.866025403784439));
#9622=DIRECTION('ref_axis',(0.,-0.866025403784438,-0.5));
#9623=DIRECTION('',(0.,-0.866025403784439,-0.5));
#9624=DIRECTION('',(0.,-0.866025403784439,-0.5));
#9625=DIRECTION('',(1.,0.,0.));
#9626=DIRECTION('center_axis',(0.,-1.,0.));
#9627=DIRECTION('ref_axis',(0.,0.,-1.));
#9628=DIRECTION('',(0.,0.,-1.));
#9629=DIRECTION('',(0.,0.,-1.));
#9630=DIRECTION('',(1.,0.,0.));
#9631=DIRECTION('center_axis',(0.,-0.5,-0.866025403784439));
#9632=DIRECTION('ref_axis',(0.,0.866025403784438,-0.5));
#9633=DIRECTION('',(0.,0.866025403784439,-0.5));
#9634=DIRECTION('',(0.,0.866025403784439,-0.5));
#9635=DIRECTION('',(1.,0.,0.));
#9636=DIRECTION('center_axis',(0.,0.5,-0.866025403784439));
#9637=DIRECTION('ref_axis',(0.,0.866025403784438,0.5));
#9638=DIRECTION('',(0.,0.866025403784439,0.5));
#9639=DIRECTION('',(0.,0.866025403784439,0.5));
#9640=DIRECTION('center_axis',(0.,1.,0.));
#9641=DIRECTION('ref_axis',(0.,0.,1.));
#9642=DIRECTION('',(0.,0.,1.));
#9643=DIRECTION('',(1.,0.,0.));
#9644=DIRECTION('',(0.,0.,1.));
#9645=DIRECTION('',(1.,0.,0.));
#9646=DIRECTION('center_axis',(0.,0.5,0.866025403784439));
#9647=DIRECTION('ref_axis',(0.,-0.866025403784438,0.5));
#9648=DIRECTION('',(0.,-0.866025403784439,0.5));
#9649=DIRECTION('',(0.,-0.866025403784439,0.5));
#9650=DIRECTION('',(1.,0.,0.));
#9651=DIRECTION('center_axis',(0.,-0.5,0.866025403784439));
#9652=DIRECTION('ref_axis',(0.,-0.866025403784438,-0.5));
#9653=DIRECTION('',(0.,-0.866025403784439,-0.5));
#9654=DIRECTION('',(0.,-0.866025403784439,-0.5));
#9655=DIRECTION('',(1.,0.,0.));
#9656=DIRECTION('center_axis',(0.,-1.,0.));
#9657=DIRECTION('ref_axis',(0.,0.,-1.));
#9658=DIRECTION('',(0.,0.,-1.));
#9659=DIRECTION('',(0.,0.,-1.));
#9660=DIRECTION('',(1.,0.,0.));
#9661=DIRECTION('center_axis',(0.,-0.5,-0.866025403784439));
#9662=DIRECTION('ref_axis',(0.,0.866025403784438,-0.5));
#9663=DIRECTION('',(0.,0.866025403784439,-0.5));
#9664=DIRECTION('',(0.,0.866025403784439,-0.5));
#9665=DIRECTION('',(1.,0.,0.));
#9666=DIRECTION('center_axis',(0.,0.5,-0.866025403784439));
#9667=DIRECTION('ref_axis',(0.,0.866025403784438,0.5));
#9668=DIRECTION('',(0.,0.866025403784439,0.5));
#9669=DIRECTION('',(0.,0.866025403784439,0.5));
#9670=DIRECTION('center_axis',(0.,1.,0.));
#9671=DIRECTION('ref_axis',(0.,0.,1.));
#9672=DIRECTION('',(0.,0.,1.));
#9673=DIRECTION('',(1.,0.,0.));
#9674=DIRECTION('',(0.,0.,1.));
#9675=DIRECTION('',(1.,0.,0.));
#9676=DIRECTION('center_axis',(0.,0.5,0.866025403784439));
#9677=DIRECTION('ref_axis',(0.,-0.866025403784438,0.5));
#9678=DIRECTION('',(0.,-0.866025403784439,0.5));
#9679=DIRECTION('',(0.,-0.866025403784439,0.5));
#9680=DIRECTION('',(1.,0.,0.));
#9681=DIRECTION('center_axis',(0.,-0.5,0.866025403784439));
#9682=DIRECTION('ref_axis',(0.,-0.866025403784438,-0.5));
#9683=DIRECTION('',(0.,-0.866025403784439,-0.5));
#9684=DIRECTION('',(0.,-0.866025403784439,-0.5));
#9685=DIRECTION('',(1.,0.,0.));
#9686=DIRECTION('center_axis',(0.,-1.,0.));
#9687=DIRECTION('ref_axis',(0.,0.,-1.));
#9688=DIRECTION('',(0.,0.,-1.));
#9689=DIRECTION('',(0.,0.,-1.));
#9690=DIRECTION('',(1.,0.,0.));
#9691=DIRECTION('center_axis',(0.,-0.5,-0.866025403784439));
#9692=DIRECTION('ref_axis',(0.,0.866025403784438,-0.5));
#9693=DIRECTION('',(0.,0.866025403784439,-0.5));
#9694=DIRECTION('',(0.,0.866025403784439,-0.5));
#9695=DIRECTION('',(1.,0.,0.));
#9696=DIRECTION('center_axis',(0.,0.5,-0.866025403784439));
#9697=DIRECTION('ref_axis',(0.,0.866025403784438,0.5));
#9698=DIRECTION('',(0.,0.866025403784439,0.5));
#9699=DIRECTION('',(0.,0.866025403784439,0.5));
#9700=DIRECTION('center_axis',(0.,0.5,-0.866025403784439));
#9701=DIRECTION('ref_axis',(0.,0.866025403784439,0.5));
#9702=DIRECTION('',(0.,0.866025403784439,0.5));
#9703=DIRECTION('',(1.,0.,0.));
#9704=DIRECTION('',(0.,0.866025403784439,0.5));
#9705=DIRECTION('',(1.,0.,0.));
#9706=DIRECTION('center_axis',(0.,1.,0.));
#9707=DIRECTION('ref_axis',(0.,0.,1.));
#9708=DIRECTION('',(0.,0.,1.));
#9709=DIRECTION('',(0.,0.,1.));
#9710=DIRECTION('',(1.,0.,0.));
#9711=DIRECTION('center_axis',(0.,0.5,0.866025403784439));
#9712=DIRECTION('ref_axis',(0.,-0.866025403784439,0.5));
#9713=DIRECTION('',(0.,-0.866025403784439,0.5));
#9714=DIRECTION('',(0.,-0.866025403784439,0.5));
#9715=DIRECTION('',(1.,0.,0.));
#9716=DIRECTION('center_axis',(0.,-0.5,0.866025403784439));
#9717=DIRECTION('ref_axis',(0.,-0.866025403784439,-0.5));
#9718=DIRECTION('',(0.,-0.866025403784439,-0.5));
#9719=DIRECTION('',(0.,-0.866025403784439,-0.5));
#9720=DIRECTION('',(1.,0.,0.));
#9721=DIRECTION('center_axis',(0.,-1.,0.));
#9722=DIRECTION('ref_axis',(0.,0.,-1.));
#9723=DIRECTION('',(0.,0.,-1.));
#9724=DIRECTION('',(0.,0.,-1.));
#9725=DIRECTION('',(1.,0.,0.));
#9726=DIRECTION('center_axis',(0.,-0.5,-0.866025403784439));
#9727=DIRECTION('ref_axis',(0.,0.866025403784439,-0.5));
#9728=DIRECTION('',(0.,0.866025403784439,-0.5));
#9729=DIRECTION('',(0.,0.866025403784439,-0.5));
#9730=DIRECTION('center_axis',(0.,-0.5,0.866025403784439));
#9731=DIRECTION('ref_axis',(0.,-0.866025403784439,-0.5));
#9732=DIRECTION('',(0.,-0.866025403784439,-0.5));
#9733=DIRECTION('',(1.,0.,0.));
#9734=DIRECTION('',(0.,-0.866025403784439,-0.5));
#9735=DIRECTION('',(1.,0.,0.));
#9736=DIRECTION('center_axis',(0.,-1.,0.));
#9737=DIRECTION('ref_axis',(0.,0.,-1.));
#9738=DIRECTION('',(0.,0.,-1.));
#9739=DIRECTION('',(0.,0.,-1.));
#9740=DIRECTION('',(1.,0.,0.));
#9741=DIRECTION('center_axis',(0.,-0.5,-0.866025403784439));
#9742=DIRECTION('ref_axis',(0.,0.866025403784439,-0.5));
#9743=DIRECTION('',(0.,0.866025403784439,-0.5));
#9744=DIRECTION('',(0.,0.866025403784439,-0.5));
#9745=DIRECTION('',(1.,0.,0.));
#9746=DIRECTION('center_axis',(0.,0.5,-0.866025403784439));
#9747=DIRECTION('ref_axis',(0.,0.866025403784439,0.5));
#9748=DIRECTION('',(0.,0.866025403784439,0.5));
#9749=DIRECTION('',(0.,0.866025403784439,0.5));
#9750=DIRECTION('',(1.,0.,0.));
#9751=DIRECTION('center_axis',(0.,1.,0.));
#9752=DIRECTION('ref_axis',(0.,0.,1.));
#9753=DIRECTION('',(0.,0.,1.));
#9754=DIRECTION('',(0.,0.,1.));
#9755=DIRECTION('',(1.,0.,0.));
#9756=DIRECTION('center_axis',(0.,0.5,0.866025403784439));
#9757=DIRECTION('ref_axis',(0.,-0.866025403784439,0.5));
#9758=DIRECTION('',(0.,-0.866025403784439,0.5));
#9759=DIRECTION('',(0.,-0.866025403784439,0.5));
#9760=DIRECTION('center_axis',(0.,-1.,0.));
#9761=DIRECTION('ref_axis',(0.,0.,-1.));
#9762=DIRECTION('',(0.,0.,-1.));
#9763=DIRECTION('',(1.,0.,0.));
#9764=DIRECTION('',(0.,0.,-1.));
#9765=DIRECTION('',(1.,0.,0.));
#9766=DIRECTION('center_axis',(0.,-0.5,-0.866025403784439));
#9767=DIRECTION('ref_axis',(0.,0.866025403784439,-0.5));
#9768=DIRECTION('',(0.,0.866025403784439,-0.5));
#9769=DIRECTION('',(0.,0.866025403784439,-0.5));
#9770=DIRECTION('',(1.,0.,0.));
#9771=DIRECTION('center_axis',(0.,0.5,-0.866025403784439));
#9772=DIRECTION('ref_axis',(0.,0.866025403784439,0.5));
#9773=DIRECTION('',(0.,0.866025403784439,0.5));
#9774=DIRECTION('',(0.,0.866025403784439,0.5));
#9775=DIRECTION('',(1.,0.,0.));
#9776=DIRECTION('center_axis',(0.,1.,-4.44089302494311E-16));
#9777=DIRECTION('ref_axis',(0.,4.44089302494311E-16,1.));
#9778=DIRECTION('',(0.,4.44089302494311E-16,1.));
#9779=DIRECTION('',(0.,4.44089302494311E-16,1.));
#9780=DIRECTION('',(1.,0.,0.));
#9781=DIRECTION('center_axis',(0.,0.5,0.866025403784439));
#9782=DIRECTION('ref_axis',(0.,-0.866025403784439,0.5));
#9783=DIRECTION('',(0.,-0.866025403784439,0.5));
#9784=DIRECTION('',(0.,-0.866025403784439,0.5));
#9785=DIRECTION('',(1.,0.,0.));
#9786=DIRECTION('center_axis',(0.,-0.5,0.866025403784439));
#9787=DIRECTION('ref_axis',(0.,-0.866025403784439,-0.5));
#9788=DIRECTION('',(0.,-0.866025403784439,-0.5));
#9789=DIRECTION('',(0.,-0.866025403784439,-0.5));
#9790=DIRECTION('center_axis',(0.,1.,-2.22044651247155E-16));
#9791=DIRECTION('ref_axis',(0.,2.22044651247155E-16,1.));
#9792=DIRECTION('',(0.,2.22044651247155E-16,1.));
#9793=DIRECTION('',(1.,0.,0.));
#9794=DIRECTION('',(0.,2.22044651247155E-16,1.));
#9795=DIRECTION('',(1.,0.,0.));
#9796=DIRECTION('center_axis',(0.,0.5,0.866025403784439));
#9797=DIRECTION('ref_axis',(0.,-0.866025403784439,0.5));
#9798=DIRECTION('',(0.,-0.866025403784439,0.5));
#9799=DIRECTION('',(0.,-0.866025403784439,0.5));
#9800=DIRECTION('',(1.,0.,0.));
#9801=DIRECTION('center_axis',(0.,-0.5,0.866025403784439));
#9802=DIRECTION('ref_axis',(0.,-0.866025403784439,-0.5));
#9803=DIRECTION('',(0.,-0.866025403784439,-0.5));
#9804=DIRECTION('',(0.,-0.866025403784439,-0.5));
#9805=DIRECTION('',(1.,0.,0.));
#9806=DIRECTION('center_axis',(0.,-1.,4.44089302494311E-16));
#9807=DIRECTION('ref_axis',(0.,-4.44089302494311E-16,-1.));
#9808=DIRECTION('',(0.,-4.44089302494311E-16,-1.));
#9809=DIRECTION('',(0.,-4.44089302494311E-16,-1.));
#9810=DIRECTION('',(1.,0.,0.));
#9811=DIRECTION('center_axis',(0.,-0.5,-0.866025403784439));
#9812=DIRECTION('ref_axis',(0.,0.866025403784439,-0.5));
#9813=DIRECTION('',(0.,0.866025403784439,-0.5));
#9814=DIRECTION('',(0.,0.866025403784439,-0.5));
#9815=DIRECTION('',(1.,0.,0.));
#9816=DIRECTION('center_axis',(0.,0.5,-0.866025403784439));
#9817=DIRECTION('ref_axis',(0.,0.866025403784439,0.5));
#9818=DIRECTION('',(0.,0.866025403784439,0.5));
#9819=DIRECTION('',(0.,0.866025403784439,0.5));
#9820=DIRECTION('center_axis',(0.,-1.,0.));
#9821=DIRECTION('ref_axis',(0.,0.,-1.));
#9822=DIRECTION('',(0.,0.,-1.));
#9823=DIRECTION('',(1.,0.,0.));
#9824=DIRECTION('',(0.,0.,-1.));
#9825=DIRECTION('',(1.,0.,0.));
#9826=DIRECTION('center_axis',(0.,-0.5,-0.866025403784439));
#9827=DIRECTION('ref_axis',(0.,0.866025403784439,-0.5));
#9828=DIRECTION('',(0.,0.866025403784439,-0.5));
#9829=DIRECTION('',(0.,0.866025403784439,-0.5));
#9830=DIRECTION('',(1.,0.,0.));
#9831=DIRECTION('center_axis',(0.,0.5,-0.866025403784439));
#9832=DIRECTION('ref_axis',(0.,0.866025403784439,0.5));
#9833=DIRECTION('',(0.,0.866025403784439,0.5));
#9834=DIRECTION('',(0.,0.866025403784439,0.5));
#9835=DIRECTION('',(1.,0.,0.));
#9836=DIRECTION('center_axis',(0.,1.,-4.44089302494311E-16));
#9837=DIRECTION('ref_axis',(0.,4.44089302494311E-16,1.));
#9838=DIRECTION('',(0.,4.44089302494311E-16,1.));
#9839=DIRECTION('',(0.,4.44089302494311E-16,1.));
#9840=DIRECTION('',(1.,0.,0.));
#9841=DIRECTION('center_axis',(0.,0.5,0.866025403784439));
#9842=DIRECTION('ref_axis',(0.,-0.866025403784439,0.5));
#9843=DIRECTION('',(0.,-0.866025403784439,0.5));
#9844=DIRECTION('',(0.,-0.866025403784439,0.5));
#9845=DIRECTION('',(1.,0.,0.));
#9846=DIRECTION('center_axis',(0.,-0.5,0.866025403784439));
#9847=DIRECTION('ref_axis',(0.,-0.866025403784439,-0.5));
#9848=DIRECTION('',(0.,-0.866025403784439,-0.5));
#9849=DIRECTION('',(0.,-0.866025403784439,-0.5));
#9850=DIRECTION('center_axis',(0.,0.5,-0.866025403784439));
#9851=DIRECTION('ref_axis',(0.,0.866025403784439,0.5));
#9852=DIRECTION('',(0.,0.866025403784439,0.5));
#9853=DIRECTION('',(1.,0.,0.));
#9854=DIRECTION('',(0.,0.866025403784439,0.5));
#9855=DIRECTION('',(1.,0.,0.));
#9856=DIRECTION('center_axis',(0.,1.,0.));
#9857=DIRECTION('ref_axis',(0.,0.,1.));
#9858=DIRECTION('',(0.,0.,1.));
#9859=DIRECTION('',(0.,0.,1.));
#9860=DIRECTION('',(1.,0.,0.));
#9861=DIRECTION('center_axis',(0.,0.5,0.866025403784439));
#9862=DIRECTION('ref_axis',(0.,-0.866025403784439,0.5));
#9863=DIRECTION('',(0.,-0.866025403784439,0.5));
#9864=DIRECTION('',(0.,-0.866025403784439,0.5));
#9865=DIRECTION('',(1.,0.,0.));
#9866=DIRECTION('center_axis',(0.,-0.5,0.866025403784439));
#9867=DIRECTION('ref_axis',(0.,-0.866025403784439,-0.5));
#9868=DIRECTION('',(0.,-0.866025403784439,-0.5));
#9869=DIRECTION('',(0.,-0.866025403784439,-0.5));
#9870=DIRECTION('',(1.,0.,0.));
#9871=DIRECTION('center_axis',(0.,-1.,0.));
#9872=DIRECTION('ref_axis',(0.,0.,-1.));
#9873=DIRECTION('',(0.,0.,-1.));
#9874=DIRECTION('',(0.,0.,-1.));
#9875=DIRECTION('',(1.,0.,0.));
#9876=DIRECTION('center_axis',(0.,-0.5,-0.866025403784439));
#9877=DIRECTION('ref_axis',(0.,0.866025403784439,-0.5));
#9878=DIRECTION('',(0.,0.866025403784439,-0.5));
#9879=DIRECTION('',(0.,0.866025403784439,-0.5));
#9880=DIRECTION('center_axis',(0.,0.5,0.866025403784439));
#9881=DIRECTION('ref_axis',(0.,-0.866025403784438,0.5));
#9882=DIRECTION('',(0.,-0.866025403784439,0.5));
#9883=DIRECTION('',(1.,0.,0.));
#9884=DIRECTION('',(0.,-0.866025403784439,0.5));
#9885=DIRECTION('',(1.,0.,0.));
#9886=DIRECTION('center_axis',(0.,-0.5,0.866025403784439));
#9887=DIRECTION('ref_axis',(0.,-0.866025403784438,-0.5));
#9888=DIRECTION('',(0.,-0.866025403784439,-0.5));
#9889=DIRECTION('',(0.,-0.866025403784439,-0.5));
#9890=DIRECTION('',(1.,0.,0.));
#9891=DIRECTION('center_axis',(0.,0.,-1.));
#9892=DIRECTION('ref_axis',(0.,1.,0.));
#9893=DIRECTION('',(0.,1.,0.));
#9894=DIRECTION('',(0.,1.,0.));
#9895=DIRECTION('center_axis',(0.,-0.5,-0.866025403784439));
#9896=DIRECTION('ref_axis',(0.,0.866025403784438,-0.5));
#9897=DIRECTION('',(0.,0.866025403784439,-0.5));
#9898=DIRECTION('',(1.,0.,0.));
#9899=DIRECTION('',(0.,0.866025403784439,-0.5));
#9900=DIRECTION('',(1.,0.,0.));
#9901=DIRECTION('center_axis',(0.,0.5,-0.866025403784439));
#9902=DIRECTION('ref_axis',(0.,0.866025403784438,0.5));
#9903=DIRECTION('',(0.,0.866025403784439,0.5));
#9904=DIRECTION('',(0.,0.866025403784439,0.5));
#9905=DIRECTION('',(1.,0.,0.));
#9906=DIRECTION('center_axis',(0.,1.,0.));
#9907=DIRECTION('ref_axis',(0.,0.,1.));
#9908=DIRECTION('',(0.,0.,1.));
#9909=DIRECTION('',(0.,0.,1.));
#9910=DIRECTION('',(1.,0.,0.));
#9911=DIRECTION('center_axis',(0.,0.5,0.866025403784439));
#9912=DIRECTION('ref_axis',(0.,-0.866025403784438,0.5));
#9913=DIRECTION('',(0.,-0.866025403784439,0.5));
#9914=DIRECTION('',(0.,-0.866025403784439,0.5));
#9915=DIRECTION('',(1.,0.,0.));
#9916=DIRECTION('center_axis',(0.,-0.5,0.866025403784439));
#9917=DIRECTION('ref_axis',(0.,-0.866025403784438,-0.5));
#9918=DIRECTION('',(0.,-0.866025403784439,-0.5));
#9919=DIRECTION('',(0.,-0.866025403784439,-0.5));
#9920=DIRECTION('',(1.,0.,0.));
#9921=DIRECTION('center_axis',(0.,-1.,0.));
#9922=DIRECTION('ref_axis',(0.,0.,-1.));
#9923=DIRECTION('',(0.,0.,-1.));
#9924=DIRECTION('',(0.,0.,-1.));
#9925=DIRECTION('center_axis',(0.,0.5,-0.866025403784439));
#9926=DIRECTION('ref_axis',(0.,0.866025403784438,0.5));
#9927=DIRECTION('',(0.,0.866025403784439,0.5));
#9928=DIRECTION('',(1.,0.,0.));
#9929=DIRECTION('',(0.,0.866025403784439,0.5));
#9930=DIRECTION('',(1.,0.,0.));
#9931=DIRECTION('center_axis',(0.,1.,0.));
#9932=DIRECTION('ref_axis',(0.,0.,1.));
#9933=DIRECTION('',(0.,0.,1.));
#9934=DIRECTION('',(0.,0.,1.));
#9935=DIRECTION('',(1.,0.,0.));
#9936=DIRECTION('center_axis',(0.,0.5,0.866025403784439));
#9937=DIRECTION('ref_axis',(0.,-0.866025403784438,0.5));
#9938=DIRECTION('',(0.,-0.866025403784439,0.5));
#9939=DIRECTION('',(0.,-0.866025403784439,0.5));
#9940=DIRECTION('',(1.,0.,0.));
#9941=DIRECTION('center_axis',(0.,-0.5,0.866025403784439));
#9942=DIRECTION('ref_axis',(0.,-0.866025403784438,-0.5));
#9943=DIRECTION('',(0.,-0.866025403784439,-0.5));
#9944=DIRECTION('',(0.,-0.866025403784439,-0.5));
#9945=DIRECTION('',(1.,0.,0.));
#9946=DIRECTION('center_axis',(0.,-1.,0.));
#9947=DIRECTION('ref_axis',(0.,0.,-1.));
#9948=DIRECTION('',(0.,0.,-1.));
#9949=DIRECTION('',(0.,0.,-1.));
#9950=DIRECTION('',(1.,0.,0.));
#9951=DIRECTION('center_axis',(0.,-0.5,-0.866025403784439));
#9952=DIRECTION('ref_axis',(0.,0.866025403784438,-0.5));
#9953=DIRECTION('',(0.,0.866025403784439,-0.5));
#9954=DIRECTION('',(0.,0.866025403784439,-0.5));
#9955=DIRECTION('center_axis',(0.,-1.,0.));
#9956=DIRECTION('ref_axis',(0.,0.,-1.));
#9957=DIRECTION('',(0.,0.,-1.));
#9958=DIRECTION('',(1.,0.,0.));
#9959=DIRECTION('',(0.,0.,-1.));
#9960=DIRECTION('',(1.,0.,0.));
#9961=DIRECTION('center_axis',(0.,-0.5,-0.866025403784439));
#9962=DIRECTION('ref_axis',(0.,0.866025403784438,-0.5));
#9963=DIRECTION('',(0.,0.866025403784439,-0.5));
#9964=DIRECTION('',(0.,0.866025403784439,-0.5));
#9965=DIRECTION('',(1.,0.,0.));
#9966=DIRECTION('center_axis',(0.,0.5,-0.866025403784439));
#9967=DIRECTION('ref_axis',(0.,0.866025403784438,0.5));
#9968=DIRECTION('',(0.,0.866025403784439,0.5));
#9969=DIRECTION('',(0.,0.866025403784439,0.5));
#9970=DIRECTION('',(1.,0.,0.));
#9971=DIRECTION('center_axis',(0.,1.,0.));
#9972=DIRECTION('ref_axis',(0.,0.,1.));
#9973=DIRECTION('',(0.,0.,1.));
#9974=DIRECTION('',(0.,0.,1.));
#9975=DIRECTION('',(1.,0.,0.));
#9976=DIRECTION('center_axis',(0.,0.5,0.866025403784439));
#9977=DIRECTION('ref_axis',(0.,-0.866025403784438,0.5));
#9978=DIRECTION('',(0.,-0.866025403784439,0.5));
#9979=DIRECTION('',(0.,-0.866025403784439,0.5));
#9980=DIRECTION('',(1.,0.,0.));
#9981=DIRECTION('center_axis',(0.,-0.5,0.866025403784439));
#9982=DIRECTION('ref_axis',(0.,-0.866025403784438,-0.5));
#9983=DIRECTION('',(0.,-0.866025403784439,-0.5));
#9984=DIRECTION('',(0.,-0.866025403784439,-0.5));
#9985=DIRECTION('center_axis',(0.,-1.,0.));
#9986=DIRECTION('ref_axis',(0.,0.,-1.));
#9987=DIRECTION('',(0.,0.,-1.));
#9988=DIRECTION('',(1.,0.,0.));
#9989=DIRECTION('',(0.,0.,-1.));
#9990=DIRECTION('',(1.,0.,0.));
#9991=DIRECTION('center_axis',(0.,-0.5,-0.866025403784439));
#9992=DIRECTION('ref_axis',(0.,0.866025403784439,-0.5));
#9993=DIRECTION('',(0.,0.866025403784439,-0.5));
#9994=DIRECTION('',(0.,0.866025403784439,-0.5));
#9995=DIRECTION('',(1.,0.,0.));
#9996=DIRECTION('center_axis',(0.,0.5,-0.866025403784439));
#9997=DIRECTION('ref_axis',(0.,0.866025403784439,0.5));
#9998=DIRECTION('',(0.,0.866025403784439,0.5));
#9999=DIRECTION('',(0.,0.866025403784439,0.5));
#10000=DIRECTION('',(1.,0.,0.));
#10001=DIRECTION('center_axis',(0.,1.,0.));
#10002=DIRECTION('ref_axis',(0.,0.,1.));
#10003=DIRECTION('',(0.,0.,1.));
#10004=DIRECTION('',(0.,0.,1.));
#10005=DIRECTION('',(1.,0.,0.));
#10006=DIRECTION('center_axis',(0.,0.5,0.866025403784439));
#10007=DIRECTION('ref_axis',(0.,-0.866025403784439,0.5));
#10008=DIRECTION('',(0.,-0.866025403784439,0.5));
#10009=DIRECTION('',(0.,-0.866025403784439,0.5));
#10010=DIRECTION('',(1.,0.,0.));
#10011=DIRECTION('center_axis',(0.,-0.5,0.866025403784439));
#10012=DIRECTION('ref_axis',(0.,-0.866025403784439,-0.5));
#10013=DIRECTION('',(0.,-0.866025403784439,-0.5));
#10014=DIRECTION('',(0.,-0.866025403784439,-0.5));
#10015=DIRECTION('center_axis',(0.,-1.,0.));
#10016=DIRECTION('ref_axis',(0.,0.,-1.));
#10017=DIRECTION('',(0.,0.,-1.));
#10018=DIRECTION('',(1.,0.,0.));
#10019=DIRECTION('',(0.,0.,-1.));
#10020=DIRECTION('',(1.,0.,0.));
#10021=DIRECTION('center_axis',(0.,-0.5,-0.866025403784439));
#10022=DIRECTION('ref_axis',(0.,0.866025403784439,-0.5));
#10023=DIRECTION('',(0.,0.866025403784439,-0.5));
#10024=DIRECTION('',(0.,0.866025403784439,-0.5));
#10025=DIRECTION('',(1.,0.,0.));
#10026=DIRECTION('center_axis',(0.,0.5,-0.866025403784439));
#10027=DIRECTION('ref_axis',(0.,0.866025403784439,0.5));
#10028=DIRECTION('',(0.,0.866025403784439,0.5));
#10029=DIRECTION('',(0.,0.866025403784439,0.5));
#10030=DIRECTION('',(1.,0.,0.));
#10031=DIRECTION('center_axis',(0.,1.,0.));
#10032=DIRECTION('ref_axis',(0.,0.,1.));
#10033=DIRECTION('',(0.,0.,1.));
#10034=DIRECTION('',(0.,0.,1.));
#10035=DIRECTION('',(1.,0.,0.));
#10036=DIRECTION('center_axis',(0.,0.,1.));
#10037=DIRECTION('ref_axis',(0.,-1.,0.));
#10038=DIRECTION('',(0.,-1.,0.));
#10039=DIRECTION('',(0.,-1.,0.));
#10040=DIRECTION('center_axis',(0.,-0.5,-0.866025403784439));
#10041=DIRECTION('ref_axis',(0.,0.866025403784439,-0.5));
#10042=DIRECTION('',(0.,0.866025403784439,-0.5));
#10043=DIRECTION('',(1.,0.,0.));
#10044=DIRECTION('',(0.,0.866025403784439,-0.5));
#10045=DIRECTION('',(1.,0.,0.));
#10046=DIRECTION('center_axis',(0.,0.5,-0.866025403784439));
#10047=DIRECTION('ref_axis',(0.,0.866025403784439,0.5));
#10048=DIRECTION('',(0.,0.866025403784439,0.5));
#10049=DIRECTION('',(0.,0.866025403784439,0.5));
#10050=DIRECTION('',(1.,0.,0.));
#10051=DIRECTION('center_axis',(0.,1.,0.));
#10052=DIRECTION('ref_axis',(0.,0.,1.));
#10053=DIRECTION('',(0.,0.,1.));
#10054=DIRECTION('',(0.,0.,1.));
#10055=DIRECTION('',(1.,0.,0.));
#10056=DIRECTION('center_axis',(0.,0.5,0.866025403784439));
#10057=DIRECTION('ref_axis',(0.,-0.866025403784439,0.5));
#10058=DIRECTION('',(0.,-0.866025403784439,0.5));
#10059=DIRECTION('',(0.,-0.866025403784439,0.5));
#10060=DIRECTION('',(1.,0.,0.));
#10061=DIRECTION('center_axis',(0.,-0.5,0.866025403784439));
#10062=DIRECTION('ref_axis',(0.,-0.866025403784439,-0.5));
#10063=DIRECTION('',(0.,-0.866025403784439,-0.5));
#10064=DIRECTION('',(0.,-0.866025403784439,-0.5));
#10065=DIRECTION('',(1.,0.,0.));
#10066=DIRECTION('center_axis',(0.,-1.,0.));
#10067=DIRECTION('ref_axis',(0.,0.,-1.));
#10068=DIRECTION('',(0.,0.,-1.));
#10069=DIRECTION('',(0.,0.,-1.));
#10070=DIRECTION('center_axis',(0.,0.5,0.866025403784439));
#10071=DIRECTION('ref_axis',(0.,-0.866025403784439,0.5));
#10072=DIRECTION('',(0.,-0.866025403784439,0.5));
#10073=DIRECTION('',(1.,0.,0.));
#10074=DIRECTION('',(0.,-0.866025403784439,0.5));
#10075=DIRECTION('',(1.,0.,0.));
#10076=DIRECTION('center_axis',(0.,-0.5,0.866025403784439));
#10077=DIRECTION('ref_axis',(0.,-0.866025403784439,-0.5));
#10078=DIRECTION('',(0.,-0.866025403784439,-0.5));
#10079=DIRECTION('',(0.,-0.866025403784439,-0.5));
#10080=DIRECTION('',(1.,0.,0.));
#10081=DIRECTION('center_axis',(0.,0.,-1.));
#10082=DIRECTION('ref_axis',(0.,1.,0.));
#10083=DIRECTION('',(0.,1.,0.));
#10084=DIRECTION('',(0.,1.,0.));
#10085=DIRECTION('center_axis',(0.,-1.,0.));
#10086=DIRECTION('ref_axis',(0.,0.,-1.));
#10087=DIRECTION('',(0.,0.,-1.));
#10088=DIRECTION('',(1.,0.,0.));
#10089=DIRECTION('',(0.,0.,-1.));
#10090=DIRECTION('',(1.,0.,0.));
#10091=DIRECTION('center_axis',(0.,-0.5,-0.866025403784439));
#10092=DIRECTION('ref_axis',(0.,0.866025403784439,-0.5));
#10093=DIRECTION('',(0.,0.866025403784439,-0.5));
#10094=DIRECTION('',(0.,0.866025403784439,-0.5));
#10095=DIRECTION('',(1.,0.,0.));
#10096=DIRECTION('center_axis',(0.,0.5,-0.866025403784439));
#10097=DIRECTION('ref_axis',(0.,0.866025403784439,0.5));
#10098=DIRECTION('',(0.,0.866025403784439,0.5));
#10099=DIRECTION('',(0.,0.866025403784439,0.5));
#10100=DIRECTION('',(1.,0.,0.));
#10101=DIRECTION('center_axis',(0.,1.,0.));
#10102=DIRECTION('ref_axis',(0.,0.,1.));
#10103=DIRECTION('',(0.,0.,1.));
#10104=DIRECTION('',(0.,0.,1.));
#10105=DIRECTION('',(1.,0.,0.));
#10106=DIRECTION('center_axis',(0.,0.,1.));
#10107=DIRECTION('ref_axis',(0.,-1.,0.));
#10108=DIRECTION('',(0.,-1.,0.));
#10109=DIRECTION('',(0.,-1.,0.));
#10110=DIRECTION('center_axis',(0.,0.5,-0.866025403784439));
#10111=DIRECTION('ref_axis',(0.,0.866025403784438,0.5));
#10112=DIRECTION('',(0.,0.866025403784439,0.5));
#10113=DIRECTION('',(1.,0.,0.));
#10114=DIRECTION('',(0.,0.866025403784439,0.5));
#10115=DIRECTION('',(1.,0.,0.));
#10116=DIRECTION('center_axis',(0.,1.,0.));
#10117=DIRECTION('ref_axis',(0.,0.,1.));
#10118=DIRECTION('',(0.,0.,1.));
#10119=DIRECTION('',(0.,0.,1.));
#10120=DIRECTION('',(1.,0.,0.));
#10121=DIRECTION('center_axis',(0.,0.5,0.866025403784439));
#10122=DIRECTION('ref_axis',(0.,-0.866025403784438,0.5));
#10123=DIRECTION('',(0.,-0.866025403784439,0.5));
#10124=DIRECTION('',(0.,-0.866025403784439,0.5));
#10125=DIRECTION('',(1.,0.,0.));
#10126=DIRECTION('center_axis',(0.,-0.5,0.866025403784439));
#10127=DIRECTION('ref_axis',(0.,-0.866025403784438,-0.5));
#10128=DIRECTION('',(0.,-0.866025403784439,-0.5));
#10129=DIRECTION('',(0.,-0.866025403784439,-0.5));
#10130=DIRECTION('',(1.,0.,0.));
#10131=DIRECTION('center_axis',(0.,-1.,0.));
#10132=DIRECTION('ref_axis',(0.,0.,-1.));
#10133=DIRECTION('',(0.,0.,-1.));
#10134=DIRECTION('',(0.,0.,-1.));
#10135=DIRECTION('',(1.,0.,0.));
#10136=DIRECTION('center_axis',(0.,-0.5,-0.866025403784439));
#10137=DIRECTION('ref_axis',(0.,0.866025403784438,-0.5));
#10138=DIRECTION('',(0.,0.866025403784439,-0.5));
#10139=DIRECTION('',(0.,0.866025403784439,-0.5));
#10140=DIRECTION('center_axis',(0.,0.5,-0.866025403784439));
#10141=DIRECTION('ref_axis',(0.,0.866025403784438,0.5));
#10142=DIRECTION('',(0.,0.866025403784439,0.5));
#10143=DIRECTION('',(1.,0.,0.));
#10144=DIRECTION('',(0.,0.866025403784439,0.5));
#10145=DIRECTION('',(1.,0.,0.));
#10146=DIRECTION('center_axis',(0.,1.,0.));
#10147=DIRECTION('ref_axis',(0.,0.,1.));
#10148=DIRECTION('',(0.,0.,1.));
#10149=DIRECTION('',(0.,0.,1.));
#10150=DIRECTION('',(1.,0.,0.));
#10151=DIRECTION('center_axis',(0.,0.5,0.866025403784439));
#10152=DIRECTION('ref_axis',(0.,-0.866025403784438,0.5));
#10153=DIRECTION('',(0.,-0.866025403784439,0.5));
#10154=DIRECTION('',(0.,-0.866025403784439,0.5));
#10155=DIRECTION('',(1.,0.,0.));
#10156=DIRECTION('center_axis',(0.,-0.5,0.866025403784439));
#10157=DIRECTION('ref_axis',(0.,-0.866025403784438,-0.5));
#10158=DIRECTION('',(0.,-0.866025403784439,-0.5));
#10159=DIRECTION('',(0.,-0.866025403784439,-0.5));
#10160=DIRECTION('',(1.,0.,0.));
#10161=DIRECTION('center_axis',(0.,-1.,0.));
#10162=DIRECTION('ref_axis',(0.,0.,-1.));
#10163=DIRECTION('',(0.,0.,-1.));
#10164=DIRECTION('',(0.,0.,-1.));
#10165=DIRECTION('',(1.,0.,0.));
#10166=DIRECTION('center_axis',(0.,-0.5,-0.866025403784439));
#10167=DIRECTION('ref_axis',(0.,0.866025403784438,-0.5));
#10168=DIRECTION('',(0.,0.866025403784439,-0.5));
#10169=DIRECTION('',(0.,0.866025403784439,-0.5));
#10170=DIRECTION('center_axis',(0.,1.,0.));
#10171=DIRECTION('ref_axis',(0.,0.,1.));
#10172=DIRECTION('',(0.,0.,1.));
#10173=DIRECTION('',(1.,0.,0.));
#10174=DIRECTION('',(0.,0.,1.));
#10175=DIRECTION('',(1.,0.,0.));
#10176=DIRECTION('center_axis',(0.,-0.5,0.866025403784439));
#10177=DIRECTION('ref_axis',(0.,-0.866025403784439,-0.5));
#10178=DIRECTION('',(0.,-0.866025403784439,-0.5));
#10179=DIRECTION('',(0.,-0.866025403784439,-0.5));
#10180=DIRECTION('',(1.,0.,0.));
#10181=DIRECTION('center_axis',(0.,-1.,0.));
#10182=DIRECTION('ref_axis',(0.,0.,-1.));
#10183=DIRECTION('',(0.,0.,-1.));
#10184=DIRECTION('',(0.,0.,-1.));
#10185=DIRECTION('',(1.,0.,0.));
#10186=DIRECTION('center_axis',(0.,-0.5,-0.866025403784439));
#10187=DIRECTION('ref_axis',(0.,0.866025403784439,-0.5));
#10188=DIRECTION('',(0.,0.866025403784439,-0.5));
#10189=DIRECTION('',(0.,0.866025403784439,-0.5));
#10190=DIRECTION('center_axis',(0.,1.,-2.22044651247155E-16));
#10191=DIRECTION('ref_axis',(0.,2.22044651247155E-16,1.));
#10192=DIRECTION('',(0.,2.22044651247155E-16,1.));
#10193=DIRECTION('',(1.,0.,0.));
#10194=DIRECTION('',(0.,2.22044651247155E-16,1.));
#10195=DIRECTION('',(1.,0.,0.));
#10196=DIRECTION('center_axis',(0.,0.5,0.866025403784439));
#10197=DIRECTION('ref_axis',(0.,-0.866025403784439,0.5));
#10198=DIRECTION('',(0.,-0.866025403784439,0.5));
#10199=DIRECTION('',(0.,-0.866025403784439,0.5));
#10200=DIRECTION('',(1.,0.,0.));
#10201=DIRECTION('center_axis',(0.,-0.5,0.866025403784439));
#10202=DIRECTION('ref_axis',(0.,-0.866025403784439,-0.5));
#10203=DIRECTION('',(0.,-0.866025403784439,-0.5));
#10204=DIRECTION('',(0.,-0.866025403784439,-0.5));
#10205=DIRECTION('',(1.,0.,0.));
#10206=DIRECTION('center_axis',(0.,-1.,4.44089302494311E-16));
#10207=DIRECTION('ref_axis',(0.,-4.44089302494311E-16,-1.));
#10208=DIRECTION('',(0.,-4.44089302494311E-16,-1.));
#10209=DIRECTION('',(0.,-4.44089302494311E-16,-1.));
#10210=DIRECTION('',(1.,0.,0.));
#10211=DIRECTION('center_axis',(0.,-0.5,-0.866025403784439));
#10212=DIRECTION('ref_axis',(0.,0.866025403784439,-0.5));
#10213=DIRECTION('',(0.,0.866025403784439,-0.5));
#10214=DIRECTION('',(0.,0.866025403784439,-0.5));
#10215=DIRECTION('',(1.,0.,0.));
#10216=DIRECTION('center_axis',(0.,0.5,-0.866025403784439));
#10217=DIRECTION('ref_axis',(0.,0.866025403784439,0.5));
#10218=DIRECTION('',(0.,0.866025403784439,0.5));
#10219=DIRECTION('',(0.,0.866025403784439,0.5));
#10220=DIRECTION('center_axis',(0.,1.,0.));
#10221=DIRECTION('ref_axis',(0.,0.,1.));
#10222=DIRECTION('',(0.,0.,1.));
#10223=DIRECTION('',(1.,0.,0.));
#10224=DIRECTION('',(0.,0.,1.));
#10225=DIRECTION('',(1.,0.,0.));
#10226=DIRECTION('center_axis',(0.,0.5,0.866025403784439));
#10227=DIRECTION('ref_axis',(0.,-0.866025403784438,0.5));
#10228=DIRECTION('',(0.,-0.866025403784439,0.5));
#10229=DIRECTION('',(0.,-0.866025403784439,0.5));
#10230=DIRECTION('',(1.,0.,0.));
#10231=DIRECTION('center_axis',(0.,-0.5,0.866025403784439));
#10232=DIRECTION('ref_axis',(0.,-0.866025403784438,-0.5));
#10233=DIRECTION('',(0.,-0.866025403784439,-0.5));
#10234=DIRECTION('',(0.,-0.866025403784439,-0.5));
#10235=DIRECTION('',(1.,0.,0.));
#10236=DIRECTION('center_axis',(0.,-1.,0.));
#10237=DIRECTION('ref_axis',(0.,0.,-1.));
#10238=DIRECTION('',(0.,0.,-1.));
#10239=DIRECTION('',(0.,0.,-1.));
#10240=DIRECTION('',(1.,0.,0.));
#10241=DIRECTION('center_axis',(0.,-0.5,-0.866025403784439));
#10242=DIRECTION('ref_axis',(0.,0.866025403784438,-0.5));
#10243=DIRECTION('',(0.,0.866025403784439,-0.5));
#10244=DIRECTION('',(0.,0.866025403784439,-0.5));
#10245=DIRECTION('',(1.,0.,0.));
#10246=DIRECTION('center_axis',(0.,0.5,-0.866025403784439));
#10247=DIRECTION('ref_axis',(0.,0.866025403784438,0.5));
#10248=DIRECTION('',(0.,0.866025403784439,0.5));
#10249=DIRECTION('',(0.,0.866025403784439,0.5));
#10250=DIRECTION('center_axis',(0.,1.,-2.22044651247155E-16));
#10251=DIRECTION('ref_axis',(0.,2.22044651247155E-16,1.));
#10252=DIRECTION('',(0.,2.22044651247155E-16,1.));
#10253=DIRECTION('',(1.,0.,0.));
#10254=DIRECTION('',(0.,2.22044651247155E-16,1.));
#10255=DIRECTION('',(1.,0.,0.));
#10256=DIRECTION('center_axis',(0.,0.,1.));
#10257=DIRECTION('ref_axis',(0.,-1.,0.));
#10258=DIRECTION('',(0.,-1.,0.));
#10259=DIRECTION('',(0.,-1.,0.));
#10260=DIRECTION('',(1.,0.,0.));
#10261=DIRECTION('center_axis',(0.,-1.,4.44089302494311E-16));
#10262=DIRECTION('ref_axis',(0.,-4.44089302494311E-16,-1.));
#10263=DIRECTION('',(0.,-4.44089302494311E-16,-1.));
#10264=DIRECTION('',(0.,-4.44089302494311E-16,-1.));
#10265=DIRECTION('',(1.,0.,0.));
#10266=DIRECTION('center_axis',(0.,-0.5,-0.866025403784439));
#10267=DIRECTION('ref_axis',(0.,0.866025403784439,-0.5));
#10268=DIRECTION('',(0.,0.866025403784439,-0.5));
#10269=DIRECTION('',(0.,0.866025403784439,-0.5));
#10270=DIRECTION('',(1.,0.,0.));
#10271=DIRECTION('center_axis',(0.,0.5,-0.866025403784439));
#10272=DIRECTION('ref_axis',(0.,0.866025403784439,0.5));
#10273=DIRECTION('',(0.,0.866025403784439,0.5));
#10274=DIRECTION('',(0.,0.866025403784439,0.5));
#10275=DIRECTION('center_axis',(0.,-0.5,-0.866025403784439));
#10276=DIRECTION('ref_axis',(0.,0.866025403784439,-0.5));
#10277=DIRECTION('',(0.,0.866025403784439,-0.5));
#10278=DIRECTION('',(1.,0.,0.));
#10279=DIRECTION('',(0.,0.866025403784439,-0.5));
#10280=DIRECTION('',(1.,0.,0.));
#10281=DIRECTION('center_axis',(0.,0.5,-0.866025403784439));
#10282=DIRECTION('ref_axis',(0.,0.866025403784439,0.5));
#10283=DIRECTION('',(0.,0.866025403784439,0.5));
#10284=DIRECTION('',(0.,0.866025403784439,0.5));
#10285=DIRECTION('',(1.,0.,0.));
#10286=DIRECTION('center_axis',(0.,1.,0.));
#10287=DIRECTION('ref_axis',(0.,0.,1.));
#10288=DIRECTION('',(0.,0.,1.));
#10289=DIRECTION('',(0.,0.,1.));
#10290=DIRECTION('',(1.,0.,0.));
#10291=DIRECTION('center_axis',(0.,0.5,0.866025403784439));
#10292=DIRECTION('ref_axis',(0.,-0.866025403784439,0.5));
#10293=DIRECTION('',(0.,-0.866025403784439,0.5));
#10294=DIRECTION('',(0.,-0.866025403784439,0.5));
#10295=DIRECTION('',(1.,0.,0.));
#10296=DIRECTION('center_axis',(0.,-0.5,0.866025403784439));
#10297=DIRECTION('ref_axis',(0.,-0.866025403784439,-0.5));
#10298=DIRECTION('',(0.,-0.866025403784439,-0.5));
#10299=DIRECTION('',(0.,-0.866025403784439,-0.5));
#10300=DIRECTION('',(1.,0.,0.));
#10301=DIRECTION('center_axis',(0.,-1.,0.));
#10302=DIRECTION('ref_axis',(0.,0.,-1.));
#10303=DIRECTION('',(0.,0.,-1.));
#10304=DIRECTION('',(0.,0.,-1.));
#10305=DIRECTION('center_axis',(0.,-0.5,-0.866025403784439));
#10306=DIRECTION('ref_axis',(0.,0.866025403784438,-0.5));
#10307=DIRECTION('',(0.,0.866025403784439,-0.5));
#10308=DIRECTION('',(1.,0.,0.));
#10309=DIRECTION('',(0.,0.866025403784439,-0.5));
#10310=DIRECTION('',(1.,0.,0.));
#10311=DIRECTION('center_axis',(0.,0.5,-0.866025403784439));
#10312=DIRECTION('ref_axis',(0.,0.866025403784438,0.5));
#10313=DIRECTION('',(0.,0.866025403784439,0.5));
#10314=DIRECTION('',(0.,0.866025403784439,0.5));
#10315=DIRECTION('',(1.,0.,0.));
#10316=DIRECTION('center_axis',(0.,1.,0.));
#10317=DIRECTION('ref_axis',(0.,0.,1.));
#10318=DIRECTION('',(0.,0.,1.));
#10319=DIRECTION('',(0.,0.,1.));
#10320=DIRECTION('',(1.,0.,0.));
#10321=DIRECTION('center_axis',(0.,0.5,0.866025403784439));
#10322=DIRECTION('ref_axis',(0.,-0.866025403784438,0.5));
#10323=DIRECTION('',(0.,-0.866025403784439,0.5));
#10324=DIRECTION('',(0.,-0.866025403784439,0.5));
#10325=DIRECTION('',(1.,0.,0.));
#10326=DIRECTION('center_axis',(0.,-0.5,0.866025403784439));
#10327=DIRECTION('ref_axis',(0.,-0.866025403784438,-0.5));
#10328=DIRECTION('',(0.,-0.866025403784439,-0.5));
#10329=DIRECTION('',(0.,-0.866025403784439,-0.5));
#10330=DIRECTION('',(1.,0.,0.));
#10331=DIRECTION('center_axis',(0.,-1.,0.));
#10332=DIRECTION('ref_axis',(0.,0.,-1.));
#10333=DIRECTION('',(0.,0.,-1.));
#10334=DIRECTION('',(0.,0.,-1.));
#10335=DIRECTION('center_axis',(0.,0.5,-0.866025403784439));
#10336=DIRECTION('ref_axis',(0.,0.866025403784439,0.5));
#10337=DIRECTION('',(0.,0.866025403784439,0.5));
#10338=DIRECTION('',(1.,0.,0.));
#10339=DIRECTION('',(0.,0.866025403784439,0.5));
#10340=DIRECTION('',(1.,0.,0.));
#10341=DIRECTION('center_axis',(0.,1.,0.));
#10342=DIRECTION('ref_axis',(0.,0.,1.));
#10343=DIRECTION('',(0.,0.,1.));
#10344=DIRECTION('',(0.,0.,1.));
#10345=DIRECTION('',(1.,0.,0.));
#10346=DIRECTION('center_axis',(0.,0.5,0.866025403784439));
#10347=DIRECTION('ref_axis',(0.,-0.866025403784439,0.5));
#10348=DIRECTION('',(0.,-0.866025403784439,0.5));
#10349=DIRECTION('',(0.,-0.866025403784439,0.5));
#10350=DIRECTION('',(1.,0.,0.));
#10351=DIRECTION('center_axis',(0.,-0.5,0.866025403784439));
#10352=DIRECTION('ref_axis',(0.,-0.866025403784439,-0.5));
#10353=DIRECTION('',(0.,-0.866025403784439,-0.5));
#10354=DIRECTION('',(0.,-0.866025403784439,-0.5));
#10355=DIRECTION('',(1.,0.,0.));
#10356=DIRECTION('center_axis',(0.,-1.,0.));
#10357=DIRECTION('ref_axis',(0.,0.,-1.));
#10358=DIRECTION('',(0.,0.,-1.));
#10359=DIRECTION('',(0.,0.,-1.));
#10360=DIRECTION('',(1.,0.,0.));
#10361=DIRECTION('center_axis',(0.,-0.5,-0.866025403784439));
#10362=DIRECTION('ref_axis',(0.,0.866025403784439,-0.5));
#10363=DIRECTION('',(0.,0.866025403784439,-0.5));
#10364=DIRECTION('',(0.,0.866025403784439,-0.5));
#10365=DIRECTION('center_axis',(0.,0.5,0.866025403784439));
#10366=DIRECTION('ref_axis',(0.,-0.866025403784438,0.5));
#10367=DIRECTION('',(0.,-0.866025403784439,0.5));
#10368=DIRECTION('',(1.,0.,0.));
#10369=DIRECTION('',(0.,-0.866025403784439,0.5));
#10370=DIRECTION('',(1.,0.,0.));
#10371=DIRECTION('center_axis',(0.,-0.5,0.866025403784439));
#10372=DIRECTION('ref_axis',(0.,-0.866025403784438,-0.5));
#10373=DIRECTION('',(0.,-0.866025403784439,-0.5));
#10374=DIRECTION('',(0.,-0.866025403784439,-0.5));
#10375=DIRECTION('',(1.,0.,0.));
#10376=DIRECTION('center_axis',(0.,0.,-1.));
#10377=DIRECTION('ref_axis',(0.,1.,0.));
#10378=DIRECTION('',(0.,1.,0.));
#10379=DIRECTION('',(0.,1.,0.));
#10380=DIRECTION('center_axis',(0.,-1.,0.));
#10381=DIRECTION('ref_axis',(0.,0.,-1.));
#10382=DIRECTION('',(0.,0.,-1.));
#10383=DIRECTION('',(1.,0.,0.));
#10384=DIRECTION('',(0.,0.,-1.));
#10385=DIRECTION('',(1.,0.,0.));
#10386=DIRECTION('center_axis',(0.,0.500000193571746,-0.86602529202571));
#10387=DIRECTION('ref_axis',(0.,0.86602529202571,0.500000193571746));
#10388=DIRECTION('',(0.,0.86602529202571,0.500000193571746));
#10389=DIRECTION('',(0.,0.86602529202571,0.500000193571746));
#10390=DIRECTION('',(1.,0.,0.));
#10391=DIRECTION('center_axis',(0.,0.999999999999975,2.23517412800683E-7));
#10392=DIRECTION('ref_axis',(0.,-2.23517412800683E-7,0.999999999999975));
#10393=DIRECTION('',(0.,-2.23517412800683E-7,0.999999999999975));
#10394=DIRECTION('',(0.,-2.23517412800683E-7,0.999999999999975));
#10395=DIRECTION('',(1.,0.,0.));
#10396=DIRECTION('center_axis',(0.,0.499999806428229,0.866025515543124));
#10397=DIRECTION('ref_axis',(0.,-0.866025515543124,0.499999806428229));
#10398=DIRECTION('',(0.,-0.866025515543124,0.499999806428229));
#10399=DIRECTION('',(0.,-0.866025515543124,0.499999806428229));
#10400=DIRECTION('center_axis',(0.,0.5,-0.866025403784439));
#10401=DIRECTION('ref_axis',(0.,0.866025403784439,0.5));
#10402=DIRECTION('',(0.,0.866025403784439,0.5));
#10403=DIRECTION('',(1.,0.,0.));
#10404=DIRECTION('',(0.,0.866025403784439,0.5));
#10405=DIRECTION('',(1.,0.,0.));
#10406=DIRECTION('center_axis',(0.,1.,0.));
#10407=DIRECTION('ref_axis',(0.,0.,1.));
#10408=DIRECTION('',(0.,0.,1.));
#10409=DIRECTION('',(0.,0.,1.));
#10410=DIRECTION('',(1.,0.,0.));
#10411=DIRECTION('center_axis',(0.,0.5,0.866025403784439));
#10412=DIRECTION('ref_axis',(0.,-0.866025403784439,0.5));
#10413=DIRECTION('',(0.,-0.866025403784439,0.5));
#10414=DIRECTION('',(0.,-0.866025403784439,0.5));
#10415=DIRECTION('',(1.,0.,0.));
#10416=DIRECTION('center_axis',(0.,-0.5,0.866025403784439));
#10417=DIRECTION('ref_axis',(0.,-0.866025403784439,-0.5));
#10418=DIRECTION('',(0.,-0.866025403784439,-0.5));
#10419=DIRECTION('',(0.,-0.866025403784439,-0.5));
#10420=DIRECTION('',(1.,0.,0.));
#10421=DIRECTION('center_axis',(0.,-1.,0.));
#10422=DIRECTION('ref_axis',(0.,0.,-1.));
#10423=DIRECTION('',(0.,0.,-1.));
#10424=DIRECTION('',(0.,0.,-1.));
#10425=DIRECTION('',(1.,0.,0.));
#10426=DIRECTION('center_axis',(0.,-0.5,-0.866025403784439));
#10427=DIRECTION('ref_axis',(0.,0.866025403784439,-0.5));
#10428=DIRECTION('',(0.,0.866025403784439,-0.5));
#10429=DIRECTION('',(0.,0.866025403784439,-0.5));
#10430=DIRECTION('center_axis',(0.,0.5,0.866025403784439));
#10431=DIRECTION('ref_axis',(0.,-0.866025403784438,0.5));
#10432=DIRECTION('',(0.,-0.866025403784439,0.5));
#10433=DIRECTION('',(1.,0.,0.));
#10434=DIRECTION('',(0.,-0.866025403784439,0.5));
#10435=DIRECTION('',(1.,0.,0.));
#10436=DIRECTION('center_axis',(0.,-0.5,0.866025403784439));
#10437=DIRECTION('ref_axis',(0.,-0.866025403784438,-0.5));
#10438=DIRECTION('',(0.,-0.866025403784439,-0.5));
#10439=DIRECTION('',(0.,-0.866025403784439,-0.5));
#10440=DIRECTION('',(1.,0.,0.));
#10441=DIRECTION('center_axis',(0.,0.,-1.));
#10442=DIRECTION('ref_axis',(0.,1.,0.));
#10443=DIRECTION('',(0.,1.,0.));
#10444=DIRECTION('',(0.,1.,0.));
#10445=DIRECTION('center_axis',(0.,-1.,0.));
#10446=DIRECTION('ref_axis',(0.,0.,-1.));
#10447=DIRECTION('',(0.,0.,-1.));
#10448=DIRECTION('',(1.,0.,0.));
#10449=DIRECTION('',(0.,0.,-1.));
#10450=DIRECTION('',(1.,0.,0.));
#10451=DIRECTION('center_axis',(0.,0.500000193571746,-0.86602529202571));
#10452=DIRECTION('ref_axis',(0.,0.86602529202571,0.500000193571746));
#10453=DIRECTION('',(0.,0.86602529202571,0.500000193571746));
#10454=DIRECTION('',(0.,0.86602529202571,0.500000193571746));
#10455=DIRECTION('',(1.,0.,0.));
#10456=DIRECTION('center_axis',(0.,0.999999999999975,2.23517412800683E-7));
#10457=DIRECTION('ref_axis',(0.,-2.23517412800683E-7,0.999999999999975));
#10458=DIRECTION('',(0.,-2.23517412800683E-7,0.999999999999975));
#10459=DIRECTION('',(0.,-2.23517412800683E-7,0.999999999999975));
#10460=DIRECTION('',(1.,0.,0.));
#10461=DIRECTION('center_axis',(0.,0.499999806428229,0.866025515543124));
#10462=DIRECTION('ref_axis',(0.,-0.866025515543124,0.499999806428229));
#10463=DIRECTION('',(0.,-0.866025515543124,0.499999806428229));
#10464=DIRECTION('',(0.,-0.866025515543124,0.499999806428229));
#10465=DIRECTION('center_axis',(0.,-1.,0.));
#10466=DIRECTION('ref_axis',(0.,0.,-1.));
#10467=DIRECTION('',(0.,0.,-1.));
#10468=DIRECTION('',(1.,0.,0.));
#10469=DIRECTION('',(0.,0.,-1.));
#10470=DIRECTION('',(1.,0.,0.));
#10471=DIRECTION('center_axis',(0.,0.500000193571746,-0.86602529202571));
#10472=DIRECTION('ref_axis',(0.,0.86602529202571,0.500000193571746));
#10473=DIRECTION('',(0.,0.86602529202571,0.500000193571746));
#10474=DIRECTION('',(0.,0.86602529202571,0.500000193571746));
#10475=DIRECTION('',(1.,0.,0.));
#10476=DIRECTION('center_axis',(0.,0.999999999999975,2.23517412800683E-7));
#10477=DIRECTION('ref_axis',(0.,-2.23517412800683E-7,0.999999999999975));
#10478=DIRECTION('',(0.,-2.23517412800683E-7,0.999999999999975));
#10479=DIRECTION('',(0.,-2.23517412800683E-7,0.999999999999975));
#10480=DIRECTION('',(1.,0.,0.));
#10481=DIRECTION('center_axis',(0.,0.499999806428229,0.866025515543124));
#10482=DIRECTION('ref_axis',(0.,-0.866025515543124,0.499999806428229));
#10483=DIRECTION('',(0.,-0.866025515543124,0.499999806428229));
#10484=DIRECTION('',(0.,-0.866025515543124,0.499999806428229));
#10485=DIRECTION('center_axis',(0.,0.5,-0.866025403784439));
#10486=DIRECTION('ref_axis',(0.,0.866025403784439,0.5));
#10487=DIRECTION('',(0.,0.866025403784439,0.5));
#10488=DIRECTION('',(1.,0.,0.));
#10489=DIRECTION('',(0.,0.866025403784439,0.5));
#10490=DIRECTION('',(1.,0.,0.));
#10491=DIRECTION('center_axis',(0.,1.,0.));
#10492=DIRECTION('ref_axis',(0.,0.,1.));
#10493=DIRECTION('',(0.,0.,1.));
#10494=DIRECTION('',(0.,0.,1.));
#10495=DIRECTION('',(1.,0.,0.));
#10496=DIRECTION('center_axis',(0.,0.5,0.866025403784439));
#10497=DIRECTION('ref_axis',(0.,-0.866025403784439,0.5));
#10498=DIRECTION('',(0.,-0.866025403784439,0.5));
#10499=DIRECTION('',(0.,-0.866025403784439,0.5));
#10500=DIRECTION('',(1.,0.,0.));
#10501=DIRECTION('center_axis',(0.,-0.5,0.866025403784439));
#10502=DIRECTION('ref_axis',(0.,-0.866025403784439,-0.5));
#10503=DIRECTION('',(0.,-0.866025403784439,-0.5));
#10504=DIRECTION('',(0.,-0.866025403784439,-0.5));
#10505=DIRECTION('',(1.,0.,0.));
#10506=DIRECTION('center_axis',(0.,-1.,0.));
#10507=DIRECTION('ref_axis',(0.,0.,-1.));
#10508=DIRECTION('',(0.,0.,-1.));
#10509=DIRECTION('',(0.,0.,-1.));
#10510=DIRECTION('',(1.,0.,0.));
#10511=DIRECTION('center_axis',(0.,-0.5,-0.866025403784439));
#10512=DIRECTION('ref_axis',(0.,0.866025403784439,-0.5));
#10513=DIRECTION('',(0.,0.866025403784439,-0.5));
#10514=DIRECTION('',(0.,0.866025403784439,-0.5));
#10515=DIRECTION('center_axis',(0.,-1.,0.));
#10516=DIRECTION('ref_axis',(0.,0.,-1.));
#10517=DIRECTION('',(0.,0.,-1.));
#10518=DIRECTION('',(1.,0.,0.));
#10519=DIRECTION('',(0.,0.,-1.));
#10520=DIRECTION('',(1.,0.,0.));
#10521=DIRECTION('center_axis',(0.,0.500000193571746,-0.86602529202571));
#10522=DIRECTION('ref_axis',(0.,0.86602529202571,0.500000193571746));
#10523=DIRECTION('',(0.,0.86602529202571,0.500000193571746));
#10524=DIRECTION('',(0.,0.86602529202571,0.500000193571746));
#10525=DIRECTION('',(1.,0.,0.));
#10526=DIRECTION('center_axis',(0.,0.999999999999975,2.23517412800683E-7));
#10527=DIRECTION('ref_axis',(0.,-2.23517412800683E-7,0.999999999999975));
#10528=DIRECTION('',(0.,-2.23517412800683E-7,0.999999999999975));
#10529=DIRECTION('',(0.,-2.23517412800683E-7,0.999999999999975));
#10530=DIRECTION('',(1.,0.,0.));
#10531=DIRECTION('center_axis',(0.,0.499999806428229,0.866025515543124));
#10532=DIRECTION('ref_axis',(0.,-0.866025515543124,0.499999806428229));
#10533=DIRECTION('',(0.,-0.866025515543124,0.499999806428229));
#10534=DIRECTION('',(0.,-0.866025515543124,0.499999806428229));
#10535=DIRECTION('center_axis',(0.,0.5,0.866025403784439));
#10536=DIRECTION('ref_axis',(0.,-0.866025403784438,0.5));
#10537=DIRECTION('',(0.,-0.866025403784439,0.5));
#10538=DIRECTION('',(1.,0.,0.));
#10539=DIRECTION('',(0.,-0.866025403784439,0.5));
#10540=DIRECTION('',(1.,0.,0.));
#10541=DIRECTION('center_axis',(0.,-1.,0.));
#10542=DIRECTION('ref_axis',(0.,0.,-1.));
#10543=DIRECTION('',(0.,0.,-1.));
#10544=DIRECTION('',(0.,0.,-1.));
#10545=DIRECTION('',(1.,0.,0.));
#10546=DIRECTION('center_axis',(0.,0.,-1.));
#10547=DIRECTION('ref_axis',(0.,1.,0.));
#10548=DIRECTION('',(0.,1.,0.));
#10549=DIRECTION('',(0.,1.,0.));
#10550=DIRECTION('center_axis',(0.,0.,1.));
#10551=DIRECTION('ref_axis',(0.,-1.,0.));
#10552=DIRECTION('',(0.,-1.,0.));
#10553=DIRECTION('',(1.,0.,0.));
#10554=DIRECTION('',(0.,-1.,0.));
#10555=DIRECTION('',(1.,0.,0.));
#10556=DIRECTION('center_axis',(0.,-1.,0.));
#10557=DIRECTION('ref_axis',(0.,0.,-1.));
#10558=DIRECTION('',(0.,0.,-1.));
#10559=DIRECTION('',(0.,0.,-1.));
#10560=DIRECTION('',(1.,0.,0.));
#10561=DIRECTION('center_axis',(0.,-0.5,-0.866025403784439));
#10562=DIRECTION('ref_axis',(0.,0.866025403784439,-0.5));
#10563=DIRECTION('',(0.,0.866025403784439,-0.5));
#10564=DIRECTION('',(0.,0.866025403784439,-0.5));
#10565=DIRECTION('',(1.,0.,0.));
#10566=DIRECTION('center_axis',(0.,0.5,-0.866025403784439));
#10567=DIRECTION('ref_axis',(0.,0.866025403784439,0.5));
#10568=DIRECTION('',(0.,0.866025403784439,0.5));
#10569=DIRECTION('',(0.,0.866025403784439,0.5));
#10570=DIRECTION('',(1.,0.,0.));
#10571=DIRECTION('center_axis',(0.,1.,0.));
#10572=DIRECTION('ref_axis',(0.,0.,1.));
#10573=DIRECTION('',(0.,0.,1.));
#10574=DIRECTION('',(0.,0.,1.));
#10575=DIRECTION('center_axis',(0.,0.5,0.866025403784439));
#10576=DIRECTION('ref_axis',(0.,-0.866025403784438,0.5));
#10577=DIRECTION('',(0.,-0.866025403784439,0.5));
#10578=DIRECTION('',(1.,0.,0.));
#10579=DIRECTION('',(0.,-0.866025403784439,0.5));
#10580=DIRECTION('',(1.,0.,0.));
#10581=DIRECTION('center_axis',(0.,-0.5,0.866025403784439));
#10582=DIRECTION('ref_axis',(0.,-0.866025403784438,-0.5));
#10583=DIRECTION('',(0.,-0.866025403784439,-0.5));
#10584=DIRECTION('',(0.,-0.866025403784439,-0.5));
#10585=DIRECTION('',(1.,0.,0.));
#10586=DIRECTION('center_axis',(0.,0.,-1.));
#10587=DIRECTION('ref_axis',(0.,1.,0.));
#10588=DIRECTION('',(0.,1.,0.));
#10589=DIRECTION('',(0.,1.,0.));
#10590=DIRECTION('center_axis',(0.,-0.5,0.866025403784439));
#10591=DIRECTION('ref_axis',(0.,-0.866025403784439,-0.5));
#10592=DIRECTION('',(0.,-0.866025403784439,-0.5));
#10593=DIRECTION('',(1.,0.,0.));
#10594=DIRECTION('',(0.,-0.866025403784439,-0.5));
#10595=DIRECTION('',(1.,0.,0.));
#10596=DIRECTION('center_axis',(0.,-1.,0.));
#10597=DIRECTION('ref_axis',(0.,0.,-1.));
#10598=DIRECTION('',(0.,0.,-1.));
#10599=DIRECTION('',(0.,0.,-1.));
#10600=DIRECTION('',(1.,0.,0.));
#10601=DIRECTION('center_axis',(0.,-0.5,-0.866025403784439));
#10602=DIRECTION('ref_axis',(0.,0.866025403784439,-0.5));
#10603=DIRECTION('',(0.,0.866025403784439,-0.5));
#10604=DIRECTION('',(0.,0.866025403784439,-0.5));
#10605=DIRECTION('',(1.,0.,0.));
#10606=DIRECTION('center_axis',(0.,0.5,-0.866025403784439));
#10607=DIRECTION('ref_axis',(0.,0.866025403784439,0.5));
#10608=DIRECTION('',(0.,0.866025403784439,0.5));
#10609=DIRECTION('',(0.,0.866025403784439,0.5));
#10610=DIRECTION('',(1.,0.,0.));
#10611=DIRECTION('center_axis',(0.,1.,0.));
#10612=DIRECTION('ref_axis',(0.,0.,1.));
#10613=DIRECTION('',(0.,0.,1.));
#10614=DIRECTION('',(0.,0.,1.));
#10615=DIRECTION('',(1.,0.,0.));
#10616=DIRECTION('center_axis',(0.,0.5,0.866025403784439));
#10617=DIRECTION('ref_axis',(0.,-0.866025403784439,0.5));
#10618=DIRECTION('',(0.,-0.866025403784439,0.5));
#10619=DIRECTION('',(0.,-0.866025403784439,0.5));
#10620=DIRECTION('center_axis',(0.,-0.5,0.866025403784439));
#10621=DIRECTION('ref_axis',(0.,-0.866025403784439,-0.5));
#10622=DIRECTION('',(0.,-0.866025403784439,-0.5));
#10623=DIRECTION('',(1.,0.,0.));
#10624=DIRECTION('',(0.,-0.866025403784439,-0.5));
#10625=DIRECTION('',(1.,0.,0.));
#10626=DIRECTION('center_axis',(0.,-1.,0.));
#10627=DIRECTION('ref_axis',(0.,0.,-1.));
#10628=DIRECTION('',(0.,0.,-1.));
#10629=DIRECTION('',(0.,0.,-1.));
#10630=DIRECTION('',(1.,0.,0.));
#10631=DIRECTION('center_axis',(0.,-0.5,-0.866025403784439));
#10632=DIRECTION('ref_axis',(0.,0.866025403784439,-0.5));
#10633=DIRECTION('',(0.,0.866025403784439,-0.5));
#10634=DIRECTION('',(0.,0.866025403784439,-0.5));
#10635=DIRECTION('',(1.,0.,0.));
#10636=DIRECTION('center_axis',(0.,0.5,-0.866025403784439));
#10637=DIRECTION('ref_axis',(0.,0.866025403784439,0.5));
#10638=DIRECTION('',(0.,0.866025403784439,0.5));
#10639=DIRECTION('',(0.,0.866025403784439,0.5));
#10640=DIRECTION('',(1.,0.,0.));
#10641=DIRECTION('center_axis',(0.,1.,0.));
#10642=DIRECTION('ref_axis',(0.,0.,1.));
#10643=DIRECTION('',(0.,0.,1.));
#10644=DIRECTION('',(0.,0.,1.));
#10645=DIRECTION('',(1.,0.,0.));
#10646=DIRECTION('center_axis',(0.,0.5,0.866025403784439));
#10647=DIRECTION('ref_axis',(0.,-0.866025403784439,0.5));
#10648=DIRECTION('',(0.,-0.866025403784439,0.5));
#10649=DIRECTION('',(0.,-0.866025403784439,0.5));
#10650=DIRECTION('center_axis',(0.,-1.,0.));
#10651=DIRECTION('ref_axis',(0.,0.,-1.));
#10652=DIRECTION('',(0.,0.,-1.));
#10653=DIRECTION('',(1.,0.,0.));
#10654=DIRECTION('',(0.,0.,-1.));
#10655=DIRECTION('',(1.,0.,0.));
#10656=DIRECTION('center_axis',(0.,-0.5,-0.866025403784439));
#10657=DIRECTION('ref_axis',(0.,0.866025403784439,-0.5));
#10658=DIRECTION('',(0.,0.866025403784439,-0.5));
#10659=DIRECTION('',(0.,0.866025403784439,-0.5));
#10660=DIRECTION('',(1.,0.,0.));
#10661=DIRECTION('center_axis',(0.,0.5,-0.866025403784439));
#10662=DIRECTION('ref_axis',(0.,0.866025403784439,0.5));
#10663=DIRECTION('',(0.,0.866025403784439,0.5));
#10664=DIRECTION('',(0.,0.866025403784439,0.5));
#10665=DIRECTION('',(1.,0.,0.));
#10666=DIRECTION('center_axis',(0.,1.,0.));
#10667=DIRECTION('ref_axis',(0.,0.,1.));
#10668=DIRECTION('',(0.,0.,1.));
#10669=DIRECTION('',(0.,0.,1.));
#10670=DIRECTION('',(1.,0.,0.));
#10671=DIRECTION('center_axis',(0.,0.5,0.866025403784439));
#10672=DIRECTION('ref_axis',(0.,-0.866025403784439,0.5));
#10673=DIRECTION('',(0.,-0.866025403784439,0.5));
#10674=DIRECTION('',(0.,-0.866025403784439,0.5));
#10675=DIRECTION('',(1.,0.,0.));
#10676=DIRECTION('center_axis',(0.,-0.5,0.866025403784439));
#10677=DIRECTION('ref_axis',(0.,-0.866025403784439,-0.5));
#10678=DIRECTION('',(0.,-0.866025403784439,-0.5));
#10679=DIRECTION('',(0.,-0.866025403784439,-0.5));
#10680=DIRECTION('center_axis',(0.,1.,-4.44089302494311E-16));
#10681=DIRECTION('ref_axis',(0.,4.44089302494311E-16,1.));
#10682=DIRECTION('',(0.,4.44089302494311E-16,1.));
#10683=DIRECTION('',(1.,0.,0.));
#10684=DIRECTION('',(0.,4.44089302494311E-16,1.));
#10685=DIRECTION('',(1.,0.,0.));
#10686=DIRECTION('center_axis',(0.,0.,1.));
#10687=DIRECTION('ref_axis',(0.,-1.,0.));
#10688=DIRECTION('',(0.,-1.,0.));
#10689=DIRECTION('',(0.,-1.,0.));
#10690=DIRECTION('',(1.,0.,0.));
#10691=DIRECTION('center_axis',(0.,-1.,0.));
#10692=DIRECTION('ref_axis',(0.,0.,-1.));
#10693=DIRECTION('',(0.,0.,-1.));
#10694=DIRECTION('',(0.,0.,-1.));
#10695=DIRECTION('',(1.,0.,0.));
#10696=DIRECTION('center_axis',(0.,-0.5,-0.866025403784439));
#10697=DIRECTION('ref_axis',(0.,0.866025403784439,-0.5));
#10698=DIRECTION('',(0.,0.866025403784439,-0.5));
#10699=DIRECTION('',(0.,0.866025403784439,-0.5));
#10700=DIRECTION('',(1.,0.,0.));
#10701=DIRECTION('center_axis',(0.,0.5,-0.866025403784439));
#10702=DIRECTION('ref_axis',(0.,0.866025403784439,0.5));
#10703=DIRECTION('',(0.,0.866025403784439,0.5));
#10704=DIRECTION('',(0.,0.866025403784439,0.5));
#10705=DIRECTION('center_axis',(0.,-0.5,-0.866025403784439));
#10706=DIRECTION('ref_axis',(0.,0.866025403784439,-0.5));
#10707=DIRECTION('',(0.,0.866025403784439,-0.5));
#10708=DIRECTION('',(1.,0.,0.));
#10709=DIRECTION('',(0.,0.866025403784439,-0.5));
#10710=DIRECTION('',(1.,0.,0.));
#10711=DIRECTION('center_axis',(0.,0.5,-0.866025403784439));
#10712=DIRECTION('ref_axis',(0.,0.866025403784439,0.5));
#10713=DIRECTION('',(0.,0.866025403784439,0.5));
#10714=DIRECTION('',(0.,0.866025403784439,0.5));
#10715=DIRECTION('',(1.,0.,0.));
#10716=DIRECTION('center_axis',(0.,1.,0.));
#10717=DIRECTION('ref_axis',(0.,0.,1.));
#10718=DIRECTION('',(0.,0.,1.));
#10719=DIRECTION('',(0.,0.,1.));
#10720=DIRECTION('',(1.,0.,0.));
#10721=DIRECTION('center_axis',(0.,0.5,0.866025403784439));
#10722=DIRECTION('ref_axis',(0.,-0.866025403784439,0.5));
#10723=DIRECTION('',(0.,-0.866025403784439,0.5));
#10724=DIRECTION('',(0.,-0.866025403784439,0.5));
#10725=DIRECTION('',(1.,0.,0.));
#10726=DIRECTION('center_axis',(0.,-0.5,0.866025403784439));
#10727=DIRECTION('ref_axis',(0.,-0.866025403784439,-0.5));
#10728=DIRECTION('',(0.,-0.866025403784439,-0.5));
#10729=DIRECTION('',(0.,-0.866025403784439,-0.5));
#10730=DIRECTION('',(1.,0.,0.));
#10731=DIRECTION('center_axis',(0.,-1.,0.));
#10732=DIRECTION('ref_axis',(0.,0.,-1.));
#10733=DIRECTION('',(0.,0.,-1.));
#10734=DIRECTION('',(0.,0.,-1.));
#10735=DIRECTION('center_axis',(0.,1.,0.));
#10736=DIRECTION('ref_axis',(0.,0.,1.));
#10737=DIRECTION('',(0.,0.,1.));
#10738=DIRECTION('',(1.,0.,0.));
#10739=DIRECTION('',(0.,0.,1.));
#10740=DIRECTION('',(1.,0.,0.));
#10741=DIRECTION('center_axis',(0.,-0.5,0.866025403784439));
#10742=DIRECTION('ref_axis',(0.,-0.866025403784439,-0.5));
#10743=DIRECTION('',(0.,-0.866025403784439,-0.5));
#10744=DIRECTION('',(0.,-0.866025403784439,-0.5));
#10745=DIRECTION('',(1.,0.,0.));
#10746=DIRECTION('center_axis',(0.,-1.,0.));
#10747=DIRECTION('ref_axis',(0.,0.,-1.));
#10748=DIRECTION('',(0.,0.,-1.));
#10749=DIRECTION('',(0.,0.,-1.));
#10750=DIRECTION('',(1.,0.,0.));
#10751=DIRECTION('center_axis',(0.,-0.5,-0.866025403784439));
#10752=DIRECTION('ref_axis',(0.,0.866025403784439,-0.5));
#10753=DIRECTION('',(0.,0.866025403784439,-0.5));
#10754=DIRECTION('',(0.,0.866025403784439,-0.5));
#10755=DIRECTION('center_axis',(0.,0.5,-0.866025403784439));
#10756=DIRECTION('ref_axis',(0.,0.866025403784439,0.5));
#10757=DIRECTION('',(0.,0.866025403784439,0.5));
#10758=DIRECTION('',(1.,0.,0.));
#10759=DIRECTION('',(0.,0.866025403784439,0.5));
#10760=DIRECTION('',(1.,0.,0.));
#10761=DIRECTION('center_axis',(0.,1.,-4.44089302494311E-16));
#10762=DIRECTION('ref_axis',(0.,4.44089302494311E-16,1.));
#10763=DIRECTION('',(0.,4.44089302494311E-16,1.));
#10764=DIRECTION('',(0.,4.44089302494311E-16,1.));
#10765=DIRECTION('',(1.,0.,0.));
#10766=DIRECTION('center_axis',(0.,0.5,0.866025403784439));
#10767=DIRECTION('ref_axis',(0.,-0.866025403784439,0.5));
#10768=DIRECTION('',(0.,-0.866025403784439,0.5));
#10769=DIRECTION('',(0.,-0.866025403784439,0.5));
#10770=DIRECTION('',(1.,0.,0.));
#10771=DIRECTION('center_axis',(0.,-0.5,0.866025403784439));
#10772=DIRECTION('ref_axis',(0.,-0.866025403784439,-0.5));
#10773=DIRECTION('',(0.,-0.866025403784439,-0.5));
#10774=DIRECTION('',(0.,-0.866025403784439,-0.5));
#10775=DIRECTION('',(1.,0.,0.));
#10776=DIRECTION('center_axis',(0.,-1.,0.));
#10777=DIRECTION('ref_axis',(0.,0.,-1.));
#10778=DIRECTION('',(0.,0.,-1.));
#10779=DIRECTION('',(0.,0.,-1.));
#10780=DIRECTION('',(1.,0.,0.));
#10781=DIRECTION('center_axis',(0.,-0.5,-0.866025403784439));
#10782=DIRECTION('ref_axis',(0.,0.866025403784439,-0.5));
#10783=DIRECTION('',(0.,0.866025403784439,-0.5));
#10784=DIRECTION('',(0.,0.866025403784439,-0.5));
#10785=DIRECTION('center_axis',(0.,-1.,0.));
#10786=DIRECTION('ref_axis',(0.,0.,-1.));
#10787=DIRECTION('',(0.,0.,-1.));
#10788=DIRECTION('',(1.,0.,0.));
#10789=DIRECTION('',(0.,0.,-1.));
#10790=DIRECTION('',(1.,0.,0.));
#10791=DIRECTION('center_axis',(0.,-0.5,-0.866025403784439));
#10792=DIRECTION('ref_axis',(0.,0.866025403784439,-0.5));
#10793=DIRECTION('',(0.,0.866025403784439,-0.5));
#10794=DIRECTION('',(0.,0.866025403784439,-0.5));
#10795=DIRECTION('',(1.,0.,0.));
#10796=DIRECTION('center_axis',(0.,0.5,-0.866025403784439));
#10797=DIRECTION('ref_axis',(0.,0.866025403784439,0.5));
#10798=DIRECTION('',(0.,0.866025403784439,0.5));
#10799=DIRECTION('',(0.,0.866025403784439,0.5));
#10800=DIRECTION('',(1.,0.,0.));
#10801=DIRECTION('center_axis',(0.,1.,0.));
#10802=DIRECTION('ref_axis',(0.,0.,1.));
#10803=DIRECTION('',(0.,0.,1.));
#10804=DIRECTION('',(0.,0.,1.));
#10805=DIRECTION('',(1.,0.,0.));
#10806=DIRECTION('center_axis',(0.,0.,1.));
#10807=DIRECTION('ref_axis',(0.,-1.,0.));
#10808=DIRECTION('',(0.,-1.,0.));
#10809=DIRECTION('',(0.,-1.,0.));
#10810=DIRECTION('center_axis',(0.,-1.,0.));
#10811=DIRECTION('ref_axis',(0.,0.,-1.));
#10812=DIRECTION('',(0.,0.,-1.));
#10813=DIRECTION('',(1.,0.,0.));
#10814=DIRECTION('',(0.,0.,-1.));
#10815=DIRECTION('',(1.,0.,0.));
#10816=DIRECTION('center_axis',(0.,-0.5,-0.866025403784439));
#10817=DIRECTION('ref_axis',(0.,0.866025403784438,-0.5));
#10818=DIRECTION('',(0.,0.866025403784439,-0.5));
#10819=DIRECTION('',(0.,0.866025403784439,-0.5));
#10820=DIRECTION('',(1.,0.,0.));
#10821=DIRECTION('center_axis',(0.,0.5,-0.866025403784439));
#10822=DIRECTION('ref_axis',(0.,0.866025403784438,0.5));
#10823=DIRECTION('',(0.,0.866025403784439,0.5));
#10824=DIRECTION('',(0.,0.866025403784439,0.5));
#10825=DIRECTION('',(1.,0.,0.));
#10826=DIRECTION('center_axis',(0.,1.,0.));
#10827=DIRECTION('ref_axis',(0.,0.,1.));
#10828=DIRECTION('',(0.,0.,1.));
#10829=DIRECTION('',(0.,0.,1.));
#10830=DIRECTION('',(1.,0.,0.));
#10831=DIRECTION('center_axis',(0.,0.5,0.866025403784439));
#10832=DIRECTION('ref_axis',(0.,-0.866025403784438,0.5));
#10833=DIRECTION('',(0.,-0.866025403784439,0.5));
#10834=DIRECTION('',(0.,-0.866025403784439,0.5));
#10835=DIRECTION('',(1.,0.,0.));
#10836=DIRECTION('center_axis',(0.,-0.5,0.866025403784439));
#10837=DIRECTION('ref_axis',(0.,-0.866025403784438,-0.5));
#10838=DIRECTION('',(0.,-0.866025403784439,-0.5));
#10839=DIRECTION('',(0.,-0.866025403784439,-0.5));
#10840=DIRECTION('center_axis',(0.,-0.5,0.866025403784439));
#10841=DIRECTION('ref_axis',(0.,-0.866025403784438,-0.5));
#10842=DIRECTION('',(0.,-0.866025403784439,-0.5));
#10843=DIRECTION('',(1.,0.,0.));
#10844=DIRECTION('',(0.,-0.866025403784439,-0.5));
#10845=DIRECTION('',(1.,0.,0.));
#10846=DIRECTION('center_axis',(0.,-1.,0.));
#10847=DIRECTION('ref_axis',(0.,0.,-1.));
#10848=DIRECTION('',(0.,0.,-1.));
#10849=DIRECTION('',(0.,0.,-1.));
#10850=DIRECTION('',(1.,0.,0.));
#10851=DIRECTION('center_axis',(0.,-0.5,-0.866025403784439));
#10852=DIRECTION('ref_axis',(0.,0.866025403784438,-0.5));
#10853=DIRECTION('',(0.,0.866025403784439,-0.5));
#10854=DIRECTION('',(0.,0.866025403784439,-0.5));
#10855=DIRECTION('',(1.,0.,0.));
#10856=DIRECTION('center_axis',(0.,0.5,-0.866025403784439));
#10857=DIRECTION('ref_axis',(0.,0.866025403784438,0.5));
#10858=DIRECTION('',(0.,0.866025403784439,0.5));
#10859=DIRECTION('',(0.,0.866025403784439,0.5));
#10860=DIRECTION('',(1.,0.,0.));
#10861=DIRECTION('center_axis',(0.,1.,0.));
#10862=DIRECTION('ref_axis',(0.,0.,1.));
#10863=DIRECTION('',(0.,0.,1.));
#10864=DIRECTION('',(0.,0.,1.));
#10865=DIRECTION('',(1.,0.,0.));
#10866=DIRECTION('center_axis',(0.,0.5,0.866025403784439));
#10867=DIRECTION('ref_axis',(0.,-0.866025403784438,0.5));
#10868=DIRECTION('',(0.,-0.866025403784439,0.5));
#10869=DIRECTION('',(0.,-0.866025403784439,0.5));
#10870=DIRECTION('center_axis',(0.,-0.5,-0.866025403784439));
#10871=DIRECTION('ref_axis',(0.,0.866025403784439,-0.5));
#10872=DIRECTION('',(0.,0.866025403784439,-0.5));
#10873=DIRECTION('',(1.,0.,0.));
#10874=DIRECTION('',(0.,0.866025403784439,-0.5));
#10875=DIRECTION('',(1.,0.,0.));
#10876=DIRECTION('center_axis',(0.,0.5,-0.866025403784439));
#10877=DIRECTION('ref_axis',(0.,0.866025403784439,0.5));
#10878=DIRECTION('',(0.,0.866025403784439,0.5));
#10879=DIRECTION('',(0.,0.866025403784439,0.5));
#10880=DIRECTION('',(1.,0.,0.));
#10881=DIRECTION('center_axis',(0.,1.,0.));
#10882=DIRECTION('ref_axis',(0.,0.,1.));
#10883=DIRECTION('',(0.,0.,1.));
#10884=DIRECTION('',(0.,0.,1.));
#10885=DIRECTION('',(1.,0.,0.));
#10886=DIRECTION('center_axis',(0.,0.5,0.866025403784439));
#10887=DIRECTION('ref_axis',(0.,-0.866025403784439,0.5));
#10888=DIRECTION('',(0.,-0.866025403784439,0.5));
#10889=DIRECTION('',(0.,-0.866025403784439,0.5));
#10890=DIRECTION('',(1.,0.,0.));
#10891=DIRECTION('center_axis',(0.,-0.5,0.866025403784439));
#10892=DIRECTION('ref_axis',(0.,-0.866025403784439,-0.5));
#10893=DIRECTION('',(0.,-0.866025403784439,-0.5));
#10894=DIRECTION('',(0.,-0.866025403784439,-0.5));
#10895=DIRECTION('',(1.,0.,0.));
#10896=DIRECTION('center_axis',(0.,-1.,0.));
#10897=DIRECTION('ref_axis',(0.,0.,-1.));
#10898=DIRECTION('',(0.,0.,-1.));
#10899=DIRECTION('',(0.,0.,-1.));
#10900=DIRECTION('center_axis',(0.,-0.5,0.866025403784439));
#10901=DIRECTION('ref_axis',(0.,-0.866025403784438,-0.5));
#10902=DIRECTION('',(0.,-0.866025403784439,-0.5));
#10903=DIRECTION('',(1.,0.,0.));
#10904=DIRECTION('',(0.,-0.866025403784439,-0.5));
#10905=DIRECTION('',(1.,0.,0.));
#10906=DIRECTION('center_axis',(0.,-1.,0.));
#10907=DIRECTION('ref_axis',(0.,0.,-1.));
#10908=DIRECTION('',(0.,0.,-1.));
#10909=DIRECTION('',(0.,0.,-1.));
#10910=DIRECTION('',(1.,0.,0.));
#10911=DIRECTION('center_axis',(0.,-0.5,-0.866025403784439));
#10912=DIRECTION('ref_axis',(0.,0.866025403784438,-0.5));
#10913=DIRECTION('',(0.,0.866025403784439,-0.5));
#10914=DIRECTION('',(0.,0.866025403784439,-0.5));
#10915=DIRECTION('',(1.,0.,0.));
#10916=DIRECTION('center_axis',(0.,0.5,-0.866025403784439));
#10917=DIRECTION('ref_axis',(0.,0.866025403784438,0.5));
#10918=DIRECTION('',(0.,0.866025403784439,0.5));
#10919=DIRECTION('',(0.,0.866025403784439,0.5));
#10920=DIRECTION('',(1.,0.,0.));
#10921=DIRECTION('center_axis',(0.,1.,0.));
#10922=DIRECTION('ref_axis',(0.,0.,1.));
#10923=DIRECTION('',(0.,0.,1.));
#10924=DIRECTION('',(0.,0.,1.));
#10925=DIRECTION('',(1.,0.,0.));
#10926=DIRECTION('center_axis',(0.,0.5,0.866025403784439));
#10927=DIRECTION('ref_axis',(0.,-0.866025403784438,0.5));
#10928=DIRECTION('',(0.,-0.866025403784439,0.5));
#10929=DIRECTION('',(0.,-0.866025403784439,0.5));
#10930=DIRECTION('center_axis',(0.,-0.5,-0.866025403784439));
#10931=DIRECTION('ref_axis',(0.,0.866025403784439,-0.5));
#10932=DIRECTION('',(0.,0.866025403784439,-0.5));
#10933=DIRECTION('',(1.,0.,0.));
#10934=DIRECTION('',(0.,0.866025403784439,-0.5));
#10935=DIRECTION('',(1.,0.,0.));
#10936=DIRECTION('center_axis',(0.,0.5,-0.866025403784439));
#10937=DIRECTION('ref_axis',(0.,0.866025403784439,0.5));
#10938=DIRECTION('',(0.,0.866025403784439,0.5));
#10939=DIRECTION('',(0.,0.866025403784439,0.5));
#10940=DIRECTION('',(1.,0.,0.));
#10941=DIRECTION('center_axis',(0.,1.,0.));
#10942=DIRECTION('ref_axis',(0.,0.,1.));
#10943=DIRECTION('',(0.,0.,1.));
#10944=DIRECTION('',(0.,0.,1.));
#10945=DIRECTION('',(1.,0.,0.));
#10946=DIRECTION('center_axis',(0.,0.5,0.866025403784439));
#10947=DIRECTION('ref_axis',(0.,-0.866025403784439,0.5));
#10948=DIRECTION('',(0.,-0.866025403784439,0.5));
#10949=DIRECTION('',(0.,-0.866025403784439,0.5));
#10950=DIRECTION('',(1.,0.,0.));
#10951=DIRECTION('center_axis',(0.,-0.5,0.866025403784439));
#10952=DIRECTION('ref_axis',(0.,-0.866025403784439,-0.5));
#10953=DIRECTION('',(0.,-0.866025403784439,-0.5));
#10954=DIRECTION('',(0.,-0.866025403784439,-0.5));
#10955=DIRECTION('',(1.,0.,0.));
#10956=DIRECTION('center_axis',(0.,-1.,0.));
#10957=DIRECTION('ref_axis',(0.,0.,-1.));
#10958=DIRECTION('',(0.,0.,-1.));
#10959=DIRECTION('',(0.,0.,-1.));
#10960=DIRECTION('center_axis',(0.,-1.,0.));
#10961=DIRECTION('ref_axis',(0.,0.,-1.));
#10962=DIRECTION('',(0.,0.,-1.));
#10963=DIRECTION('',(1.,0.,0.));
#10964=DIRECTION('',(0.,0.,-1.));
#10965=DIRECTION('',(1.,0.,0.));
#10966=DIRECTION('center_axis',(0.,-0.5,-0.866025403784439));
#10967=DIRECTION('ref_axis',(0.,0.866025403784439,-0.5));
#10968=DIRECTION('',(0.,0.866025403784439,-0.5));
#10969=DIRECTION('',(0.,0.866025403784439,-0.5));
#10970=DIRECTION('',(1.,0.,0.));
#10971=DIRECTION('center_axis',(0.,0.5,-0.866025403784439));
#10972=DIRECTION('ref_axis',(0.,0.866025403784439,0.5));
#10973=DIRECTION('',(0.,0.866025403784439,0.5));
#10974=DIRECTION('',(0.,0.866025403784439,0.5));
#10975=DIRECTION('',(1.,0.,0.));
#10976=DIRECTION('center_axis',(0.,1.,0.));
#10977=DIRECTION('ref_axis',(0.,0.,1.));
#10978=DIRECTION('',(0.,0.,1.));
#10979=DIRECTION('',(0.,0.,1.));
#10980=DIRECTION('',(1.,0.,0.));
#10981=DIRECTION('center_axis',(0.,0.5,0.866025403784439));
#10982=DIRECTION('ref_axis',(0.,-0.866025403784439,0.5));
#10983=DIRECTION('',(0.,-0.866025403784439,0.5));
#10984=DIRECTION('',(0.,-0.866025403784439,0.5));
#10985=DIRECTION('',(1.,0.,0.));
#10986=DIRECTION('center_axis',(0.,-0.5,0.866025403784439));
#10987=DIRECTION('ref_axis',(0.,-0.866025403784439,-0.5));
#10988=DIRECTION('',(0.,-0.866025403784439,-0.5));
#10989=DIRECTION('',(0.,-0.866025403784439,-0.5));
#10990=DIRECTION('center_axis',(0.,-1.,0.));
#10991=DIRECTION('ref_axis',(0.,0.,-1.));
#10992=DIRECTION('',(0.,0.,-1.));
#10993=DIRECTION('',(1.,0.,0.));
#10994=DIRECTION('',(0.,0.,-1.));
#10995=DIRECTION('',(1.,0.,0.));
#10996=DIRECTION('center_axis',(0.,-0.5,-0.866025403784439));
#10997=DIRECTION('ref_axis',(0.,0.866025403784439,-0.5));
#10998=DIRECTION('',(0.,0.866025403784439,-0.5));
#10999=DIRECTION('',(0.,0.866025403784439,-0.5));
#11000=DIRECTION('',(1.,0.,0.));
#11001=DIRECTION('center_axis',(0.,0.5,-0.866025403784439));
#11002=DIRECTION('ref_axis',(0.,0.866025403784439,0.5));
#11003=DIRECTION('',(0.,0.866025403784439,0.5));
#11004=DIRECTION('',(0.,0.866025403784439,0.5));
#11005=DIRECTION('',(1.,0.,0.));
#11006=DIRECTION('center_axis',(0.,1.,0.));
#11007=DIRECTION('ref_axis',(0.,0.,1.));
#11008=DIRECTION('',(0.,0.,1.));
#11009=DIRECTION('',(0.,0.,1.));
#11010=DIRECTION('',(1.,0.,0.));
#11011=DIRECTION('center_axis',(0.,0.,1.));
#11012=DIRECTION('ref_axis',(0.,-1.,0.));
#11013=DIRECTION('',(0.,-1.,0.));
#11014=DIRECTION('',(0.,-1.,0.));
#11015=DIRECTION('center_axis',(0.,-1.,0.));
#11016=DIRECTION('ref_axis',(0.,0.,-1.));
#11017=DIRECTION('',(0.,0.,-1.));
#11018=DIRECTION('',(1.,0.,0.));
#11019=DIRECTION('',(0.,0.,-1.));
#11020=DIRECTION('',(1.,0.,0.));
#11021=DIRECTION('center_axis',(0.,-0.5,-0.866025403784439));
#11022=DIRECTION('ref_axis',(0.,0.866025403784439,-0.5));
#11023=DIRECTION('',(0.,0.866025403784439,-0.5));
#11024=DIRECTION('',(0.,0.866025403784439,-0.5));
#11025=DIRECTION('',(1.,0.,0.));
#11026=DIRECTION('center_axis',(0.,0.5,-0.866025403784439));
#11027=DIRECTION('ref_axis',(0.,0.866025403784439,0.5));
#11028=DIRECTION('',(0.,0.866025403784439,0.5));
#11029=DIRECTION('',(0.,0.866025403784439,0.5));
#11030=DIRECTION('',(1.,0.,0.));
#11031=DIRECTION('center_axis',(0.,1.,-4.44089302494311E-16));
#11032=DIRECTION('ref_axis',(0.,4.44089302494311E-16,1.));
#11033=DIRECTION('',(0.,4.44089302494311E-16,1.));
#11034=DIRECTION('',(0.,4.44089302494311E-16,1.));
#11035=DIRECTION('',(1.,0.,0.));
#11036=DIRECTION('center_axis',(0.,0.5,0.866025403784439));
#11037=DIRECTION('ref_axis',(0.,-0.866025403784439,0.5));
#11038=DIRECTION('',(0.,-0.866025403784439,0.5));
#11039=DIRECTION('',(0.,-0.866025403784439,0.5));
#11040=DIRECTION('',(1.,0.,0.));
#11041=DIRECTION('center_axis',(0.,-0.5,0.866025403784439));
#11042=DIRECTION('ref_axis',(0.,-0.866025403784439,-0.5));
#11043=DIRECTION('',(0.,-0.866025403784439,-0.5));
#11044=DIRECTION('',(0.,-0.866025403784439,-0.5));
#11045=DIRECTION('center_axis',(0.,-0.5,-0.866025403784439));
#11046=DIRECTION('ref_axis',(0.,0.866025403784439,-0.5));
#11047=DIRECTION('',(0.,0.866025403784439,-0.5));
#11048=DIRECTION('',(1.,0.,0.));
#11049=DIRECTION('',(0.,0.866025403784439,-0.5));
#11050=DIRECTION('',(1.,0.,0.));
#11051=DIRECTION('center_axis',(0.,0.5,-0.866025403784439));
#11052=DIRECTION('ref_axis',(0.,0.866025403784439,0.5));
#11053=DIRECTION('',(0.,0.866025403784439,0.5));
#11054=DIRECTION('',(0.,0.866025403784439,0.5));
#11055=DIRECTION('',(1.,0.,0.));
#11056=DIRECTION('center_axis',(0.,1.,0.));
#11057=DIRECTION('ref_axis',(0.,0.,1.));
#11058=DIRECTION('',(0.,0.,1.));
#11059=DIRECTION('',(0.,0.,1.));
#11060=DIRECTION('',(1.,0.,0.));
#11061=DIRECTION('center_axis',(0.,0.5,0.866025403784439));
#11062=DIRECTION('ref_axis',(0.,-0.866025403784439,0.5));
#11063=DIRECTION('',(0.,-0.866025403784439,0.5));
#11064=DIRECTION('',(0.,-0.866025403784439,0.5));
#11065=DIRECTION('',(1.,0.,0.));
#11066=DIRECTION('center_axis',(0.,-0.5,0.866025403784439));
#11067=DIRECTION('ref_axis',(0.,-0.866025403784439,-0.5));
#11068=DIRECTION('',(0.,-0.866025403784439,-0.5));
#11069=DIRECTION('',(0.,-0.866025403784439,-0.5));
#11070=DIRECTION('',(1.,0.,0.));
#11071=DIRECTION('center_axis',(0.,-1.,0.));
#11072=DIRECTION('ref_axis',(0.,0.,-1.));
#11073=DIRECTION('',(0.,0.,-1.));
#11074=DIRECTION('',(0.,0.,-1.));
#11075=DIRECTION('center_axis',(0.,0.5,-0.866025403784439));
#11076=DIRECTION('ref_axis',(0.,0.866025403784439,0.5));
#11077=DIRECTION('',(0.,0.866025403784439,0.5));
#11078=DIRECTION('',(1.,0.,0.));
#11079=DIRECTION('',(0.,0.866025403784439,0.5));
#11080=DIRECTION('',(1.,0.,0.));
#11081=DIRECTION('center_axis',(0.,1.,-2.22044651247155E-16));
#11082=DIRECTION('ref_axis',(0.,2.22044651247155E-16,1.));
#11083=DIRECTION('',(0.,2.22044651247155E-16,1.));
#11084=DIRECTION('',(0.,2.22044651247155E-16,1.));
#11085=DIRECTION('',(1.,0.,0.));
#11086=DIRECTION('center_axis',(0.,0.5,0.866025403784439));
#11087=DIRECTION('ref_axis',(0.,-0.866025403784439,0.5));
#11088=DIRECTION('',(0.,-0.866025403784439,0.5));
#11089=DIRECTION('',(0.,-0.866025403784439,0.5));
#11090=DIRECTION('',(1.,0.,0.));
#11091=DIRECTION('center_axis',(0.,-0.5,0.866025403784439));
#11092=DIRECTION('ref_axis',(0.,-0.866025403784439,-0.5));
#11093=DIRECTION('',(0.,-0.866025403784439,-0.5));
#11094=DIRECTION('',(0.,-0.866025403784439,-0.5));
#11095=DIRECTION('',(1.,0.,0.));
#11096=DIRECTION('center_axis',(0.,-1.,4.44089302494311E-16));
#11097=DIRECTION('ref_axis',(0.,-4.44089302494311E-16,-1.));
#11098=DIRECTION('',(0.,-4.44089302494311E-16,-1.));
#11099=DIRECTION('',(0.,-4.44089302494311E-16,-1.));
#11100=DIRECTION('',(1.,0.,0.));
#11101=DIRECTION('center_axis',(0.,-0.5,-0.866025403784439));
#11102=DIRECTION('ref_axis',(0.,0.866025403784439,-0.5));
#11103=DIRECTION('',(0.,0.866025403784439,-0.5));
#11104=DIRECTION('',(0.,0.866025403784439,-0.5));
#11105=DIRECTION('center_axis',(0.,1.,0.));
#11106=DIRECTION('ref_axis',(0.,0.,1.));
#11107=DIRECTION('',(0.,0.,1.));
#11108=DIRECTION('',(1.,0.,0.));
#11109=DIRECTION('',(0.,0.,1.));
#11110=DIRECTION('',(1.,0.,0.));
#11111=DIRECTION('center_axis',(0.,-0.5,0.866025403784439));
#11112=DIRECTION('ref_axis',(0.,-0.866025403784439,-0.5));
#11113=DIRECTION('',(0.,-0.866025403784439,-0.5));
#11114=DIRECTION('',(0.,-0.866025403784439,-0.5));
#11115=DIRECTION('',(1.,0.,0.));
#11116=DIRECTION('center_axis',(0.,-1.,0.));
#11117=DIRECTION('ref_axis',(0.,0.,-1.));
#11118=DIRECTION('',(0.,0.,-1.));
#11119=DIRECTION('',(0.,0.,-1.));
#11120=DIRECTION('',(1.,0.,0.));
#11121=DIRECTION('center_axis',(0.,-0.5,-0.866025403784439));
#11122=DIRECTION('ref_axis',(0.,0.866025403784439,-0.5));
#11123=DIRECTION('',(0.,0.866025403784439,-0.5));
#11124=DIRECTION('',(0.,0.866025403784439,-0.5));
#11125=DIRECTION('center_axis',(0.,-1.,0.));
#11126=DIRECTION('ref_axis',(0.,0.,-1.));
#11127=DIRECTION('',(0.,0.,-1.));
#11128=DIRECTION('',(1.,0.,0.));
#11129=DIRECTION('',(0.,0.,-1.));
#11130=DIRECTION('',(1.,0.,0.));
#11131=DIRECTION('center_axis',(0.,-0.5,-0.866025403784439));
#11132=DIRECTION('ref_axis',(0.,0.866025403784438,-0.5));
#11133=DIRECTION('',(0.,0.866025403784439,-0.5));
#11134=DIRECTION('',(0.,0.866025403784439,-0.5));
#11135=DIRECTION('',(1.,0.,0.));
#11136=DIRECTION('center_axis',(0.,0.5,-0.866025403784439));
#11137=DIRECTION('ref_axis',(0.,0.866025403784438,0.5));
#11138=DIRECTION('',(0.,0.866025403784439,0.5));
#11139=DIRECTION('',(0.,0.866025403784439,0.5));
#11140=DIRECTION('',(1.,0.,0.));
#11141=DIRECTION('center_axis',(0.,1.,0.));
#11142=DIRECTION('ref_axis',(0.,0.,1.));
#11143=DIRECTION('',(0.,0.,1.));
#11144=DIRECTION('',(0.,0.,1.));
#11145=DIRECTION('',(1.,0.,0.));
#11146=DIRECTION('center_axis',(0.,0.5,0.866025403784439));
#11147=DIRECTION('ref_axis',(0.,-0.866025403784438,0.5));
#11148=DIRECTION('',(0.,-0.866025403784439,0.5));
#11149=DIRECTION('',(0.,-0.866025403784439,0.5));
#11150=DIRECTION('',(1.,0.,0.));
#11151=DIRECTION('center_axis',(0.,-0.5,0.866025403784439));
#11152=DIRECTION('ref_axis',(0.,-0.866025403784438,-0.5));
#11153=DIRECTION('',(0.,-0.866025403784439,-0.5));
#11154=DIRECTION('',(0.,-0.866025403784439,-0.5));
#11155=DIRECTION('center_axis',(0.,-1.,0.));
#11156=DIRECTION('ref_axis',(0.,0.,-1.));
#11157=DIRECTION('',(0.,0.,-1.));
#11158=DIRECTION('',(1.,0.,0.));
#11159=DIRECTION('',(0.,0.,-1.));
#11160=DIRECTION('',(1.,0.,0.));
#11161=DIRECTION('center_axis',(0.,-0.5,-0.866025403784439));
#11162=DIRECTION('ref_axis',(0.,0.866025403784439,-0.5));
#11163=DIRECTION('',(0.,0.866025403784439,-0.5));
#11164=DIRECTION('',(0.,0.866025403784439,-0.5));
#11165=DIRECTION('',(1.,0.,0.));
#11166=DIRECTION('center_axis',(0.,0.5,-0.866025403784439));
#11167=DIRECTION('ref_axis',(0.,0.866025403784439,0.5));
#11168=DIRECTION('',(0.,0.866025403784439,0.5));
#11169=DIRECTION('',(0.,0.866025403784439,0.5));
#11170=DIRECTION('',(1.,0.,0.));
#11171=DIRECTION('center_axis',(0.,1.,0.));
#11172=DIRECTION('ref_axis',(0.,0.,1.));
#11173=DIRECTION('',(0.,0.,1.));
#11174=DIRECTION('',(0.,0.,1.));
#11175=DIRECTION('',(1.,0.,0.));
#11176=DIRECTION('center_axis',(0.,0.5,0.866025403784439));
#11177=DIRECTION('ref_axis',(0.,-0.866025403784439,0.5));
#11178=DIRECTION('',(0.,-0.866025403784439,0.5));
#11179=DIRECTION('',(0.,-0.866025403784439,0.5));
#11180=DIRECTION('',(1.,0.,0.));
#11181=DIRECTION('center_axis',(0.,-0.5,0.866025403784439));
#11182=DIRECTION('ref_axis',(0.,-0.866025403784439,-0.5));
#11183=DIRECTION('',(0.,-0.866025403784439,-0.5));
#11184=DIRECTION('',(0.,-0.866025403784439,-0.5));
#11185=DIRECTION('center_axis',(0.,0.,-1.));
#11186=DIRECTION('ref_axis',(0.,1.,0.));
#11187=DIRECTION('',(0.,1.,0.));
#11188=DIRECTION('',(1.,0.,0.));
#11189=DIRECTION('',(0.,1.,0.));
#11190=DIRECTION('',(1.,0.,0.));
#11191=DIRECTION('center_axis',(0.,1.,0.));
#11192=DIRECTION('ref_axis',(0.,0.,1.));
#11193=DIRECTION('',(0.,0.,1.));
#11194=DIRECTION('',(0.,0.,1.));
#11195=DIRECTION('',(1.,0.,0.));
#11196=DIRECTION('center_axis',(0.,-0.5,0.866025403784439));
#11197=DIRECTION('ref_axis',(0.,-0.866025403784439,-0.5));
#11198=DIRECTION('',(0.,-0.866025403784439,-0.5));
#11199=DIRECTION('',(0.,-0.866025403784439,-0.5));
#11200=DIRECTION('center_axis',(0.,0.5,-0.866025403784439));
#11201=DIRECTION('ref_axis',(0.,0.866025403784439,0.5));
#11202=DIRECTION('',(0.,0.866025403784439,0.5));
#11203=DIRECTION('',(1.,0.,0.));
#11204=DIRECTION('',(0.,0.866025403784439,0.5));
#11205=DIRECTION('',(1.,0.,0.));
#11206=DIRECTION('center_axis',(0.,1.,0.));
#11207=DIRECTION('ref_axis',(0.,0.,1.));
#11208=DIRECTION('',(0.,0.,1.));
#11209=DIRECTION('',(0.,0.,1.));
#11210=DIRECTION('',(1.,0.,0.));
#11211=DIRECTION('center_axis',(0.,0.5,0.866025403784439));
#11212=DIRECTION('ref_axis',(0.,-0.866025403784439,0.5));
#11213=DIRECTION('',(0.,-0.866025403784439,0.5));
#11214=DIRECTION('',(0.,-0.866025403784439,0.5));
#11215=DIRECTION('',(1.,0.,0.));
#11216=DIRECTION('center_axis',(0.,-0.5,0.866025403784439));
#11217=DIRECTION('ref_axis',(0.,-0.866025403784439,-0.5));
#11218=DIRECTION('',(0.,-0.866025403784439,-0.5));
#11219=DIRECTION('',(0.,-0.866025403784439,-0.5));
#11220=DIRECTION('',(1.,0.,0.));
#11221=DIRECTION('center_axis',(0.,-1.,0.));
#11222=DIRECTION('ref_axis',(0.,0.,-1.));
#11223=DIRECTION('',(0.,0.,-1.));
#11224=DIRECTION('',(0.,0.,-1.));
#11225=DIRECTION('',(1.,0.,0.));
#11226=DIRECTION('center_axis',(0.,-0.5,-0.866025403784439));
#11227=DIRECTION('ref_axis',(0.,0.866025403784439,-0.5));
#11228=DIRECTION('',(0.,0.866025403784439,-0.5));
#11229=DIRECTION('',(0.,0.866025403784439,-0.5));
#11230=DIRECTION('center_axis',(0.,0.5,-0.866025403784439));
#11231=DIRECTION('ref_axis',(0.,0.866025403784438,0.5));
#11232=DIRECTION('',(0.,0.866025403784439,0.5));
#11233=DIRECTION('',(1.,0.,0.));
#11234=DIRECTION('',(0.,0.866025403784439,0.5));
#11235=DIRECTION('',(1.,0.,0.));
#11236=DIRECTION('center_axis',(0.,1.,0.));
#11237=DIRECTION('ref_axis',(0.,0.,1.));
#11238=DIRECTION('',(0.,0.,1.));
#11239=DIRECTION('',(0.,0.,1.));
#11240=DIRECTION('',(1.,0.,0.));
#11241=DIRECTION('center_axis',(0.,0.5,0.866025403784439));
#11242=DIRECTION('ref_axis',(0.,-0.866025403784438,0.5));
#11243=DIRECTION('',(0.,-0.866025403784439,0.5));
#11244=DIRECTION('',(0.,-0.866025403784439,0.5));
#11245=DIRECTION('',(1.,0.,0.));
#11246=DIRECTION('center_axis',(0.,-0.5,0.866025403784439));
#11247=DIRECTION('ref_axis',(0.,-0.866025403784438,-0.5));
#11248=DIRECTION('',(0.,-0.866025403784439,-0.5));
#11249=DIRECTION('',(0.,-0.866025403784439,-0.5));
#11250=DIRECTION('',(1.,0.,0.));
#11251=DIRECTION('center_axis',(0.,-1.,0.));
#11252=DIRECTION('ref_axis',(0.,0.,-1.));
#11253=DIRECTION('',(0.,0.,-1.));
#11254=DIRECTION('',(0.,0.,-1.));
#11255=DIRECTION('',(1.,0.,0.));
#11256=DIRECTION('center_axis',(0.,-0.5,-0.866025403784439));
#11257=DIRECTION('ref_axis',(0.,0.866025403784438,-0.5));
#11258=DIRECTION('',(0.,0.866025403784439,-0.5));
#11259=DIRECTION('',(0.,0.866025403784439,-0.5));
#11260=DIRECTION('center_axis',(0.,-0.5,0.866025403784439));
#11261=DIRECTION('ref_axis',(0.,-0.866025403784438,-0.5));
#11262=DIRECTION('',(0.,-0.866025403784439,-0.5));
#11263=DIRECTION('',(1.,0.,0.));
#11264=DIRECTION('',(0.,-0.866025403784439,-0.5));
#11265=DIRECTION('',(1.,0.,0.));
#11266=DIRECTION('center_axis',(0.,-1.,0.));
#11267=DIRECTION('ref_axis',(0.,0.,-1.));
#11268=DIRECTION('',(0.,0.,-1.));
#11269=DIRECTION('',(0.,0.,-1.));
#11270=DIRECTION('',(1.,0.,0.));
#11271=DIRECTION('center_axis',(0.,-0.5,-0.866025403784439));
#11272=DIRECTION('ref_axis',(0.,0.866025403784438,-0.5));
#11273=DIRECTION('',(0.,0.866025403784439,-0.5));
#11274=DIRECTION('',(0.,0.866025403784439,-0.5));
#11275=DIRECTION('',(1.,0.,0.));
#11276=DIRECTION('center_axis',(0.,0.5,-0.866025403784439));
#11277=DIRECTION('ref_axis',(0.,0.866025403784438,0.5));
#11278=DIRECTION('',(0.,0.866025403784439,0.5));
#11279=DIRECTION('',(0.,0.866025403784439,0.5));
#11280=DIRECTION('',(1.,0.,0.));
#11281=DIRECTION('center_axis',(0.,1.,0.));
#11282=DIRECTION('ref_axis',(0.,0.,1.));
#11283=DIRECTION('',(0.,0.,1.));
#11284=DIRECTION('',(0.,0.,1.));
#11285=DIRECTION('',(1.,0.,0.));
#11286=DIRECTION('center_axis',(0.,0.5,0.866025403784439));
#11287=DIRECTION('ref_axis',(0.,-0.866025403784438,0.5));
#11288=DIRECTION('',(0.,-0.866025403784439,0.5));
#11289=DIRECTION('',(0.,-0.866025403784439,0.5));
#11290=DIRECTION('center_axis',(0.,-0.5,-0.866025403784439));
#11291=DIRECTION('ref_axis',(0.,0.866025403784439,-0.5));
#11292=DIRECTION('',(0.,0.866025403784439,-0.5));
#11293=DIRECTION('',(1.,0.,0.));
#11294=DIRECTION('',(0.,0.866025403784439,-0.5));
#11295=DIRECTION('',(1.,0.,0.));
#11296=DIRECTION('center_axis',(0.,0.5,-0.866025403784439));
#11297=DIRECTION('ref_axis',(0.,0.866025403784439,0.5));
#11298=DIRECTION('',(0.,0.866025403784439,0.5));
#11299=DIRECTION('',(0.,0.866025403784439,0.5));
#11300=DIRECTION('',(1.,0.,0.));
#11301=DIRECTION('center_axis',(0.,1.,0.));
#11302=DIRECTION('ref_axis',(0.,0.,1.));
#11303=DIRECTION('',(0.,0.,1.));
#11304=DIRECTION('',(0.,0.,1.));
#11305=DIRECTION('',(1.,0.,0.));
#11306=DIRECTION('center_axis',(0.,0.5,0.866025403784439));
#11307=DIRECTION('ref_axis',(0.,-0.866025403784439,0.5));
#11308=DIRECTION('',(0.,-0.866025403784439,0.5));
#11309=DIRECTION('',(0.,-0.866025403784439,0.5));
#11310=DIRECTION('',(1.,0.,0.));
#11311=DIRECTION('center_axis',(0.,-0.5,0.866025403784439));
#11312=DIRECTION('ref_axis',(0.,-0.866025403784439,-0.5));
#11313=DIRECTION('',(0.,-0.866025403784439,-0.5));
#11314=DIRECTION('',(0.,-0.866025403784439,-0.5));
#11315=DIRECTION('',(1.,0.,0.));
#11316=DIRECTION('center_axis',(0.,-1.,0.));
#11317=DIRECTION('ref_axis',(0.,0.,-1.));
#11318=DIRECTION('',(0.,0.,-1.));
#11319=DIRECTION('',(0.,0.,-1.));
#11320=DIRECTION('center_axis',(0.,1.,0.));
#11321=DIRECTION('ref_axis',(0.,0.,1.));
#11322=DIRECTION('',(0.,0.,1.));
#11323=DIRECTION('',(1.,0.,0.));
#11324=DIRECTION('',(0.,0.,1.));
#11325=DIRECTION('',(1.,0.,0.));
#11326=DIRECTION('center_axis',(0.,-0.5,0.866025403784439));
#11327=DIRECTION('ref_axis',(0.,-0.866025403784439,-0.5));
#11328=DIRECTION('',(0.,-0.866025403784439,-0.5));
#11329=DIRECTION('',(0.,-0.866025403784439,-0.5));
#11330=DIRECTION('',(1.,0.,0.));
#11331=DIRECTION('center_axis',(0.,-1.,0.));
#11332=DIRECTION('ref_axis',(0.,0.,-1.));
#11333=DIRECTION('',(0.,0.,-1.));
#11334=DIRECTION('',(0.,0.,-1.));
#11335=DIRECTION('',(1.,0.,0.));
#11336=DIRECTION('center_axis',(0.,-0.5,-0.866025403784439));
#11337=DIRECTION('ref_axis',(0.,0.866025403784439,-0.5));
#11338=DIRECTION('',(0.,0.866025403784439,-0.5));
#11339=DIRECTION('',(0.,0.866025403784439,-0.5));
#11340=DIRECTION('center_axis',(0.,1.,0.));
#11341=DIRECTION('ref_axis',(0.,0.,1.));
#11342=DIRECTION('',(0.,0.,1.));
#11343=DIRECTION('',(1.,0.,0.));
#11344=DIRECTION('',(0.,0.,1.));
#11345=DIRECTION('',(1.,0.,0.));
#11346=DIRECTION('center_axis',(0.,0.5,0.866025403784439));
#11347=DIRECTION('ref_axis',(0.,-0.866025403784438,0.5));
#11348=DIRECTION('',(0.,-0.866025403784439,0.5));
#11349=DIRECTION('',(0.,-0.866025403784439,0.5));
#11350=DIRECTION('',(1.,0.,0.));
#11351=DIRECTION('center_axis',(0.,-0.5,0.866025403784439));
#11352=DIRECTION('ref_axis',(0.,-0.866025403784438,-0.5));
#11353=DIRECTION('',(0.,-0.866025403784439,-0.5));
#11354=DIRECTION('',(0.,-0.866025403784439,-0.5));
#11355=DIRECTION('',(1.,0.,0.));
#11356=DIRECTION('center_axis',(0.,-1.,0.));
#11357=DIRECTION('ref_axis',(0.,0.,-1.));
#11358=DIRECTION('',(0.,0.,-1.));
#11359=DIRECTION('',(0.,0.,-1.));
#11360=DIRECTION('',(1.,0.,0.));
#11361=DIRECTION('center_axis',(0.,-0.5,-0.866025403784439));
#11362=DIRECTION('ref_axis',(0.,0.866025403784438,-0.5));
#11363=DIRECTION('',(0.,0.866025403784439,-0.5));
#11364=DIRECTION('',(0.,0.866025403784439,-0.5));
#11365=DIRECTION('',(1.,0.,0.));
#11366=DIRECTION('center_axis',(0.,0.5,-0.866025403784439));
#11367=DIRECTION('ref_axis',(0.,0.866025403784438,0.5));
#11368=DIRECTION('',(0.,0.866025403784439,0.5));
#11369=DIRECTION('',(0.,0.866025403784439,0.5));
#11370=DIRECTION('center_axis',(0.,-1.,0.));
#11371=DIRECTION('ref_axis',(0.,0.,-1.));
#11372=DIRECTION('',(0.,0.,-1.));
#11373=DIRECTION('',(1.,0.,0.));
#11374=DIRECTION('',(0.,0.,-1.));
#11375=DIRECTION('',(1.,0.,0.));
#11376=DIRECTION('center_axis',(0.,-0.5,-0.866025403784439));
#11377=DIRECTION('ref_axis',(0.,0.866025403784439,-0.5));
#11378=DIRECTION('',(0.,0.866025403784439,-0.5));
#11379=DIRECTION('',(0.,0.866025403784439,-0.5));
#11380=DIRECTION('',(1.,0.,0.));
#11381=DIRECTION('center_axis',(0.,0.5,-0.866025403784439));
#11382=DIRECTION('ref_axis',(0.,0.866025403784439,0.5));
#11383=DIRECTION('',(0.,0.866025403784439,0.5));
#11384=DIRECTION('',(0.,0.866025403784439,0.5));
#11385=DIRECTION('',(1.,0.,0.));
#11386=DIRECTION('center_axis',(0.,1.,0.));
#11387=DIRECTION('ref_axis',(0.,0.,1.));
#11388=DIRECTION('',(0.,0.,1.));
#11389=DIRECTION('',(0.,0.,1.));
#11390=DIRECTION('',(1.,0.,0.));
#11391=DIRECTION('center_axis',(0.,0.5,0.866025403784439));
#11392=DIRECTION('ref_axis',(0.,-0.866025403784439,0.5));
#11393=DIRECTION('',(0.,-0.866025403784439,0.5));
#11394=DIRECTION('',(0.,-0.866025403784439,0.5));
#11395=DIRECTION('',(1.,0.,0.));
#11396=DIRECTION('center_axis',(0.,-0.5,0.866025403784439));
#11397=DIRECTION('ref_axis',(0.,-0.866025403784439,-0.5));
#11398=DIRECTION('',(0.,-0.866025403784439,-0.5));
#11399=DIRECTION('',(0.,-0.866025403784439,-0.5));
#11400=DIRECTION('center_axis',(0.,0.5,0.866025403784439));
#11401=DIRECTION('ref_axis',(0.,-0.866025403784438,0.5));
#11402=DIRECTION('',(0.,-0.866025403784439,0.5));
#11403=DIRECTION('',(1.,0.,0.));
#11404=DIRECTION('',(0.,-0.866025403784439,0.5));
#11405=DIRECTION('',(1.,0.,0.));
#11406=DIRECTION('center_axis',(0.,-0.5,0.866025403784439));
#11407=DIRECTION('ref_axis',(0.,-0.866025403784438,-0.5));
#11408=DIRECTION('',(0.,-0.866025403784439,-0.5));
#11409=DIRECTION('',(0.,-0.866025403784439,-0.5));
#11410=DIRECTION('',(1.,0.,0.));
#11411=DIRECTION('center_axis',(0.,0.,-1.));
#11412=DIRECTION('ref_axis',(0.,1.,0.));
#11413=DIRECTION('',(0.,1.,0.));
#11414=DIRECTION('',(0.,1.,0.));
#11415=DIRECTION('center_axis',(0.,-0.5,-0.866025403784439));
#11416=DIRECTION('ref_axis',(0.,0.866025403784438,-0.5));
#11417=DIRECTION('',(0.,0.866025403784439,-0.5));
#11418=DIRECTION('',(1.,0.,0.));
#11419=DIRECTION('',(0.,0.866025403784439,-0.5));
#11420=DIRECTION('',(1.,0.,0.));
#11421=DIRECTION('center_axis',(0.,0.5,-0.866025403784439));
#11422=DIRECTION('ref_axis',(0.,0.866025403784438,0.5));
#11423=DIRECTION('',(0.,0.866025403784439,0.5));
#11424=DIRECTION('',(0.,0.866025403784439,0.5));
#11425=DIRECTION('',(1.,0.,0.));
#11426=DIRECTION('center_axis',(0.,1.,0.));
#11427=DIRECTION('ref_axis',(0.,0.,1.));
#11428=DIRECTION('',(0.,0.,1.));
#11429=DIRECTION('',(0.,0.,1.));
#11430=DIRECTION('',(1.,0.,0.));
#11431=DIRECTION('center_axis',(0.,0.5,0.866025403784439));
#11432=DIRECTION('ref_axis',(0.,-0.866025403784438,0.5));
#11433=DIRECTION('',(0.,-0.866025403784439,0.5));
#11434=DIRECTION('',(0.,-0.866025403784439,0.5));
#11435=DIRECTION('',(1.,0.,0.));
#11436=DIRECTION('center_axis',(0.,-0.5,0.866025403784439));
#11437=DIRECTION('ref_axis',(0.,-0.866025403784438,-0.5));
#11438=DIRECTION('',(0.,-0.866025403784439,-0.5));
#11439=DIRECTION('',(0.,-0.866025403784439,-0.5));
#11440=DIRECTION('',(1.,0.,0.));
#11441=DIRECTION('center_axis',(0.,-1.,0.));
#11442=DIRECTION('ref_axis',(0.,0.,-1.));
#11443=DIRECTION('',(0.,0.,-1.));
#11444=DIRECTION('',(0.,0.,-1.));
#11445=DIRECTION('center_axis',(0.,0.,-1.));
#11446=DIRECTION('ref_axis',(0.,1.,0.));
#11447=DIRECTION('',(0.,1.,0.));
#11448=DIRECTION('',(1.,0.,0.));
#11449=DIRECTION('',(0.,1.,0.));
#11450=DIRECTION('',(1.,0.,0.));
#11451=DIRECTION('center_axis',(0.,-1.,0.));
#11452=DIRECTION('ref_axis',(0.,0.,-1.));
#11453=DIRECTION('',(0.,0.,-1.));
#11454=DIRECTION('',(0.,0.,-1.));
#11455=DIRECTION('center_axis',(0.,1.,0.));
#11456=DIRECTION('ref_axis',(0.,0.,1.));
#11457=DIRECTION('',(0.,0.,1.));
#11458=DIRECTION('',(0.,0.,1.));
#11459=DIRECTION('center_axis',(1.,0.,0.));
#11460=DIRECTION('ref_axis',(0.,0.,-1.));
#11461=DIRECTION('center_axis',(1.,0.,0.));
#11462=DIRECTION('ref_axis',(0.,1.,0.));
#11463=CARTESIAN_POINT('',(0.,0.,0.));
#11464=CARTESIAN_POINT('Origin',(3.,40.,90.));
#11465=CARTESIAN_POINT('',(4.5,44.0000014007092,90.));
#11466=CARTESIAN_POINT('Origin',(4.5,40.,90.));
#11467=CARTESIAN_POINT('',(3.,44.0000014007092,90.));
#11468=CARTESIAN_POINT('',(3.,44.0000014007092,90.));
#11469=CARTESIAN_POINT('Origin',(3.,40.,90.));
#11470=CARTESIAN_POINT('Ctrl Pts',(3.,35.0502516202686,85.0502513989976));
#11471=CARTESIAN_POINT('Ctrl Pts',(4.5,35.0502516202686,85.0502513989976));
#11472=CARTESIAN_POINT('Ctrl Pts',(3.,35.4539752336017,84.6465278037123));
#11473=CARTESIAN_POINT('Ctrl Pts',(4.5,35.4539752336017,84.6465278037123));
#11474=CARTESIAN_POINT('Ctrl Pts',(3.,36.0703489437259,83.8852741849415));
#11475=CARTESIAN_POINT('Ctrl Pts',(4.5,36.0703489437259,83.8852741849415));
#11476=CARTESIAN_POINT('Ctrl Pts',(3.,36.4222182156606,82.8818618717908));
#11477=CARTESIAN_POINT('Ctrl Pts',(4.5,36.4222182156606,82.8818618717908));
#11478=CARTESIAN_POINT('Ctrl Pts',(3.,35.9157643511948,81.7931544509352));
#11479=CARTESIAN_POINT('Ctrl Pts',(4.5,35.9157643511948,81.7931544509352));
#11480=CARTESIAN_POINT('Ctrl Pts',(3.,34.2836041794732,80.7826074495011));
#11481=CARTESIAN_POINT('Ctrl Pts',(4.5,34.2836041794732,80.7826074495011));
#11482=CARTESIAN_POINT('Ctrl Pts',(3.,32.6100176335773,80.254784130641));
#11483=CARTESIAN_POINT('Ctrl Pts',(4.5,32.6100176335773,80.254784130641));
#11484=CARTESIAN_POINT('Ctrl Pts',(3.,31.3076429797686,80.0463449456828));
#11485=CARTESIAN_POINT('Ctrl Pts',(4.5,31.3076429797686,80.0463449456828));
#11486=CARTESIAN_POINT('Ctrl Pts',(3.,30.4363773119373,80.));
#11487=CARTESIAN_POINT('Ctrl Pts',(4.5,30.4363773119373,80.));
#11488=CARTESIAN_POINT('Ctrl Pts',(3.,30.0000004470348,80.));
#11489=CARTESIAN_POINT('Ctrl Pts',(4.5,30.0000004470348,80.));
#11490=CARTESIAN_POINT('',(3.,35.0502516202686,85.0502513989976));
#11491=CARTESIAN_POINT('',(3.,30.0000004470348,80.));
#11492=CARTESIAN_POINT('Ctrl Pts',(3.,35.0502516202686,85.0502513989976));
#11493=CARTESIAN_POINT('Ctrl Pts',(3.,35.4539752336017,84.6465278037123));
#11494=CARTESIAN_POINT('Ctrl Pts',(3.,36.0703489437259,83.8852741849415));
#11495=CARTESIAN_POINT('Ctrl Pts',(3.,36.4222182156606,82.8818618717908));
#11496=CARTESIAN_POINT('Ctrl Pts',(3.,35.9157643511948,81.7931544509352));
#11497=CARTESIAN_POINT('Ctrl Pts',(3.,34.2836041794732,80.7826074495011));
#11498=CARTESIAN_POINT('Ctrl Pts',(3.,32.6100176335773,80.254784130641));
#11499=CARTESIAN_POINT('Ctrl Pts',(3.,31.3076429797686,80.0463449456828));
#11500=CARTESIAN_POINT('Ctrl Pts',(3.,30.4363773119373,80.));
#11501=CARTESIAN_POINT('Ctrl Pts',(3.,30.0000004470348,80.));
#11502=CARTESIAN_POINT('',(4.5,30.0000004470348,80.));
#11503=CARTESIAN_POINT('',(3.,30.0000004470348,80.));
#11504=CARTESIAN_POINT('',(4.5,35.0502516202686,85.0502513989976));
#11505=CARTESIAN_POINT('Ctrl Pts',(4.5,35.0502516202686,85.0502513989976));
#11506=CARTESIAN_POINT('Ctrl Pts',(4.5,35.4539752336017,84.6465278037123));
#11507=CARTESIAN_POINT('Ctrl Pts',(4.5,36.0703489437259,83.8852741849415));
#11508=CARTESIAN_POINT('Ctrl Pts',(4.5,36.4222182156606,82.8818618717908));
#11509=CARTESIAN_POINT('Ctrl Pts',(4.5,35.9157643511948,81.7931544509352));
#11510=CARTESIAN_POINT('Ctrl Pts',(4.5,34.2836041794732,80.7826074495011));
#11511=CARTESIAN_POINT('Ctrl Pts',(4.5,32.6100176335773,80.254784130641));
#11512=CARTESIAN_POINT('Ctrl Pts',(4.5,31.3076429797686,80.0463449456828));
#11513=CARTESIAN_POINT('Ctrl Pts',(4.5,30.4363773119373,80.));
#11514=CARTESIAN_POINT('Ctrl Pts',(4.5,30.0000004470348,80.));
#11515=CARTESIAN_POINT('',(3.,35.0502516202686,85.0502513989976));
#11516=CARTESIAN_POINT('Origin',(3.,40.,90.));
#11517=CARTESIAN_POINT('',(3.,44.9497486747594,85.0502516940256));
#11518=CARTESIAN_POINT('Origin',(3.,40.,90.));
#11519=CARTESIAN_POINT('',(4.5,44.9497486747594,85.0502516940256));
#11520=CARTESIAN_POINT('Origin',(4.5,40.,90.));
#11521=CARTESIAN_POINT('',(3.,44.9497486747594,85.0502516940256));
#11522=CARTESIAN_POINT('Ctrl Pts',(3.,50.0000007450581,80.));
#11523=CARTESIAN_POINT('Ctrl Pts',(4.5,50.0000007450581,80.));
#11524=CARTESIAN_POINT('Ctrl Pts',(3.,49.5636238366785,80.));
#11525=CARTESIAN_POINT('Ctrl Pts',(4.5,49.5636238366785,80.));
#11526=CARTESIAN_POINT('Ctrl Pts',(3.,48.6923580763385,80.0463449416217));
#11527=CARTESIAN_POINT('Ctrl Pts',(4.5,48.6923580763385,80.0463449416217));
#11528=CARTESIAN_POINT('Ctrl Pts',(3.,47.3899832671258,80.2547841083231));
#11529=CARTESIAN_POINT('Ctrl Pts',(4.5,47.3899832671258,80.2547841083231));
#11530=CARTESIAN_POINT('Ctrl Pts',(3.,45.7163964917345,80.7826073880486));
#11531=CARTESIAN_POINT('Ctrl Pts',(4.5,45.7163964917345,80.7826073880486));
#11532=CARTESIAN_POINT('Ctrl Pts',(3.,44.0842360537095,81.7931543679009));
#11533=CARTESIAN_POINT('Ctrl Pts',(4.5,44.0842360537095,81.7931543679009));
#11534=CARTESIAN_POINT('Ctrl Pts',(3.,43.57778205291,82.8818618492453));
#11535=CARTESIAN_POINT('Ctrl Pts',(4.5,43.57778205291,82.8818618492453));
#11536=CARTESIAN_POINT('Ctrl Pts',(3.,43.9296513014841,83.8852742853411));
#11537=CARTESIAN_POINT('Ctrl Pts',(4.5,43.9296513014841,83.8852742853411));
#11538=CARTESIAN_POINT('Ctrl Pts',(3.,44.5460250378452,84.6465280270316));
#11539=CARTESIAN_POINT('Ctrl Pts',(4.5,44.5460250378452,84.6465280270316));
#11540=CARTESIAN_POINT('Ctrl Pts',(3.,44.9497486747594,85.0502516940256));
#11541=CARTESIAN_POINT('Ctrl Pts',(4.5,44.9497486747594,85.0502516940256));
#11542=CARTESIAN_POINT('',(3.,50.0000007450581,80.));
#11543=CARTESIAN_POINT('Ctrl Pts',(3.,44.9497486747594,85.0502516940256));
#11544=CARTESIAN_POINT('Ctrl Pts',(3.,44.5460250378452,84.6465280270316));
#11545=CARTESIAN_POINT('Ctrl Pts',(3.,43.9296513014841,83.8852742853411));
#11546=CARTESIAN_POINT('Ctrl Pts',(3.,43.57778205291,82.8818618492453));
#11547=CARTESIAN_POINT('Ctrl Pts',(3.,44.0842360537095,81.7931543679009));
#11548=CARTESIAN_POINT('Ctrl Pts',(3.,45.7163964917345,80.7826073880486));
#11549=CARTESIAN_POINT('Ctrl Pts',(3.,47.3899832671258,80.2547841083231));
#11550=CARTESIAN_POINT('Ctrl Pts',(3.,48.6923580763385,80.0463449416217));
#11551=CARTESIAN_POINT('Ctrl Pts',(3.,49.5636238366785,80.));
#11552=CARTESIAN_POINT('Ctrl Pts',(3.,50.0000007450581,80.));
#11553=CARTESIAN_POINT('',(4.5,50.0000007450581,80.));
#11554=CARTESIAN_POINT('Ctrl Pts',(4.5,50.0000007450581,80.));
#11555=CARTESIAN_POINT('Ctrl Pts',(4.5,49.5636238366785,80.));
#11556=CARTESIAN_POINT('Ctrl Pts',(4.5,48.6923580763385,80.0463449416217));
#11557=CARTESIAN_POINT('Ctrl Pts',(4.5,47.3899832671258,80.2547841083231));
#11558=CARTESIAN_POINT('Ctrl Pts',(4.5,45.7163964917345,80.7826073880486));
#11559=CARTESIAN_POINT('Ctrl Pts',(4.5,44.0842360537095,81.7931543679009));
#11560=CARTESIAN_POINT('Ctrl Pts',(4.5,43.57778205291,82.8818618492453));
#11561=CARTESIAN_POINT('Ctrl Pts',(4.5,43.9296513014841,83.8852742853411));
#11562=CARTESIAN_POINT('Ctrl Pts',(4.5,44.5460250378452,84.6465280270316));
#11563=CARTESIAN_POINT('Ctrl Pts',(4.5,44.9497486747594,85.0502516940256));
#11564=CARTESIAN_POINT('',(3.,50.0000007450581,80.));
#11565=CARTESIAN_POINT('Origin',(3.,80.,80.));
#11566=CARTESIAN_POINT('',(4.5,80.,80.));
#11567=CARTESIAN_POINT('',(4.5,80.,80.));
#11568=CARTESIAN_POINT('',(3.,80.,80.));
#11569=CARTESIAN_POINT('',(3.,80.,80.));
#11570=CARTESIAN_POINT('',(3.,80.,80.));
#11571=CARTESIAN_POINT('Origin',(3.,80.,80.));
#11572=CARTESIAN_POINT('',(3.,0.,80.));
#11573=CARTESIAN_POINT('',(3.,80.,80.));
#11574=CARTESIAN_POINT('',(4.5,0.,80.));
#11575=CARTESIAN_POINT('',(3.,0.,80.));
#11576=CARTESIAN_POINT('',(4.5,80.,80.));
#11577=CARTESIAN_POINT('Origin',(3.,74.3301271586686,40.5000005215406));
#11578=CARTESIAN_POINT('',(3.,74.3301271586686,40.5000005215406));
#11579=CARTESIAN_POINT('',(3.,74.3301271586686,35.5000015646219));
#11580=CARTESIAN_POINT('',(3.,74.3301271586686,35.5000015646219));
#11581=CARTESIAN_POINT('',(4.5,74.3301271586686,35.5000015646219));
#11582=CARTESIAN_POINT('',(3.,74.3301271586686,35.5000015646219));
#11583=CARTESIAN_POINT('',(4.5,74.3301271586686,40.5000005215406));
#11584=CARTESIAN_POINT('',(4.5,74.3301271586686,35.5000015646219));
#11585=CARTESIAN_POINT('',(3.,74.3301271586686,40.5000005215406));
#11586=CARTESIAN_POINT('Origin',(3.,70.0000010430813,43.));
#11587=CARTESIAN_POINT('',(3.,70.0000010430813,43.));
#11588=CARTESIAN_POINT('',(3.,74.3301271586686,40.5000005215406));
#11589=CARTESIAN_POINT('',(4.5,70.0000010430813,43.));
#11590=CARTESIAN_POINT('',(4.5,74.3301271586686,40.5000005215406));
#11591=CARTESIAN_POINT('',(3.,70.0000010430813,43.));
#11592=CARTESIAN_POINT('Origin',(3.,65.669874927494,40.5000005215406));
#11593=CARTESIAN_POINT('',(3.,65.669874927494,40.5000005215406));
#11594=CARTESIAN_POINT('',(3.,70.0000010430813,43.));
#11595=CARTESIAN_POINT('',(4.5,65.669874927494,40.5000005215406));
#11596=CARTESIAN_POINT('',(4.5,70.0000010430813,43.));
#11597=CARTESIAN_POINT('',(3.,65.669874927494,40.5000005215406));
#11598=CARTESIAN_POINT('Origin',(3.,65.669874927494,35.5000015646219));
#11599=CARTESIAN_POINT('',(3.,65.669874927494,35.5000015646219));
#11600=CARTESIAN_POINT('',(3.,65.669874927494,40.5000005215406));
#11601=CARTESIAN_POINT('',(4.5,65.669874927494,35.5000015646219));
#11602=CARTESIAN_POINT('',(4.5,65.669874927494,40.5000005215406));
#11603=CARTESIAN_POINT('',(3.,65.669874927494,35.5000015646219));
#11604=CARTESIAN_POINT('Origin',(3.,70.0000010430813,33.0000020861626));
#11605=CARTESIAN_POINT('',(3.,70.0000010430813,33.0000020861626));
#11606=CARTESIAN_POINT('',(3.,65.669874927494,35.5000015646219));
#11607=CARTESIAN_POINT('',(4.5,70.0000010430813,33.0000020861626));
#11608=CARTESIAN_POINT('',(4.5,65.669874927494,35.5000015646219));
#11609=CARTESIAN_POINT('',(3.,70.0000010430813,33.0000020861626));
#11610=CARTESIAN_POINT('Origin',(3.,74.3301271586686,35.5000015646219));
#11611=CARTESIAN_POINT('',(3.,70.0000010430813,33.0000020861626));
#11612=CARTESIAN_POINT('',(4.5,70.0000010430813,33.0000020861626));
#11613=CARTESIAN_POINT('Origin',(3.,30.6698734380945,27.5000008866191));
#11614=CARTESIAN_POINT('',(3.,30.6698734380945,27.5000008866191));
#11615=CARTESIAN_POINT('',(3.,30.6698734380945,32.5000009611249));
#11616=CARTESIAN_POINT('',(3.,30.6698734380945,32.5000009611249));
#11617=CARTESIAN_POINT('',(4.5,30.6698734380945,32.5000009611249));
#11618=CARTESIAN_POINT('',(3.,30.6698734380945,32.5000009611249));
#11619=CARTESIAN_POINT('',(4.5,30.6698734380945,27.5000008866191));
#11620=CARTESIAN_POINT('',(4.5,30.6698734380945,32.5000009611249));
#11621=CARTESIAN_POINT('',(3.,30.6698734380945,27.5000008866191));
#11622=CARTESIAN_POINT('Origin',(3.,35.0000005215406,25.0000008493662));
#11623=CARTESIAN_POINT('',(3.,35.0000005215406,25.0000008493662));
#11624=CARTESIAN_POINT('',(3.,30.6698734380945,27.5000008866191));
#11625=CARTESIAN_POINT('',(4.5,35.0000005215406,25.0000008493662));
#11626=CARTESIAN_POINT('',(4.5,30.6698734380945,27.5000008866191));
#11627=CARTESIAN_POINT('',(3.,35.0000005215406,25.0000008493662));
#11628=CARTESIAN_POINT('Origin',(3.,39.3301276049868,27.5000008866191));
#11629=CARTESIAN_POINT('',(3.,39.3301276049868,27.5000008866191));
#11630=CARTESIAN_POINT('',(3.,35.0000005215406,25.0000008493662));
#11631=CARTESIAN_POINT('',(4.5,39.3301276049868,27.5000008866191));
#11632=CARTESIAN_POINT('',(4.5,35.0000005215406,25.0000008493662));
#11633=CARTESIAN_POINT('',(3.,39.3301276049868,27.5000008866191));
#11634=CARTESIAN_POINT('Origin',(3.,39.3301276049868,32.5000009611249));
#11635=CARTESIAN_POINT('',(3.,39.3301276049868,32.5000009611249));
#11636=CARTESIAN_POINT('',(3.,39.3301276049868,27.5000008866191));
#11637=CARTESIAN_POINT('',(4.5,39.3301276049868,32.5000009611249));
#11638=CARTESIAN_POINT('',(4.5,39.3301276049868,27.5000008866191));
#11639=CARTESIAN_POINT('',(3.,39.3301276049868,32.5000009611249));
#11640=CARTESIAN_POINT('Origin',(3.,35.0000005215406,35.0000009983778));
#11641=CARTESIAN_POINT('',(3.,35.0000005215406,35.0000009983778));
#11642=CARTESIAN_POINT('',(3.,39.3301276049868,32.5000009611249));
#11643=CARTESIAN_POINT('',(4.5,35.0000005215406,35.0000009983778));
#11644=CARTESIAN_POINT('',(4.5,39.3301276049868,32.5000009611249));
#11645=CARTESIAN_POINT('',(3.,35.0000005215406,35.0000009983778));
#11646=CARTESIAN_POINT('Origin',(3.,30.6698734380945,32.5000009611249));
#11647=CARTESIAN_POINT('',(3.,35.0000005215406,35.0000009983778));
#11648=CARTESIAN_POINT('',(4.5,35.0000005215406,35.0000009983778));
#11649=CARTESIAN_POINT('Origin',(3.,30.0000004470348,27.));
#11650=CARTESIAN_POINT('',(3.,30.0000004470348,27.));
#11651=CARTESIAN_POINT('',(3.,34.3301265626221,24.5000005215406));
#11652=CARTESIAN_POINT('',(3.,34.3301265626221,24.5000005215406));
#11653=CARTESIAN_POINT('',(4.5,34.3301265626221,24.5000005215406));
#11654=CARTESIAN_POINT('',(3.,34.3301265626221,24.5000005215406));
#11655=CARTESIAN_POINT('',(4.5,30.0000004470348,27.));
#11656=CARTESIAN_POINT('',(4.5,34.3301265626221,24.5000005215406));
#11657=CARTESIAN_POINT('',(3.,30.0000004470348,27.));
#11658=CARTESIAN_POINT('Origin',(3.,25.6698743314475,24.5000005215406));
#11659=CARTESIAN_POINT('',(3.,25.6698743314475,24.5000005215406));
#11660=CARTESIAN_POINT('',(3.,30.0000004470348,27.));
#11661=CARTESIAN_POINT('',(4.5,25.6698743314475,24.5000005215406));
#11662=CARTESIAN_POINT('',(4.5,30.0000004470348,27.));
#11663=CARTESIAN_POINT('',(3.,25.6698743314475,24.5000005215406));
#11664=CARTESIAN_POINT('Origin',(3.,25.6698743314475,19.5000015646219));
#11665=CARTESIAN_POINT('',(3.,25.6698743314475,19.5000015646219));
#11666=CARTESIAN_POINT('',(3.,25.6698743314475,24.5000005215406));
#11667=CARTESIAN_POINT('',(4.5,25.6698743314475,19.5000015646219));
#11668=CARTESIAN_POINT('',(4.5,25.6698743314475,24.5000005215406));
#11669=CARTESIAN_POINT('',(3.,25.6698743314475,19.5000015646219));
#11670=CARTESIAN_POINT('Origin',(3.,30.0000004470348,17.0000020861626));
#11671=CARTESIAN_POINT('',(3.,30.0000004470348,17.0000020861626));
#11672=CARTESIAN_POINT('',(3.,25.6698743314475,19.5000015646219));
#11673=CARTESIAN_POINT('',(4.5,30.0000004470348,17.0000020861626));
#11674=CARTESIAN_POINT('',(4.5,25.6698743314475,19.5000015646219));
#11675=CARTESIAN_POINT('',(3.,30.0000004470348,17.0000020861626));
#11676=CARTESIAN_POINT('Origin',(3.,34.3301265626221,19.5000015646219));
#11677=CARTESIAN_POINT('',(3.,34.3301265626221,19.5000015646219));
#11678=CARTESIAN_POINT('',(3.,30.0000004470348,17.0000020861626));
#11679=CARTESIAN_POINT('',(4.5,34.3301265626221,19.5000015646219));
#11680=CARTESIAN_POINT('',(4.5,30.0000004470348,17.0000020861626));
#11681=CARTESIAN_POINT('',(3.,34.3301265626221,19.5000015646219));
#11682=CARTESIAN_POINT('Origin',(3.,34.3301265626221,24.5000005215406));
#11683=CARTESIAN_POINT('',(3.,34.3301265626221,19.5000015646219));
#11684=CARTESIAN_POINT('',(4.5,34.3301265626221,19.5000015646219));
#11685=CARTESIAN_POINT('Origin',(3.,40.,27.));
#11686=CARTESIAN_POINT('',(3.,40.,27.));
#11687=CARTESIAN_POINT('',(3.,44.3301261155873,24.5000005215406));
#11688=CARTESIAN_POINT('',(3.,44.3301261155873,24.5000005215406));
#11689=CARTESIAN_POINT('',(4.5,44.3301261155873,24.5000005215406));
#11690=CARTESIAN_POINT('',(3.,44.3301261155873,24.5000005215406));
#11691=CARTESIAN_POINT('',(4.5,40.,27.));
#11692=CARTESIAN_POINT('',(4.5,44.3301261155873,24.5000005215406));
#11693=CARTESIAN_POINT('',(3.,40.,27.));
#11694=CARTESIAN_POINT('Origin',(3.,35.6698738844127,24.5000005215406));
#11695=CARTESIAN_POINT('',(3.,35.6698738844127,24.5000005215406));
#11696=CARTESIAN_POINT('',(3.,40.,27.));
#11697=CARTESIAN_POINT('',(4.5,35.6698738844127,24.5000005215406));
#11698=CARTESIAN_POINT('',(4.5,40.,27.));
#11699=CARTESIAN_POINT('',(3.,35.6698738844127,24.5000005215406));
#11700=CARTESIAN_POINT('Origin',(3.,35.6698738844127,19.5000015646219));
#11701=CARTESIAN_POINT('',(3.,35.6698738844127,19.5000015646219));
#11702=CARTESIAN_POINT('',(3.,35.6698738844127,24.5000005215406));
#11703=CARTESIAN_POINT('',(4.5,35.6698738844127,19.5000015646219));
#11704=CARTESIAN_POINT('',(4.5,35.6698738844127,24.5000005215406));
#11705=CARTESIAN_POINT('',(3.,35.6698738844127,19.5000015646219));
#11706=CARTESIAN_POINT('Origin',(3.,40.,17.0000020861626));
#11707=CARTESIAN_POINT('',(3.,40.,17.0000020861626));
#11708=CARTESIAN_POINT('',(3.,35.6698738844127,19.5000015646219));
#11709=CARTESIAN_POINT('',(4.5,40.,17.0000020861626));
#11710=CARTESIAN_POINT('',(4.5,35.6698738844127,19.5000015646219));
#11711=CARTESIAN_POINT('',(3.,40.,17.0000020861626));
#11712=CARTESIAN_POINT('Origin',(3.,44.3301261155873,19.5000015646219));
#11713=CARTESIAN_POINT('',(3.,44.3301261155873,19.5000015646219));
#11714=CARTESIAN_POINT('',(3.,40.,17.0000020861626));
#11715=CARTESIAN_POINT('',(4.5,44.3301261155873,19.5000015646219));
#11716=CARTESIAN_POINT('',(4.5,40.,17.0000020861626));
#11717=CARTESIAN_POINT('',(3.,44.3301261155873,19.5000015646219));
#11718=CARTESIAN_POINT('Origin',(3.,44.3301261155873,24.5000005215406));
#11719=CARTESIAN_POINT('',(3.,44.3301261155873,19.5000015646219));
#11720=CARTESIAN_POINT('',(4.5,44.3301261155873,19.5000015646219));
#11721=CARTESIAN_POINT('Origin',(3.,30.6698734380945,64.5000009611249));
#11722=CARTESIAN_POINT('',(3.,30.6698734380945,64.5000009611249));
#11723=CARTESIAN_POINT('',(3.,35.0000005215406,67.0000009983778));
#11724=CARTESIAN_POINT('',(3.,35.0000005215406,67.0000009983778));
#11725=CARTESIAN_POINT('',(4.5,35.0000005215406,67.0000009983778));
#11726=CARTESIAN_POINT('',(3.,35.0000005215406,67.0000009983778));
#11727=CARTESIAN_POINT('',(4.5,30.6698734380945,64.5000009611249));
#11728=CARTESIAN_POINT('',(4.5,35.0000005215406,67.0000009983778));
#11729=CARTESIAN_POINT('',(3.,30.6698734380945,64.5000009611249));
#11730=CARTESIAN_POINT('Origin',(3.,30.6698734380945,59.5000008866191));
#11731=CARTESIAN_POINT('',(3.,30.6698734380945,59.5000008866191));
#11732=CARTESIAN_POINT('',(3.,30.6698734380945,64.5000009611249));
#11733=CARTESIAN_POINT('',(4.5,30.6698734380945,59.5000008866191));
#11734=CARTESIAN_POINT('',(4.5,30.6698734380945,64.5000009611249));
#11735=CARTESIAN_POINT('',(3.,30.6698734380945,59.5000008866191));
#11736=CARTESIAN_POINT('Origin',(3.,35.0000005215406,57.0000008493662));
#11737=CARTESIAN_POINT('',(3.,35.0000005215406,57.0000008493662));
#11738=CARTESIAN_POINT('',(3.,30.6698734380945,59.5000008866191));
#11739=CARTESIAN_POINT('',(4.5,35.0000005215406,57.0000008493662));
#11740=CARTESIAN_POINT('',(4.5,30.6698734380945,59.5000008866191));
#11741=CARTESIAN_POINT('',(3.,35.0000005215406,57.0000008493662));
#11742=CARTESIAN_POINT('Origin',(3.,39.3301276049868,59.5000008866191));
#11743=CARTESIAN_POINT('',(3.,39.3301276049868,59.5000008866191));
#11744=CARTESIAN_POINT('',(3.,35.0000005215406,57.0000008493662));
#11745=CARTESIAN_POINT('',(4.5,39.3301276049868,59.5000008866191));
#11746=CARTESIAN_POINT('',(4.5,35.0000005215406,57.0000008493662));
#11747=CARTESIAN_POINT('',(3.,39.3301276049868,59.5000008866191));
#11748=CARTESIAN_POINT('Origin',(3.,39.3301276049868,64.5000009611249));
#11749=CARTESIAN_POINT('',(3.,39.3301276049868,64.5000009611249));
#11750=CARTESIAN_POINT('',(3.,39.3301276049868,59.5000008866191));
#11751=CARTESIAN_POINT('',(4.5,39.3301276049868,64.5000009611249));
#11752=CARTESIAN_POINT('',(4.5,39.3301276049868,59.5000008866191));
#11753=CARTESIAN_POINT('',(3.,39.3301276049868,64.5000009611249));
#11754=CARTESIAN_POINT('Origin',(3.,35.0000005215406,67.0000009983778));
#11755=CARTESIAN_POINT('',(3.,39.3301276049868,64.5000009611249));
#11756=CARTESIAN_POINT('',(4.5,39.3301276049868,64.5000009611249));
#11757=CARTESIAN_POINT('Origin',(3.,5.66987403342431,35.5000015646219));
#11758=CARTESIAN_POINT('',(3.,5.66987403342431,35.5000015646219));
#11759=CARTESIAN_POINT('',(3.,5.66987403342431,40.5000005215406));
#11760=CARTESIAN_POINT('',(3.,5.66987403342431,40.5000005215406));
#11761=CARTESIAN_POINT('',(4.5,5.66987403342431,40.5000005215406));
#11762=CARTESIAN_POINT('',(3.,5.66987403342431,40.5000005215406));
#11763=CARTESIAN_POINT('',(4.5,5.66987403342431,35.5000015646219));
#11764=CARTESIAN_POINT('',(4.5,5.66987403342431,40.5000005215406));
#11765=CARTESIAN_POINT('',(3.,5.66987403342431,35.5000015646219));
#11766=CARTESIAN_POINT('Origin',(3.,10.0000001490116,33.0000020861626));
#11767=CARTESIAN_POINT('',(3.,10.0000001490116,33.0000020861626));
#11768=CARTESIAN_POINT('',(3.,5.66987403342431,35.5000015646219));
#11769=CARTESIAN_POINT('',(4.5,10.0000001490116,33.0000020861626));
#11770=CARTESIAN_POINT('',(4.5,5.66987403342431,35.5000015646219));
#11771=CARTESIAN_POINT('',(3.,10.0000001490116,33.0000020861626));
#11772=CARTESIAN_POINT('Origin',(3.,14.3301262645989,35.5000015646219));
#11773=CARTESIAN_POINT('',(3.,14.3301262645989,35.5000015646219));
#11774=CARTESIAN_POINT('',(3.,10.0000001490116,33.0000020861626));
#11775=CARTESIAN_POINT('',(4.5,14.3301262645989,35.5000015646219));
#11776=CARTESIAN_POINT('',(4.5,10.0000001490116,33.0000020861626));
#11777=CARTESIAN_POINT('',(3.,14.3301262645989,35.5000015646219));
#11778=CARTESIAN_POINT('Origin',(3.,14.3301262645989,40.5000005215406));
#11779=CARTESIAN_POINT('',(3.,14.3301262645989,40.5000005215406));
#11780=CARTESIAN_POINT('',(3.,14.3301262645989,35.5000015646219));
#11781=CARTESIAN_POINT('',(4.5,14.3301262645989,40.5000005215406));
#11782=CARTESIAN_POINT('',(4.5,14.3301262645989,35.5000015646219));
#11783=CARTESIAN_POINT('',(3.,14.3301262645989,40.5000005215406));
#11784=CARTESIAN_POINT('Origin',(3.,10.0000001490116,43.));
#11785=CARTESIAN_POINT('',(3.,10.0000001490116,43.));
#11786=CARTESIAN_POINT('',(3.,14.3301262645989,40.5000005215406));
#11787=CARTESIAN_POINT('',(4.5,10.0000001490116,43.));
#11788=CARTESIAN_POINT('',(4.5,14.3301262645989,40.5000005215406));
#11789=CARTESIAN_POINT('',(3.,10.0000001490116,43.));
#11790=CARTESIAN_POINT('Origin',(3.,5.66987403342431,40.5000005215406));
#11791=CARTESIAN_POINT('',(3.,10.0000001490116,43.));
#11792=CARTESIAN_POINT('',(4.5,10.0000001490116,43.));
#11793=CARTESIAN_POINT('Origin',(3.,60.6698738851294,11.5000008866191));
#11794=CARTESIAN_POINT('',(3.,60.6698738851294,11.5000008866191));
#11795=CARTESIAN_POINT('',(3.,60.6698738851294,16.5000009611249));
#11796=CARTESIAN_POINT('',(3.,60.6698738851294,16.5000009611249));
#11797=CARTESIAN_POINT('',(4.5,60.6698738851294,16.5000009611249));
#11798=CARTESIAN_POINT('',(3.,60.6698738851294,16.5000009611249));
#11799=CARTESIAN_POINT('',(4.5,60.6698738851294,11.5000008866191));
#11800=CARTESIAN_POINT('',(4.5,60.6698738851294,16.5000009611249));
#11801=CARTESIAN_POINT('',(3.,60.6698738851294,11.5000008866191));
#11802=CARTESIAN_POINT('Origin',(3.,65.0000009685755,9.00000084936618));
#11803=CARTESIAN_POINT('',(3.,65.0000009685755,9.00000084936618));
#11804=CARTESIAN_POINT('',(3.,60.6698738851294,11.5000008866191));
#11805=CARTESIAN_POINT('',(4.5,65.0000009685755,9.00000084936618));
#11806=CARTESIAN_POINT('',(4.5,60.6698738851294,11.5000008866191));
#11807=CARTESIAN_POINT('',(3.,65.0000009685755,9.00000084936618));
#11808=CARTESIAN_POINT('Origin',(3.,69.3301280520216,11.5000008866191));
#11809=CARTESIAN_POINT('',(3.,69.3301280520216,11.5000008866191));
#11810=CARTESIAN_POINT('',(3.,65.0000009685755,9.00000084936618));
#11811=CARTESIAN_POINT('',(4.5,69.3301280520216,11.5000008866191));
#11812=CARTESIAN_POINT('',(4.5,65.0000009685755,9.00000084936618));
#11813=CARTESIAN_POINT('',(3.,69.3301280520216,11.5000008866191));
#11814=CARTESIAN_POINT('Origin',(3.,69.3301280520216,16.5000009611249));
#11815=CARTESIAN_POINT('',(3.,69.3301280520216,16.5000009611249));
#11816=CARTESIAN_POINT('',(3.,69.3301280520216,11.5000008866191));
#11817=CARTESIAN_POINT('',(4.5,69.3301280520216,16.5000009611249));
#11818=CARTESIAN_POINT('',(4.5,69.3301280520216,11.5000008866191));
#11819=CARTESIAN_POINT('',(3.,69.3301280520216,16.5000009611249));
#11820=CARTESIAN_POINT('Origin',(3.,65.0000009685755,19.0000009983778));
#11821=CARTESIAN_POINT('',(3.,65.0000009685755,19.0000009983778));
#11822=CARTESIAN_POINT('',(3.,69.3301280520216,16.5000009611249));
#11823=CARTESIAN_POINT('',(4.5,65.0000009685755,19.0000009983778));
#11824=CARTESIAN_POINT('',(4.5,69.3301280520216,16.5000009611249));
#11825=CARTESIAN_POINT('',(3.,65.0000009685755,19.0000009983778));
#11826=CARTESIAN_POINT('Origin',(3.,60.6698738851294,16.5000009611249));
#11827=CARTESIAN_POINT('',(3.,65.0000009685755,19.0000009983778));
#11828=CARTESIAN_POINT('',(4.5,65.0000009685755,19.0000009983778));
#11829=CARTESIAN_POINT('Origin',(3.,30.6698734380945,43.5000008866191));
#11830=CARTESIAN_POINT('',(3.,30.6698734380945,43.5000008866191));
#11831=CARTESIAN_POINT('',(3.,30.6698734380945,48.5000009611249));
#11832=CARTESIAN_POINT('',(3.,30.6698734380945,48.5000009611249));
#11833=CARTESIAN_POINT('',(4.5,30.6698734380945,48.5000009611249));
#11834=CARTESIAN_POINT('',(3.,30.6698734380945,48.5000009611249));
#11835=CARTESIAN_POINT('',(4.5,30.6698734380945,43.5000008866191));
#11836=CARTESIAN_POINT('',(4.5,30.6698734380945,48.5000009611249));
#11837=CARTESIAN_POINT('',(3.,30.6698734380945,43.5000008866191));
#11838=CARTESIAN_POINT('Origin',(3.,35.0000005215406,41.0000008493662));
#11839=CARTESIAN_POINT('',(3.,35.0000005215406,41.0000008493662));
#11840=CARTESIAN_POINT('',(3.,30.6698734380945,43.5000008866191));
#11841=CARTESIAN_POINT('',(4.5,35.0000005215406,41.0000008493662));
#11842=CARTESIAN_POINT('',(4.5,30.6698734380945,43.5000008866191));
#11843=CARTESIAN_POINT('',(3.,35.0000005215406,41.0000008493662));
#11844=CARTESIAN_POINT('Origin',(3.,39.3301276049868,43.5000008866191));
#11845=CARTESIAN_POINT('',(3.,39.3301276049868,43.5000008866191));
#11846=CARTESIAN_POINT('',(3.,35.0000005215406,41.0000008493662));
#11847=CARTESIAN_POINT('',(4.5,39.3301276049868,43.5000008866191));
#11848=CARTESIAN_POINT('',(4.5,35.0000005215406,41.0000008493662));
#11849=CARTESIAN_POINT('',(3.,39.3301276049868,43.5000008866191));
#11850=CARTESIAN_POINT('Origin',(3.,39.3301276049868,48.5000009611249));
#11851=CARTESIAN_POINT('',(3.,39.3301276049868,48.5000009611249));
#11852=CARTESIAN_POINT('',(3.,39.3301276049868,43.5000008866191));
#11853=CARTESIAN_POINT('',(4.5,39.3301276049868,48.5000009611249));
#11854=CARTESIAN_POINT('',(4.5,39.3301276049868,43.5000008866191));
#11855=CARTESIAN_POINT('',(3.,39.3301276049868,48.5000009611249));
#11856=CARTESIAN_POINT('Origin',(3.,35.0000005215406,51.0000009983778));
#11857=CARTESIAN_POINT('',(3.,35.0000005215406,51.0000009983778));
#11858=CARTESIAN_POINT('',(3.,39.3301276049868,48.5000009611249));
#11859=CARTESIAN_POINT('',(4.5,35.0000005215406,51.0000009983778));
#11860=CARTESIAN_POINT('',(4.5,39.3301276049868,48.5000009611249));
#11861=CARTESIAN_POINT('',(3.,35.0000005215406,51.0000009983778));
#11862=CARTESIAN_POINT('Origin',(3.,30.6698734380945,48.5000009611249));
#11863=CARTESIAN_POINT('',(3.,35.0000005215406,51.0000009983778));
#11864=CARTESIAN_POINT('',(4.5,35.0000005215406,51.0000009983778));
#11865=CARTESIAN_POINT('Origin',(3.,30.6698734380945,11.5000008866191));
#11866=CARTESIAN_POINT('',(3.,30.6698734380945,11.5000008866191));
#11867=CARTESIAN_POINT('',(3.,30.6698734380945,16.5000009611249));
#11868=CARTESIAN_POINT('',(3.,30.6698734380945,16.5000009611249));
#11869=CARTESIAN_POINT('',(4.5,30.6698734380945,16.5000009611249));
#11870=CARTESIAN_POINT('',(3.,30.6698734380945,16.5000009611249));
#11871=CARTESIAN_POINT('',(4.5,30.6698734380945,11.5000008866191));
#11872=CARTESIAN_POINT('',(4.5,30.6698734380945,16.5000009611249));
#11873=CARTESIAN_POINT('',(3.,30.6698734380945,11.5000008866191));
#11874=CARTESIAN_POINT('Origin',(3.,35.0000005215406,9.00000084936618));
#11875=CARTESIAN_POINT('',(3.,35.0000005215406,9.00000084936618));
#11876=CARTESIAN_POINT('',(3.,30.6698734380945,11.5000008866191));
#11877=CARTESIAN_POINT('',(4.5,35.0000005215406,9.00000084936618));
#11878=CARTESIAN_POINT('',(4.5,30.6698734380945,11.5000008866191));
#11879=CARTESIAN_POINT('',(3.,35.0000005215406,9.00000084936618));
#11880=CARTESIAN_POINT('Origin',(3.,39.3301276049868,11.5000008866191));
#11881=CARTESIAN_POINT('',(3.,39.3301276049868,11.5000008866191));
#11882=CARTESIAN_POINT('',(3.,35.0000005215406,9.00000084936618));
#11883=CARTESIAN_POINT('',(4.5,39.3301276049868,11.5000008866191));
#11884=CARTESIAN_POINT('',(4.5,35.0000005215406,9.00000084936618));
#11885=CARTESIAN_POINT('',(3.,39.3301276049868,11.5000008866191));
#11886=CARTESIAN_POINT('Origin',(3.,39.3301276049868,16.5000009611249));
#11887=CARTESIAN_POINT('',(3.,39.3301276049868,16.5000009611249));
#11888=CARTESIAN_POINT('',(3.,39.3301276049868,11.5000008866191));
#11889=CARTESIAN_POINT('',(4.5,39.3301276049868,16.5000009611249));
#11890=CARTESIAN_POINT('',(4.5,39.3301276049868,11.5000008866191));
#11891=CARTESIAN_POINT('',(3.,39.3301276049868,16.5000009611249));
#11892=CARTESIAN_POINT('Origin',(3.,35.0000005215406,19.0000009983778));
#11893=CARTESIAN_POINT('',(3.,35.0000005215406,19.0000009983778));
#11894=CARTESIAN_POINT('',(3.,39.3301276049868,16.5000009611249));
#11895=CARTESIAN_POINT('',(4.5,35.0000005215406,19.0000009983778));
#11896=CARTESIAN_POINT('',(4.5,39.3301276049868,16.5000009611249));
#11897=CARTESIAN_POINT('',(3.,35.0000005215406,19.0000009983778));
#11898=CARTESIAN_POINT('Origin',(3.,30.6698734380945,16.5000009611249));
#11899=CARTESIAN_POINT('',(3.,35.0000005215406,19.0000009983778));
#11900=CARTESIAN_POINT('',(4.5,35.0000005215406,19.0000009983778));
#11901=CARTESIAN_POINT('Origin',(3.,35.6698738844127,72.5000005215406));
#11902=CARTESIAN_POINT('',(3.,35.6698738844127,72.5000005215406));
#11903=CARTESIAN_POINT('',(3.,40.,75.));
#11904=CARTESIAN_POINT('',(3.,40.,75.));
#11905=CARTESIAN_POINT('',(4.5,40.,75.));
#11906=CARTESIAN_POINT('',(3.,40.,75.));
#11907=CARTESIAN_POINT('',(4.5,35.6698738844127,72.5000005215406));
#11908=CARTESIAN_POINT('',(4.5,40.,75.));
#11909=CARTESIAN_POINT('',(3.,35.6698738844127,72.5000005215406));
#11910=CARTESIAN_POINT('Origin',(3.,35.6698738844127,67.5000015646219));
#11911=CARTESIAN_POINT('',(3.,35.6698738844127,67.5000015646219));
#11912=CARTESIAN_POINT('',(3.,35.6698738844127,72.5000005215406));
#11913=CARTESIAN_POINT('',(4.5,35.6698738844127,67.5000015646219));
#11914=CARTESIAN_POINT('',(4.5,35.6698738844127,72.5000005215406));
#11915=CARTESIAN_POINT('',(3.,35.6698738844127,67.5000015646219));
#11916=CARTESIAN_POINT('Origin',(3.,40.,65.0000020861626));
#11917=CARTESIAN_POINT('',(3.,40.,65.0000020861626));
#11918=CARTESIAN_POINT('',(3.,35.6698738844127,67.5000015646219));
#11919=CARTESIAN_POINT('',(4.5,40.,65.0000020861626));
#11920=CARTESIAN_POINT('',(4.5,35.6698738844127,67.5000015646219));
#11921=CARTESIAN_POINT('',(3.,40.,65.0000020861626));
#11922=CARTESIAN_POINT('Origin',(3.,44.3301261155873,67.5000015646219));
#11923=CARTESIAN_POINT('',(3.,44.3301261155873,67.5000015646219));
#11924=CARTESIAN_POINT('',(3.,40.,65.0000020861626));
#11925=CARTESIAN_POINT('',(4.5,44.3301261155873,67.5000015646219));
#11926=CARTESIAN_POINT('',(4.5,40.,65.0000020861626));
#11927=CARTESIAN_POINT('',(3.,44.3301261155873,67.5000015646219));
#11928=CARTESIAN_POINT('Origin',(3.,44.3301261155873,72.5000005215406));
#11929=CARTESIAN_POINT('',(3.,44.3301261155873,72.5000005215406));
#11930=CARTESIAN_POINT('',(3.,44.3301261155873,67.5000015646219));
#11931=CARTESIAN_POINT('',(4.5,44.3301261155873,72.5000005215406));
#11932=CARTESIAN_POINT('',(4.5,44.3301261155873,67.5000015646219));
#11933=CARTESIAN_POINT('',(3.,44.3301261155873,72.5000005215406));
#11934=CARTESIAN_POINT('Origin',(3.,40.,75.));
#11935=CARTESIAN_POINT('',(3.,44.3301261155873,72.5000005215406));
#11936=CARTESIAN_POINT('',(4.5,44.3301261155873,72.5000005215406));
#11937=CARTESIAN_POINT('Origin',(3.,19.3301273069635,27.5000008866191));
#11938=CARTESIAN_POINT('',(3.,19.3301273069635,27.5000008866191));
#11939=CARTESIAN_POINT('',(3.,15.0000002235174,25.0000008493662));
#11940=CARTESIAN_POINT('',(3.,15.0000002235174,25.0000008493662));
#11941=CARTESIAN_POINT('',(4.5,15.0000002235174,25.0000008493662));
#11942=CARTESIAN_POINT('',(3.,15.0000002235174,25.0000008493662));
#11943=CARTESIAN_POINT('',(4.5,19.3301273069635,27.5000008866191));
#11944=CARTESIAN_POINT('',(4.5,15.0000002235174,25.0000008493662));
#11945=CARTESIAN_POINT('',(3.,19.3301273069635,27.5000008866191));
#11946=CARTESIAN_POINT('Origin',(3.,19.3301273069635,32.5000009611249));
#11947=CARTESIAN_POINT('',(3.,19.3301273069635,32.5000009611249));
#11948=CARTESIAN_POINT('',(3.,19.3301273069635,27.5000008866191));
#11949=CARTESIAN_POINT('',(4.5,19.3301273069635,32.5000009611249));
#11950=CARTESIAN_POINT('',(4.5,19.3301273069635,27.5000008866191));
#11951=CARTESIAN_POINT('',(3.,19.3301273069635,32.5000009611249));
#11952=CARTESIAN_POINT('Origin',(3.,15.0000002235174,35.0000009983778));
#11953=CARTESIAN_POINT('',(3.,15.0000002235174,35.0000009983778));
#11954=CARTESIAN_POINT('',(3.,19.3301273069635,32.5000009611249));
#11955=CARTESIAN_POINT('',(4.5,15.0000002235174,35.0000009983778));
#11956=CARTESIAN_POINT('',(4.5,19.3301273069635,32.5000009611249));
#11957=CARTESIAN_POINT('',(3.,15.0000002235174,35.0000009983778));
#11958=CARTESIAN_POINT('Origin',(3.,10.6698731400713,32.5000009611249));
#11959=CARTESIAN_POINT('',(3.,10.6698731400713,32.5000009611249));
#11960=CARTESIAN_POINT('',(3.,15.0000002235174,35.0000009983778));
#11961=CARTESIAN_POINT('',(4.5,10.6698731400713,32.5000009611249));
#11962=CARTESIAN_POINT('',(4.5,15.0000002235174,35.0000009983778));
#11963=CARTESIAN_POINT('',(3.,10.6698731400713,32.5000009611249));
#11964=CARTESIAN_POINT('Origin',(3.,10.6698731400713,27.5000008866191));
#11965=CARTESIAN_POINT('',(3.,10.6698731400713,27.5000008866191));
#11966=CARTESIAN_POINT('',(3.,10.6698731400713,32.5000009611249));
#11967=CARTESIAN_POINT('',(4.5,10.6698731400713,27.5000008866191));
#11968=CARTESIAN_POINT('',(4.5,10.6698731400713,32.5000009611249));
#11969=CARTESIAN_POINT('',(3.,10.6698731400713,27.5000008866191));
#11970=CARTESIAN_POINT('Origin',(3.,15.0000002235174,25.0000008493662));
#11971=CARTESIAN_POINT('',(3.,10.6698731400713,27.5000008866191));
#11972=CARTESIAN_POINT('',(4.5,10.6698731400713,27.5000008866191));
#11973=CARTESIAN_POINT('Origin',(3.,24.3301264136105,56.5000005215406));
#11974=CARTESIAN_POINT('',(3.,24.3301264136105,56.5000005215406));
#11975=CARTESIAN_POINT('',(3.,24.3301264136105,51.5000015646219));
#11976=CARTESIAN_POINT('',(3.,24.3301264136105,51.5000015646219));
#11977=CARTESIAN_POINT('',(4.5,24.3301264136105,51.5000015646219));
#11978=CARTESIAN_POINT('',(3.,24.3301264136105,51.5000015646219));
#11979=CARTESIAN_POINT('',(4.5,24.3301264136105,56.5000005215406));
#11980=CARTESIAN_POINT('',(4.5,24.3301264136105,51.5000015646219));
#11981=CARTESIAN_POINT('',(3.,24.3301264136105,56.5000005215406));
#11982=CARTESIAN_POINT('Origin',(3.,20.0000002980232,59.));
#11983=CARTESIAN_POINT('',(3.,20.0000002980232,59.));
#11984=CARTESIAN_POINT('',(3.,24.3301264136105,56.5000005215406));
#11985=CARTESIAN_POINT('',(4.5,20.0000002980232,59.));
#11986=CARTESIAN_POINT('',(4.5,24.3301264136105,56.5000005215406));
#11987=CARTESIAN_POINT('',(3.,20.0000002980232,59.));
#11988=CARTESIAN_POINT('Origin',(3.,15.6698741824359,56.5000005215406));
#11989=CARTESIAN_POINT('',(3.,15.6698741824359,56.5000005215406));
#11990=CARTESIAN_POINT('',(3.,20.0000002980232,59.));
#11991=CARTESIAN_POINT('',(4.5,15.6698741824359,56.5000005215406));
#11992=CARTESIAN_POINT('',(4.5,20.0000002980232,59.));
#11993=CARTESIAN_POINT('',(3.,15.6698741824359,56.5000005215406));
#11994=CARTESIAN_POINT('Origin',(3.,15.6698741824359,51.5000015646219));
#11995=CARTESIAN_POINT('',(3.,15.6698741824359,51.5000015646219));
#11996=CARTESIAN_POINT('',(3.,15.6698741824359,56.5000005215406));
#11997=CARTESIAN_POINT('',(4.5,15.6698741824359,51.5000015646219));
#11998=CARTESIAN_POINT('',(4.5,15.6698741824359,56.5000005215406));
#11999=CARTESIAN_POINT('',(3.,15.6698741824359,51.5000015646219));
#12000=CARTESIAN_POINT('Origin',(3.,20.0000002980232,49.0000020861626));
#12001=CARTESIAN_POINT('',(3.,20.0000002980232,49.0000020861626));
#12002=CARTESIAN_POINT('',(3.,15.6698741824359,51.5000015646219));
#12003=CARTESIAN_POINT('',(4.5,20.0000002980232,49.0000020861626));
#12004=CARTESIAN_POINT('',(4.5,15.6698741824359,51.5000015646219));
#12005=CARTESIAN_POINT('',(3.,20.0000002980232,49.0000020861626));
#12006=CARTESIAN_POINT('Origin',(3.,24.3301264136105,51.5000015646219));
#12007=CARTESIAN_POINT('',(3.,20.0000002980232,49.0000020861626));
#12008=CARTESIAN_POINT('',(4.5,20.0000002980232,49.0000020861626));
#12009=CARTESIAN_POINT('Origin',(3.,5.66987403342431,19.5000015646219));
#12010=CARTESIAN_POINT('',(3.,5.66987403342431,19.5000015646219));
#12011=CARTESIAN_POINT('',(3.,5.66987403342431,24.5000005215406));
#12012=CARTESIAN_POINT('',(3.,5.66987403342431,24.5000005215406));
#12013=CARTESIAN_POINT('',(4.5,5.66987403342431,24.5000005215406));
#12014=CARTESIAN_POINT('',(3.,5.66987403342431,24.5000005215406));
#12015=CARTESIAN_POINT('',(4.5,5.66987403342431,19.5000015646219));
#12016=CARTESIAN_POINT('',(4.5,5.66987403342431,24.5000005215406));
#12017=CARTESIAN_POINT('',(3.,5.66987403342431,19.5000015646219));
#12018=CARTESIAN_POINT('Origin',(3.,10.0000001490116,17.0000020861626));
#12019=CARTESIAN_POINT('',(3.,10.0000001490116,17.0000020861626));
#12020=CARTESIAN_POINT('',(3.,5.66987403342431,19.5000015646219));
#12021=CARTESIAN_POINT('',(4.5,10.0000001490116,17.0000020861626));
#12022=CARTESIAN_POINT('',(4.5,5.66987403342431,19.5000015646219));
#12023=CARTESIAN_POINT('',(3.,10.0000001490116,17.0000020861626));
#12024=CARTESIAN_POINT('Origin',(3.,14.3301262645989,19.5000015646219));
#12025=CARTESIAN_POINT('',(3.,14.3301262645989,19.5000015646219));
#12026=CARTESIAN_POINT('',(3.,10.0000001490116,17.0000020861626));
#12027=CARTESIAN_POINT('',(4.5,14.3301262645989,19.5000015646219));
#12028=CARTESIAN_POINT('',(4.5,10.0000001490116,17.0000020861626));
#12029=CARTESIAN_POINT('',(3.,14.3301262645989,19.5000015646219));
#12030=CARTESIAN_POINT('Origin',(3.,14.3301262645989,24.5000005215406));
#12031=CARTESIAN_POINT('',(3.,14.3301262645989,24.5000005215406));
#12032=CARTESIAN_POINT('',(3.,14.3301262645989,19.5000015646219));
#12033=CARTESIAN_POINT('',(4.5,14.3301262645989,24.5000005215406));
#12034=CARTESIAN_POINT('',(4.5,14.3301262645989,19.5000015646219));
#12035=CARTESIAN_POINT('',(3.,14.3301262645989,24.5000005215406));
#12036=CARTESIAN_POINT('Origin',(3.,10.0000001490116,27.));
#12037=CARTESIAN_POINT('',(3.,10.0000001490116,27.));
#12038=CARTESIAN_POINT('',(3.,14.3301262645989,24.5000005215406));
#12039=CARTESIAN_POINT('',(4.5,10.0000001490116,27.));
#12040=CARTESIAN_POINT('',(4.5,14.3301262645989,24.5000005215406));
#12041=CARTESIAN_POINT('',(3.,10.0000001490116,27.));
#12042=CARTESIAN_POINT('Origin',(3.,5.66987403342431,24.5000005215406));
#12043=CARTESIAN_POINT('',(3.,10.0000001490116,27.));
#12044=CARTESIAN_POINT('',(4.5,10.0000001490116,27.));
#12045=CARTESIAN_POINT('Origin',(3.,24.3301264136105,40.5000005215406));
#12046=CARTESIAN_POINT('',(3.,24.3301264136105,40.5000005215406));
#12047=CARTESIAN_POINT('',(3.,24.3301264136105,35.5000015646219));
#12048=CARTESIAN_POINT('',(3.,24.3301264136105,35.5000015646219));
#12049=CARTESIAN_POINT('',(4.5,24.3301264136105,35.5000015646219));
#12050=CARTESIAN_POINT('',(3.,24.3301264136105,35.5000015646219));
#12051=CARTESIAN_POINT('',(4.5,24.3301264136105,40.5000005215406));
#12052=CARTESIAN_POINT('',(4.5,24.3301264136105,35.5000015646219));
#12053=CARTESIAN_POINT('',(3.,24.3301264136105,40.5000005215406));
#12054=CARTESIAN_POINT('Origin',(3.,20.0000002980232,43.));
#12055=CARTESIAN_POINT('',(3.,20.0000002980232,43.));
#12056=CARTESIAN_POINT('',(3.,24.3301264136105,40.5000005215406));
#12057=CARTESIAN_POINT('',(4.5,20.0000002980232,43.));
#12058=CARTESIAN_POINT('',(4.5,24.3301264136105,40.5000005215406));
#12059=CARTESIAN_POINT('',(3.,20.0000002980232,43.));
#12060=CARTESIAN_POINT('Origin',(3.,15.6698741824359,40.5000005215406));
#12061=CARTESIAN_POINT('',(3.,15.6698741824359,40.5000005215406));
#12062=CARTESIAN_POINT('',(3.,20.0000002980232,43.));
#12063=CARTESIAN_POINT('',(4.5,15.6698741824359,40.5000005215406));
#12064=CARTESIAN_POINT('',(4.5,20.0000002980232,43.));
#12065=CARTESIAN_POINT('',(3.,15.6698741824359,40.5000005215406));
#12066=CARTESIAN_POINT('Origin',(3.,15.6698741824359,35.5000015646219));
#12067=CARTESIAN_POINT('',(3.,15.6698741824359,35.5000015646219));
#12068=CARTESIAN_POINT('',(3.,15.6698741824359,40.5000005215406));
#12069=CARTESIAN_POINT('',(4.5,15.6698741824359,35.5000015646219));
#12070=CARTESIAN_POINT('',(4.5,15.6698741824359,40.5000005215406));
#12071=CARTESIAN_POINT('',(3.,15.6698741824359,35.5000015646219));
#12072=CARTESIAN_POINT('Origin',(3.,20.0000002980232,33.0000020861626));
#12073=CARTESIAN_POINT('',(3.,20.0000002980232,33.0000020861626));
#12074=CARTESIAN_POINT('',(3.,15.6698741824359,35.5000015646219));
#12075=CARTESIAN_POINT('',(4.5,20.0000002980232,33.0000020861626));
#12076=CARTESIAN_POINT('',(4.5,15.6698741824359,35.5000015646219));
#12077=CARTESIAN_POINT('',(3.,20.0000002980232,33.0000020861626));
#12078=CARTESIAN_POINT('Origin',(3.,24.3301264136105,35.5000015646219));
#12079=CARTESIAN_POINT('',(3.,20.0000002980232,33.0000020861626));
#12080=CARTESIAN_POINT('',(4.5,20.0000002980232,33.0000020861626));
#12081=CARTESIAN_POINT('Origin',(3.,25.6698743314475,72.5000005215406));
#12082=CARTESIAN_POINT('',(3.,25.6698743314475,72.5000005215406));
#12083=CARTESIAN_POINT('',(3.,30.0000004470348,75.));
#12084=CARTESIAN_POINT('',(3.,30.0000004470348,75.));
#12085=CARTESIAN_POINT('',(4.5,30.0000004470348,75.));
#12086=CARTESIAN_POINT('',(3.,30.0000004470348,75.));
#12087=CARTESIAN_POINT('',(4.5,25.6698743314475,72.5000005215406));
#12088=CARTESIAN_POINT('',(4.5,30.0000004470348,75.));
#12089=CARTESIAN_POINT('',(3.,25.6698743314475,72.5000005215406));
#12090=CARTESIAN_POINT('Origin',(3.,25.6698743314475,67.5000015646219));
#12091=CARTESIAN_POINT('',(3.,25.6698743314475,67.5000015646219));
#12092=CARTESIAN_POINT('',(3.,25.6698743314475,72.5000005215406));
#12093=CARTESIAN_POINT('',(4.5,25.6698743314475,67.5000015646219));
#12094=CARTESIAN_POINT('',(4.5,25.6698743314475,72.5000005215406));
#12095=CARTESIAN_POINT('',(3.,25.6698743314475,67.5000015646219));
#12096=CARTESIAN_POINT('Origin',(3.,30.0000004470348,65.0000020861626));
#12097=CARTESIAN_POINT('',(3.,30.0000004470348,65.0000020861626));
#12098=CARTESIAN_POINT('',(3.,25.6698743314475,67.5000015646219));
#12099=CARTESIAN_POINT('',(4.5,30.0000004470348,65.0000020861626));
#12100=CARTESIAN_POINT('',(4.5,25.6698743314475,67.5000015646219));
#12101=CARTESIAN_POINT('',(3.,30.0000004470348,65.0000020861626));
#12102=CARTESIAN_POINT('Origin',(3.,34.3301265626221,67.5000015646219));
#12103=CARTESIAN_POINT('',(3.,34.3301265626221,67.5000015646219));
#12104=CARTESIAN_POINT('',(3.,30.0000004470348,65.0000020861626));
#12105=CARTESIAN_POINT('',(4.5,34.3301265626221,67.5000015646219));
#12106=CARTESIAN_POINT('',(4.5,30.0000004470348,65.0000020861626));
#12107=CARTESIAN_POINT('',(3.,34.3301265626221,67.5000015646219));
#12108=CARTESIAN_POINT('Origin',(3.,34.3301265626221,72.5000005215406));
#12109=CARTESIAN_POINT('',(3.,34.3301265626221,72.5000005215406));
#12110=CARTESIAN_POINT('',(3.,34.3301265626221,67.5000015646219));
#12111=CARTESIAN_POINT('',(4.5,34.3301265626221,72.5000005215406));
#12112=CARTESIAN_POINT('',(4.5,34.3301265626221,67.5000015646219));
#12113=CARTESIAN_POINT('',(3.,34.3301265626221,72.5000005215406));
#12114=CARTESIAN_POINT('Origin',(3.,30.0000004470348,75.));
#12115=CARTESIAN_POINT('',(3.,34.3301265626221,72.5000005215406));
#12116=CARTESIAN_POINT('',(4.5,34.3301265626221,72.5000005215406));
#12117=CARTESIAN_POINT('Origin',(3.,25.000000372529,73.0000010877848));
#12118=CARTESIAN_POINT('',(3.,25.000000372529,73.0000010877848));
#12119=CARTESIAN_POINT('',(3.,21.5359006414898,75.));
#12120=CARTESIAN_POINT('',(3.,20.6698732890829,75.5000011250377));
#12121=CARTESIAN_POINT('',(4.5,21.5359006414898,75.));
#12122=CARTESIAN_POINT('',(3.,21.5359006414898,75.));
#12123=CARTESIAN_POINT('',(4.5,25.000000372529,73.0000010877848));
#12124=CARTESIAN_POINT('',(4.5,20.6698732890829,75.5000011250377));
#12125=CARTESIAN_POINT('',(3.,25.000000372529,73.0000010877848));
#12126=CARTESIAN_POINT('Origin',(3.,28.4641001035683,75.));
#12127=CARTESIAN_POINT('',(3.,28.4641001035683,75.));
#12128=CARTESIAN_POINT('',(3.,25.000000372529,73.0000010877848));
#12129=CARTESIAN_POINT('',(4.5,28.4641001035683,75.));
#12130=CARTESIAN_POINT('',(4.5,25.000000372529,73.0000010877848));
#12131=CARTESIAN_POINT('',(3.,28.4641001035683,75.));
#12132=CARTESIAN_POINT('Origin',(3.,21.5359006414898,75.));
#12133=CARTESIAN_POINT('',(3.,75.,75.));
#12134=CARTESIAN_POINT('',(4.5,75.,75.));
#12135=CARTESIAN_POINT('Origin',(3.,55.0000008195639,35.0000009983778));
#12136=CARTESIAN_POINT('',(3.,55.0000008195639,35.0000009983778));
#12137=CARTESIAN_POINT('',(3.,59.33012790301,32.5000009611249));
#12138=CARTESIAN_POINT('',(3.,59.33012790301,32.5000009611249));
#12139=CARTESIAN_POINT('',(4.5,59.33012790301,32.5000009611249));
#12140=CARTESIAN_POINT('',(3.,59.33012790301,32.5000009611249));
#12141=CARTESIAN_POINT('',(4.5,55.0000008195639,35.0000009983778));
#12142=CARTESIAN_POINT('',(4.5,59.33012790301,32.5000009611249));
#12143=CARTESIAN_POINT('',(3.,55.0000008195639,35.0000009983778));
#12144=CARTESIAN_POINT('Origin',(3.,50.6698737361178,32.5000009611249));
#12145=CARTESIAN_POINT('',(3.,50.6698737361178,32.5000009611249));
#12146=CARTESIAN_POINT('',(3.,55.0000008195639,35.0000009983778));
#12147=CARTESIAN_POINT('',(4.5,50.6698737361178,32.5000009611249));
#12148=CARTESIAN_POINT('',(4.5,55.0000008195639,35.0000009983778));
#12149=CARTESIAN_POINT('',(3.,50.6698737361178,32.5000009611249));
#12150=CARTESIAN_POINT('Origin',(3.,50.6698737361178,27.5000008866191));
#12151=CARTESIAN_POINT('',(3.,50.6698737361178,27.5000008866191));
#12152=CARTESIAN_POINT('',(3.,50.6698737361178,32.5000009611249));
#12153=CARTESIAN_POINT('',(4.5,50.6698737361178,27.5000008866191));
#12154=CARTESIAN_POINT('',(4.5,50.6698737361178,32.5000009611249));
#12155=CARTESIAN_POINT('',(3.,50.6698737361178,27.5000008866191));
#12156=CARTESIAN_POINT('Origin',(3.,55.0000008195639,25.0000008493662));
#12157=CARTESIAN_POINT('',(3.,55.0000008195639,25.0000008493662));
#12158=CARTESIAN_POINT('',(3.,50.6698737361178,27.5000008866191));
#12159=CARTESIAN_POINT('',(4.5,55.0000008195639,25.0000008493662));
#12160=CARTESIAN_POINT('',(4.5,50.6698737361178,27.5000008866191));
#12161=CARTESIAN_POINT('',(3.,55.0000008195639,25.0000008493662));
#12162=CARTESIAN_POINT('Origin',(3.,59.33012790301,27.5000008866191));
#12163=CARTESIAN_POINT('',(3.,59.33012790301,27.5000008866191));
#12164=CARTESIAN_POINT('',(3.,55.0000008195639,25.0000008493662));
#12165=CARTESIAN_POINT('',(4.5,59.33012790301,27.5000008866191));
#12166=CARTESIAN_POINT('',(4.5,55.0000008195639,25.0000008493662));
#12167=CARTESIAN_POINT('',(3.,59.33012790301,27.5000008866191));
#12168=CARTESIAN_POINT('Origin',(3.,59.33012790301,32.5000009611249));
#12169=CARTESIAN_POINT('',(3.,59.33012790301,27.5000008866191));
#12170=CARTESIAN_POINT('',(4.5,59.33012790301,27.5000008866191));
#12171=CARTESIAN_POINT('Origin',(3.,60.6698738851294,64.5000009611249));
#12172=CARTESIAN_POINT('',(3.,60.6698738851294,64.5000009611249));
#12173=CARTESIAN_POINT('',(3.,65.0000009685755,67.0000009983778));
#12174=CARTESIAN_POINT('',(3.,65.0000009685755,67.0000009983778));
#12175=CARTESIAN_POINT('',(4.5,65.0000009685755,67.0000009983778));
#12176=CARTESIAN_POINT('',(3.,65.0000009685755,67.0000009983778));
#12177=CARTESIAN_POINT('',(4.5,60.6698738851294,64.5000009611249));
#12178=CARTESIAN_POINT('',(4.5,65.0000009685755,67.0000009983778));
#12179=CARTESIAN_POINT('',(3.,60.6698738851294,64.5000009611249));
#12180=CARTESIAN_POINT('Origin',(3.,60.6698738851294,59.5000008866191));
#12181=CARTESIAN_POINT('',(3.,60.6698738851294,59.5000008866191));
#12182=CARTESIAN_POINT('',(3.,60.6698738851294,64.5000009611249));
#12183=CARTESIAN_POINT('',(4.5,60.6698738851294,59.5000008866191));
#12184=CARTESIAN_POINT('',(4.5,60.6698738851294,64.5000009611249));
#12185=CARTESIAN_POINT('',(3.,60.6698738851294,59.5000008866191));
#12186=CARTESIAN_POINT('Origin',(3.,65.0000009685755,57.0000008493662));
#12187=CARTESIAN_POINT('',(3.,65.0000009685755,57.0000008493662));
#12188=CARTESIAN_POINT('',(3.,60.6698738851294,59.5000008866191));
#12189=CARTESIAN_POINT('',(4.5,65.0000009685755,57.0000008493662));
#12190=CARTESIAN_POINT('',(4.5,60.6698738851294,59.5000008866191));
#12191=CARTESIAN_POINT('',(3.,65.0000009685755,57.0000008493662));
#12192=CARTESIAN_POINT('Origin',(3.,69.3301280520216,59.5000008866191));
#12193=CARTESIAN_POINT('',(3.,69.3301280520216,59.5000008866191));
#12194=CARTESIAN_POINT('',(3.,65.0000009685755,57.0000008493662));
#12195=CARTESIAN_POINT('',(4.5,69.3301280520216,59.5000008866191));
#12196=CARTESIAN_POINT('',(4.5,65.0000009685755,57.0000008493662));
#12197=CARTESIAN_POINT('',(3.,69.3301280520216,59.5000008866191));
#12198=CARTESIAN_POINT('Origin',(3.,69.3301280520216,64.5000009611249));
#12199=CARTESIAN_POINT('',(3.,69.3301280520216,64.5000009611249));
#12200=CARTESIAN_POINT('',(3.,69.3301280520216,59.5000008866191));
#12201=CARTESIAN_POINT('',(4.5,69.3301280520216,64.5000009611249));
#12202=CARTESIAN_POINT('',(4.5,69.3301280520216,59.5000008866191));
#12203=CARTESIAN_POINT('',(3.,69.3301280520216,64.5000009611249));
#12204=CARTESIAN_POINT('Origin',(3.,65.0000009685755,67.0000009983778));
#12205=CARTESIAN_POINT('',(3.,69.3301280520216,64.5000009611249));
#12206=CARTESIAN_POINT('',(4.5,69.3301280520216,64.5000009611249));
#12207=CARTESIAN_POINT('Origin',(3.,49.3301277539984,32.5000009611249));
#12208=CARTESIAN_POINT('',(3.,49.3301277539984,32.5000009611249));
#12209=CARTESIAN_POINT('',(3.,49.3301277539984,27.5000008866191));
#12210=CARTESIAN_POINT('',(3.,49.3301277539984,27.5000008866191));
#12211=CARTESIAN_POINT('',(4.5,49.3301277539984,27.5000008866191));
#12212=CARTESIAN_POINT('',(3.,49.3301277539984,27.5000008866191));
#12213=CARTESIAN_POINT('',(4.5,49.3301277539984,32.5000009611249));
#12214=CARTESIAN_POINT('',(4.5,49.3301277539984,27.5000008866191));
#12215=CARTESIAN_POINT('',(3.,49.3301277539984,32.5000009611249));
#12216=CARTESIAN_POINT('Origin',(3.,45.0000006705523,35.0000009983778));
#12217=CARTESIAN_POINT('',(3.,45.0000006705523,35.0000009983778));
#12218=CARTESIAN_POINT('',(3.,49.3301277539984,32.5000009611249));
#12219=CARTESIAN_POINT('',(4.5,45.0000006705523,35.0000009983778));
#12220=CARTESIAN_POINT('',(4.5,49.3301277539984,32.5000009611249));
#12221=CARTESIAN_POINT('',(3.,45.0000006705523,35.0000009983778));
#12222=CARTESIAN_POINT('Origin',(3.,40.6698735871061,32.5000009611249));
#12223=CARTESIAN_POINT('',(3.,40.6698735871061,32.5000009611249));
#12224=CARTESIAN_POINT('',(3.,45.0000006705523,35.0000009983778));
#12225=CARTESIAN_POINT('',(4.5,40.6698735871061,32.5000009611249));
#12226=CARTESIAN_POINT('',(4.5,45.0000006705523,35.0000009983778));
#12227=CARTESIAN_POINT('',(3.,40.6698735871061,32.5000009611249));
#12228=CARTESIAN_POINT('Origin',(3.,40.6698735871061,27.5000008866191));
#12229=CARTESIAN_POINT('',(3.,40.6698735871061,27.5000008866191));
#12230=CARTESIAN_POINT('',(3.,40.6698735871061,32.5000009611249));
#12231=CARTESIAN_POINT('',(4.5,40.6698735871061,27.5000008866191));
#12232=CARTESIAN_POINT('',(4.5,40.6698735871061,32.5000009611249));
#12233=CARTESIAN_POINT('',(3.,40.6698735871061,27.5000008866191));
#12234=CARTESIAN_POINT('Origin',(3.,45.0000006705523,25.0000008493662));
#12235=CARTESIAN_POINT('',(3.,45.0000006705523,25.0000008493662));
#12236=CARTESIAN_POINT('',(3.,40.6698735871061,27.5000008866191));
#12237=CARTESIAN_POINT('',(4.5,45.0000006705523,25.0000008493662));
#12238=CARTESIAN_POINT('',(4.5,40.6698735871061,27.5000008866191));
#12239=CARTESIAN_POINT('',(3.,45.0000006705523,25.0000008493662));
#12240=CARTESIAN_POINT('Origin',(3.,49.3301277539984,27.5000008866191));
#12241=CARTESIAN_POINT('',(3.,45.0000006705523,25.0000008493662));
#12242=CARTESIAN_POINT('',(4.5,45.0000006705523,25.0000008493662));
#12243=CARTESIAN_POINT('Origin',(3.,54.3301268606454,24.5000005215406));
#12244=CARTESIAN_POINT('',(3.,54.3301268606454,24.5000005215406));
#12245=CARTESIAN_POINT('',(3.,54.3301268606454,19.5000015646219));
#12246=CARTESIAN_POINT('',(3.,54.3301268606454,19.5000015646219));
#12247=CARTESIAN_POINT('',(4.5,54.3301268606454,19.5000015646219));
#12248=CARTESIAN_POINT('',(3.,54.3301268606454,19.5000015646219));
#12249=CARTESIAN_POINT('',(4.5,54.3301268606454,24.5000005215406));
#12250=CARTESIAN_POINT('',(4.5,54.3301268606454,19.5000015646219));
#12251=CARTESIAN_POINT('',(3.,54.3301268606454,24.5000005215406));
#12252=CARTESIAN_POINT('Origin',(3.,50.0000007450581,27.));
#12253=CARTESIAN_POINT('',(3.,50.0000007450581,27.));
#12254=CARTESIAN_POINT('',(3.,54.3301268606454,24.5000005215406));
#12255=CARTESIAN_POINT('',(4.5,50.0000007450581,27.));
#12256=CARTESIAN_POINT('',(4.5,54.3301268606454,24.5000005215406));
#12257=CARTESIAN_POINT('',(3.,50.0000007450581,27.));
#12258=CARTESIAN_POINT('Origin',(3.,45.6698746294708,24.5000005215406));
#12259=CARTESIAN_POINT('',(3.,45.6698746294708,24.5000005215406));
#12260=CARTESIAN_POINT('',(3.,50.0000007450581,27.));
#12261=CARTESIAN_POINT('',(4.5,45.6698746294708,24.5000005215406));
#12262=CARTESIAN_POINT('',(4.5,50.0000007450581,27.));
#12263=CARTESIAN_POINT('',(3.,45.6698746294708,24.5000005215406));
#12264=CARTESIAN_POINT('Origin',(3.,45.6698746294708,19.5000015646219));
#12265=CARTESIAN_POINT('',(3.,45.6698746294708,19.5000015646219));
#12266=CARTESIAN_POINT('',(3.,45.6698746294708,24.5000005215406));
#12267=CARTESIAN_POINT('',(4.5,45.6698746294708,19.5000015646219));
#12268=CARTESIAN_POINT('',(4.5,45.6698746294708,24.5000005215406));
#12269=CARTESIAN_POINT('',(3.,45.6698746294708,19.5000015646219));
#12270=CARTESIAN_POINT('Origin',(3.,50.0000007450581,17.0000020861626));
#12271=CARTESIAN_POINT('',(3.,50.0000007450581,17.0000020861626));
#12272=CARTESIAN_POINT('',(3.,45.6698746294708,19.5000015646219));
#12273=CARTESIAN_POINT('',(4.5,50.0000007450581,17.0000020861626));
#12274=CARTESIAN_POINT('',(4.5,45.6698746294708,19.5000015646219));
#12275=CARTESIAN_POINT('',(3.,50.0000007450581,17.0000020861626));
#12276=CARTESIAN_POINT('Origin',(3.,54.3301268606454,19.5000015646219));
#12277=CARTESIAN_POINT('',(3.,50.0000007450581,17.0000020861626));
#12278=CARTESIAN_POINT('',(4.5,50.0000007450581,17.0000020861626));
#12279=CARTESIAN_POINT('Origin',(3.,54.3301268606454,8.50000052154064));
#12280=CARTESIAN_POINT('',(3.,54.3301268606454,8.50000052154064));
#12281=CARTESIAN_POINT('',(3.,54.3301268606454,5.));
#12282=CARTESIAN_POINT('',(3.,54.3301268606454,3.50000156462192));
#12283=CARTESIAN_POINT('',(4.5,54.3301268606454,5.));
#12284=CARTESIAN_POINT('',(3.,54.3301268606454,5.));
#12285=CARTESIAN_POINT('',(4.5,54.3301268606454,8.50000052154064));
#12286=CARTESIAN_POINT('',(4.5,54.3301268606454,3.50000156462192));
#12287=CARTESIAN_POINT('',(3.,54.3301268606454,8.50000052154064));
#12288=CARTESIAN_POINT('Origin',(3.,50.0000007450581,11.));
#12289=CARTESIAN_POINT('',(3.,50.0000007450581,11.));
#12290=CARTESIAN_POINT('',(3.,54.3301268606454,8.50000052154064));
#12291=CARTESIAN_POINT('',(4.5,50.0000007450581,11.));
#12292=CARTESIAN_POINT('',(4.5,54.3301268606454,8.50000052154064));
#12293=CARTESIAN_POINT('',(3.,50.0000007450581,11.));
#12294=CARTESIAN_POINT('Origin',(3.,45.6698746294708,8.50000052154064));
#12295=CARTESIAN_POINT('',(3.,45.6698746294708,8.50000052154064));
#12296=CARTESIAN_POINT('',(3.,50.0000007450581,11.));
#12297=CARTESIAN_POINT('',(4.5,45.6698746294708,8.50000052154064));
#12298=CARTESIAN_POINT('',(4.5,50.0000007450581,11.));
#12299=CARTESIAN_POINT('',(3.,45.6698746294708,8.50000052154064));
#12300=CARTESIAN_POINT('Origin',(3.,45.6698746294708,5.));
#12301=CARTESIAN_POINT('',(3.,45.6698746294708,5.));
#12302=CARTESIAN_POINT('',(3.,45.6698746294708,8.50000052154064));
#12303=CARTESIAN_POINT('',(4.5,45.6698746294708,5.));
#12304=CARTESIAN_POINT('',(4.5,45.6698746294708,8.50000052154064));
#12305=CARTESIAN_POINT('',(3.,45.6698746294708,5.));
#12306=CARTESIAN_POINT('Origin',(3.,54.3301268606454,5.));
#12307=CARTESIAN_POINT('',(3.,5.,5.));
#12308=CARTESIAN_POINT('',(4.5,5.,5.));
#12309=CARTESIAN_POINT('Origin',(3.,40.,59.));
#12310=CARTESIAN_POINT('',(3.,40.,59.));
#12311=CARTESIAN_POINT('',(3.,44.3301261155873,56.5000005215406));
#12312=CARTESIAN_POINT('',(3.,44.3301261155873,56.5000005215406));
#12313=CARTESIAN_POINT('',(4.5,44.3301261155873,56.5000005215406));
#12314=CARTESIAN_POINT('',(3.,44.3301261155873,56.5000005215406));
#12315=CARTESIAN_POINT('',(4.5,40.,59.));
#12316=CARTESIAN_POINT('',(4.5,44.3301261155873,56.5000005215406));
#12317=CARTESIAN_POINT('',(3.,40.,59.));
#12318=CARTESIAN_POINT('Origin',(3.,35.6698738844127,56.5000005215406));
#12319=CARTESIAN_POINT('',(3.,35.6698738844127,56.5000005215406));
#12320=CARTESIAN_POINT('',(3.,40.,59.));
#12321=CARTESIAN_POINT('',(4.5,35.6698738844127,56.5000005215406));
#12322=CARTESIAN_POINT('',(4.5,40.,59.));
#12323=CARTESIAN_POINT('',(3.,35.6698738844127,56.5000005215406));
#12324=CARTESIAN_POINT('Origin',(3.,35.6698738844127,51.5000015646219));
#12325=CARTESIAN_POINT('',(3.,35.6698738844127,51.5000015646219));
#12326=CARTESIAN_POINT('',(3.,35.6698738844127,56.5000005215406));
#12327=CARTESIAN_POINT('',(4.5,35.6698738844127,51.5000015646219));
#12328=CARTESIAN_POINT('',(4.5,35.6698738844127,56.5000005215406));
#12329=CARTESIAN_POINT('',(3.,35.6698738844127,51.5000015646219));
#12330=CARTESIAN_POINT('Origin',(3.,40.,49.0000020861626));
#12331=CARTESIAN_POINT('',(3.,40.,49.0000020861626));
#12332=CARTESIAN_POINT('',(3.,35.6698738844127,51.5000015646219));
#12333=CARTESIAN_POINT('',(4.5,40.,49.0000020861626));
#12334=CARTESIAN_POINT('',(4.5,35.6698738844127,51.5000015646219));
#12335=CARTESIAN_POINT('',(3.,40.,49.0000020861626));
#12336=CARTESIAN_POINT('Origin',(3.,44.3301261155873,51.5000015646219));
#12337=CARTESIAN_POINT('',(3.,44.3301261155873,51.5000015646219));
#12338=CARTESIAN_POINT('',(3.,40.,49.0000020861626));
#12339=CARTESIAN_POINT('',(4.5,44.3301261155873,51.5000015646219));
#12340=CARTESIAN_POINT('',(4.5,40.,49.0000020861626));
#12341=CARTESIAN_POINT('',(3.,44.3301261155873,51.5000015646219));
#12342=CARTESIAN_POINT('Origin',(3.,44.3301261155873,56.5000005215406));
#12343=CARTESIAN_POINT('',(3.,44.3301261155873,51.5000015646219));
#12344=CARTESIAN_POINT('',(4.5,44.3301261155873,51.5000015646219));
#12345=CARTESIAN_POINT('Origin',(3.,15.0000002235174,73.0000010877848));
#12346=CARTESIAN_POINT('',(3.,15.0000002235174,73.0000010877848));
#12347=CARTESIAN_POINT('',(3.,11.5359004924782,75.));
#12348=CARTESIAN_POINT('',(3.,10.6698731400713,75.5000011250377));
#12349=CARTESIAN_POINT('',(4.5,11.5359004924782,75.));
#12350=CARTESIAN_POINT('',(3.,11.5359004924782,75.));
#12351=CARTESIAN_POINT('',(4.5,15.0000002235174,73.0000010877848));
#12352=CARTESIAN_POINT('',(4.5,10.6698731400713,75.5000011250377));
#12353=CARTESIAN_POINT('',(3.,15.0000002235174,73.0000010877848));
#12354=CARTESIAN_POINT('Origin',(3.,18.4640999545567,75.));
#12355=CARTESIAN_POINT('',(3.,18.4640999545567,75.));
#12356=CARTESIAN_POINT('',(3.,15.0000002235174,73.0000010877848));
#12357=CARTESIAN_POINT('',(4.5,18.4640999545567,75.));
#12358=CARTESIAN_POINT('',(4.5,15.0000002235174,73.0000010877848));
#12359=CARTESIAN_POINT('',(3.,18.4640999545567,75.));
#12360=CARTESIAN_POINT('Origin',(3.,11.5359004924782,75.));
#12361=CARTESIAN_POINT('',(3.,75.,75.));
#12362=CARTESIAN_POINT('',(4.5,75.,75.));
#12363=CARTESIAN_POINT('Origin',(3.,34.3301265626221,8.50000052154064));
#12364=CARTESIAN_POINT('',(3.,34.3301265626221,8.50000052154064));
#12365=CARTESIAN_POINT('',(3.,34.3301265626221,5.));
#12366=CARTESIAN_POINT('',(3.,34.3301265626221,3.50000156462192));
#12367=CARTESIAN_POINT('',(4.5,34.3301265626221,5.));
#12368=CARTESIAN_POINT('',(3.,34.3301265626221,5.));
#12369=CARTESIAN_POINT('',(4.5,34.3301265626221,8.50000052154064));
#12370=CARTESIAN_POINT('',(4.5,34.3301265626221,3.50000156462192));
#12371=CARTESIAN_POINT('',(3.,34.3301265626221,8.50000052154064));
#12372=CARTESIAN_POINT('Origin',(3.,30.0000004470348,11.));
#12373=CARTESIAN_POINT('',(3.,30.0000004470348,11.));
#12374=CARTESIAN_POINT('',(3.,34.3301265626221,8.50000052154064));
#12375=CARTESIAN_POINT('',(4.5,30.0000004470348,11.));
#12376=CARTESIAN_POINT('',(4.5,34.3301265626221,8.50000052154064));
#12377=CARTESIAN_POINT('',(3.,30.0000004470348,11.));
#12378=CARTESIAN_POINT('Origin',(3.,25.6698743314475,8.50000052154064));
#12379=CARTESIAN_POINT('',(3.,25.6698743314475,8.50000052154064));
#12380=CARTESIAN_POINT('',(3.,30.0000004470348,11.));
#12381=CARTESIAN_POINT('',(4.5,25.6698743314475,8.50000052154064));
#12382=CARTESIAN_POINT('',(4.5,30.0000004470348,11.));
#12383=CARTESIAN_POINT('',(3.,25.6698743314475,8.50000052154064));
#12384=CARTESIAN_POINT('Origin',(3.,25.6698743314475,5.));
#12385=CARTESIAN_POINT('',(3.,25.6698743314475,5.));
#12386=CARTESIAN_POINT('',(3.,25.6698743314475,8.50000052154064));
#12387=CARTESIAN_POINT('',(4.5,25.6698743314475,5.));
#12388=CARTESIAN_POINT('',(4.5,25.6698743314475,8.50000052154064));
#12389=CARTESIAN_POINT('',(3.,25.6698743314475,5.));
#12390=CARTESIAN_POINT('Origin',(3.,34.3301265626221,5.));
#12391=CARTESIAN_POINT('',(3.,5.,5.));
#12392=CARTESIAN_POINT('',(4.5,5.,5.));
#12393=CARTESIAN_POINT('Origin',(3.,20.6698732890829,64.5000009611249));
#12394=CARTESIAN_POINT('',(3.,20.6698732890829,64.5000009611249));
#12395=CARTESIAN_POINT('',(3.,25.000000372529,67.0000009983778));
#12396=CARTESIAN_POINT('',(3.,25.000000372529,67.0000009983778));
#12397=CARTESIAN_POINT('',(4.5,25.000000372529,67.0000009983778));
#12398=CARTESIAN_POINT('',(3.,25.000000372529,67.0000009983778));
#12399=CARTESIAN_POINT('',(4.5,20.6698732890829,64.5000009611249));
#12400=CARTESIAN_POINT('',(4.5,25.000000372529,67.0000009983778));
#12401=CARTESIAN_POINT('',(3.,20.6698732890829,64.5000009611249));
#12402=CARTESIAN_POINT('Origin',(3.,20.6698732890829,59.5000008866191));
#12403=CARTESIAN_POINT('',(3.,20.6698732890829,59.5000008866191));
#12404=CARTESIAN_POINT('',(3.,20.6698732890829,64.5000009611249));
#12405=CARTESIAN_POINT('',(4.5,20.6698732890829,59.5000008866191));
#12406=CARTESIAN_POINT('',(4.5,20.6698732890829,64.5000009611249));
#12407=CARTESIAN_POINT('',(3.,20.6698732890829,59.5000008866191));
#12408=CARTESIAN_POINT('Origin',(3.,25.000000372529,57.0000008493662));
#12409=CARTESIAN_POINT('',(3.,25.000000372529,57.0000008493662));
#12410=CARTESIAN_POINT('',(3.,20.6698732890829,59.5000008866191));
#12411=CARTESIAN_POINT('',(4.5,25.000000372529,57.0000008493662));
#12412=CARTESIAN_POINT('',(4.5,20.6698732890829,59.5000008866191));
#12413=CARTESIAN_POINT('',(3.,25.000000372529,57.0000008493662));
#12414=CARTESIAN_POINT('Origin',(3.,29.3301274559751,59.5000008866191));
#12415=CARTESIAN_POINT('',(3.,29.3301274559751,59.5000008866191));
#12416=CARTESIAN_POINT('',(3.,25.000000372529,57.0000008493662));
#12417=CARTESIAN_POINT('',(4.5,29.3301274559751,59.5000008866191));
#12418=CARTESIAN_POINT('',(4.5,25.000000372529,57.0000008493662));
#12419=CARTESIAN_POINT('',(3.,29.3301274559751,59.5000008866191));
#12420=CARTESIAN_POINT('Origin',(3.,29.3301274559751,64.5000009611249));
#12421=CARTESIAN_POINT('',(3.,29.3301274559751,64.5000009611249));
#12422=CARTESIAN_POINT('',(3.,29.3301274559751,59.5000008866191));
#12423=CARTESIAN_POINT('',(4.5,29.3301274559751,64.5000009611249));
#12424=CARTESIAN_POINT('',(4.5,29.3301274559751,59.5000008866191));
#12425=CARTESIAN_POINT('',(3.,29.3301274559751,64.5000009611249));
#12426=CARTESIAN_POINT('Origin',(3.,25.000000372529,67.0000009983778));
#12427=CARTESIAN_POINT('',(3.,29.3301274559751,64.5000009611249));
#12428=CARTESIAN_POINT('',(4.5,29.3301274559751,64.5000009611249));
#12429=CARTESIAN_POINT('Origin',(3.,40.6698735871061,64.5000009611249));
#12430=CARTESIAN_POINT('',(3.,40.6698735871061,64.5000009611249));
#12431=CARTESIAN_POINT('',(3.,45.0000006705523,67.0000009983778));
#12432=CARTESIAN_POINT('',(3.,45.0000006705523,67.0000009983778));
#12433=CARTESIAN_POINT('',(4.5,45.0000006705523,67.0000009983778));
#12434=CARTESIAN_POINT('',(3.,45.0000006705523,67.0000009983778));
#12435=CARTESIAN_POINT('',(4.5,40.6698735871061,64.5000009611249));
#12436=CARTESIAN_POINT('',(4.5,45.0000006705523,67.0000009983778));
#12437=CARTESIAN_POINT('',(3.,40.6698735871061,64.5000009611249));
#12438=CARTESIAN_POINT('Origin',(3.,40.6698735871061,59.5000008866191));
#12439=CARTESIAN_POINT('',(3.,40.6698735871061,59.5000008866191));
#12440=CARTESIAN_POINT('',(3.,40.6698735871061,64.5000009611249));
#12441=CARTESIAN_POINT('',(4.5,40.6698735871061,59.5000008866191));
#12442=CARTESIAN_POINT('',(4.5,40.6698735871061,64.5000009611249));
#12443=CARTESIAN_POINT('',(3.,40.6698735871061,59.5000008866191));
#12444=CARTESIAN_POINT('Origin',(3.,45.0000006705523,57.0000008493662));
#12445=CARTESIAN_POINT('',(3.,45.0000006705523,57.0000008493662));
#12446=CARTESIAN_POINT('',(3.,40.6698735871061,59.5000008866191));
#12447=CARTESIAN_POINT('',(4.5,45.0000006705523,57.0000008493662));
#12448=CARTESIAN_POINT('',(4.5,40.6698735871061,59.5000008866191));
#12449=CARTESIAN_POINT('',(3.,45.0000006705523,57.0000008493662));
#12450=CARTESIAN_POINT('Origin',(3.,49.3301277539984,59.5000008866191));
#12451=CARTESIAN_POINT('',(3.,49.3301277539984,59.5000008866191));
#12452=CARTESIAN_POINT('',(3.,45.0000006705523,57.0000008493662));
#12453=CARTESIAN_POINT('',(4.5,49.3301277539984,59.5000008866191));
#12454=CARTESIAN_POINT('',(4.5,45.0000006705523,57.0000008493662));
#12455=CARTESIAN_POINT('',(3.,49.3301277539984,59.5000008866191));
#12456=CARTESIAN_POINT('Origin',(3.,49.3301277539984,64.5000009611249));
#12457=CARTESIAN_POINT('',(3.,49.3301277539984,64.5000009611249));
#12458=CARTESIAN_POINT('',(3.,49.3301277539984,59.5000008866191));
#12459=CARTESIAN_POINT('',(4.5,49.3301277539984,64.5000009611249));
#12460=CARTESIAN_POINT('',(4.5,49.3301277539984,59.5000008866191));
#12461=CARTESIAN_POINT('',(3.,49.3301277539984,64.5000009611249));
#12462=CARTESIAN_POINT('Origin',(3.,45.0000006705523,67.0000009983778));
#12463=CARTESIAN_POINT('',(3.,49.3301277539984,64.5000009611249));
#12464=CARTESIAN_POINT('',(4.5,49.3301277539984,64.5000009611249));
#12465=CARTESIAN_POINT('Origin',(3.,5.,57.0000008493662));
#12466=CARTESIAN_POINT('',(3.,5.00000007450581,57.0000008493662));
#12467=CARTESIAN_POINT('',(3.,5.00000007450581,67.0000009983778));
#12468=CARTESIAN_POINT('',(3.,5.,75.));
#12469=CARTESIAN_POINT('',(4.5,5.00000007450581,67.0000009983778));
#12470=CARTESIAN_POINT('',(3.,5.00000007450581,67.0000009983778));
#12471=CARTESIAN_POINT('',(4.5,5.00000007450581,57.0000008493662));
#12472=CARTESIAN_POINT('',(4.5,5.,75.));
#12473=CARTESIAN_POINT('',(3.,5.00000007450581,57.0000008493662));
#12474=CARTESIAN_POINT('Origin',(3.,9.33012715795192,59.5000008866191));
#12475=CARTESIAN_POINT('',(3.,9.33012715795192,59.5000008866191));
#12476=CARTESIAN_POINT('',(3.,5.00000007450581,57.0000008493662));
#12477=CARTESIAN_POINT('',(4.5,9.33012715795192,59.5000008866191));
#12478=CARTESIAN_POINT('',(4.5,5.00000007450581,57.0000008493662));
#12479=CARTESIAN_POINT('',(3.,9.33012715795192,59.5000008866191));
#12480=CARTESIAN_POINT('Origin',(3.,9.33012715795192,64.5000009611249));
#12481=CARTESIAN_POINT('',(3.,9.33012715795192,64.5000009611249));
#12482=CARTESIAN_POINT('',(3.,9.33012715795192,59.5000008866191));
#12483=CARTESIAN_POINT('',(4.5,9.33012715795192,64.5000009611249));
#12484=CARTESIAN_POINT('',(4.5,9.33012715795192,59.5000008866191));
#12485=CARTESIAN_POINT('',(3.,9.33012715795192,64.5000009611249));
#12486=CARTESIAN_POINT('Origin',(3.,5.00000007450581,67.0000009983778));
#12487=CARTESIAN_POINT('',(3.,9.33012715795192,64.5000009611249));
#12488=CARTESIAN_POINT('',(4.5,9.33012715795192,64.5000009611249));
#12489=CARTESIAN_POINT('Origin',(3.,5.66987403342431,51.5000015646219));
#12490=CARTESIAN_POINT('',(3.,5.66987403342431,51.5000015646219));
#12491=CARTESIAN_POINT('',(3.,5.66987403342431,56.5000005215406));
#12492=CARTESIAN_POINT('',(3.,5.66987403342431,56.5000005215406));
#12493=CARTESIAN_POINT('',(4.5,5.66987403342431,56.5000005215406));
#12494=CARTESIAN_POINT('',(3.,5.66987403342431,56.5000005215406));
#12495=CARTESIAN_POINT('',(4.5,5.66987403342431,51.5000015646219));
#12496=CARTESIAN_POINT('',(4.5,5.66987403342431,56.5000005215406));
#12497=CARTESIAN_POINT('',(3.,5.66987403342431,51.5000015646219));
#12498=CARTESIAN_POINT('Origin',(3.,10.0000001490116,49.0000020861626));
#12499=CARTESIAN_POINT('',(3.,10.0000001490116,49.0000020861626));
#12500=CARTESIAN_POINT('',(3.,5.66987403342431,51.5000015646219));
#12501=CARTESIAN_POINT('',(4.5,10.0000001490116,49.0000020861626));
#12502=CARTESIAN_POINT('',(4.5,5.66987403342431,51.5000015646219));
#12503=CARTESIAN_POINT('',(3.,10.0000001490116,49.0000020861626));
#12504=CARTESIAN_POINT('Origin',(3.,14.3301262645989,51.5000015646219));
#12505=CARTESIAN_POINT('',(3.,14.3301262645989,51.5000015646219));
#12506=CARTESIAN_POINT('',(3.,10.0000001490116,49.0000020861626));
#12507=CARTESIAN_POINT('',(4.5,14.3301262645989,51.5000015646219));
#12508=CARTESIAN_POINT('',(4.5,10.0000001490116,49.0000020861626));
#12509=CARTESIAN_POINT('',(3.,14.3301262645989,51.5000015646219));
#12510=CARTESIAN_POINT('Origin',(3.,14.3301262645989,56.5000005215406));
#12511=CARTESIAN_POINT('',(3.,14.3301262645989,56.5000005215406));
#12512=CARTESIAN_POINT('',(3.,14.3301262645989,51.5000015646219));
#12513=CARTESIAN_POINT('',(4.5,14.3301262645989,56.5000005215406));
#12514=CARTESIAN_POINT('',(4.5,14.3301262645989,51.5000015646219));
#12515=CARTESIAN_POINT('',(3.,14.3301262645989,56.5000005215406));
#12516=CARTESIAN_POINT('Origin',(3.,10.0000001490116,59.));
#12517=CARTESIAN_POINT('',(3.,10.0000001490116,59.));
#12518=CARTESIAN_POINT('',(3.,14.3301262645989,56.5000005215406));
#12519=CARTESIAN_POINT('',(4.5,10.0000001490116,59.));
#12520=CARTESIAN_POINT('',(4.5,14.3301262645989,56.5000005215406));
#12521=CARTESIAN_POINT('',(3.,10.0000001490116,59.));
#12522=CARTESIAN_POINT('Origin',(3.,5.66987403342431,56.5000005215406));
#12523=CARTESIAN_POINT('',(3.,10.0000001490116,59.));
#12524=CARTESIAN_POINT('',(4.5,10.0000001490116,59.));
#12525=CARTESIAN_POINT('Origin',(3.,60.6698738851294,27.5000008866191));
#12526=CARTESIAN_POINT('',(3.,60.6698738851294,27.5000008866191));
#12527=CARTESIAN_POINT('',(3.,60.6698738851294,32.5000009611249));
#12528=CARTESIAN_POINT('',(3.,60.6698738851294,32.5000009611249));
#12529=CARTESIAN_POINT('',(4.5,60.6698738851294,32.5000009611249));
#12530=CARTESIAN_POINT('',(3.,60.6698738851294,32.5000009611249));
#12531=CARTESIAN_POINT('',(4.5,60.6698738851294,27.5000008866191));
#12532=CARTESIAN_POINT('',(4.5,60.6698738851294,32.5000009611249));
#12533=CARTESIAN_POINT('',(3.,60.6698738851294,27.5000008866191));
#12534=CARTESIAN_POINT('Origin',(3.,65.0000009685755,25.0000008493662));
#12535=CARTESIAN_POINT('',(3.,65.0000009685755,25.0000008493662));
#12536=CARTESIAN_POINT('',(3.,60.6698738851294,27.5000008866191));
#12537=CARTESIAN_POINT('',(4.5,65.0000009685755,25.0000008493662));
#12538=CARTESIAN_POINT('',(4.5,60.6698738851294,27.5000008866191));
#12539=CARTESIAN_POINT('',(3.,65.0000009685755,25.0000008493662));
#12540=CARTESIAN_POINT('Origin',(3.,69.3301280520216,27.5000008866191));
#12541=CARTESIAN_POINT('',(3.,69.3301280520216,27.5000008866191));
#12542=CARTESIAN_POINT('',(3.,65.0000009685755,25.0000008493662));
#12543=CARTESIAN_POINT('',(4.5,69.3301280520216,27.5000008866191));
#12544=CARTESIAN_POINT('',(4.5,65.0000009685755,25.0000008493662));
#12545=CARTESIAN_POINT('',(3.,69.3301280520216,27.5000008866191));
#12546=CARTESIAN_POINT('Origin',(3.,69.3301280520216,32.5000009611249));
#12547=CARTESIAN_POINT('',(3.,69.3301280520216,32.5000009611249));
#12548=CARTESIAN_POINT('',(3.,69.3301280520216,27.5000008866191));
#12549=CARTESIAN_POINT('',(4.5,69.3301280520216,32.5000009611249));
#12550=CARTESIAN_POINT('',(4.5,69.3301280520216,27.5000008866191));
#12551=CARTESIAN_POINT('',(3.,69.3301280520216,32.5000009611249));
#12552=CARTESIAN_POINT('Origin',(3.,65.0000009685755,35.0000009983778));
#12553=CARTESIAN_POINT('',(3.,65.0000009685755,35.0000009983778));
#12554=CARTESIAN_POINT('',(3.,69.3301280520216,32.5000009611249));
#12555=CARTESIAN_POINT('',(4.5,65.0000009685755,35.0000009983778));
#12556=CARTESIAN_POINT('',(4.5,69.3301280520216,32.5000009611249));
#12557=CARTESIAN_POINT('',(3.,65.0000009685755,35.0000009983778));
#12558=CARTESIAN_POINT('Origin',(3.,60.6698738851294,32.5000009611249));
#12559=CARTESIAN_POINT('',(3.,65.0000009685755,35.0000009983778));
#12560=CARTESIAN_POINT('',(4.5,65.0000009685755,35.0000009983778));
#12561=CARTESIAN_POINT('Origin',(3.,5.66987403342431,5.));
#12562=CARTESIAN_POINT('',(3.,5.66987403342431,5.));
#12563=CARTESIAN_POINT('',(3.,5.66987403342431,8.50000052154064));
#12564=CARTESIAN_POINT('',(3.,5.66987403342431,8.50000052154064));
#12565=CARTESIAN_POINT('',(4.5,5.66987403342431,8.50000052154064));
#12566=CARTESIAN_POINT('',(3.,5.66987403342431,8.50000052154064));
#12567=CARTESIAN_POINT('',(4.5,5.66987403342431,5.));
#12568=CARTESIAN_POINT('',(4.5,5.66987403342431,8.50000052154064));
#12569=CARTESIAN_POINT('',(3.,5.66987403342431,5.));
#12570=CARTESIAN_POINT('Origin',(3.,14.3301262645989,5.));
#12571=CARTESIAN_POINT('',(3.,14.3301262645989,5.));
#12572=CARTESIAN_POINT('',(3.,5.,5.));
#12573=CARTESIAN_POINT('',(4.5,14.3301262645989,5.));
#12574=CARTESIAN_POINT('',(4.5,5.,5.));
#12575=CARTESIAN_POINT('',(3.,14.3301262645989,5.));
#12576=CARTESIAN_POINT('Origin',(3.,14.3301262645989,8.50000052154064));
#12577=CARTESIAN_POINT('',(3.,14.3301262645989,8.50000052154064));
#12578=CARTESIAN_POINT('',(3.,14.3301262645989,3.50000156462192));
#12579=CARTESIAN_POINT('',(4.5,14.3301262645989,8.50000052154064));
#12580=CARTESIAN_POINT('',(4.5,14.3301262645989,3.50000156462192));
#12581=CARTESIAN_POINT('',(3.,14.3301262645989,8.50000052154064));
#12582=CARTESIAN_POINT('Origin',(3.,10.0000001490116,11.));
#12583=CARTESIAN_POINT('',(3.,10.0000001490116,11.));
#12584=CARTESIAN_POINT('',(3.,14.3301262645989,8.50000052154064));
#12585=CARTESIAN_POINT('',(4.5,10.0000001490116,11.));
#12586=CARTESIAN_POINT('',(4.5,14.3301262645989,8.50000052154064));
#12587=CARTESIAN_POINT('',(3.,10.0000001490116,11.));
#12588=CARTESIAN_POINT('Origin',(3.,5.66987403342431,8.50000052154064));
#12589=CARTESIAN_POINT('',(3.,10.0000001490116,11.));
#12590=CARTESIAN_POINT('',(4.5,10.0000001490116,11.));
#12591=CARTESIAN_POINT('Origin',(3.,60.0000008940697,43.));
#12592=CARTESIAN_POINT('',(3.,60.0000008940697,43.));
#12593=CARTESIAN_POINT('',(3.,64.330127009657,40.5000005215406));
#12594=CARTESIAN_POINT('',(3.,64.330127009657,40.5000005215406));
#12595=CARTESIAN_POINT('',(4.5,64.330127009657,40.5000005215406));
#12596=CARTESIAN_POINT('',(3.,64.330127009657,40.5000005215406));
#12597=CARTESIAN_POINT('',(4.5,60.0000008940697,43.));
#12598=CARTESIAN_POINT('',(4.5,64.330127009657,40.5000005215406));
#12599=CARTESIAN_POINT('',(3.,60.0000008940697,43.));
#12600=CARTESIAN_POINT('Origin',(3.,55.6698747784824,40.5000005215406));
#12601=CARTESIAN_POINT('',(3.,55.6698747784824,40.5000005215406));
#12602=CARTESIAN_POINT('',(3.,60.0000008940697,43.));
#12603=CARTESIAN_POINT('',(4.5,55.6698747784824,40.5000005215406));
#12604=CARTESIAN_POINT('',(4.5,60.0000008940697,43.));
#12605=CARTESIAN_POINT('',(3.,55.6698747784824,40.5000005215406));
#12606=CARTESIAN_POINT('Origin',(3.,55.6698747784824,35.5000015646219));
#12607=CARTESIAN_POINT('',(3.,55.6698747784824,35.5000015646219));
#12608=CARTESIAN_POINT('',(3.,55.6698747784824,40.5000005215406));
#12609=CARTESIAN_POINT('',(4.5,55.6698747784824,35.5000015646219));
#12610=CARTESIAN_POINT('',(4.5,55.6698747784824,40.5000005215406));
#12611=CARTESIAN_POINT('',(3.,55.6698747784824,35.5000015646219));
#12612=CARTESIAN_POINT('Origin',(3.,60.0000008940697,33.0000020861626));
#12613=CARTESIAN_POINT('',(3.,60.0000008940697,33.0000020861626));
#12614=CARTESIAN_POINT('',(3.,55.6698747784824,35.5000015646219));
#12615=CARTESIAN_POINT('',(4.5,60.0000008940697,33.0000020861626));
#12616=CARTESIAN_POINT('',(4.5,55.6698747784824,35.5000015646219));
#12617=CARTESIAN_POINT('',(3.,60.0000008940697,33.0000020861626));
#12618=CARTESIAN_POINT('Origin',(3.,64.330127009657,35.5000015646219));
#12619=CARTESIAN_POINT('',(3.,64.330127009657,35.5000015646219));
#12620=CARTESIAN_POINT('',(3.,60.0000008940697,33.0000020861626));
#12621=CARTESIAN_POINT('',(4.5,64.330127009657,35.5000015646219));
#12622=CARTESIAN_POINT('',(4.5,60.0000008940697,33.0000020861626));
#12623=CARTESIAN_POINT('',(3.,64.330127009657,35.5000015646219));
#12624=CARTESIAN_POINT('Origin',(3.,64.330127009657,40.5000005215406));
#12625=CARTESIAN_POINT('',(3.,64.330127009657,35.5000015646219));
#12626=CARTESIAN_POINT('',(4.5,64.330127009657,35.5000015646219));
#12627=CARTESIAN_POINT('Origin',(3.,55.0000008195639,51.0000009983778));
#12628=CARTESIAN_POINT('',(3.,55.0000008195639,51.0000009983778));
#12629=CARTESIAN_POINT('',(3.,59.33012790301,48.5000009611249));
#12630=CARTESIAN_POINT('',(3.,59.33012790301,48.5000009611249));
#12631=CARTESIAN_POINT('',(4.5,59.33012790301,48.5000009611249));
#12632=CARTESIAN_POINT('',(3.,59.33012790301,48.5000009611249));
#12633=CARTESIAN_POINT('',(4.5,55.0000008195639,51.0000009983778));
#12634=CARTESIAN_POINT('',(4.5,59.33012790301,48.5000009611249));
#12635=CARTESIAN_POINT('',(3.,55.0000008195639,51.0000009983778));
#12636=CARTESIAN_POINT('Origin',(3.,50.6698737361178,48.5000009611249));
#12637=CARTESIAN_POINT('',(3.,50.6698737361178,48.5000009611249));
#12638=CARTESIAN_POINT('',(3.,55.0000008195639,51.0000009983778));
#12639=CARTESIAN_POINT('',(4.5,50.6698737361178,48.5000009611249));
#12640=CARTESIAN_POINT('',(4.5,55.0000008195639,51.0000009983778));
#12641=CARTESIAN_POINT('',(3.,50.6698737361178,48.5000009611249));
#12642=CARTESIAN_POINT('Origin',(3.,50.6698737361178,43.5000008866191));
#12643=CARTESIAN_POINT('',(3.,50.6698737361178,43.5000008866191));
#12644=CARTESIAN_POINT('',(3.,50.6698737361178,48.5000009611249));
#12645=CARTESIAN_POINT('',(4.5,50.6698737361178,43.5000008866191));
#12646=CARTESIAN_POINT('',(4.5,50.6698737361178,48.5000009611249));
#12647=CARTESIAN_POINT('',(3.,50.6698737361178,43.5000008866191));
#12648=CARTESIAN_POINT('Origin',(3.,55.0000008195639,41.0000008493662));
#12649=CARTESIAN_POINT('',(3.,55.0000008195639,41.0000008493662));
#12650=CARTESIAN_POINT('',(3.,50.6698737361178,43.5000008866191));
#12651=CARTESIAN_POINT('',(4.5,55.0000008195639,41.0000008493662));
#12652=CARTESIAN_POINT('',(4.5,50.6698737361178,43.5000008866191));
#12653=CARTESIAN_POINT('',(3.,55.0000008195639,41.0000008493662));
#12654=CARTESIAN_POINT('Origin',(3.,59.33012790301,43.5000008866191));
#12655=CARTESIAN_POINT('',(3.,59.33012790301,43.5000008866191));
#12656=CARTESIAN_POINT('',(3.,55.0000008195639,41.0000008493662));
#12657=CARTESIAN_POINT('',(4.5,59.33012790301,43.5000008866191));
#12658=CARTESIAN_POINT('',(4.5,55.0000008195639,41.0000008493662));
#12659=CARTESIAN_POINT('',(3.,59.33012790301,43.5000008866191));
#12660=CARTESIAN_POINT('Origin',(3.,59.33012790301,48.5000009611249));
#12661=CARTESIAN_POINT('',(3.,59.33012790301,43.5000008866191));
#12662=CARTESIAN_POINT('',(4.5,59.33012790301,43.5000008866191));
#12663=CARTESIAN_POINT('Origin',(3.,45.6698746294708,72.5000005215406));
#12664=CARTESIAN_POINT('',(3.,45.6698746294708,72.5000005215406));
#12665=CARTESIAN_POINT('',(3.,50.0000007450581,75.));
#12666=CARTESIAN_POINT('',(3.,50.0000007450581,75.));
#12667=CARTESIAN_POINT('',(4.5,50.0000007450581,75.));
#12668=CARTESIAN_POINT('',(3.,50.0000007450581,75.));
#12669=CARTESIAN_POINT('',(4.5,45.6698746294708,72.5000005215406));
#12670=CARTESIAN_POINT('',(4.5,50.0000007450581,75.));
#12671=CARTESIAN_POINT('',(3.,45.6698746294708,72.5000005215406));
#12672=CARTESIAN_POINT('Origin',(3.,45.6698746294708,67.5000015646219));
#12673=CARTESIAN_POINT('',(3.,45.6698746294708,67.5000015646219));
#12674=CARTESIAN_POINT('',(3.,45.6698746294708,72.5000005215406));
#12675=CARTESIAN_POINT('',(4.5,45.6698746294708,67.5000015646219));
#12676=CARTESIAN_POINT('',(4.5,45.6698746294708,72.5000005215406));
#12677=CARTESIAN_POINT('',(3.,45.6698746294708,67.5000015646219));
#12678=CARTESIAN_POINT('Origin',(3.,50.0000007450581,65.0000020861626));
#12679=CARTESIAN_POINT('',(3.,50.0000007450581,65.0000020861626));
#12680=CARTESIAN_POINT('',(3.,45.6698746294708,67.5000015646219));
#12681=CARTESIAN_POINT('',(4.5,50.0000007450581,65.0000020861626));
#12682=CARTESIAN_POINT('',(4.5,45.6698746294708,67.5000015646219));
#12683=CARTESIAN_POINT('',(3.,50.0000007450581,65.0000020861626));
#12684=CARTESIAN_POINT('Origin',(3.,54.3301268606454,67.5000015646219));
#12685=CARTESIAN_POINT('',(3.,54.3301268606454,67.5000015646219));
#12686=CARTESIAN_POINT('',(3.,50.0000007450581,65.0000020861626));
#12687=CARTESIAN_POINT('',(4.5,54.3301268606454,67.5000015646219));
#12688=CARTESIAN_POINT('',(4.5,50.0000007450581,65.0000020861626));
#12689=CARTESIAN_POINT('',(3.,54.3301268606454,67.5000015646219));
#12690=CARTESIAN_POINT('Origin',(3.,54.3301268606454,72.5000005215406));
#12691=CARTESIAN_POINT('',(3.,54.3301268606454,72.5000005215406));
#12692=CARTESIAN_POINT('',(3.,54.3301268606454,67.5000015646219));
#12693=CARTESIAN_POINT('',(4.5,54.3301268606454,72.5000005215406));
#12694=CARTESIAN_POINT('',(4.5,54.3301268606454,67.5000015646219));
#12695=CARTESIAN_POINT('',(3.,54.3301268606454,72.5000005215406));
#12696=CARTESIAN_POINT('Origin',(3.,50.0000007450581,75.));
#12697=CARTESIAN_POINT('',(3.,54.3301268606454,72.5000005215406));
#12698=CARTESIAN_POINT('',(4.5,54.3301268606454,72.5000005215406));
#12699=CARTESIAN_POINT('Origin',(3.,55.0000008195639,73.0000010877848));
#12700=CARTESIAN_POINT('',(3.,55.0000008195639,73.0000010877848));
#12701=CARTESIAN_POINT('',(3.,51.5359010885246,75.));
#12702=CARTESIAN_POINT('',(3.,50.6698737361178,75.5000011250377));
#12703=CARTESIAN_POINT('',(4.5,51.5359010885246,75.));
#12704=CARTESIAN_POINT('',(3.,51.5359010885246,75.));
#12705=CARTESIAN_POINT('',(4.5,55.0000008195639,73.0000010877848));
#12706=CARTESIAN_POINT('',(4.5,50.6698737361178,75.5000011250377));
#12707=CARTESIAN_POINT('',(3.,55.0000008195639,73.0000010877848));
#12708=CARTESIAN_POINT('Origin',(3.,58.4641005506031,75.));
#12709=CARTESIAN_POINT('',(3.,58.4641005506031,75.));
#12710=CARTESIAN_POINT('',(3.,55.0000008195639,73.0000010877848));
#12711=CARTESIAN_POINT('',(4.5,58.4641005506031,75.));
#12712=CARTESIAN_POINT('',(4.5,55.0000008195639,73.0000010877848));
#12713=CARTESIAN_POINT('',(3.,58.4641005506031,75.));
#12714=CARTESIAN_POINT('Origin',(3.,51.5359010885246,75.));
#12715=CARTESIAN_POINT('',(3.,75.,75.));
#12716=CARTESIAN_POINT('',(4.5,75.,75.));
#12717=CARTESIAN_POINT('Origin',(3.,75.,67.0000009983778));
#12718=CARTESIAN_POINT('',(3.,75.,67.0000009983778));
#12719=CARTESIAN_POINT('',(3.,75.0000022351742,57.0000008493662));
#12720=CARTESIAN_POINT('',(3.,75.,5.));
#12721=CARTESIAN_POINT('',(4.5,75.0000022351742,57.0000008493662));
#12722=CARTESIAN_POINT('',(3.,75.0000022351742,57.0000008493662));
#12723=CARTESIAN_POINT('',(4.5,75.,67.0000009983778));
#12724=CARTESIAN_POINT('',(4.5,75.,5.));
#12725=CARTESIAN_POINT('',(3.,75.,67.0000009983778));
#12726=CARTESIAN_POINT('Origin',(3.,70.6698734753474,64.4999999932661));
#12727=CARTESIAN_POINT('',(3.,70.6698734753474,64.4999999932661));
#12728=CARTESIAN_POINT('',(3.,75.,67.0000009983778));
#12729=CARTESIAN_POINT('',(4.5,70.6698734753474,64.4999999932661));
#12730=CARTESIAN_POINT('',(4.5,75.,67.0000009983778));
#12731=CARTESIAN_POINT('',(3.,70.6698734753474,64.4999999932661));
#12732=CARTESIAN_POINT('Origin',(3.,70.6698745929345,59.4999999187603));
#12733=CARTESIAN_POINT('',(3.,70.6698745929345,59.4999999187603));
#12734=CARTESIAN_POINT('',(3.,70.6698734753474,64.4999999932661));
#12735=CARTESIAN_POINT('',(4.5,70.6698745929345,59.4999999187603));
#12736=CARTESIAN_POINT('',(4.5,70.6698734753474,64.4999999932661));
#12737=CARTESIAN_POINT('',(3.,70.6698745929345,59.4999999187603));
#12738=CARTESIAN_POINT('Origin',(3.,75.0000022351742,57.0000008493662));
#12739=CARTESIAN_POINT('',(3.,70.6698745929345,59.4999999187603));
#12740=CARTESIAN_POINT('',(4.5,70.6698745929345,59.4999999187603));
#12741=CARTESIAN_POINT('Origin',(3.,65.669874927494,72.5000005215406));
#12742=CARTESIAN_POINT('',(3.,65.669874927494,72.5000005215406));
#12743=CARTESIAN_POINT('',(3.,70.0000010430813,75.));
#12744=CARTESIAN_POINT('',(3.,70.0000010430813,75.));
#12745=CARTESIAN_POINT('',(4.5,70.0000010430813,75.));
#12746=CARTESIAN_POINT('',(3.,70.0000010430813,75.));
#12747=CARTESIAN_POINT('',(4.5,65.669874927494,72.5000005215406));
#12748=CARTESIAN_POINT('',(4.5,70.0000010430813,75.));
#12749=CARTESIAN_POINT('',(3.,65.669874927494,72.5000005215406));
#12750=CARTESIAN_POINT('Origin',(3.,65.669874927494,67.5000015646219));
#12751=CARTESIAN_POINT('',(3.,65.669874927494,67.5000015646219));
#12752=CARTESIAN_POINT('',(3.,65.669874927494,72.5000005215406));
#12753=CARTESIAN_POINT('',(4.5,65.669874927494,67.5000015646219));
#12754=CARTESIAN_POINT('',(4.5,65.669874927494,72.5000005215406));
#12755=CARTESIAN_POINT('',(3.,65.669874927494,67.5000015646219));
#12756=CARTESIAN_POINT('Origin',(3.,70.0000010430813,65.0000020861626));
#12757=CARTESIAN_POINT('',(3.,70.0000010430813,65.0000020861626));
#12758=CARTESIAN_POINT('',(3.,65.669874927494,67.5000015646219));
#12759=CARTESIAN_POINT('',(4.5,70.0000010430813,65.0000020861626));
#12760=CARTESIAN_POINT('',(4.5,65.669874927494,67.5000015646219));
#12761=CARTESIAN_POINT('',(3.,70.0000010430813,65.0000020861626));
#12762=CARTESIAN_POINT('Origin',(3.,74.3301271586686,67.5000015646219));
#12763=CARTESIAN_POINT('',(3.,74.3301271586686,67.5000015646219));
#12764=CARTESIAN_POINT('',(3.,70.0000010430813,65.0000020861626));
#12765=CARTESIAN_POINT('',(4.5,74.3301271586686,67.5000015646219));
#12766=CARTESIAN_POINT('',(4.5,70.0000010430813,65.0000020861626));
#12767=CARTESIAN_POINT('',(3.,74.3301271586686,67.5000015646219));
#12768=CARTESIAN_POINT('Origin',(3.,74.3301271586686,72.5000005215406));
#12769=CARTESIAN_POINT('',(3.,74.3301271586686,72.5000005215406));
#12770=CARTESIAN_POINT('',(3.,74.3301271586686,67.5000015646219));
#12771=CARTESIAN_POINT('',(4.5,74.3301271586686,72.5000005215406));
#12772=CARTESIAN_POINT('',(4.5,74.3301271586686,67.5000015646219));
#12773=CARTESIAN_POINT('',(3.,74.3301271586686,72.5000005215406));
#12774=CARTESIAN_POINT('Origin',(3.,70.0000010430813,75.));
#12775=CARTESIAN_POINT('',(3.,74.3301271586686,72.5000005215406));
#12776=CARTESIAN_POINT('',(4.5,74.3301271586686,72.5000005215406));
#12777=CARTESIAN_POINT('Origin',(3.,45.0000006705523,73.0000010877848));
#12778=CARTESIAN_POINT('',(3.,45.0000006705523,73.0000010877848));
#12779=CARTESIAN_POINT('',(3.,41.535900939513,75.));
#12780=CARTESIAN_POINT('',(3.,40.6698735871061,75.5000011250377));
#12781=CARTESIAN_POINT('',(4.5,41.535900939513,75.));
#12782=CARTESIAN_POINT('',(3.,41.535900939513,75.));
#12783=CARTESIAN_POINT('',(4.5,45.0000006705523,73.0000010877848));
#12784=CARTESIAN_POINT('',(4.5,40.6698735871061,75.5000011250377));
#12785=CARTESIAN_POINT('',(3.,45.0000006705523,73.0000010877848));
#12786=CARTESIAN_POINT('Origin',(3.,48.4641004015915,75.));
#12787=CARTESIAN_POINT('',(3.,48.4641004015915,75.));
#12788=CARTESIAN_POINT('',(3.,45.0000006705523,73.0000010877848));
#12789=CARTESIAN_POINT('',(4.5,48.4641004015915,75.));
#12790=CARTESIAN_POINT('',(4.5,45.0000006705523,73.0000010877848));
#12791=CARTESIAN_POINT('',(3.,48.4641004015915,75.));
#12792=CARTESIAN_POINT('Origin',(3.,41.535900939513,75.));
#12793=CARTESIAN_POINT('',(3.,75.,75.));
#12794=CARTESIAN_POINT('',(4.5,75.,75.));
#12795=CARTESIAN_POINT('Origin',(3.,75.,51.0000009983778));
#12796=CARTESIAN_POINT('',(3.,75.,51.0000009983778));
#12797=CARTESIAN_POINT('',(3.,75.0000022351742,41.0000008493662));
#12798=CARTESIAN_POINT('',(3.,75.,5.));
#12799=CARTESIAN_POINT('',(4.5,75.0000022351742,41.0000008493662));
#12800=CARTESIAN_POINT('',(3.,75.0000022351742,41.0000008493662));
#12801=CARTESIAN_POINT('',(4.5,75.,51.0000009983778));
#12802=CARTESIAN_POINT('',(4.5,75.,5.));
#12803=CARTESIAN_POINT('',(3.,75.,51.0000009983778));
#12804=CARTESIAN_POINT('Origin',(3.,70.6698734753474,48.4999999932661));
#12805=CARTESIAN_POINT('',(3.,70.6698734753474,48.4999999932661));
#12806=CARTESIAN_POINT('',(3.,75.,51.0000009983778));
#12807=CARTESIAN_POINT('',(4.5,70.6698734753474,48.4999999932661));
#12808=CARTESIAN_POINT('',(4.5,75.,51.0000009983778));
#12809=CARTESIAN_POINT('',(3.,70.6698734753474,48.4999999932661));
#12810=CARTESIAN_POINT('Origin',(3.,70.6698745929345,43.4999999187603));
#12811=CARTESIAN_POINT('',(3.,70.6698745929345,43.4999999187603));
#12812=CARTESIAN_POINT('',(3.,70.6698734753474,48.4999999932661));
#12813=CARTESIAN_POINT('',(4.5,70.6698745929345,43.4999999187603));
#12814=CARTESIAN_POINT('',(4.5,70.6698734753474,48.4999999932661));
#12815=CARTESIAN_POINT('',(3.,70.6698745929345,43.4999999187603));
#12816=CARTESIAN_POINT('Origin',(3.,75.0000022351742,41.0000008493662));
#12817=CARTESIAN_POINT('',(3.,70.6698745929345,43.4999999187603));
#12818=CARTESIAN_POINT('',(4.5,70.6698745929345,43.4999999187603));
#12819=CARTESIAN_POINT('Origin',(3.,75.,19.0000009983778));
#12820=CARTESIAN_POINT('',(3.,75.,19.0000009983778));
#12821=CARTESIAN_POINT('',(3.,75.0000022351742,9.00000084936618));
#12822=CARTESIAN_POINT('',(3.,75.,5.));
#12823=CARTESIAN_POINT('',(4.5,75.0000022351742,9.00000084936618));
#12824=CARTESIAN_POINT('',(3.,75.0000022351742,9.00000084936618));
#12825=CARTESIAN_POINT('',(4.5,75.,19.0000009983778));
#12826=CARTESIAN_POINT('',(4.5,75.,5.));
#12827=CARTESIAN_POINT('',(3.,75.,19.0000009983778));
#12828=CARTESIAN_POINT('Origin',(3.,70.6698734753474,16.4999999932661));
#12829=CARTESIAN_POINT('',(3.,70.6698734753474,16.4999999932661));
#12830=CARTESIAN_POINT('',(3.,75.,19.0000009983778));
#12831=CARTESIAN_POINT('',(4.5,70.6698734753474,16.4999999932661));
#12832=CARTESIAN_POINT('',(4.5,75.,19.0000009983778));
#12833=CARTESIAN_POINT('',(3.,70.6698734753474,16.4999999932661));
#12834=CARTESIAN_POINT('Origin',(3.,70.6698745929345,11.4999999187603));
#12835=CARTESIAN_POINT('',(3.,70.6698745929345,11.4999999187603));
#12836=CARTESIAN_POINT('',(3.,70.6698734753474,16.4999999932661));
#12837=CARTESIAN_POINT('',(4.5,70.6698745929345,11.4999999187603));
#12838=CARTESIAN_POINT('',(4.5,70.6698734753474,16.4999999932661));
#12839=CARTESIAN_POINT('',(3.,70.6698745929345,11.4999999187603));
#12840=CARTESIAN_POINT('Origin',(3.,75.0000022351742,9.00000084936618));
#12841=CARTESIAN_POINT('',(3.,70.6698745929345,11.4999999187603));
#12842=CARTESIAN_POINT('',(4.5,70.6698745929345,11.4999999187603));
#12843=CARTESIAN_POINT('Origin',(3.,55.6698747784824,72.5000005215406));
#12844=CARTESIAN_POINT('',(3.,55.6698747784824,72.5000005215406));
#12845=CARTESIAN_POINT('',(3.,60.0000008940697,75.));
#12846=CARTESIAN_POINT('',(3.,60.0000008940697,75.));
#12847=CARTESIAN_POINT('',(4.5,60.0000008940697,75.));
#12848=CARTESIAN_POINT('',(3.,60.0000008940697,75.));
#12849=CARTESIAN_POINT('',(4.5,55.6698747784824,72.5000005215406));
#12850=CARTESIAN_POINT('',(4.5,60.0000008940697,75.));
#12851=CARTESIAN_POINT('',(3.,55.6698747784824,72.5000005215406));
#12852=CARTESIAN_POINT('Origin',(3.,55.6698747784824,67.5000015646219));
#12853=CARTESIAN_POINT('',(3.,55.6698747784824,67.5000015646219));
#12854=CARTESIAN_POINT('',(3.,55.6698747784824,72.5000005215406));
#12855=CARTESIAN_POINT('',(4.5,55.6698747784824,67.5000015646219));
#12856=CARTESIAN_POINT('',(4.5,55.6698747784824,72.5000005215406));
#12857=CARTESIAN_POINT('',(3.,55.6698747784824,67.5000015646219));
#12858=CARTESIAN_POINT('Origin',(3.,60.0000008940697,65.0000020861626));
#12859=CARTESIAN_POINT('',(3.,60.0000008940697,65.0000020861626));
#12860=CARTESIAN_POINT('',(3.,55.6698747784824,67.5000015646219));
#12861=CARTESIAN_POINT('',(4.5,60.0000008940697,65.0000020861626));
#12862=CARTESIAN_POINT('',(4.5,55.6698747784824,67.5000015646219));
#12863=CARTESIAN_POINT('',(3.,60.0000008940697,65.0000020861626));
#12864=CARTESIAN_POINT('Origin',(3.,64.330127009657,67.5000015646219));
#12865=CARTESIAN_POINT('',(3.,64.330127009657,67.5000015646219));
#12866=CARTESIAN_POINT('',(3.,60.0000008940697,65.0000020861626));
#12867=CARTESIAN_POINT('',(4.5,64.330127009657,67.5000015646219));
#12868=CARTESIAN_POINT('',(4.5,60.0000008940697,65.0000020861626));
#12869=CARTESIAN_POINT('',(3.,64.330127009657,67.5000015646219));
#12870=CARTESIAN_POINT('Origin',(3.,64.330127009657,72.5000005215406));
#12871=CARTESIAN_POINT('',(3.,64.330127009657,72.5000005215406));
#12872=CARTESIAN_POINT('',(3.,64.330127009657,67.5000015646219));
#12873=CARTESIAN_POINT('',(4.5,64.330127009657,72.5000005215406));
#12874=CARTESIAN_POINT('',(4.5,64.330127009657,67.5000015646219));
#12875=CARTESIAN_POINT('',(3.,64.330127009657,72.5000005215406));
#12876=CARTESIAN_POINT('Origin',(3.,60.0000008940697,75.));
#12877=CARTESIAN_POINT('',(3.,64.330127009657,72.5000005215406));
#12878=CARTESIAN_POINT('',(4.5,64.330127009657,72.5000005215406));
#12879=CARTESIAN_POINT('Origin',(3.,75.,35.0000009983778));
#12880=CARTESIAN_POINT('',(3.,75.,35.0000009983778));
#12881=CARTESIAN_POINT('',(3.,75.0000022351742,25.0000008493662));
#12882=CARTESIAN_POINT('',(3.,75.,5.));
#12883=CARTESIAN_POINT('',(4.5,75.0000022351742,25.0000008493662));
#12884=CARTESIAN_POINT('',(3.,75.0000022351742,25.0000008493662));
#12885=CARTESIAN_POINT('',(4.5,75.,35.0000009983778));
#12886=CARTESIAN_POINT('',(4.5,75.,5.));
#12887=CARTESIAN_POINT('',(3.,75.,35.0000009983778));
#12888=CARTESIAN_POINT('Origin',(3.,70.6698734753474,32.4999999932661));
#12889=CARTESIAN_POINT('',(3.,70.6698734753474,32.4999999932661));
#12890=CARTESIAN_POINT('',(3.,75.,35.0000009983778));
#12891=CARTESIAN_POINT('',(4.5,70.6698734753474,32.4999999932661));
#12892=CARTESIAN_POINT('',(4.5,75.,35.0000009983778));
#12893=CARTESIAN_POINT('',(3.,70.6698734753474,32.4999999932661));
#12894=CARTESIAN_POINT('Origin',(3.,70.6698745929345,27.4999999187603));
#12895=CARTESIAN_POINT('',(3.,70.6698745929345,27.4999999187603));
#12896=CARTESIAN_POINT('',(3.,70.6698734753474,32.4999999932661));
#12897=CARTESIAN_POINT('',(4.5,70.6698745929345,27.4999999187603));
#12898=CARTESIAN_POINT('',(4.5,70.6698734753474,32.4999999932661));
#12899=CARTESIAN_POINT('',(3.,70.6698745929345,27.4999999187603));
#12900=CARTESIAN_POINT('Origin',(3.,75.0000022351742,25.0000008493662));
#12901=CARTESIAN_POINT('',(3.,70.6698745929345,27.4999999187603));
#12902=CARTESIAN_POINT('',(4.5,70.6698745929345,27.4999999187603));
#12903=CARTESIAN_POINT('Origin',(3.,75.0000011175871,73.0000010877848));
#12904=CARTESIAN_POINT('',(3.,75.0000011175871,73.0000010877848));
#12905=CARTESIAN_POINT('',(3.,71.5359013865478,75.));
#12906=CARTESIAN_POINT('',(3.,70.669874034141,75.5000011250377));
#12907=CARTESIAN_POINT('',(4.5,71.5359013865478,75.));
#12908=CARTESIAN_POINT('',(3.,71.5359013865478,75.));
#12909=CARTESIAN_POINT('',(4.5,75.0000011175871,73.0000010877848));
#12910=CARTESIAN_POINT('',(4.5,70.669874034141,75.5000011250377));
#12911=CARTESIAN_POINT('',(3.,75.0000011175871,73.0000010877848));
#12912=CARTESIAN_POINT('Origin',(3.,75.,75.));
#12913=CARTESIAN_POINT('',(3.,75.,75.));
#12914=CARTESIAN_POINT('',(3.,75.,5.));
#12915=CARTESIAN_POINT('',(4.5,75.,75.));
#12916=CARTESIAN_POINT('',(4.5,75.,5.));
#12917=CARTESIAN_POINT('',(3.,75.,75.));
#12918=CARTESIAN_POINT('Origin',(3.,71.5359013865478,75.));
#12919=CARTESIAN_POINT('',(3.,75.,75.));
#12920=CARTESIAN_POINT('',(4.5,75.,75.));
#12921=CARTESIAN_POINT('Origin',(3.,74.3301271586686,5.));
#12922=CARTESIAN_POINT('',(3.,74.3301271586686,5.));
#12923=CARTESIAN_POINT('',(3.,65.669874927494,5.));
#12924=CARTESIAN_POINT('',(3.,5.,5.));
#12925=CARTESIAN_POINT('',(4.5,65.669874927494,5.));
#12926=CARTESIAN_POINT('',(3.,65.669874927494,5.));
#12927=CARTESIAN_POINT('',(4.5,74.3301271586686,5.));
#12928=CARTESIAN_POINT('',(4.5,5.,5.));
#12929=CARTESIAN_POINT('',(3.,74.3301271586686,5.));
#12930=CARTESIAN_POINT('Origin',(3.,74.3301271586686,8.50000052154064));
#12931=CARTESIAN_POINT('',(3.,74.3301271586686,8.50000052154064));
#12932=CARTESIAN_POINT('',(3.,74.3301271586686,3.50000156462192));
#12933=CARTESIAN_POINT('',(4.5,74.3301271586686,8.50000052154064));
#12934=CARTESIAN_POINT('',(4.5,74.3301271586686,3.50000156462192));
#12935=CARTESIAN_POINT('',(3.,74.3301271586686,8.50000052154064));
#12936=CARTESIAN_POINT('Origin',(3.,70.0000010430813,11.));
#12937=CARTESIAN_POINT('',(3.,70.0000010430813,11.));
#12938=CARTESIAN_POINT('',(3.,74.3301271586686,8.50000052154064));
#12939=CARTESIAN_POINT('',(4.5,70.0000010430813,11.));
#12940=CARTESIAN_POINT('',(4.5,74.3301271586686,8.50000052154064));
#12941=CARTESIAN_POINT('',(3.,70.0000010430813,11.));
#12942=CARTESIAN_POINT('Origin',(3.,65.669874927494,8.50000052154064));
#12943=CARTESIAN_POINT('',(3.,65.669874927494,8.50000052154064));
#12944=CARTESIAN_POINT('',(3.,70.0000010430813,11.));
#12945=CARTESIAN_POINT('',(4.5,65.669874927494,8.50000052154064));
#12946=CARTESIAN_POINT('',(4.5,70.0000010430813,11.));
#12947=CARTESIAN_POINT('',(3.,65.669874927494,8.50000052154064));
#12948=CARTESIAN_POINT('Origin',(3.,65.669874927494,5.));
#12949=CARTESIAN_POINT('',(3.,65.669874927494,8.50000052154064));
#12950=CARTESIAN_POINT('',(4.5,65.669874927494,8.50000052154064));
#12951=CARTESIAN_POINT('Origin',(3.,65.0000009685755,73.0000010877848));
#12952=CARTESIAN_POINT('',(3.,65.0000009685755,73.0000010877848));
#12953=CARTESIAN_POINT('',(3.,61.5359012375362,75.));
#12954=CARTESIAN_POINT('',(3.,60.6698738851294,75.5000011250377));
#12955=CARTESIAN_POINT('',(4.5,61.5359012375362,75.));
#12956=CARTESIAN_POINT('',(3.,61.5359012375362,75.));
#12957=CARTESIAN_POINT('',(4.5,65.0000009685755,73.0000010877848));
#12958=CARTESIAN_POINT('',(4.5,60.6698738851294,75.5000011250377));
#12959=CARTESIAN_POINT('',(3.,65.0000009685755,73.0000010877848));
#12960=CARTESIAN_POINT('Origin',(3.,68.4641006996147,75.));
#12961=CARTESIAN_POINT('',(3.,68.4641006996147,75.));
#12962=CARTESIAN_POINT('',(3.,65.0000009685755,73.0000010877848));
#12963=CARTESIAN_POINT('',(4.5,68.4641006996147,75.));
#12964=CARTESIAN_POINT('',(4.5,65.0000009685755,73.0000010877848));
#12965=CARTESIAN_POINT('',(3.,68.4641006996147,75.));
#12966=CARTESIAN_POINT('Origin',(3.,61.5359012375362,75.));
#12967=CARTESIAN_POINT('',(3.,75.,75.));
#12968=CARTESIAN_POINT('',(4.5,75.,75.));
#12969=CARTESIAN_POINT('Origin',(3.,19.3301273069635,43.5000008866191));
#12970=CARTESIAN_POINT('',(3.,19.3301273069635,43.5000008866191));
#12971=CARTESIAN_POINT('',(3.,15.0000002235174,41.0000008493662));
#12972=CARTESIAN_POINT('',(3.,15.0000002235174,41.0000008493662));
#12973=CARTESIAN_POINT('',(4.5,15.0000002235174,41.0000008493662));
#12974=CARTESIAN_POINT('',(3.,15.0000002235174,41.0000008493662));
#12975=CARTESIAN_POINT('',(4.5,19.3301273069635,43.5000008866191));
#12976=CARTESIAN_POINT('',(4.5,15.0000002235174,41.0000008493662));
#12977=CARTESIAN_POINT('',(3.,19.3301273069635,43.5000008866191));
#12978=CARTESIAN_POINT('Origin',(3.,19.3301273069635,48.5000009611249));
#12979=CARTESIAN_POINT('',(3.,19.3301273069635,48.5000009611249));
#12980=CARTESIAN_POINT('',(3.,19.3301273069635,43.5000008866191));
#12981=CARTESIAN_POINT('',(4.5,19.3301273069635,48.5000009611249));
#12982=CARTESIAN_POINT('',(4.5,19.3301273069635,43.5000008866191));
#12983=CARTESIAN_POINT('',(3.,19.3301273069635,48.5000009611249));
#12984=CARTESIAN_POINT('Origin',(3.,15.0000002235174,51.0000009983778));
#12985=CARTESIAN_POINT('',(3.,15.0000002235174,51.0000009983778));
#12986=CARTESIAN_POINT('',(3.,19.3301273069635,48.5000009611249));
#12987=CARTESIAN_POINT('',(4.5,15.0000002235174,51.0000009983778));
#12988=CARTESIAN_POINT('',(4.5,19.3301273069635,48.5000009611249));
#12989=CARTESIAN_POINT('',(3.,15.0000002235174,51.0000009983778));
#12990=CARTESIAN_POINT('Origin',(3.,10.6698731400713,48.5000009611249));
#12991=CARTESIAN_POINT('',(3.,10.6698731400713,48.5000009611249));
#12992=CARTESIAN_POINT('',(3.,15.0000002235174,51.0000009983778));
#12993=CARTESIAN_POINT('',(4.5,10.6698731400713,48.5000009611249));
#12994=CARTESIAN_POINT('',(4.5,15.0000002235174,51.0000009983778));
#12995=CARTESIAN_POINT('',(3.,10.6698731400713,48.5000009611249));
#12996=CARTESIAN_POINT('Origin',(3.,10.6698731400713,43.5000008866191));
#12997=CARTESIAN_POINT('',(3.,10.6698731400713,43.5000008866191));
#12998=CARTESIAN_POINT('',(3.,10.6698731400713,48.5000009611249));
#12999=CARTESIAN_POINT('',(4.5,10.6698731400713,43.5000008866191));
#13000=CARTESIAN_POINT('',(4.5,10.6698731400713,48.5000009611249));
#13001=CARTESIAN_POINT('',(3.,10.6698731400713,43.5000008866191));
#13002=CARTESIAN_POINT('Origin',(3.,15.0000002235174,41.0000008493662));
#13003=CARTESIAN_POINT('',(3.,10.6698731400713,43.5000008866191));
#13004=CARTESIAN_POINT('',(4.5,10.6698731400713,43.5000008866191));
#13005=CARTESIAN_POINT('Origin',(3.,19.3301273069635,11.5000008866191));
#13006=CARTESIAN_POINT('',(3.,19.3301273069635,11.5000008866191));
#13007=CARTESIAN_POINT('',(3.,15.0000002235174,9.00000084936618));
#13008=CARTESIAN_POINT('',(3.,15.0000002235174,9.00000084936618));
#13009=CARTESIAN_POINT('',(4.5,15.0000002235174,9.00000084936618));
#13010=CARTESIAN_POINT('',(3.,15.0000002235174,9.00000084936618));
#13011=CARTESIAN_POINT('',(4.5,19.3301273069635,11.5000008866191));
#13012=CARTESIAN_POINT('',(4.5,15.0000002235174,9.00000084936618));
#13013=CARTESIAN_POINT('',(3.,19.3301273069635,11.5000008866191));
#13014=CARTESIAN_POINT('Origin',(3.,19.3301273069635,16.5000009611249));
#13015=CARTESIAN_POINT('',(3.,19.3301273069635,16.5000009611249));
#13016=CARTESIAN_POINT('',(3.,19.3301273069635,11.5000008866191));
#13017=CARTESIAN_POINT('',(4.5,19.3301273069635,16.5000009611249));
#13018=CARTESIAN_POINT('',(4.5,19.3301273069635,11.5000008866191));
#13019=CARTESIAN_POINT('',(3.,19.3301273069635,16.5000009611249));
#13020=CARTESIAN_POINT('Origin',(3.,15.0000002235174,19.0000009983778));
#13021=CARTESIAN_POINT('',(3.,15.0000002235174,19.0000009983778));
#13022=CARTESIAN_POINT('',(3.,19.3301273069635,16.5000009611249));
#13023=CARTESIAN_POINT('',(4.5,15.0000002235174,19.0000009983778));
#13024=CARTESIAN_POINT('',(4.5,19.3301273069635,16.5000009611249));
#13025=CARTESIAN_POINT('',(3.,15.0000002235174,19.0000009983778));
#13026=CARTESIAN_POINT('Origin',(3.,10.6698731400713,16.5000009611249));
#13027=CARTESIAN_POINT('',(3.,10.6698731400713,16.5000009611249));
#13028=CARTESIAN_POINT('',(3.,15.0000002235174,19.0000009983778));
#13029=CARTESIAN_POINT('',(4.5,10.6698731400713,16.5000009611249));
#13030=CARTESIAN_POINT('',(4.5,15.0000002235174,19.0000009983778));
#13031=CARTESIAN_POINT('',(3.,10.6698731400713,16.5000009611249));
#13032=CARTESIAN_POINT('Origin',(3.,10.6698731400713,11.5000008866191));
#13033=CARTESIAN_POINT('',(3.,10.6698731400713,11.5000008866191));
#13034=CARTESIAN_POINT('',(3.,10.6698731400713,16.5000009611249));
#13035=CARTESIAN_POINT('',(4.5,10.6698731400713,11.5000008866191));
#13036=CARTESIAN_POINT('',(4.5,10.6698731400713,16.5000009611249));
#13037=CARTESIAN_POINT('',(3.,10.6698731400713,11.5000008866191));
#13038=CARTESIAN_POINT('Origin',(3.,15.0000002235174,9.00000084936618));
#13039=CARTESIAN_POINT('',(3.,10.6698731400713,11.5000008866191));
#13040=CARTESIAN_POINT('',(4.5,10.6698731400713,11.5000008866191));
#13041=CARTESIAN_POINT('Origin',(3.,74.3301271586686,56.5000005215406));
#13042=CARTESIAN_POINT('',(3.,74.3301271586686,56.5000005215406));
#13043=CARTESIAN_POINT('',(3.,74.3301271586686,51.5000015646219));
#13044=CARTESIAN_POINT('',(3.,74.3301271586686,51.5000015646219));
#13045=CARTESIAN_POINT('',(4.5,74.3301271586686,51.5000015646219));
#13046=CARTESIAN_POINT('',(3.,74.3301271586686,51.5000015646219));
#13047=CARTESIAN_POINT('',(4.5,74.3301271586686,56.5000005215406));
#13048=CARTESIAN_POINT('',(4.5,74.3301271586686,51.5000015646219));
#13049=CARTESIAN_POINT('',(3.,74.3301271586686,56.5000005215406));
#13050=CARTESIAN_POINT('Origin',(3.,70.0000010430813,59.));
#13051=CARTESIAN_POINT('',(3.,70.0000010430813,59.));
#13052=CARTESIAN_POINT('',(3.,74.3301271586686,56.5000005215406));
#13053=CARTESIAN_POINT('',(4.5,70.0000010430813,59.));
#13054=CARTESIAN_POINT('',(4.5,74.3301271586686,56.5000005215406));
#13055=CARTESIAN_POINT('',(3.,70.0000010430813,59.));
#13056=CARTESIAN_POINT('Origin',(3.,65.669874927494,56.5000005215406));
#13057=CARTESIAN_POINT('',(3.,65.669874927494,56.5000005215406));
#13058=CARTESIAN_POINT('',(3.,70.0000010430813,59.));
#13059=CARTESIAN_POINT('',(4.5,65.669874927494,56.5000005215406));
#13060=CARTESIAN_POINT('',(4.5,70.0000010430813,59.));
#13061=CARTESIAN_POINT('',(3.,65.669874927494,56.5000005215406));
#13062=CARTESIAN_POINT('Origin',(3.,65.669874927494,51.5000015646219));
#13063=CARTESIAN_POINT('',(3.,65.669874927494,51.5000015646219));
#13064=CARTESIAN_POINT('',(3.,65.669874927494,56.5000005215406));
#13065=CARTESIAN_POINT('',(4.5,65.669874927494,51.5000015646219));
#13066=CARTESIAN_POINT('',(4.5,65.669874927494,56.5000005215406));
#13067=CARTESIAN_POINT('',(3.,65.669874927494,51.5000015646219));
#13068=CARTESIAN_POINT('Origin',(3.,70.0000010430813,49.0000020861626));
#13069=CARTESIAN_POINT('',(3.,70.0000010430813,49.0000020861626));
#13070=CARTESIAN_POINT('',(3.,65.669874927494,51.5000015646219));
#13071=CARTESIAN_POINT('',(4.5,70.0000010430813,49.0000020861626));
#13072=CARTESIAN_POINT('',(4.5,65.669874927494,51.5000015646219));
#13073=CARTESIAN_POINT('',(3.,70.0000010430813,49.0000020861626));
#13074=CARTESIAN_POINT('Origin',(3.,74.3301271586686,51.5000015646219));
#13075=CARTESIAN_POINT('',(3.,70.0000010430813,49.0000020861626));
#13076=CARTESIAN_POINT('',(4.5,70.0000010430813,49.0000020861626));
#13077=CARTESIAN_POINT('Origin',(3.,15.6698741824359,5.));
#13078=CARTESIAN_POINT('',(3.,15.6698741824359,5.));
#13079=CARTESIAN_POINT('',(3.,15.6698741824359,8.50000052154064));
#13080=CARTESIAN_POINT('',(3.,15.6698741824359,8.50000052154064));
#13081=CARTESIAN_POINT('',(4.5,15.6698741824359,8.50000052154064));
#13082=CARTESIAN_POINT('',(3.,15.6698741824359,8.50000052154064));
#13083=CARTESIAN_POINT('',(4.5,15.6698741824359,5.));
#13084=CARTESIAN_POINT('',(4.5,15.6698741824359,8.50000052154064));
#13085=CARTESIAN_POINT('',(3.,15.6698741824359,5.));
#13086=CARTESIAN_POINT('Origin',(3.,24.3301264136105,5.));
#13087=CARTESIAN_POINT('',(3.,24.3301264136105,5.));
#13088=CARTESIAN_POINT('',(3.,5.,5.));
#13089=CARTESIAN_POINT('',(4.5,24.3301264136105,5.));
#13090=CARTESIAN_POINT('',(4.5,5.,5.));
#13091=CARTESIAN_POINT('',(3.,24.3301264136105,5.));
#13092=CARTESIAN_POINT('Origin',(3.,24.3301264136105,8.50000052154064));
#13093=CARTESIAN_POINT('',(3.,24.3301264136105,8.50000052154064));
#13094=CARTESIAN_POINT('',(3.,24.3301264136105,3.50000156462192));
#13095=CARTESIAN_POINT('',(4.5,24.3301264136105,8.50000052154064));
#13096=CARTESIAN_POINT('',(4.5,24.3301264136105,3.50000156462192));
#13097=CARTESIAN_POINT('',(3.,24.3301264136105,8.50000052154064));
#13098=CARTESIAN_POINT('Origin',(3.,20.0000002980232,11.));
#13099=CARTESIAN_POINT('',(3.,20.0000002980232,11.));
#13100=CARTESIAN_POINT('',(3.,24.3301264136105,8.50000052154064));
#13101=CARTESIAN_POINT('',(4.5,20.0000002980232,11.));
#13102=CARTESIAN_POINT('',(4.5,24.3301264136105,8.50000052154064));
#13103=CARTESIAN_POINT('',(3.,20.0000002980232,11.));
#13104=CARTESIAN_POINT('Origin',(3.,15.6698741824359,8.50000052154064));
#13105=CARTESIAN_POINT('',(3.,20.0000002980232,11.));
#13106=CARTESIAN_POINT('',(4.5,20.0000002980232,11.));
#13107=CARTESIAN_POINT('Origin',(3.,60.0000008940697,59.));
#13108=CARTESIAN_POINT('',(3.,60.0000008940697,59.));
#13109=CARTESIAN_POINT('',(3.,64.330127009657,56.5000005215406));
#13110=CARTESIAN_POINT('',(3.,64.330127009657,56.5000005215406));
#13111=CARTESIAN_POINT('',(4.5,64.330127009657,56.5000005215406));
#13112=CARTESIAN_POINT('',(3.,64.330127009657,56.5000005215406));
#13113=CARTESIAN_POINT('',(4.5,60.0000008940697,59.));
#13114=CARTESIAN_POINT('',(4.5,64.330127009657,56.5000005215406));
#13115=CARTESIAN_POINT('',(3.,60.0000008940697,59.));
#13116=CARTESIAN_POINT('Origin',(3.,55.6698747784824,56.5000005215406));
#13117=CARTESIAN_POINT('',(3.,55.6698747784824,56.5000005215406));
#13118=CARTESIAN_POINT('',(3.,60.0000008940697,59.));
#13119=CARTESIAN_POINT('',(4.5,55.6698747784824,56.5000005215406));
#13120=CARTESIAN_POINT('',(4.5,60.0000008940697,59.));
#13121=CARTESIAN_POINT('',(3.,55.6698747784824,56.5000005215406));
#13122=CARTESIAN_POINT('Origin',(3.,55.6698747784824,51.5000015646219));
#13123=CARTESIAN_POINT('',(3.,55.6698747784824,51.5000015646219));
#13124=CARTESIAN_POINT('',(3.,55.6698747784824,56.5000005215406));
#13125=CARTESIAN_POINT('',(4.5,55.6698747784824,51.5000015646219));
#13126=CARTESIAN_POINT('',(4.5,55.6698747784824,56.5000005215406));
#13127=CARTESIAN_POINT('',(3.,55.6698747784824,51.5000015646219));
#13128=CARTESIAN_POINT('Origin',(3.,60.0000008940697,49.0000020861626));
#13129=CARTESIAN_POINT('',(3.,60.0000008940697,49.0000020861626));
#13130=CARTESIAN_POINT('',(3.,55.6698747784824,51.5000015646219));
#13131=CARTESIAN_POINT('',(4.5,60.0000008940697,49.0000020861626));
#13132=CARTESIAN_POINT('',(4.5,55.6698747784824,51.5000015646219));
#13133=CARTESIAN_POINT('',(3.,60.0000008940697,49.0000020861626));
#13134=CARTESIAN_POINT('Origin',(3.,64.330127009657,51.5000015646219));
#13135=CARTESIAN_POINT('',(3.,64.330127009657,51.5000015646219));
#13136=CARTESIAN_POINT('',(3.,60.0000008940697,49.0000020861626));
#13137=CARTESIAN_POINT('',(4.5,64.330127009657,51.5000015646219));
#13138=CARTESIAN_POINT('',(4.5,60.0000008940697,49.0000020861626));
#13139=CARTESIAN_POINT('',(3.,64.330127009657,51.5000015646219));
#13140=CARTESIAN_POINT('Origin',(3.,64.330127009657,56.5000005215406));
#13141=CARTESIAN_POINT('',(3.,64.330127009657,51.5000015646219));
#13142=CARTESIAN_POINT('',(4.5,64.330127009657,51.5000015646219));
#13143=CARTESIAN_POINT('Origin',(3.,5.,41.0000008493662));
#13144=CARTESIAN_POINT('',(3.,5.00000007450581,41.0000008493662));
#13145=CARTESIAN_POINT('',(3.,5.00000007450581,51.0000009983778));
#13146=CARTESIAN_POINT('',(3.,5.,75.));
#13147=CARTESIAN_POINT('',(4.5,5.00000007450581,51.0000009983778));
#13148=CARTESIAN_POINT('',(3.,5.00000007450581,51.0000009983778));
#13149=CARTESIAN_POINT('',(4.5,5.00000007450581,41.0000008493662));
#13150=CARTESIAN_POINT('',(4.5,5.,75.));
#13151=CARTESIAN_POINT('',(3.,5.00000007450581,41.0000008493662));
#13152=CARTESIAN_POINT('Origin',(3.,9.33012715795192,43.5000008866191));
#13153=CARTESIAN_POINT('',(3.,9.33012715795192,43.5000008866191));
#13154=CARTESIAN_POINT('',(3.,5.00000007450581,41.0000008493662));
#13155=CARTESIAN_POINT('',(4.5,9.33012715795192,43.5000008866191));
#13156=CARTESIAN_POINT('',(4.5,5.00000007450581,41.0000008493662));
#13157=CARTESIAN_POINT('',(3.,9.33012715795192,43.5000008866191));
#13158=CARTESIAN_POINT('Origin',(3.,9.33012715795192,48.5000009611249));
#13159=CARTESIAN_POINT('',(3.,9.33012715795192,48.5000009611249));
#13160=CARTESIAN_POINT('',(3.,9.33012715795192,43.5000008866191));
#13161=CARTESIAN_POINT('',(4.5,9.33012715795192,48.5000009611249));
#13162=CARTESIAN_POINT('',(4.5,9.33012715795192,43.5000008866191));
#13163=CARTESIAN_POINT('',(3.,9.33012715795192,48.5000009611249));
#13164=CARTESIAN_POINT('Origin',(3.,5.00000007450581,51.0000009983778));
#13165=CARTESIAN_POINT('',(3.,9.33012715795192,48.5000009611249));
#13166=CARTESIAN_POINT('',(4.5,9.33012715795192,48.5000009611249));
#13167=CARTESIAN_POINT('Origin',(3.,15.6698741824359,72.5000005215406));
#13168=CARTESIAN_POINT('',(3.,15.6698741824359,72.5000005215406));
#13169=CARTESIAN_POINT('',(3.,20.0000002980232,75.));
#13170=CARTESIAN_POINT('',(3.,20.0000002980232,75.));
#13171=CARTESIAN_POINT('',(4.5,20.0000002980232,75.));
#13172=CARTESIAN_POINT('',(3.,20.0000002980232,75.));
#13173=CARTESIAN_POINT('',(4.5,15.6698741824359,72.5000005215406));
#13174=CARTESIAN_POINT('',(4.5,20.0000002980232,75.));
#13175=CARTESIAN_POINT('',(3.,15.6698741824359,72.5000005215406));
#13176=CARTESIAN_POINT('Origin',(3.,15.6698741824359,67.5000015646219));
#13177=CARTESIAN_POINT('',(3.,15.6698741824359,67.5000015646219));
#13178=CARTESIAN_POINT('',(3.,15.6698741824359,72.5000005215406));
#13179=CARTESIAN_POINT('',(4.5,15.6698741824359,67.5000015646219));
#13180=CARTESIAN_POINT('',(4.5,15.6698741824359,72.5000005215406));
#13181=CARTESIAN_POINT('',(3.,15.6698741824359,67.5000015646219));
#13182=CARTESIAN_POINT('Origin',(3.,20.0000002980232,65.0000020861626));
#13183=CARTESIAN_POINT('',(3.,20.0000002980232,65.0000020861626));
#13184=CARTESIAN_POINT('',(3.,15.6698741824359,67.5000015646219));
#13185=CARTESIAN_POINT('',(4.5,20.0000002980232,65.0000020861626));
#13186=CARTESIAN_POINT('',(4.5,15.6698741824359,67.5000015646219));
#13187=CARTESIAN_POINT('',(3.,20.0000002980232,65.0000020861626));
#13188=CARTESIAN_POINT('Origin',(3.,24.3301264136105,67.5000015646219));
#13189=CARTESIAN_POINT('',(3.,24.3301264136105,67.5000015646219));
#13190=CARTESIAN_POINT('',(3.,20.0000002980232,65.0000020861626));
#13191=CARTESIAN_POINT('',(4.5,24.3301264136105,67.5000015646219));
#13192=CARTESIAN_POINT('',(4.5,20.0000002980232,65.0000020861626));
#13193=CARTESIAN_POINT('',(3.,24.3301264136105,67.5000015646219));
#13194=CARTESIAN_POINT('Origin',(3.,24.3301264136105,72.5000005215406));
#13195=CARTESIAN_POINT('',(3.,24.3301264136105,72.5000005215406));
#13196=CARTESIAN_POINT('',(3.,24.3301264136105,67.5000015646219));
#13197=CARTESIAN_POINT('',(4.5,24.3301264136105,72.5000005215406));
#13198=CARTESIAN_POINT('',(4.5,24.3301264136105,67.5000015646219));
#13199=CARTESIAN_POINT('',(3.,24.3301264136105,72.5000005215406));
#13200=CARTESIAN_POINT('Origin',(3.,20.0000002980232,75.));
#13201=CARTESIAN_POINT('',(3.,24.3301264136105,72.5000005215406));
#13202=CARTESIAN_POINT('',(4.5,24.3301264136105,72.5000005215406));
#13203=CARTESIAN_POINT('Origin',(3.,44.3301261155873,8.50000052154064));
#13204=CARTESIAN_POINT('',(3.,44.3301261155873,8.50000052154064));
#13205=CARTESIAN_POINT('',(3.,44.3301261155873,5.));
#13206=CARTESIAN_POINT('',(3.,44.3301261155873,3.50000156462192));
#13207=CARTESIAN_POINT('',(4.5,44.3301261155873,5.));
#13208=CARTESIAN_POINT('',(3.,44.3301261155873,5.));
#13209=CARTESIAN_POINT('',(4.5,44.3301261155873,8.50000052154064));
#13210=CARTESIAN_POINT('',(4.5,44.3301261155873,3.50000156462192));
#13211=CARTESIAN_POINT('',(3.,44.3301261155873,8.50000052154064));
#13212=CARTESIAN_POINT('Origin',(3.,40.,11.));
#13213=CARTESIAN_POINT('',(3.,40.,11.));
#13214=CARTESIAN_POINT('',(3.,44.3301261155873,8.50000052154064));
#13215=CARTESIAN_POINT('',(4.5,40.,11.));
#13216=CARTESIAN_POINT('',(4.5,44.3301261155873,8.50000052154064));
#13217=CARTESIAN_POINT('',(3.,40.,11.));
#13218=CARTESIAN_POINT('Origin',(3.,35.6698738844127,8.50000052154064));
#13219=CARTESIAN_POINT('',(3.,35.6698738844127,8.50000052154064));
#13220=CARTESIAN_POINT('',(3.,40.,11.));
#13221=CARTESIAN_POINT('',(4.5,35.6698738844127,8.50000052154064));
#13222=CARTESIAN_POINT('',(4.5,40.,11.));
#13223=CARTESIAN_POINT('',(3.,35.6698738844127,8.50000052154064));
#13224=CARTESIAN_POINT('Origin',(3.,35.6698738844127,5.));
#13225=CARTESIAN_POINT('',(3.,35.6698738844127,5.));
#13226=CARTESIAN_POINT('',(3.,35.6698738844127,8.50000052154064));
#13227=CARTESIAN_POINT('',(4.5,35.6698738844127,5.));
#13228=CARTESIAN_POINT('',(4.5,35.6698738844127,8.50000052154064));
#13229=CARTESIAN_POINT('',(3.,35.6698738844127,5.));
#13230=CARTESIAN_POINT('Origin',(3.,44.3301261155873,5.));
#13231=CARTESIAN_POINT('',(3.,5.,5.));
#13232=CARTESIAN_POINT('',(4.5,5.,5.));
#13233=CARTESIAN_POINT('Origin',(3.,49.3301277539984,48.5000009611249));
#13234=CARTESIAN_POINT('',(3.,49.3301277539984,48.5000009611249));
#13235=CARTESIAN_POINT('',(3.,49.3301277539984,43.5000008866191));
#13236=CARTESIAN_POINT('',(3.,49.3301277539984,43.5000008866191));
#13237=CARTESIAN_POINT('',(4.5,49.3301277539984,43.5000008866191));
#13238=CARTESIAN_POINT('',(3.,49.3301277539984,43.5000008866191));
#13239=CARTESIAN_POINT('',(4.5,49.3301277539984,48.5000009611249));
#13240=CARTESIAN_POINT('',(4.5,49.3301277539984,43.5000008866191));
#13241=CARTESIAN_POINT('',(3.,49.3301277539984,48.5000009611249));
#13242=CARTESIAN_POINT('Origin',(3.,45.0000006705523,51.0000009983778));
#13243=CARTESIAN_POINT('',(3.,45.0000006705523,51.0000009983778));
#13244=CARTESIAN_POINT('',(3.,49.3301277539984,48.5000009611249));
#13245=CARTESIAN_POINT('',(4.5,45.0000006705523,51.0000009983778));
#13246=CARTESIAN_POINT('',(4.5,49.3301277539984,48.5000009611249));
#13247=CARTESIAN_POINT('',(3.,45.0000006705523,51.0000009983778));
#13248=CARTESIAN_POINT('Origin',(3.,40.6698735871061,48.5000009611249));
#13249=CARTESIAN_POINT('',(3.,40.6698735871061,48.5000009611249));
#13250=CARTESIAN_POINT('',(3.,45.0000006705523,51.0000009983778));
#13251=CARTESIAN_POINT('',(4.5,40.6698735871061,48.5000009611249));
#13252=CARTESIAN_POINT('',(4.5,45.0000006705523,51.0000009983778));
#13253=CARTESIAN_POINT('',(3.,40.6698735871061,48.5000009611249));
#13254=CARTESIAN_POINT('Origin',(3.,40.6698735871061,43.5000008866191));
#13255=CARTESIAN_POINT('',(3.,40.6698735871061,43.5000008866191));
#13256=CARTESIAN_POINT('',(3.,40.6698735871061,48.5000009611249));
#13257=CARTESIAN_POINT('',(4.5,40.6698735871061,43.5000008866191));
#13258=CARTESIAN_POINT('',(4.5,40.6698735871061,48.5000009611249));
#13259=CARTESIAN_POINT('',(3.,40.6698735871061,43.5000008866191));
#13260=CARTESIAN_POINT('Origin',(3.,45.0000006705523,41.0000008493662));
#13261=CARTESIAN_POINT('',(3.,45.0000006705523,41.0000008493662));
#13262=CARTESIAN_POINT('',(3.,40.6698735871061,43.5000008866191));
#13263=CARTESIAN_POINT('',(4.5,45.0000006705523,41.0000008493662));
#13264=CARTESIAN_POINT('',(4.5,40.6698735871061,43.5000008866191));
#13265=CARTESIAN_POINT('',(3.,45.0000006705523,41.0000008493662));
#13266=CARTESIAN_POINT('Origin',(3.,49.3301277539984,43.5000008866191));
#13267=CARTESIAN_POINT('',(3.,45.0000006705523,41.0000008493662));
#13268=CARTESIAN_POINT('',(4.5,45.0000006705523,41.0000008493662));
#13269=CARTESIAN_POINT('Origin',(3.,29.3301274559751,27.5000008866191));
#13270=CARTESIAN_POINT('',(3.,29.3301274559751,27.5000008866191));
#13271=CARTESIAN_POINT('',(3.,25.000000372529,25.0000008493662));
#13272=CARTESIAN_POINT('',(3.,25.000000372529,25.0000008493662));
#13273=CARTESIAN_POINT('',(4.5,25.000000372529,25.0000008493662));
#13274=CARTESIAN_POINT('',(3.,25.000000372529,25.0000008493662));
#13275=CARTESIAN_POINT('',(4.5,29.3301274559751,27.5000008866191));
#13276=CARTESIAN_POINT('',(4.5,25.000000372529,25.0000008493662));
#13277=CARTESIAN_POINT('',(3.,29.3301274559751,27.5000008866191));
#13278=CARTESIAN_POINT('Origin',(3.,29.3301274559751,32.5000009611249));
#13279=CARTESIAN_POINT('',(3.,29.3301274559751,32.5000009611249));
#13280=CARTESIAN_POINT('',(3.,29.3301274559751,27.5000008866191));
#13281=CARTESIAN_POINT('',(4.5,29.3301274559751,32.5000009611249));
#13282=CARTESIAN_POINT('',(4.5,29.3301274559751,27.5000008866191));
#13283=CARTESIAN_POINT('',(3.,29.3301274559751,32.5000009611249));
#13284=CARTESIAN_POINT('Origin',(3.,25.000000372529,35.0000009983778));
#13285=CARTESIAN_POINT('',(3.,25.000000372529,35.0000009983778));
#13286=CARTESIAN_POINT('',(3.,29.3301274559751,32.5000009611249));
#13287=CARTESIAN_POINT('',(4.5,25.000000372529,35.0000009983778));
#13288=CARTESIAN_POINT('',(4.5,29.3301274559751,32.5000009611249));
#13289=CARTESIAN_POINT('',(3.,25.000000372529,35.0000009983778));
#13290=CARTESIAN_POINT('Origin',(3.,20.6698732890829,32.5000009611249));
#13291=CARTESIAN_POINT('',(3.,20.6698732890829,32.5000009611249));
#13292=CARTESIAN_POINT('',(3.,25.000000372529,35.0000009983778));
#13293=CARTESIAN_POINT('',(4.5,20.6698732890829,32.5000009611249));
#13294=CARTESIAN_POINT('',(4.5,25.000000372529,35.0000009983778));
#13295=CARTESIAN_POINT('',(3.,20.6698732890829,32.5000009611249));
#13296=CARTESIAN_POINT('Origin',(3.,20.6698732890829,27.5000008866191));
#13297=CARTESIAN_POINT('',(3.,20.6698732890829,27.5000008866191));
#13298=CARTESIAN_POINT('',(3.,20.6698732890829,32.5000009611249));
#13299=CARTESIAN_POINT('',(4.5,20.6698732890829,27.5000008866191));
#13300=CARTESIAN_POINT('',(4.5,20.6698732890829,32.5000009611249));
#13301=CARTESIAN_POINT('',(3.,20.6698732890829,27.5000008866191));
#13302=CARTESIAN_POINT('Origin',(3.,25.000000372529,25.0000008493662));
#13303=CARTESIAN_POINT('',(3.,20.6698732890829,27.5000008866191));
#13304=CARTESIAN_POINT('',(4.5,20.6698732890829,27.5000008866191));
#13305=CARTESIAN_POINT('Origin',(3.,30.0000004470348,59.));
#13306=CARTESIAN_POINT('',(3.,30.0000004470348,59.));
#13307=CARTESIAN_POINT('',(3.,34.3301265626221,56.5000005215406));
#13308=CARTESIAN_POINT('',(3.,34.3301265626221,56.5000005215406));
#13309=CARTESIAN_POINT('',(4.5,34.3301265626221,56.5000005215406));
#13310=CARTESIAN_POINT('',(3.,34.3301265626221,56.5000005215406));
#13311=CARTESIAN_POINT('',(4.5,30.0000004470348,59.));
#13312=CARTESIAN_POINT('',(4.5,34.3301265626221,56.5000005215406));
#13313=CARTESIAN_POINT('',(3.,30.0000004470348,59.));
#13314=CARTESIAN_POINT('Origin',(3.,25.6698743314475,56.5000005215406));
#13315=CARTESIAN_POINT('',(3.,25.6698743314475,56.5000005215406));
#13316=CARTESIAN_POINT('',(3.,30.0000004470348,59.));
#13317=CARTESIAN_POINT('',(4.5,25.6698743314475,56.5000005215406));
#13318=CARTESIAN_POINT('',(4.5,30.0000004470348,59.));
#13319=CARTESIAN_POINT('',(3.,25.6698743314475,56.5000005215406));
#13320=CARTESIAN_POINT('Origin',(3.,25.6698743314475,51.5000015646219));
#13321=CARTESIAN_POINT('',(3.,25.6698743314475,51.5000015646219));
#13322=CARTESIAN_POINT('',(3.,25.6698743314475,56.5000005215406));
#13323=CARTESIAN_POINT('',(4.5,25.6698743314475,51.5000015646219));
#13324=CARTESIAN_POINT('',(4.5,25.6698743314475,56.5000005215406));
#13325=CARTESIAN_POINT('',(3.,25.6698743314475,51.5000015646219));
#13326=CARTESIAN_POINT('Origin',(3.,30.0000004470348,49.0000020861626));
#13327=CARTESIAN_POINT('',(3.,30.0000004470348,49.0000020861626));
#13328=CARTESIAN_POINT('',(3.,25.6698743314475,51.5000015646219));
#13329=CARTESIAN_POINT('',(4.5,30.0000004470348,49.0000020861626));
#13330=CARTESIAN_POINT('',(4.5,25.6698743314475,51.5000015646219));
#13331=CARTESIAN_POINT('',(3.,30.0000004470348,49.0000020861626));
#13332=CARTESIAN_POINT('Origin',(3.,34.3301265626221,51.5000015646219));
#13333=CARTESIAN_POINT('',(3.,34.3301265626221,51.5000015646219));
#13334=CARTESIAN_POINT('',(3.,30.0000004470348,49.0000020861626));
#13335=CARTESIAN_POINT('',(4.5,34.3301265626221,51.5000015646219));
#13336=CARTESIAN_POINT('',(4.5,30.0000004470348,49.0000020861626));
#13337=CARTESIAN_POINT('',(3.,34.3301265626221,51.5000015646219));
#13338=CARTESIAN_POINT('Origin',(3.,34.3301265626221,56.5000005215406));
#13339=CARTESIAN_POINT('',(3.,34.3301265626221,51.5000015646219));
#13340=CARTESIAN_POINT('',(4.5,34.3301265626221,51.5000015646219));
#13341=CARTESIAN_POINT('Origin',(3.,29.3301274559751,11.5000008866191));
#13342=CARTESIAN_POINT('',(3.,29.3301274559751,11.5000008866191));
#13343=CARTESIAN_POINT('',(3.,25.000000372529,9.00000084936618));
#13344=CARTESIAN_POINT('',(3.,25.000000372529,9.00000084936618));
#13345=CARTESIAN_POINT('',(4.5,25.000000372529,9.00000084936618));
#13346=CARTESIAN_POINT('',(3.,25.000000372529,9.00000084936618));
#13347=CARTESIAN_POINT('',(4.5,29.3301274559751,11.5000008866191));
#13348=CARTESIAN_POINT('',(4.5,25.000000372529,9.00000084936618));
#13349=CARTESIAN_POINT('',(3.,29.3301274559751,11.5000008866191));
#13350=CARTESIAN_POINT('Origin',(3.,29.3301274559751,16.5000009611249));
#13351=CARTESIAN_POINT('',(3.,29.3301274559751,16.5000009611249));
#13352=CARTESIAN_POINT('',(3.,29.3301274559751,11.5000008866191));
#13353=CARTESIAN_POINT('',(4.5,29.3301274559751,16.5000009611249));
#13354=CARTESIAN_POINT('',(4.5,29.3301274559751,11.5000008866191));
#13355=CARTESIAN_POINT('',(3.,29.3301274559751,16.5000009611249));
#13356=CARTESIAN_POINT('Origin',(3.,25.000000372529,19.0000009983778));
#13357=CARTESIAN_POINT('',(3.,25.000000372529,19.0000009983778));
#13358=CARTESIAN_POINT('',(3.,29.3301274559751,16.5000009611249));
#13359=CARTESIAN_POINT('',(4.5,25.000000372529,19.0000009983778));
#13360=CARTESIAN_POINT('',(4.5,29.3301274559751,16.5000009611249));
#13361=CARTESIAN_POINT('',(3.,25.000000372529,19.0000009983778));
#13362=CARTESIAN_POINT('Origin',(3.,20.6698732890829,16.5000009611249));
#13363=CARTESIAN_POINT('',(3.,20.6698732890829,16.5000009611249));
#13364=CARTESIAN_POINT('',(3.,25.000000372529,19.0000009983778));
#13365=CARTESIAN_POINT('',(4.5,20.6698732890829,16.5000009611249));
#13366=CARTESIAN_POINT('',(4.5,25.000000372529,19.0000009983778));
#13367=CARTESIAN_POINT('',(3.,20.6698732890829,16.5000009611249));
#13368=CARTESIAN_POINT('Origin',(3.,20.6698732890829,11.5000008866191));
#13369=CARTESIAN_POINT('',(3.,20.6698732890829,11.5000008866191));
#13370=CARTESIAN_POINT('',(3.,20.6698732890829,16.5000009611249));
#13371=CARTESIAN_POINT('',(4.5,20.6698732890829,11.5000008866191));
#13372=CARTESIAN_POINT('',(4.5,20.6698732890829,16.5000009611249));
#13373=CARTESIAN_POINT('',(3.,20.6698732890829,11.5000008866191));
#13374=CARTESIAN_POINT('Origin',(3.,25.000000372529,9.00000084936618));
#13375=CARTESIAN_POINT('',(3.,20.6698732890829,11.5000008866191));
#13376=CARTESIAN_POINT('',(4.5,20.6698732890829,11.5000008866191));
#13377=CARTESIAN_POINT('Origin',(3.,30.0000004470348,43.));
#13378=CARTESIAN_POINT('',(3.,30.0000004470348,43.));
#13379=CARTESIAN_POINT('',(3.,34.3301265626221,40.5000005215406));
#13380=CARTESIAN_POINT('',(3.,34.3301265626221,40.5000005215406));
#13381=CARTESIAN_POINT('',(4.5,34.3301265626221,40.5000005215406));
#13382=CARTESIAN_POINT('',(3.,34.3301265626221,40.5000005215406));
#13383=CARTESIAN_POINT('',(4.5,30.0000004470348,43.));
#13384=CARTESIAN_POINT('',(4.5,34.3301265626221,40.5000005215406));
#13385=CARTESIAN_POINT('',(3.,30.0000004470348,43.));
#13386=CARTESIAN_POINT('Origin',(3.,25.6698743314475,40.5000005215406));
#13387=CARTESIAN_POINT('',(3.,25.6698743314475,40.5000005215406));
#13388=CARTESIAN_POINT('',(3.,30.0000004470348,43.));
#13389=CARTESIAN_POINT('',(4.5,25.6698743314475,40.5000005215406));
#13390=CARTESIAN_POINT('',(4.5,30.0000004470348,43.));
#13391=CARTESIAN_POINT('',(3.,25.6698743314475,40.5000005215406));
#13392=CARTESIAN_POINT('Origin',(3.,25.6698743314475,35.5000015646219));
#13393=CARTESIAN_POINT('',(3.,25.6698743314475,35.5000015646219));
#13394=CARTESIAN_POINT('',(3.,25.6698743314475,40.5000005215406));
#13395=CARTESIAN_POINT('',(4.5,25.6698743314475,35.5000015646219));
#13396=CARTESIAN_POINT('',(4.5,25.6698743314475,40.5000005215406));
#13397=CARTESIAN_POINT('',(3.,25.6698743314475,35.5000015646219));
#13398=CARTESIAN_POINT('Origin',(3.,30.0000004470348,33.0000020861626));
#13399=CARTESIAN_POINT('',(3.,30.0000004470348,33.0000020861626));
#13400=CARTESIAN_POINT('',(3.,25.6698743314475,35.5000015646219));
#13401=CARTESIAN_POINT('',(4.5,30.0000004470348,33.0000020861626));
#13402=CARTESIAN_POINT('',(4.5,25.6698743314475,35.5000015646219));
#13403=CARTESIAN_POINT('',(3.,30.0000004470348,33.0000020861626));
#13404=CARTESIAN_POINT('Origin',(3.,34.3301265626221,35.5000015646219));
#13405=CARTESIAN_POINT('',(3.,34.3301265626221,35.5000015646219));
#13406=CARTESIAN_POINT('',(3.,30.0000004470348,33.0000020861626));
#13407=CARTESIAN_POINT('',(4.5,34.3301265626221,35.5000015646219));
#13408=CARTESIAN_POINT('',(4.5,30.0000004470348,33.0000020861626));
#13409=CARTESIAN_POINT('',(3.,34.3301265626221,35.5000015646219));
#13410=CARTESIAN_POINT('Origin',(3.,34.3301265626221,40.5000005215406));
#13411=CARTESIAN_POINT('',(3.,34.3301265626221,35.5000015646219));
#13412=CARTESIAN_POINT('',(4.5,34.3301265626221,35.5000015646219));
#13413=CARTESIAN_POINT('Origin',(3.,54.3301268606454,40.5000005215406));
#13414=CARTESIAN_POINT('',(3.,54.3301268606454,40.5000005215406));
#13415=CARTESIAN_POINT('',(3.,54.3301268606454,35.5000015646219));
#13416=CARTESIAN_POINT('',(3.,54.3301268606454,35.5000015646219));
#13417=CARTESIAN_POINT('',(4.5,54.3301268606454,35.5000015646219));
#13418=CARTESIAN_POINT('',(3.,54.3301268606454,35.5000015646219));
#13419=CARTESIAN_POINT('',(4.5,54.3301268606454,40.5000005215406));
#13420=CARTESIAN_POINT('',(4.5,54.3301268606454,35.5000015646219));
#13421=CARTESIAN_POINT('',(3.,54.3301268606454,40.5000005215406));
#13422=CARTESIAN_POINT('Origin',(3.,50.0000007450581,43.));
#13423=CARTESIAN_POINT('',(3.,50.0000007450581,43.));
#13424=CARTESIAN_POINT('',(3.,54.3301268606454,40.5000005215406));
#13425=CARTESIAN_POINT('',(4.5,50.0000007450581,43.));
#13426=CARTESIAN_POINT('',(4.5,54.3301268606454,40.5000005215406));
#13427=CARTESIAN_POINT('',(3.,50.0000007450581,43.));
#13428=CARTESIAN_POINT('Origin',(3.,45.6698746294708,40.5000005215406));
#13429=CARTESIAN_POINT('',(3.,45.6698746294708,40.5000005215406));
#13430=CARTESIAN_POINT('',(3.,50.0000007450581,43.));
#13431=CARTESIAN_POINT('',(4.5,45.6698746294708,40.5000005215406));
#13432=CARTESIAN_POINT('',(4.5,50.0000007450581,43.));
#13433=CARTESIAN_POINT('',(3.,45.6698746294708,40.5000005215406));
#13434=CARTESIAN_POINT('Origin',(3.,45.6698746294708,35.5000015646219));
#13435=CARTESIAN_POINT('',(3.,45.6698746294708,35.5000015646219));
#13436=CARTESIAN_POINT('',(3.,45.6698746294708,40.5000005215406));
#13437=CARTESIAN_POINT('',(4.5,45.6698746294708,35.5000015646219));
#13438=CARTESIAN_POINT('',(4.5,45.6698746294708,40.5000005215406));
#13439=CARTESIAN_POINT('',(3.,45.6698746294708,35.5000015646219));
#13440=CARTESIAN_POINT('Origin',(3.,50.0000007450581,33.0000020861626));
#13441=CARTESIAN_POINT('',(3.,50.0000007450581,33.0000020861626));
#13442=CARTESIAN_POINT('',(3.,45.6698746294708,35.5000015646219));
#13443=CARTESIAN_POINT('',(4.5,50.0000007450581,33.0000020861626));
#13444=CARTESIAN_POINT('',(4.5,45.6698746294708,35.5000015646219));
#13445=CARTESIAN_POINT('',(3.,50.0000007450581,33.0000020861626));
#13446=CARTESIAN_POINT('Origin',(3.,54.3301268606454,35.5000015646219));
#13447=CARTESIAN_POINT('',(3.,50.0000007450581,33.0000020861626));
#13448=CARTESIAN_POINT('',(4.5,50.0000007450581,33.0000020861626));
#13449=CARTESIAN_POINT('Origin',(3.,64.330127009657,8.50000052154064));
#13450=CARTESIAN_POINT('',(3.,64.330127009657,8.50000052154064));
#13451=CARTESIAN_POINT('',(3.,64.330127009657,5.));
#13452=CARTESIAN_POINT('',(3.,64.330127009657,3.50000156462192));
#13453=CARTESIAN_POINT('',(4.5,64.330127009657,5.));
#13454=CARTESIAN_POINT('',(3.,64.330127009657,5.));
#13455=CARTESIAN_POINT('',(4.5,64.330127009657,8.50000052154064));
#13456=CARTESIAN_POINT('',(4.5,64.330127009657,3.50000156462192));
#13457=CARTESIAN_POINT('',(3.,64.330127009657,8.50000052154064));
#13458=CARTESIAN_POINT('Origin',(3.,60.0000008940697,11.));
#13459=CARTESIAN_POINT('',(3.,60.0000008940697,11.));
#13460=CARTESIAN_POINT('',(3.,64.330127009657,8.50000052154064));
#13461=CARTESIAN_POINT('',(4.5,60.0000008940697,11.));
#13462=CARTESIAN_POINT('',(4.5,64.330127009657,8.50000052154064));
#13463=CARTESIAN_POINT('',(3.,60.0000008940697,11.));
#13464=CARTESIAN_POINT('Origin',(3.,55.6698747784824,8.50000052154064));
#13465=CARTESIAN_POINT('',(3.,55.6698747784824,8.50000052154064));
#13466=CARTESIAN_POINT('',(3.,60.0000008940697,11.));
#13467=CARTESIAN_POINT('',(4.5,55.6698747784824,8.50000052154064));
#13468=CARTESIAN_POINT('',(4.5,60.0000008940697,11.));
#13469=CARTESIAN_POINT('',(3.,55.6698747784824,8.50000052154064));
#13470=CARTESIAN_POINT('Origin',(3.,55.6698747784824,5.));
#13471=CARTESIAN_POINT('',(3.,55.6698747784824,5.));
#13472=CARTESIAN_POINT('',(3.,55.6698747784824,8.50000052154064));
#13473=CARTESIAN_POINT('',(4.5,55.6698747784824,5.));
#13474=CARTESIAN_POINT('',(4.5,55.6698747784824,8.50000052154064));
#13475=CARTESIAN_POINT('',(3.,55.6698747784824,5.));
#13476=CARTESIAN_POINT('Origin',(3.,64.330127009657,5.));
#13477=CARTESIAN_POINT('',(3.,5.,5.));
#13478=CARTESIAN_POINT('',(4.5,5.,5.));
#13479=CARTESIAN_POINT('Origin',(3.,24.3301264136105,24.5000005215406));
#13480=CARTESIAN_POINT('',(3.,24.3301264136105,24.5000005215406));
#13481=CARTESIAN_POINT('',(3.,24.3301264136105,19.5000015646219));
#13482=CARTESIAN_POINT('',(3.,24.3301264136105,19.5000015646219));
#13483=CARTESIAN_POINT('',(4.5,24.3301264136105,19.5000015646219));
#13484=CARTESIAN_POINT('',(3.,24.3301264136105,19.5000015646219));
#13485=CARTESIAN_POINT('',(4.5,24.3301264136105,24.5000005215406));
#13486=CARTESIAN_POINT('',(4.5,24.3301264136105,19.5000015646219));
#13487=CARTESIAN_POINT('',(3.,24.3301264136105,24.5000005215406));
#13488=CARTESIAN_POINT('Origin',(3.,20.0000002980232,27.));
#13489=CARTESIAN_POINT('',(3.,20.0000002980232,27.));
#13490=CARTESIAN_POINT('',(3.,24.3301264136105,24.5000005215406));
#13491=CARTESIAN_POINT('',(4.5,20.0000002980232,27.));
#13492=CARTESIAN_POINT('',(4.5,24.3301264136105,24.5000005215406));
#13493=CARTESIAN_POINT('',(3.,20.0000002980232,27.));
#13494=CARTESIAN_POINT('Origin',(3.,15.6698741824359,24.5000005215406));
#13495=CARTESIAN_POINT('',(3.,15.6698741824359,24.5000005215406));
#13496=CARTESIAN_POINT('',(3.,20.0000002980232,27.));
#13497=CARTESIAN_POINT('',(4.5,15.6698741824359,24.5000005215406));
#13498=CARTESIAN_POINT('',(4.5,20.0000002980232,27.));
#13499=CARTESIAN_POINT('',(3.,15.6698741824359,24.5000005215406));
#13500=CARTESIAN_POINT('Origin',(3.,15.6698741824359,19.5000015646219));
#13501=CARTESIAN_POINT('',(3.,15.6698741824359,19.5000015646219));
#13502=CARTESIAN_POINT('',(3.,15.6698741824359,24.5000005215406));
#13503=CARTESIAN_POINT('',(4.5,15.6698741824359,19.5000015646219));
#13504=CARTESIAN_POINT('',(4.5,15.6698741824359,24.5000005215406));
#13505=CARTESIAN_POINT('',(3.,15.6698741824359,19.5000015646219));
#13506=CARTESIAN_POINT('Origin',(3.,20.0000002980232,17.0000020861626));
#13507=CARTESIAN_POINT('',(3.,20.0000002980232,17.0000020861626));
#13508=CARTESIAN_POINT('',(3.,15.6698741824359,19.5000015646219));
#13509=CARTESIAN_POINT('',(4.5,20.0000002980232,17.0000020861626));
#13510=CARTESIAN_POINT('',(4.5,15.6698741824359,19.5000015646219));
#13511=CARTESIAN_POINT('',(3.,20.0000002980232,17.0000020861626));
#13512=CARTESIAN_POINT('Origin',(3.,24.3301264136105,19.5000015646219));
#13513=CARTESIAN_POINT('',(3.,20.0000002980232,17.0000020861626));
#13514=CARTESIAN_POINT('',(4.5,20.0000002980232,17.0000020861626));
#13515=CARTESIAN_POINT('Origin',(3.,60.0000008940697,27.));
#13516=CARTESIAN_POINT('',(3.,60.0000008940697,27.));
#13517=CARTESIAN_POINT('',(3.,64.330127009657,24.5000005215406));
#13518=CARTESIAN_POINT('',(3.,64.330127009657,24.5000005215406));
#13519=CARTESIAN_POINT('',(4.5,64.330127009657,24.5000005215406));
#13520=CARTESIAN_POINT('',(3.,64.330127009657,24.5000005215406));
#13521=CARTESIAN_POINT('',(4.5,60.0000008940697,27.));
#13522=CARTESIAN_POINT('',(4.5,64.330127009657,24.5000005215406));
#13523=CARTESIAN_POINT('',(3.,60.0000008940697,27.));
#13524=CARTESIAN_POINT('Origin',(3.,55.6698747784824,24.5000005215406));
#13525=CARTESIAN_POINT('',(3.,55.6698747784824,24.5000005215406));
#13526=CARTESIAN_POINT('',(3.,60.0000008940697,27.));
#13527=CARTESIAN_POINT('',(4.5,55.6698747784824,24.5000005215406));
#13528=CARTESIAN_POINT('',(4.5,60.0000008940697,27.));
#13529=CARTESIAN_POINT('',(3.,55.6698747784824,24.5000005215406));
#13530=CARTESIAN_POINT('Origin',(3.,55.6698747784824,19.5000015646219));
#13531=CARTESIAN_POINT('',(3.,55.6698747784824,19.5000015646219));
#13532=CARTESIAN_POINT('',(3.,55.6698747784824,24.5000005215406));
#13533=CARTESIAN_POINT('',(4.5,55.6698747784824,19.5000015646219));
#13534=CARTESIAN_POINT('',(4.5,55.6698747784824,24.5000005215406));
#13535=CARTESIAN_POINT('',(3.,55.6698747784824,19.5000015646219));
#13536=CARTESIAN_POINT('Origin',(3.,60.0000008940697,17.0000020861626));
#13537=CARTESIAN_POINT('',(3.,60.0000008940697,17.0000020861626));
#13538=CARTESIAN_POINT('',(3.,55.6698747784824,19.5000015646219));
#13539=CARTESIAN_POINT('',(4.5,60.0000008940697,17.0000020861626));
#13540=CARTESIAN_POINT('',(4.5,55.6698747784824,19.5000015646219));
#13541=CARTESIAN_POINT('',(3.,60.0000008940697,17.0000020861626));
#13542=CARTESIAN_POINT('Origin',(3.,64.330127009657,19.5000015646219));
#13543=CARTESIAN_POINT('',(3.,64.330127009657,19.5000015646219));
#13544=CARTESIAN_POINT('',(3.,60.0000008940697,17.0000020861626));
#13545=CARTESIAN_POINT('',(4.5,64.330127009657,19.5000015646219));
#13546=CARTESIAN_POINT('',(4.5,60.0000008940697,17.0000020861626));
#13547=CARTESIAN_POINT('',(3.,64.330127009657,19.5000015646219));
#13548=CARTESIAN_POINT('Origin',(3.,64.330127009657,24.5000005215406));
#13549=CARTESIAN_POINT('',(3.,64.330127009657,19.5000015646219));
#13550=CARTESIAN_POINT('',(4.5,64.330127009657,19.5000015646219));
#13551=CARTESIAN_POINT('Origin',(3.,5.66987403342431,72.5000005215406));
#13552=CARTESIAN_POINT('',(3.,5.66987403342431,72.5000005215406));
#13553=CARTESIAN_POINT('',(3.,10.0000001490116,75.));
#13554=CARTESIAN_POINT('',(3.,10.0000001490116,75.));
#13555=CARTESIAN_POINT('',(4.5,10.0000001490116,75.));
#13556=CARTESIAN_POINT('',(3.,10.0000001490116,75.));
#13557=CARTESIAN_POINT('',(4.5,5.66987403342431,72.5000005215406));
#13558=CARTESIAN_POINT('',(4.5,10.0000001490116,75.));
#13559=CARTESIAN_POINT('',(3.,5.66987403342431,72.5000005215406));
#13560=CARTESIAN_POINT('Origin',(3.,5.66987403342431,67.5000015646219));
#13561=CARTESIAN_POINT('',(3.,5.66987403342431,67.5000015646219));
#13562=CARTESIAN_POINT('',(3.,5.66987403342431,72.5000005215406));
#13563=CARTESIAN_POINT('',(4.5,5.66987403342431,67.5000015646219));
#13564=CARTESIAN_POINT('',(4.5,5.66987403342431,72.5000005215406));
#13565=CARTESIAN_POINT('',(3.,5.66987403342431,67.5000015646219));
#13566=CARTESIAN_POINT('Origin',(3.,10.0000001490116,65.0000020861626));
#13567=CARTESIAN_POINT('',(3.,10.0000001490116,65.0000020861626));
#13568=CARTESIAN_POINT('',(3.,5.66987403342431,67.5000015646219));
#13569=CARTESIAN_POINT('',(4.5,10.0000001490116,65.0000020861626));
#13570=CARTESIAN_POINT('',(4.5,5.66987403342431,67.5000015646219));
#13571=CARTESIAN_POINT('',(3.,10.0000001490116,65.0000020861626));
#13572=CARTESIAN_POINT('Origin',(3.,14.3301262645989,67.5000015646219));
#13573=CARTESIAN_POINT('',(3.,14.3301262645989,67.5000015646219));
#13574=CARTESIAN_POINT('',(3.,10.0000001490116,65.0000020861626));
#13575=CARTESIAN_POINT('',(4.5,14.3301262645989,67.5000015646219));
#13576=CARTESIAN_POINT('',(4.5,10.0000001490116,65.0000020861626));
#13577=CARTESIAN_POINT('',(3.,14.3301262645989,67.5000015646219));
#13578=CARTESIAN_POINT('Origin',(3.,14.3301262645989,72.5000005215406));
#13579=CARTESIAN_POINT('',(3.,14.3301262645989,72.5000005215406));
#13580=CARTESIAN_POINT('',(3.,14.3301262645989,67.5000015646219));
#13581=CARTESIAN_POINT('',(4.5,14.3301262645989,72.5000005215406));
#13582=CARTESIAN_POINT('',(4.5,14.3301262645989,67.5000015646219));
#13583=CARTESIAN_POINT('',(3.,14.3301262645989,72.5000005215406));
#13584=CARTESIAN_POINT('Origin',(3.,10.0000001490116,75.));
#13585=CARTESIAN_POINT('',(3.,14.3301262645989,72.5000005215406));
#13586=CARTESIAN_POINT('',(4.5,14.3301262645989,72.5000005215406));
#13587=CARTESIAN_POINT('Origin',(3.,5.,9.00000084936618));
#13588=CARTESIAN_POINT('',(3.,5.00000007450581,9.00000084936618));
#13589=CARTESIAN_POINT('',(3.,5.00000007450581,19.0000009983778));
#13590=CARTESIAN_POINT('',(3.,5.,75.));
#13591=CARTESIAN_POINT('',(4.5,5.00000007450581,19.0000009983778));
#13592=CARTESIAN_POINT('',(3.,5.00000007450581,19.0000009983778));
#13593=CARTESIAN_POINT('',(4.5,5.00000007450581,9.00000084936618));
#13594=CARTESIAN_POINT('',(4.5,5.,75.));
#13595=CARTESIAN_POINT('',(3.,5.00000007450581,9.00000084936618));
#13596=CARTESIAN_POINT('Origin',(3.,9.33012715795192,11.5000008866191));
#13597=CARTESIAN_POINT('',(3.,9.33012715795192,11.5000008866191));
#13598=CARTESIAN_POINT('',(3.,5.00000007450581,9.00000084936618));
#13599=CARTESIAN_POINT('',(4.5,9.33012715795192,11.5000008866191));
#13600=CARTESIAN_POINT('',(4.5,5.00000007450581,9.00000084936618));
#13601=CARTESIAN_POINT('',(3.,9.33012715795192,11.5000008866191));
#13602=CARTESIAN_POINT('Origin',(3.,9.33012715795192,16.5000009611249));
#13603=CARTESIAN_POINT('',(3.,9.33012715795192,16.5000009611249));
#13604=CARTESIAN_POINT('',(3.,9.33012715795192,11.5000008866191));
#13605=CARTESIAN_POINT('',(4.5,9.33012715795192,16.5000009611249));
#13606=CARTESIAN_POINT('',(4.5,9.33012715795192,11.5000008866191));
#13607=CARTESIAN_POINT('',(3.,9.33012715795192,16.5000009611249));
#13608=CARTESIAN_POINT('Origin',(3.,5.00000007450581,19.0000009983778));
#13609=CARTESIAN_POINT('',(3.,9.33012715795192,16.5000009611249));
#13610=CARTESIAN_POINT('',(4.5,9.33012715795192,16.5000009611249));
#13611=CARTESIAN_POINT('Origin',(3.,49.3301277539984,16.5000009611249));
#13612=CARTESIAN_POINT('',(3.,49.3301277539984,16.5000009611249));
#13613=CARTESIAN_POINT('',(3.,49.3301277539984,11.5000008866191));
#13614=CARTESIAN_POINT('',(3.,49.3301277539984,11.5000008866191));
#13615=CARTESIAN_POINT('',(4.5,49.3301277539984,11.5000008866191));
#13616=CARTESIAN_POINT('',(3.,49.3301277539984,11.5000008866191));
#13617=CARTESIAN_POINT('',(4.5,49.3301277539984,16.5000009611249));
#13618=CARTESIAN_POINT('',(4.5,49.3301277539984,11.5000008866191));
#13619=CARTESIAN_POINT('',(3.,49.3301277539984,16.5000009611249));
#13620=CARTESIAN_POINT('Origin',(3.,45.0000006705523,19.0000009983778));
#13621=CARTESIAN_POINT('',(3.,45.0000006705523,19.0000009983778));
#13622=CARTESIAN_POINT('',(3.,49.3301277539984,16.5000009611249));
#13623=CARTESIAN_POINT('',(4.5,45.0000006705523,19.0000009983778));
#13624=CARTESIAN_POINT('',(4.5,49.3301277539984,16.5000009611249));
#13625=CARTESIAN_POINT('',(3.,45.0000006705523,19.0000009983778));
#13626=CARTESIAN_POINT('Origin',(3.,40.6698735871061,16.5000009611249));
#13627=CARTESIAN_POINT('',(3.,40.6698735871061,16.5000009611249));
#13628=CARTESIAN_POINT('',(3.,45.0000006705523,19.0000009983778));
#13629=CARTESIAN_POINT('',(4.5,40.6698735871061,16.5000009611249));
#13630=CARTESIAN_POINT('',(4.5,45.0000006705523,19.0000009983778));
#13631=CARTESIAN_POINT('',(3.,40.6698735871061,16.5000009611249));
#13632=CARTESIAN_POINT('Origin',(3.,40.6698735871061,11.5000008866191));
#13633=CARTESIAN_POINT('',(3.,40.6698735871061,11.5000008866191));
#13634=CARTESIAN_POINT('',(3.,40.6698735871061,16.5000009611249));
#13635=CARTESIAN_POINT('',(4.5,40.6698735871061,11.5000008866191));
#13636=CARTESIAN_POINT('',(4.5,40.6698735871061,16.5000009611249));
#13637=CARTESIAN_POINT('',(3.,40.6698735871061,11.5000008866191));
#13638=CARTESIAN_POINT('Origin',(3.,45.0000006705523,9.00000084936618));
#13639=CARTESIAN_POINT('',(3.,45.0000006705523,9.00000084936618));
#13640=CARTESIAN_POINT('',(3.,40.6698735871061,11.5000008866191));
#13641=CARTESIAN_POINT('',(4.5,45.0000006705523,9.00000084936618));
#13642=CARTESIAN_POINT('',(4.5,40.6698735871061,11.5000008866191));
#13643=CARTESIAN_POINT('',(3.,45.0000006705523,9.00000084936618));
#13644=CARTESIAN_POINT('Origin',(3.,49.3301277539984,11.5000008866191));
#13645=CARTESIAN_POINT('',(3.,45.0000006705523,9.00000084936618));
#13646=CARTESIAN_POINT('',(4.5,45.0000006705523,9.00000084936618));
#13647=CARTESIAN_POINT('Origin',(3.,74.3301271586686,24.5000005215406));
#13648=CARTESIAN_POINT('',(3.,74.3301271586686,24.5000005215406));
#13649=CARTESIAN_POINT('',(3.,74.3301271586686,19.5000015646219));
#13650=CARTESIAN_POINT('',(3.,74.3301271586686,19.5000015646219));
#13651=CARTESIAN_POINT('',(4.5,74.3301271586686,19.5000015646219));
#13652=CARTESIAN_POINT('',(3.,74.3301271586686,19.5000015646219));
#13653=CARTESIAN_POINT('',(4.5,74.3301271586686,24.5000005215406));
#13654=CARTESIAN_POINT('',(4.5,74.3301271586686,19.5000015646219));
#13655=CARTESIAN_POINT('',(3.,74.3301271586686,24.5000005215406));
#13656=CARTESIAN_POINT('Origin',(3.,70.0000010430813,27.));
#13657=CARTESIAN_POINT('',(3.,70.0000010430813,27.));
#13658=CARTESIAN_POINT('',(3.,74.3301271586686,24.5000005215406));
#13659=CARTESIAN_POINT('',(4.5,70.0000010430813,27.));
#13660=CARTESIAN_POINT('',(4.5,74.3301271586686,24.5000005215406));
#13661=CARTESIAN_POINT('',(3.,70.0000010430813,27.));
#13662=CARTESIAN_POINT('Origin',(3.,65.669874927494,24.5000005215406));
#13663=CARTESIAN_POINT('',(3.,65.669874927494,24.5000005215406));
#13664=CARTESIAN_POINT('',(3.,70.0000010430813,27.));
#13665=CARTESIAN_POINT('',(4.5,65.669874927494,24.5000005215406));
#13666=CARTESIAN_POINT('',(4.5,70.0000010430813,27.));
#13667=CARTESIAN_POINT('',(3.,65.669874927494,24.5000005215406));
#13668=CARTESIAN_POINT('Origin',(3.,65.669874927494,19.5000015646219));
#13669=CARTESIAN_POINT('',(3.,65.669874927494,19.5000015646219));
#13670=CARTESIAN_POINT('',(3.,65.669874927494,24.5000005215406));
#13671=CARTESIAN_POINT('',(4.5,65.669874927494,19.5000015646219));
#13672=CARTESIAN_POINT('',(4.5,65.669874927494,24.5000005215406));
#13673=CARTESIAN_POINT('',(3.,65.669874927494,19.5000015646219));
#13674=CARTESIAN_POINT('Origin',(3.,70.0000010430813,17.0000020861626));
#13675=CARTESIAN_POINT('',(3.,70.0000010430813,17.0000020861626));
#13676=CARTESIAN_POINT('',(3.,65.669874927494,19.5000015646219));
#13677=CARTESIAN_POINT('',(4.5,70.0000010430813,17.0000020861626));
#13678=CARTESIAN_POINT('',(4.5,65.669874927494,19.5000015646219));
#13679=CARTESIAN_POINT('',(3.,70.0000010430813,17.0000020861626));
#13680=CARTESIAN_POINT('Origin',(3.,74.3301271586686,19.5000015646219));
#13681=CARTESIAN_POINT('',(3.,70.0000010430813,17.0000020861626));
#13682=CARTESIAN_POINT('',(4.5,70.0000010430813,17.0000020861626));
#13683=CARTESIAN_POINT('Origin',(3.,5.,75.));
#13684=CARTESIAN_POINT('',(3.,5.,75.));
#13685=CARTESIAN_POINT('',(3.,8.46409980554507,75.));
#13686=CARTESIAN_POINT('',(3.,75.,75.));
#13687=CARTESIAN_POINT('',(4.5,8.46409980554507,75.));
#13688=CARTESIAN_POINT('',(3.,8.46409980554507,75.));
#13689=CARTESIAN_POINT('',(4.5,5.,75.));
#13690=CARTESIAN_POINT('',(4.5,75.,75.));
#13691=CARTESIAN_POINT('',(3.,5.,75.));
#13692=CARTESIAN_POINT('Origin',(3.,5.,73.0000010877848));
#13693=CARTESIAN_POINT('',(3.,5.00000007450581,73.0000010877848));
#13694=CARTESIAN_POINT('',(3.,5.,75.));
#13695=CARTESIAN_POINT('',(4.5,5.00000007450581,73.0000010877848));
#13696=CARTESIAN_POINT('',(4.5,5.,75.));
#13697=CARTESIAN_POINT('',(3.,5.00000007450581,73.0000010877848));
#13698=CARTESIAN_POINT('Origin',(3.,8.46409980554507,75.));
#13699=CARTESIAN_POINT('',(3.,5.00000007450581,73.0000010877848));
#13700=CARTESIAN_POINT('',(4.5,5.00000007450581,73.0000010877848));
#13701=CARTESIAN_POINT('Origin',(3.,10.6698731400713,64.5000009611249));
#13702=CARTESIAN_POINT('',(3.,10.6698731400713,64.5000009611249));
#13703=CARTESIAN_POINT('',(3.,15.0000002235174,67.0000009983778));
#13704=CARTESIAN_POINT('',(3.,15.0000002235174,67.0000009983778));
#13705=CARTESIAN_POINT('',(4.5,15.0000002235174,67.0000009983778));
#13706=CARTESIAN_POINT('',(3.,15.0000002235174,67.0000009983778));
#13707=CARTESIAN_POINT('',(4.5,10.6698731400713,64.5000009611249));
#13708=CARTESIAN_POINT('',(4.5,15.0000002235174,67.0000009983778));
#13709=CARTESIAN_POINT('',(3.,10.6698731400713,64.5000009611249));
#13710=CARTESIAN_POINT('Origin',(3.,10.6698731400713,59.5000008866191));
#13711=CARTESIAN_POINT('',(3.,10.6698731400713,59.5000008866191));
#13712=CARTESIAN_POINT('',(3.,10.6698731400713,64.5000009611249));
#13713=CARTESIAN_POINT('',(4.5,10.6698731400713,59.5000008866191));
#13714=CARTESIAN_POINT('',(4.5,10.6698731400713,64.5000009611249));
#13715=CARTESIAN_POINT('',(3.,10.6698731400713,59.5000008866191));
#13716=CARTESIAN_POINT('Origin',(3.,15.0000002235174,57.0000008493662));
#13717=CARTESIAN_POINT('',(3.,15.0000002235174,57.0000008493662));
#13718=CARTESIAN_POINT('',(3.,10.6698731400713,59.5000008866191));
#13719=CARTESIAN_POINT('',(4.5,15.0000002235174,57.0000008493662));
#13720=CARTESIAN_POINT('',(4.5,10.6698731400713,59.5000008866191));
#13721=CARTESIAN_POINT('',(3.,15.0000002235174,57.0000008493662));
#13722=CARTESIAN_POINT('Origin',(3.,19.3301273069635,59.5000008866191));
#13723=CARTESIAN_POINT('',(3.,19.3301273069635,59.5000008866191));
#13724=CARTESIAN_POINT('',(3.,15.0000002235174,57.0000008493662));
#13725=CARTESIAN_POINT('',(4.5,19.3301273069635,59.5000008866191));
#13726=CARTESIAN_POINT('',(4.5,15.0000002235174,57.0000008493662));
#13727=CARTESIAN_POINT('',(3.,19.3301273069635,59.5000008866191));
#13728=CARTESIAN_POINT('Origin',(3.,19.3301273069635,64.5000009611249));
#13729=CARTESIAN_POINT('',(3.,19.3301273069635,64.5000009611249));
#13730=CARTESIAN_POINT('',(3.,19.3301273069635,59.5000008866191));
#13731=CARTESIAN_POINT('',(4.5,19.3301273069635,64.5000009611249));
#13732=CARTESIAN_POINT('',(4.5,19.3301273069635,59.5000008866191));
#13733=CARTESIAN_POINT('',(3.,19.3301273069635,64.5000009611249));
#13734=CARTESIAN_POINT('Origin',(3.,15.0000002235174,67.0000009983778));
#13735=CARTESIAN_POINT('',(3.,19.3301273069635,64.5000009611249));
#13736=CARTESIAN_POINT('',(4.5,19.3301273069635,64.5000009611249));
#13737=CARTESIAN_POINT('Origin',(3.,50.6698737361178,64.5000009611249));
#13738=CARTESIAN_POINT('',(3.,50.6698737361178,64.5000009611249));
#13739=CARTESIAN_POINT('',(3.,55.0000008195639,67.0000009983778));
#13740=CARTESIAN_POINT('',(3.,55.0000008195639,67.0000009983778));
#13741=CARTESIAN_POINT('',(4.5,55.0000008195639,67.0000009983778));
#13742=CARTESIAN_POINT('',(3.,55.0000008195639,67.0000009983778));
#13743=CARTESIAN_POINT('',(4.5,50.6698737361178,64.5000009611249));
#13744=CARTESIAN_POINT('',(4.5,55.0000008195639,67.0000009983778));
#13745=CARTESIAN_POINT('',(3.,50.6698737361178,64.5000009611249));
#13746=CARTESIAN_POINT('Origin',(3.,50.6698737361178,59.5000008866191));
#13747=CARTESIAN_POINT('',(3.,50.6698737361178,59.5000008866191));
#13748=CARTESIAN_POINT('',(3.,50.6698737361178,64.5000009611249));
#13749=CARTESIAN_POINT('',(4.5,50.6698737361178,59.5000008866191));
#13750=CARTESIAN_POINT('',(4.5,50.6698737361178,64.5000009611249));
#13751=CARTESIAN_POINT('',(3.,50.6698737361178,59.5000008866191));
#13752=CARTESIAN_POINT('Origin',(3.,55.0000008195639,57.0000008493662));
#13753=CARTESIAN_POINT('',(3.,55.0000008195639,57.0000008493662));
#13754=CARTESIAN_POINT('',(3.,50.6698737361178,59.5000008866191));
#13755=CARTESIAN_POINT('',(4.5,55.0000008195639,57.0000008493662));
#13756=CARTESIAN_POINT('',(4.5,50.6698737361178,59.5000008866191));
#13757=CARTESIAN_POINT('',(3.,55.0000008195639,57.0000008493662));
#13758=CARTESIAN_POINT('Origin',(3.,59.33012790301,59.5000008866191));
#13759=CARTESIAN_POINT('',(3.,59.33012790301,59.5000008866191));
#13760=CARTESIAN_POINT('',(3.,55.0000008195639,57.0000008493662));
#13761=CARTESIAN_POINT('',(4.5,59.33012790301,59.5000008866191));
#13762=CARTESIAN_POINT('',(4.5,55.0000008195639,57.0000008493662));
#13763=CARTESIAN_POINT('',(3.,59.33012790301,59.5000008866191));
#13764=CARTESIAN_POINT('Origin',(3.,59.33012790301,64.5000009611249));
#13765=CARTESIAN_POINT('',(3.,59.33012790301,64.5000009611249));
#13766=CARTESIAN_POINT('',(3.,59.33012790301,59.5000008866191));
#13767=CARTESIAN_POINT('',(4.5,59.33012790301,64.5000009611249));
#13768=CARTESIAN_POINT('',(4.5,59.33012790301,59.5000008866191));
#13769=CARTESIAN_POINT('',(3.,59.33012790301,64.5000009611249));
#13770=CARTESIAN_POINT('Origin',(3.,55.0000008195639,67.0000009983778));
#13771=CARTESIAN_POINT('',(3.,59.33012790301,64.5000009611249));
#13772=CARTESIAN_POINT('',(4.5,59.33012790301,64.5000009611249));
#13773=CARTESIAN_POINT('Origin',(3.,29.3301274559751,43.5000008866191));
#13774=CARTESIAN_POINT('',(3.,29.3301274559751,43.5000008866191));
#13775=CARTESIAN_POINT('',(3.,25.000000372529,41.0000008493662));
#13776=CARTESIAN_POINT('',(3.,25.000000372529,41.0000008493662));
#13777=CARTESIAN_POINT('',(4.5,25.000000372529,41.0000008493662));
#13778=CARTESIAN_POINT('',(3.,25.000000372529,41.0000008493662));
#13779=CARTESIAN_POINT('',(4.5,29.3301274559751,43.5000008866191));
#13780=CARTESIAN_POINT('',(4.5,25.000000372529,41.0000008493662));
#13781=CARTESIAN_POINT('',(3.,29.3301274559751,43.5000008866191));
#13782=CARTESIAN_POINT('Origin',(3.,29.3301274559751,48.5000009611249));
#13783=CARTESIAN_POINT('',(3.,29.3301274559751,48.5000009611249));
#13784=CARTESIAN_POINT('',(3.,29.3301274559751,43.5000008866191));
#13785=CARTESIAN_POINT('',(4.5,29.3301274559751,48.5000009611249));
#13786=CARTESIAN_POINT('',(4.5,29.3301274559751,43.5000008866191));
#13787=CARTESIAN_POINT('',(3.,29.3301274559751,48.5000009611249));
#13788=CARTESIAN_POINT('Origin',(3.,25.000000372529,51.0000009983778));
#13789=CARTESIAN_POINT('',(3.,25.000000372529,51.0000009983778));
#13790=CARTESIAN_POINT('',(3.,29.3301274559751,48.5000009611249));
#13791=CARTESIAN_POINT('',(4.5,25.000000372529,51.0000009983778));
#13792=CARTESIAN_POINT('',(4.5,29.3301274559751,48.5000009611249));
#13793=CARTESIAN_POINT('',(3.,25.000000372529,51.0000009983778));
#13794=CARTESIAN_POINT('Origin',(3.,20.6698732890829,48.5000009611249));
#13795=CARTESIAN_POINT('',(3.,20.6698732890829,48.5000009611249));
#13796=CARTESIAN_POINT('',(3.,25.000000372529,51.0000009983778));
#13797=CARTESIAN_POINT('',(4.5,20.6698732890829,48.5000009611249));
#13798=CARTESIAN_POINT('',(4.5,25.000000372529,51.0000009983778));
#13799=CARTESIAN_POINT('',(3.,20.6698732890829,48.5000009611249));
#13800=CARTESIAN_POINT('Origin',(3.,20.6698732890829,43.5000008866191));
#13801=CARTESIAN_POINT('',(3.,20.6698732890829,43.5000008866191));
#13802=CARTESIAN_POINT('',(3.,20.6698732890829,48.5000009611249));
#13803=CARTESIAN_POINT('',(4.5,20.6698732890829,43.5000008866191));
#13804=CARTESIAN_POINT('',(4.5,20.6698732890829,48.5000009611249));
#13805=CARTESIAN_POINT('',(3.,20.6698732890829,43.5000008866191));
#13806=CARTESIAN_POINT('Origin',(3.,25.000000372529,41.0000008493662));
#13807=CARTESIAN_POINT('',(3.,20.6698732890829,43.5000008866191));
#13808=CARTESIAN_POINT('',(4.5,20.6698732890829,43.5000008866191));
#13809=CARTESIAN_POINT('Origin',(3.,40.,43.));
#13810=CARTESIAN_POINT('',(3.,40.,43.));
#13811=CARTESIAN_POINT('',(3.,44.3301261155873,40.5000005215406));
#13812=CARTESIAN_POINT('',(3.,44.3301261155873,40.5000005215406));
#13813=CARTESIAN_POINT('',(4.5,44.3301261155873,40.5000005215406));
#13814=CARTESIAN_POINT('',(3.,44.3301261155873,40.5000005215406));
#13815=CARTESIAN_POINT('',(4.5,40.,43.));
#13816=CARTESIAN_POINT('',(4.5,44.3301261155873,40.5000005215406));
#13817=CARTESIAN_POINT('',(3.,40.,43.));
#13818=CARTESIAN_POINT('Origin',(3.,35.6698738844127,40.5000005215406));
#13819=CARTESIAN_POINT('',(3.,35.6698738844127,40.5000005215406));
#13820=CARTESIAN_POINT('',(3.,40.,43.));
#13821=CARTESIAN_POINT('',(4.5,35.6698738844127,40.5000005215406));
#13822=CARTESIAN_POINT('',(4.5,40.,43.));
#13823=CARTESIAN_POINT('',(3.,35.6698738844127,40.5000005215406));
#13824=CARTESIAN_POINT('Origin',(3.,35.6698738844127,35.5000015646219));
#13825=CARTESIAN_POINT('',(3.,35.6698738844127,35.5000015646219));
#13826=CARTESIAN_POINT('',(3.,35.6698738844127,40.5000005215406));
#13827=CARTESIAN_POINT('',(4.5,35.6698738844127,35.5000015646219));
#13828=CARTESIAN_POINT('',(4.5,35.6698738844127,40.5000005215406));
#13829=CARTESIAN_POINT('',(3.,35.6698738844127,35.5000015646219));
#13830=CARTESIAN_POINT('Origin',(3.,40.,33.0000020861626));
#13831=CARTESIAN_POINT('',(3.,40.,33.0000020861626));
#13832=CARTESIAN_POINT('',(3.,35.6698738844127,35.5000015646219));
#13833=CARTESIAN_POINT('',(4.5,40.,33.0000020861626));
#13834=CARTESIAN_POINT('',(4.5,35.6698738844127,35.5000015646219));
#13835=CARTESIAN_POINT('',(3.,40.,33.0000020861626));
#13836=CARTESIAN_POINT('Origin',(3.,44.3301261155873,35.5000015646219));
#13837=CARTESIAN_POINT('',(3.,44.3301261155873,35.5000015646219));
#13838=CARTESIAN_POINT('',(3.,40.,33.0000020861626));
#13839=CARTESIAN_POINT('',(4.5,44.3301261155873,35.5000015646219));
#13840=CARTESIAN_POINT('',(4.5,40.,33.0000020861626));
#13841=CARTESIAN_POINT('',(3.,44.3301261155873,35.5000015646219));
#13842=CARTESIAN_POINT('Origin',(3.,44.3301261155873,40.5000005215406));
#13843=CARTESIAN_POINT('',(3.,44.3301261155873,35.5000015646219));
#13844=CARTESIAN_POINT('',(4.5,44.3301261155873,35.5000015646219));
#13845=CARTESIAN_POINT('Origin',(3.,5.,25.0000008493662));
#13846=CARTESIAN_POINT('',(3.,5.00000007450581,25.0000008493662));
#13847=CARTESIAN_POINT('',(3.,5.00000007450581,35.0000009983778));
#13848=CARTESIAN_POINT('',(3.,5.,75.));
#13849=CARTESIAN_POINT('',(4.5,5.00000007450581,35.0000009983778));
#13850=CARTESIAN_POINT('',(3.,5.00000007450581,35.0000009983778));
#13851=CARTESIAN_POINT('',(4.5,5.00000007450581,25.0000008493662));
#13852=CARTESIAN_POINT('',(4.5,5.,75.));
#13853=CARTESIAN_POINT('',(3.,5.00000007450581,25.0000008493662));
#13854=CARTESIAN_POINT('Origin',(3.,9.33012715795192,27.5000008866191));
#13855=CARTESIAN_POINT('',(3.,9.33012715795192,27.5000008866191));
#13856=CARTESIAN_POINT('',(3.,5.00000007450581,25.0000008493662));
#13857=CARTESIAN_POINT('',(4.5,9.33012715795192,27.5000008866191));
#13858=CARTESIAN_POINT('',(4.5,5.00000007450581,25.0000008493662));
#13859=CARTESIAN_POINT('',(3.,9.33012715795192,27.5000008866191));
#13860=CARTESIAN_POINT('Origin',(3.,9.33012715795192,32.5000009611249));
#13861=CARTESIAN_POINT('',(3.,9.33012715795192,32.5000009611249));
#13862=CARTESIAN_POINT('',(3.,9.33012715795192,27.5000008866191));
#13863=CARTESIAN_POINT('',(4.5,9.33012715795192,32.5000009611249));
#13864=CARTESIAN_POINT('',(4.5,9.33012715795192,27.5000008866191));
#13865=CARTESIAN_POINT('',(3.,9.33012715795192,32.5000009611249));
#13866=CARTESIAN_POINT('Origin',(3.,5.00000007450581,35.0000009983778));
#13867=CARTESIAN_POINT('',(3.,9.33012715795192,32.5000009611249));
#13868=CARTESIAN_POINT('',(4.5,9.33012715795192,32.5000009611249));
#13869=CARTESIAN_POINT('Origin',(3.,60.6698738851294,43.5000008866191));
#13870=CARTESIAN_POINT('',(3.,60.6698738851294,43.5000008866191));
#13871=CARTESIAN_POINT('',(3.,60.6698738851294,48.5000009611249));
#13872=CARTESIAN_POINT('',(3.,60.6698738851294,48.5000009611249));
#13873=CARTESIAN_POINT('',(4.5,60.6698738851294,48.5000009611249));
#13874=CARTESIAN_POINT('',(3.,60.6698738851294,48.5000009611249));
#13875=CARTESIAN_POINT('',(4.5,60.6698738851294,43.5000008866191));
#13876=CARTESIAN_POINT('',(4.5,60.6698738851294,48.5000009611249));
#13877=CARTESIAN_POINT('',(3.,60.6698738851294,43.5000008866191));
#13878=CARTESIAN_POINT('Origin',(3.,65.0000009685755,41.0000008493662));
#13879=CARTESIAN_POINT('',(3.,65.0000009685755,41.0000008493662));
#13880=CARTESIAN_POINT('',(3.,60.6698738851294,43.5000008866191));
#13881=CARTESIAN_POINT('',(4.5,65.0000009685755,41.0000008493662));
#13882=CARTESIAN_POINT('',(4.5,60.6698738851294,43.5000008866191));
#13883=CARTESIAN_POINT('',(3.,65.0000009685755,41.0000008493662));
#13884=CARTESIAN_POINT('Origin',(3.,69.3301280520216,43.5000008866191));
#13885=CARTESIAN_POINT('',(3.,69.3301280520216,43.5000008866191));
#13886=CARTESIAN_POINT('',(3.,65.0000009685755,41.0000008493662));
#13887=CARTESIAN_POINT('',(4.5,69.3301280520216,43.5000008866191));
#13888=CARTESIAN_POINT('',(4.5,65.0000009685755,41.0000008493662));
#13889=CARTESIAN_POINT('',(3.,69.3301280520216,43.5000008866191));
#13890=CARTESIAN_POINT('Origin',(3.,69.3301280520216,48.5000009611249));
#13891=CARTESIAN_POINT('',(3.,69.3301280520216,48.5000009611249));
#13892=CARTESIAN_POINT('',(3.,69.3301280520216,43.5000008866191));
#13893=CARTESIAN_POINT('',(4.5,69.3301280520216,48.5000009611249));
#13894=CARTESIAN_POINT('',(4.5,69.3301280520216,43.5000008866191));
#13895=CARTESIAN_POINT('',(3.,69.3301280520216,48.5000009611249));
#13896=CARTESIAN_POINT('Origin',(3.,65.0000009685755,51.0000009983778));
#13897=CARTESIAN_POINT('',(3.,65.0000009685755,51.0000009983778));
#13898=CARTESIAN_POINT('',(3.,69.3301280520216,48.5000009611249));
#13899=CARTESIAN_POINT('',(4.5,65.0000009685755,51.0000009983778));
#13900=CARTESIAN_POINT('',(4.5,69.3301280520216,48.5000009611249));
#13901=CARTESIAN_POINT('',(3.,65.0000009685755,51.0000009983778));
#13902=CARTESIAN_POINT('Origin',(3.,60.6698738851294,48.5000009611249));
#13903=CARTESIAN_POINT('',(3.,65.0000009685755,51.0000009983778));
#13904=CARTESIAN_POINT('',(4.5,65.0000009685755,51.0000009983778));
#13905=CARTESIAN_POINT('Origin',(3.,54.3301268606454,56.5000005215406));
#13906=CARTESIAN_POINT('',(3.,54.3301268606454,56.5000005215406));
#13907=CARTESIAN_POINT('',(3.,54.3301268606454,51.5000015646219));
#13908=CARTESIAN_POINT('',(3.,54.3301268606454,51.5000015646219));
#13909=CARTESIAN_POINT('',(4.5,54.3301268606454,51.5000015646219));
#13910=CARTESIAN_POINT('',(3.,54.3301268606454,51.5000015646219));
#13911=CARTESIAN_POINT('',(4.5,54.3301268606454,56.5000005215406));
#13912=CARTESIAN_POINT('',(4.5,54.3301268606454,51.5000015646219));
#13913=CARTESIAN_POINT('',(3.,54.3301268606454,56.5000005215406));
#13914=CARTESIAN_POINT('Origin',(3.,50.0000007450581,59.));
#13915=CARTESIAN_POINT('',(3.,50.0000007450581,59.));
#13916=CARTESIAN_POINT('',(3.,54.3301268606454,56.5000005215406));
#13917=CARTESIAN_POINT('',(4.5,50.0000007450581,59.));
#13918=CARTESIAN_POINT('',(4.5,54.3301268606454,56.5000005215406));
#13919=CARTESIAN_POINT('',(3.,50.0000007450581,59.));
#13920=CARTESIAN_POINT('Origin',(3.,45.6698746294708,56.5000005215406));
#13921=CARTESIAN_POINT('',(3.,45.6698746294708,56.5000005215406));
#13922=CARTESIAN_POINT('',(3.,50.0000007450581,59.));
#13923=CARTESIAN_POINT('',(4.5,45.6698746294708,56.5000005215406));
#13924=CARTESIAN_POINT('',(4.5,50.0000007450581,59.));
#13925=CARTESIAN_POINT('',(3.,45.6698746294708,56.5000005215406));
#13926=CARTESIAN_POINT('Origin',(3.,45.6698746294708,51.5000015646219));
#13927=CARTESIAN_POINT('',(3.,45.6698746294708,51.5000015646219));
#13928=CARTESIAN_POINT('',(3.,45.6698746294708,56.5000005215406));
#13929=CARTESIAN_POINT('',(4.5,45.6698746294708,51.5000015646219));
#13930=CARTESIAN_POINT('',(4.5,45.6698746294708,56.5000005215406));
#13931=CARTESIAN_POINT('',(3.,45.6698746294708,51.5000015646219));
#13932=CARTESIAN_POINT('Origin',(3.,50.0000007450581,49.0000020861626));
#13933=CARTESIAN_POINT('',(3.,50.0000007450581,49.0000020861626));
#13934=CARTESIAN_POINT('',(3.,45.6698746294708,51.5000015646219));
#13935=CARTESIAN_POINT('',(4.5,50.0000007450581,49.0000020861626));
#13936=CARTESIAN_POINT('',(4.5,45.6698746294708,51.5000015646219));
#13937=CARTESIAN_POINT('',(3.,50.0000007450581,49.0000020861626));
#13938=CARTESIAN_POINT('Origin',(3.,54.3301268606454,51.5000015646219));
#13939=CARTESIAN_POINT('',(3.,50.0000007450581,49.0000020861626));
#13940=CARTESIAN_POINT('',(4.5,50.0000007450581,49.0000020861626));
#13941=CARTESIAN_POINT('Origin',(3.,35.0000005215406,73.0000010877848));
#13942=CARTESIAN_POINT('',(3.,35.0000005215406,73.0000010877848));
#13943=CARTESIAN_POINT('',(3.,31.5359007905014,75.));
#13944=CARTESIAN_POINT('',(3.,30.6698734380945,75.5000011250377));
#13945=CARTESIAN_POINT('',(4.5,31.5359007905014,75.));
#13946=CARTESIAN_POINT('',(3.,31.5359007905014,75.));
#13947=CARTESIAN_POINT('',(4.5,35.0000005215406,73.0000010877848));
#13948=CARTESIAN_POINT('',(4.5,30.6698734380945,75.5000011250377));
#13949=CARTESIAN_POINT('',(3.,35.0000005215406,73.0000010877848));
#13950=CARTESIAN_POINT('Origin',(3.,38.4641002525799,75.));
#13951=CARTESIAN_POINT('',(3.,38.4641002525799,75.));
#13952=CARTESIAN_POINT('',(3.,35.0000005215406,73.0000010877848));
#13953=CARTESIAN_POINT('',(4.5,38.4641002525799,75.));
#13954=CARTESIAN_POINT('',(4.5,35.0000005215406,73.0000010877848));
#13955=CARTESIAN_POINT('',(3.,38.4641002525799,75.));
#13956=CARTESIAN_POINT('Origin',(3.,31.5359007905014,75.));
#13957=CARTESIAN_POINT('',(3.,75.,75.));
#13958=CARTESIAN_POINT('',(4.5,75.,75.));
#13959=CARTESIAN_POINT('Origin',(3.,55.0000008195639,19.0000009983778));
#13960=CARTESIAN_POINT('',(3.,55.0000008195639,19.0000009983778));
#13961=CARTESIAN_POINT('',(3.,59.33012790301,16.5000009611249));
#13962=CARTESIAN_POINT('',(3.,59.33012790301,16.5000009611249));
#13963=CARTESIAN_POINT('',(4.5,59.33012790301,16.5000009611249));
#13964=CARTESIAN_POINT('',(3.,59.33012790301,16.5000009611249));
#13965=CARTESIAN_POINT('',(4.5,55.0000008195639,19.0000009983778));
#13966=CARTESIAN_POINT('',(4.5,59.33012790301,16.5000009611249));
#13967=CARTESIAN_POINT('',(3.,55.0000008195639,19.0000009983778));
#13968=CARTESIAN_POINT('Origin',(3.,50.6698737361178,16.5000009611249));
#13969=CARTESIAN_POINT('',(3.,50.6698737361178,16.5000009611249));
#13970=CARTESIAN_POINT('',(3.,55.0000008195639,19.0000009983778));
#13971=CARTESIAN_POINT('',(4.5,50.6698737361178,16.5000009611249));
#13972=CARTESIAN_POINT('',(4.5,55.0000008195639,19.0000009983778));
#13973=CARTESIAN_POINT('',(3.,50.6698737361178,16.5000009611249));
#13974=CARTESIAN_POINT('Origin',(3.,50.6698737361178,11.5000008866191));
#13975=CARTESIAN_POINT('',(3.,50.6698737361178,11.5000008866191));
#13976=CARTESIAN_POINT('',(3.,50.6698737361178,16.5000009611249));
#13977=CARTESIAN_POINT('',(4.5,50.6698737361178,11.5000008866191));
#13978=CARTESIAN_POINT('',(4.5,50.6698737361178,16.5000009611249));
#13979=CARTESIAN_POINT('',(3.,50.6698737361178,11.5000008866191));
#13980=CARTESIAN_POINT('Origin',(3.,55.0000008195639,9.00000084936618));
#13981=CARTESIAN_POINT('',(3.,55.0000008195639,9.00000084936618));
#13982=CARTESIAN_POINT('',(3.,50.6698737361178,11.5000008866191));
#13983=CARTESIAN_POINT('',(4.5,55.0000008195639,9.00000084936618));
#13984=CARTESIAN_POINT('',(4.5,50.6698737361178,11.5000008866191));
#13985=CARTESIAN_POINT('',(3.,55.0000008195639,9.00000084936618));
#13986=CARTESIAN_POINT('Origin',(3.,59.33012790301,11.5000008866191));
#13987=CARTESIAN_POINT('',(3.,59.33012790301,11.5000008866191));
#13988=CARTESIAN_POINT('',(3.,55.0000008195639,9.00000084936618));
#13989=CARTESIAN_POINT('',(4.5,59.33012790301,11.5000008866191));
#13990=CARTESIAN_POINT('',(4.5,55.0000008195639,9.00000084936618));
#13991=CARTESIAN_POINT('',(3.,59.33012790301,11.5000008866191));
#13992=CARTESIAN_POINT('Origin',(3.,59.33012790301,16.5000009611249));
#13993=CARTESIAN_POINT('',(3.,59.33012790301,11.5000008866191));
#13994=CARTESIAN_POINT('',(4.5,59.33012790301,11.5000008866191));
#13995=CARTESIAN_POINT('Origin',(3.,0.,0.));
#13996=CARTESIAN_POINT('',(3.,0.,0.));
#13997=CARTESIAN_POINT('',(3.,80.,0.));
#13998=CARTESIAN_POINT('',(3.,0.,0.));
#13999=CARTESIAN_POINT('',(4.5,80.,0.));
#14000=CARTESIAN_POINT('',(3.,80.,0.));
#14001=CARTESIAN_POINT('',(4.5,0.,0.));
#14002=CARTESIAN_POINT('',(4.5,0.,0.));
#14003=CARTESIAN_POINT('',(3.,0.,0.));
#14004=CARTESIAN_POINT('Origin',(3.,0.,80.));
#14005=CARTESIAN_POINT('',(3.,0.,80.));
#14006=CARTESIAN_POINT('',(4.5,0.,80.));
#14007=CARTESIAN_POINT('Origin',(3.,80.,0.));
#14008=CARTESIAN_POINT('',(3.,80.,0.));
#14009=CARTESIAN_POINT('',(4.5,80.,0.));
#14010=CARTESIAN_POINT('Origin',(4.5,40.,40.));
#14011=CARTESIAN_POINT('Origin',(3.,40.,40.));
#14012=UNCERTAINTY_MEASURE_WITH_UNIT(LENGTH_MEASURE(0.01),#14016,
'DISTANCE_ACCURACY_VALUE',
'Maximum model space distance between geometric entities at asserted c
onnectivities');
#14013=UNCERTAINTY_MEASURE_WITH_UNIT(LENGTH_MEASURE(0.01),#14016,
'DISTANCE_ACCURACY_VALUE',
'Maximum model space distance between geometric entities at asserted c
onnectivities');
#14014=(
GEOMETRIC_REPRESENTATION_CONTEXT(3)
GLOBAL_UNCERTAINTY_ASSIGNED_CONTEXT((#14012))
GLOBAL_UNIT_ASSIGNED_CONTEXT((#14016,#14018,#14019))
REPRESENTATION_CONTEXT('','3D')
);
#14015=(
GEOMETRIC_REPRESENTATION_CONTEXT(3)
GLOBAL_UNCERTAINTY_ASSIGNED_CONTEXT((#14013))
GLOBAL_UNIT_ASSIGNED_CONTEXT((#14016,#14018,#14019))
REPRESENTATION_CONTEXT('','3D')
);
#14016=(
LENGTH_UNIT()
NAMED_UNIT(*)
SI_UNIT(.MILLI.,.METRE.)
);
#14017=(
LENGTH_UNIT()
NAMED_UNIT(*)
SI_UNIT($,.METRE.)
);
#14018=(
NAMED_UNIT(*)
PLANE_ANGLE_UNIT()
SI_UNIT($,.RADIAN.)
);
#14019=(
NAMED_UNIT(*)
SI_UNIT($,.STERADIAN.)
SOLID_ANGLE_UNIT()
);
#14020=SHAPE_DEFINITION_REPRESENTATION(#14021,#14022);
#14021=PRODUCT_DEFINITION_SHAPE('',$,#14024);
#14022=SHAPE_REPRESENTATION('',(#8984),#14014);
#14023=PRODUCT_DEFINITION_CONTEXT('part definition',#14028,'design');
#14024=PRODUCT_DEFINITION('Filter','Filter v2',#14025,#14023);
#14025=PRODUCT_DEFINITION_FORMATION('',$,#14030);
#14026=PRODUCT_RELATED_PRODUCT_CATEGORY('Filter v2','Filter v2',(#14030));
#14027=APPLICATION_PROTOCOL_DEFINITION('international standard',
'automotive_design',2009,#14028);
#14028=APPLICATION_CONTEXT(
'Core Data for Automotive Mechanical Design Process');
#14029=PRODUCT_CONTEXT('part definition',#14028,'mechanical');
#14030=PRODUCT('Filter','Filter v2',$,(#14029));
#14031=PRESENTATION_STYLE_ASSIGNMENT((#14033));
#14032=PRESENTATION_STYLE_ASSIGNMENT((#14034));
#14033=SURFACE_STYLE_USAGE(.BOTH.,#14035);
#14034=SURFACE_STYLE_USAGE(.BOTH.,#14036);
#14035=SURFACE_SIDE_STYLE('',(#14037));
#14036=SURFACE_SIDE_STYLE('',(#14038));
#14037=SURFACE_STYLE_FILL_AREA(#14039);
#14038=SURFACE_STYLE_FILL_AREA(#14040);
#14039=FILL_AREA_STYLE('Acciaio - Satinato',(#14041));
#14040=FILL_AREA_STYLE('Plastica - Opaco (nero)',(#14042));
#14041=FILL_AREA_STYLE_COLOUR('Acciaio - Satinato',#14043);
#14042=FILL_AREA_STYLE_COLOUR('Plastica - Opaco (nero)',#14044);
#14043=COLOUR_RGB('Acciaio - Satinato',0.627450980392157,0.627450980392157,
0.627450980392157);
#14044=COLOUR_RGB('Plastica - Opaco (nero)',0.0980392156862745,0.0980392156862745,
0.0980392156862745);
ENDSEC;
END-ISO-10303-21;
