ISO-10303-21;
HEADER;
/* Generated by software containing ST-Developer
 * from STEP Tools, Inc. (www.steptools.com) 
 */

FILE_DESCRIPTION(
/* description */ (''),
/* implementation_level */ '2;1');

FILE_NAME(
/* name */ 'NutHolder.step',
/* time_stamp */ '2026-07-21T21:56:32+02:00',
/* author */ (''),
/* organization */ (''),
/* preprocessor_version */ 'ST-DEVELOPER v20.1',
/* originating_system */ 'Autodesk Translation Framework v15.8.0.0',
/* authorisation */ '');

FILE_SCHEMA (('AUTOMOTIVE_DESIGN { 1 0 10303 214 3 1 1 }'));
ENDSEC;

DATA;
#10=MECHANICAL_DESIGN_GEOMETRIC_PRESENTATION_REPRESENTATION('',(#13),#3664);
#11=SHAPE_REPRESENTATION_RELATIONSHIP('SRR','None',#3671,#12);
#12=ADVANCED_BREP_SHAPE_REPRESENTATION('',(#14),#3663);
#13=STYLED_ITEM('',(#3680),#14);
#14=MANIFOLD_SOLID_BREP('Corpo2',#1018);
#15=FACE_BOUND('',#215,.T.);
#16=FACE_BOUND('',#228,.T.);
#17=(
BOUNDED_SURFACE()
B_SPLINE_SURFACE(4,1,((#1888,#1889),(#1890,#1891),(#1892,#1893),(#1894,
#1895),(#1896,#1897)),.UNSPECIFIED.,.F.,.F.,.F.)
B_SPLINE_SURFACE_WITH_KNOTS((5,5),(2,2),(-1.,0.),(-0.3,0.3),
 .UNSPECIFIED.)
GEOMETRIC_REPRESENTATION_ITEM()
RATIONAL_B_SPLINE_SURFACE(((1.,1.),(1.,1.),(1.,1.),(1.,1.),(1.,1.)))
REPRESENTATION_ITEM('')
SURFACE()
);
#18=(
BOUNDED_SURFACE()
B_SPLINE_SURFACE(4,1,((#2711,#2712),(#2713,#2714),(#2715,#2716),(#2717,
#2718),(#2719,#2720)),.UNSPECIFIED.,.F.,.F.,.F.)
B_SPLINE_SURFACE_WITH_KNOTS((5,5),(2,2),(-1.,0.),(-0.3,0.3),
 .UNSPECIFIED.)
GEOMETRIC_REPRESENTATION_ITEM()
RATIONAL_B_SPLINE_SURFACE(((1.,1.),(1.,1.),(1.,1.),(1.,1.),(1.,1.)))
REPRESENTATION_ITEM('')
SURFACE()
);
#19=(
BOUNDED_SURFACE()
B_SPLINE_SURFACE(2,2,((#3059,#3060,#3061),(#3062,#3063,#3064),(#3065,#3066,
#3067)),.UNSPECIFIED.,.F.,.F.,.F.)
B_SPLINE_SURFACE_WITH_KNOTS((3,3),(3,3),(-1.38777878078145E-16,1.5707963267949),
(-1.05439784303326E-16,1.5707963267949),.UNSPECIFIED.)
GEOMETRIC_REPRESENTATION_ITEM()
RATIONAL_B_SPLINE_SURFACE(((1.,0.707106781186548,1.),(0.707106781186541,
0.499999999999996,0.707106781186541),(1.,0.707106781186548,1.)))
REPRESENTATION_ITEM('')
SURFACE()
);
#20=(
BOUNDED_SURFACE()
B_SPLINE_SURFACE(2,1,((#3073,#3074),(#3075,#3076),(#3077,#3078)),
 .UNSPECIFIED.,.F.,.F.,.F.)
B_SPLINE_SURFACE_WITH_KNOTS((3,3),(2,2),(0.,2.05907859762072),(-0.3,0.3),
 .UNSPECIFIED.)
GEOMETRIC_REPRESENTATION_ITEM()
RATIONAL_B_SPLINE_SURFACE(((1.,1.),(2.61079917818211,2.61079917818211),
(1.,1.)))
REPRESENTATION_ITEM('')
SURFACE()
);
#21=(
BOUNDED_SURFACE()
B_SPLINE_SURFACE(2,2,((#3114,#3115,#3116),(#3117,#3118,#3119),(#3120,#3121,
#3122)),.UNSPECIFIED.,.F.,.F.,.F.)
B_SPLINE_SURFACE_WITH_KNOTS((3,3),(3,3),(-4.03972733108202E-17,1.5707963267949),
(1.5707963267949,3.14159265358979),.UNSPECIFIED.)
GEOMETRIC_REPRESENTATION_ITEM()
RATIONAL_B_SPLINE_SURFACE(((1.,0.707106781186548,1.),(0.707106781186548,
0.5,0.707106781186548),(1.,0.707106781186548,1.)))
REPRESENTATION_ITEM('')
SURFACE()
);
#22=(
BOUNDED_SURFACE()
B_SPLINE_SURFACE(2,2,((#3336,#3337,#3338),(#3339,#3340,#3341),(#3342,#3343,
#3344)),.UNSPECIFIED.,.F.,.F.,.F.)
B_SPLINE_SURFACE_WITH_KNOTS((3,3),(3,3),(0.,1.5707963267949),(-1.5707963267949,
0.),.UNSPECIFIED.)
GEOMETRIC_REPRESENTATION_ITEM()
RATIONAL_B_SPLINE_SURFACE(((1.,0.707106781186547,1.),(0.707106781186548,
0.5,0.707106781186548),(1.,0.707106781186547,1.)))
REPRESENTATION_ITEM('')
SURFACE()
);
#23=(
BOUNDED_SURFACE()
B_SPLINE_SURFACE(2,1,((#3595,#3596),(#3597,#3598),(#3599,#3600)),
 .UNSPECIFIED.,.F.,.F.,.F.)
B_SPLINE_SURFACE_WITH_KNOTS((3,3),(2,2),(0.,2.05907859762072),(-0.3,0.3),
 .UNSPECIFIED.)
GEOMETRIC_REPRESENTATION_ITEM()
RATIONAL_B_SPLINE_SURFACE(((1.,1.),(2.61079917818211,2.61079917818211),
(1.,1.)))
REPRESENTATION_ITEM('')
SURFACE()
);
#24=(
BOUNDED_SURFACE()
B_SPLINE_SURFACE(2,2,((#3604,#3605,#3606),(#3607,#3608,#3609),(#3610,#3611,
#3612)),.UNSPECIFIED.,.F.,.F.,.F.)
B_SPLINE_SURFACE_WITH_KNOTS((3,3),(3,3),(0.,1.5707963267949),(-3.14159265358979,
-1.5707963267949),.UNSPECIFIED.)
GEOMETRIC_REPRESENTATION_ITEM()
RATIONAL_B_SPLINE_SURFACE(((1.,0.707106781186548,1.),(0.707106781186548,
0.5,0.707106781186548),(1.,0.707106781186548,1.)))
REPRESENTATION_ITEM('')
SURFACE()
);
#25=PLANE('',#1053);
#26=PLANE('',#1056);
#27=PLANE('',#1077);
#28=PLANE('',#1094);
#29=PLANE('',#1100);
#30=PLANE('',#1101);
#31=PLANE('',#1102);
#32=PLANE('',#1103);
#33=PLANE('',#1104);
#34=PLANE('',#1105);
#35=PLANE('',#1106);
#36=PLANE('',#1107);
#37=PLANE('',#1108);
#38=PLANE('',#1109);
#39=TOROIDAL_SURFACE('',#1051,10.0000001788139,2.);
#40=TOROIDAL_SURFACE('',#1073,10.0000001788139,2.);
#41=TOROIDAL_SURFACE('',#1090,6.00000007450581,1.);
#42=TOROIDAL_SURFACE('',#1098,10.0000001788139,2.);
#43=LINE('',#1759,#67);
#44=LINE('',#1806,#68);
#45=LINE('',#1808,#69);
#46=LINE('',#1810,#70);
#47=LINE('',#1908,#71);
#48=LINE('',#2731,#72);
#49=LINE('',#3071,#73);
#50=LINE('',#3601,#74);
#51=LINE('',#3624,#75);
#52=LINE('',#3631,#76);
#53=LINE('',#3633,#77);
#54=LINE('',#3634,#78);
#55=LINE('',#3639,#79);
#56=LINE('',#3640,#80);
#57=LINE('',#3641,#81);
#58=LINE('',#3644,#82);
#59=LINE('',#3645,#83);
#60=LINE('',#3648,#84);
#61=LINE('',#3649,#85);
#62=LINE('',#3652,#86);
#63=LINE('',#3653,#87);
#64=LINE('',#3656,#88);
#65=LINE('',#3657,#89);
#66=LINE('',#3659,#90);
#67=VECTOR('',#1144,12.0000001788139);
#68=VECTOR('',#1157,10.);
#69=VECTOR('',#1158,10.);
#70=VECTOR('',#1159,10.);
#71=VECTOR('',#1162,10.);
#72=VECTOR('',#1205,10.);
#73=VECTOR('',#1218,10.);
#74=VECTOR('',#1231,10.);
#75=VECTOR('',#1250,5.00000007450581);
#76=VECTOR('',#1261,10.);
#77=VECTOR('',#1262,10.);
#78=VECTOR('',#1263,10.);
#79=VECTOR('',#1268,10.);
#80=VECTOR('',#1269,10.);
#81=VECTOR('',#1270,10.);
#82=VECTOR('',#1273,10.);
#83=VECTOR('',#1274,10.);
#84=VECTOR('',#1277,10.);
#85=VECTOR('',#1278,10.);
#86=VECTOR('',#1281,10.);
#87=VECTOR('',#1282,10.);
#88=VECTOR('',#1285,10.);
#89=VECTOR('',#1286,10.);
#90=VECTOR('',#1289,10.);
#91=CYLINDRICAL_SURFACE('',#1046,12.0000001788139);
#92=CYLINDRICAL_SURFACE('',#1081,4.);
#93=CYLINDRICAL_SURFACE('',#1088,4.);
#94=CYLINDRICAL_SURFACE('',#1096,5.00000007450581);
#95=FACE_OUTER_BOUND('',#161,.T.);
#96=FACE_OUTER_BOUND('',#162,.T.);
#97=FACE_OUTER_BOUND('',#163,.T.);
#98=FACE_OUTER_BOUND('',#164,.T.);
#99=FACE_OUTER_BOUND('',#165,.T.);
#100=FACE_OUTER_BOUND('',#166,.T.);
#101=FACE_OUTER_BOUND('',#167,.T.);
#102=FACE_OUTER_BOUND('',#168,.T.);
#103=FACE_OUTER_BOUND('',#169,.T.);
#104=FACE_OUTER_BOUND('',#170,.T.);
#105=FACE_OUTER_BOUND('',#171,.T.);
#106=FACE_OUTER_BOUND('',#172,.T.);
#107=FACE_OUTER_BOUND('',#173,.T.);
#108=FACE_OUTER_BOUND('',#174,.T.);
#109=FACE_OUTER_BOUND('',#175,.T.);
#110=FACE_OUTER_BOUND('',#176,.T.);
#111=FACE_OUTER_BOUND('',#177,.T.);
#112=FACE_OUTER_BOUND('',#178,.T.);
#113=FACE_OUTER_BOUND('',#179,.T.);
#114=FACE_OUTER_BOUND('',#180,.T.);
#115=FACE_OUTER_BOUND('',#181,.T.);
#116=FACE_OUTER_BOUND('',#182,.T.);
#117=FACE_OUTER_BOUND('',#183,.T.);
#118=FACE_OUTER_BOUND('',#184,.T.);
#119=FACE_OUTER_BOUND('',#185,.T.);
#120=FACE_OUTER_BOUND('',#186,.T.);
#121=FACE_OUTER_BOUND('',#187,.T.);
#122=FACE_OUTER_BOUND('',#188,.T.);
#123=FACE_OUTER_BOUND('',#189,.T.);
#124=FACE_OUTER_BOUND('',#190,.T.);
#125=FACE_OUTER_BOUND('',#191,.T.);
#126=FACE_OUTER_BOUND('',#192,.T.);
#127=FACE_OUTER_BOUND('',#193,.T.);
#128=FACE_OUTER_BOUND('',#194,.T.);
#129=FACE_OUTER_BOUND('',#195,.T.);
#130=FACE_OUTER_BOUND('',#196,.T.);
#131=FACE_OUTER_BOUND('',#197,.T.);
#132=FACE_OUTER_BOUND('',#198,.T.);
#133=FACE_OUTER_BOUND('',#199,.T.);
#134=FACE_OUTER_BOUND('',#200,.T.);
#135=FACE_OUTER_BOUND('',#201,.T.);
#136=FACE_OUTER_BOUND('',#202,.T.);
#137=FACE_OUTER_BOUND('',#203,.T.);
#138=FACE_OUTER_BOUND('',#204,.T.);
#139=FACE_OUTER_BOUND('',#205,.T.);
#140=FACE_OUTER_BOUND('',#206,.T.);
#141=FACE_OUTER_BOUND('',#207,.T.);
#142=FACE_OUTER_BOUND('',#208,.T.);
#143=FACE_OUTER_BOUND('',#209,.T.);
#144=FACE_OUTER_BOUND('',#210,.T.);
#145=FACE_OUTER_BOUND('',#211,.T.);
#146=FACE_OUTER_BOUND('',#212,.T.);
#147=FACE_OUTER_BOUND('',#213,.T.);
#148=FACE_OUTER_BOUND('',#214,.T.);
#149=FACE_OUTER_BOUND('',#216,.T.);
#150=FACE_OUTER_BOUND('',#217,.T.);
#151=FACE_OUTER_BOUND('',#218,.T.);
#152=FACE_OUTER_BOUND('',#219,.T.);
#153=FACE_OUTER_BOUND('',#220,.T.);
#154=FACE_OUTER_BOUND('',#221,.T.);
#155=FACE_OUTER_BOUND('',#222,.T.);
#156=FACE_OUTER_BOUND('',#223,.T.);
#157=FACE_OUTER_BOUND('',#224,.T.);
#158=FACE_OUTER_BOUND('',#225,.T.);
#159=FACE_OUTER_BOUND('',#226,.T.);
#160=FACE_OUTER_BOUND('',#227,.T.);
#161=EDGE_LOOP('',(#606,#607,#608,#609));
#162=EDGE_LOOP('',(#610,#611,#612,#613));
#163=EDGE_LOOP('',(#614,#615,#616,#617));
#164=EDGE_LOOP('',(#618,#619,#620,#621));
#165=EDGE_LOOP('',(#622,#623,#624,#625));
#166=EDGE_LOOP('',(#626,#627,#628,#629));
#167=EDGE_LOOP('',(#630,#631,#632,#633));
#168=EDGE_LOOP('',(#634,#635,#636,#637));
#169=EDGE_LOOP('',(#638,#639,#640,#641));
#170=EDGE_LOOP('',(#642,#643,#644,#645));
#171=EDGE_LOOP('',(#646,#647,#648,#649));
#172=EDGE_LOOP('',(#650,#651,#652,#653));
#173=EDGE_LOOP('',(#654,#655,#656,#657));
#174=EDGE_LOOP('',(#658,#659,#660,#661,#662));
#175=EDGE_LOOP('',(#663,#664,#665,#666,#667,#668,#669,#670,#671,#672,#673,
#674,#675));
#176=EDGE_LOOP('',(#676,#677,#678,#679,#680,#681,#682,#683));
#177=EDGE_LOOP('',(#684,#685,#686,#687,#688,#689));
#178=EDGE_LOOP('',(#690,#691,#692,#693,#694));
#179=EDGE_LOOP('',(#695,#696,#697,#698));
#180=EDGE_LOOP('',(#699,#700,#701,#702,#703));
#181=EDGE_LOOP('',(#704,#705,#706,#707));
#182=EDGE_LOOP('',(#708,#709,#710,#711,#712,#713));
#183=EDGE_LOOP('',(#714,#715,#716,#717));
#184=EDGE_LOOP('',(#718,#719,#720,#721));
#185=EDGE_LOOP('',(#722,#723,#724,#725));
#186=EDGE_LOOP('',(#726,#727,#728,#729));
#187=EDGE_LOOP('',(#730,#731,#732,#733));
#188=EDGE_LOOP('',(#734,#735,#736,#737,#738));
#189=EDGE_LOOP('',(#739,#740,#741,#742));
#190=EDGE_LOOP('',(#743,#744,#745,#746));
#191=EDGE_LOOP('',(#747,#748,#749,#750));
#192=EDGE_LOOP('',(#751,#752,#753,#754));
#193=EDGE_LOOP('',(#755,#756,#757,#758));
#194=EDGE_LOOP('',(#759,#760,#761,#762));
#195=EDGE_LOOP('',(#763,#764,#765,#766));
#196=EDGE_LOOP('',(#767,#768,#769,#770,#771));
#197=EDGE_LOOP('',(#772,#773,#774,#775,#776,#777,#778,#779));
#198=EDGE_LOOP('',(#780,#781,#782,#783,#784));
#199=EDGE_LOOP('',(#785,#786,#787,#788));
#200=EDGE_LOOP('',(#789,#790,#791,#792,#793));
#201=EDGE_LOOP('',(#794,#795,#796,#797));
#202=EDGE_LOOP('',(#798,#799,#800,#801,#802,#803));
#203=EDGE_LOOP('',(#804,#805,#806,#807));
#204=EDGE_LOOP('',(#808,#809,#810,#811));
#205=EDGE_LOOP('',(#812,#813,#814,#815));
#206=EDGE_LOOP('',(#816,#817,#818,#819));
#207=EDGE_LOOP('',(#820,#821,#822,#823,#824,#825));
#208=EDGE_LOOP('',(#826,#827,#828,#829));
#209=EDGE_LOOP('',(#830,#831,#832,#833,#834,#835));
#210=EDGE_LOOP('',(#836,#837,#838,#839));
#211=EDGE_LOOP('',(#840,#841,#842,#843));
#212=EDGE_LOOP('',(#844,#845,#846,#847));
#213=EDGE_LOOP('',(#848,#849,#850,#851));
#214=EDGE_LOOP('',(#852));
#215=EDGE_LOOP('',(#853));
#216=EDGE_LOOP('',(#854,#855,#856,#857));
#217=EDGE_LOOP('',(#858,#859,#860,#861,#862));
#218=EDGE_LOOP('',(#863,#864,#865,#866));
#219=EDGE_LOOP('',(#867,#868,#869,#870,#871,#872));
#220=EDGE_LOOP('',(#873,#874,#875,#876));
#221=EDGE_LOOP('',(#877,#878,#879,#880,#881,#882));
#222=EDGE_LOOP('',(#883,#884,#885,#886,#887,#888));
#223=EDGE_LOOP('',(#889,#890,#891,#892));
#224=EDGE_LOOP('',(#893,#894,#895,#896,#897,#898));
#225=EDGE_LOOP('',(#899,#900,#901,#902,#903,#904));
#226=EDGE_LOOP('',(#905,#906,#907,#908));
#227=EDGE_LOOP('',(#909,#910,#911,#912,#913,#914));
#228=EDGE_LOOP('',(#915));
#229=B_SPLINE_CURVE_WITH_KNOTS('',3,(#1317,#1318,#1319,#1320),
 .UNSPECIFIED.,.F.,.F.,(4,4),(-0.277521716013822,0.),.UNSPECIFIED.);
#230=B_SPLINE_CURVE_WITH_KNOTS('',3,(#1323,#1324,#1325,#1326),
 .UNSPECIFIED.,.F.,.F.,(4,4),(0.,0.277521716013822),.UNSPECIFIED.);
#231=B_SPLINE_CURVE_WITH_KNOTS('',3,(#1348,#1349,#1350,#1351),
 .UNSPECIFIED.,.F.,.F.,(4,4),(-0.23093533873197,0.),.UNSPECIFIED.);
#232=B_SPLINE_CURVE_WITH_KNOTS('',3,(#1354,#1355,#1356,#1357),
 .UNSPECIFIED.,.F.,.F.,(4,4),(0.,0.23093533873197),.UNSPECIFIED.);
#233=B_SPLINE_CURVE_WITH_KNOTS('',3,(#1379,#1380,#1381,#1382),
 .UNSPECIFIED.,.F.,.F.,(4,4),(-0.358234603109596,0.),.UNSPECIFIED.);
#234=B_SPLINE_CURVE_WITH_KNOTS('',3,(#1385,#1386,#1387,#1388),
 .UNSPECIFIED.,.F.,.F.,(4,4),(0.,0.358234603109596),.UNSPECIFIED.);
#235=B_SPLINE_CURVE_WITH_KNOTS('',3,(#1412,#1413,#1414,#1415),
 .UNSPECIFIED.,.F.,.F.,(4,4),(-0.247095545769174,0.),.UNSPECIFIED.);
#236=B_SPLINE_CURVE_WITH_KNOTS('',3,(#1416,#1417,#1418,#1419),
 .UNSPECIFIED.,.F.,.F.,(4,4),(0.,0.247095545769174),.UNSPECIFIED.);
#237=B_SPLINE_CURVE_WITH_KNOTS('',3,(#1445,#1446,#1447,#1448,#1449,#1450),
 .UNSPECIFIED.,.F.,.F.,(4,1,1,4),(-0.550378634130691,-0.4324403553884,-0.314502076646109,
0.),.UNSPECIFIED.);
#238=B_SPLINE_CURVE_WITH_KNOTS('',3,(#1453,#1454,#1455,#1456,#1457,#1458),
 .UNSPECIFIED.,.F.,.F.,(4,1,1,4),(0.,0.314502076646109,0.4324403553884,
0.550378634130691),.UNSPECIFIED.);
#239=B_SPLINE_CURVE_WITH_KNOTS('',3,(#1476,#1477,#1478,#1479),
 .UNSPECIFIED.,.F.,.F.,(4,4),(-0.200225185455006,0.),.UNSPECIFIED.);
#240=B_SPLINE_CURVE_WITH_KNOTS('',3,(#1482,#1483,#1484,#1485),
 .UNSPECIFIED.,.F.,.F.,(4,4),(0.,0.200225185455006),.UNSPECIFIED.);
#241=B_SPLINE_CURVE_WITH_KNOTS('',3,(#1513,#1514,#1515,#1516,#1517,#1518),
 .UNSPECIFIED.,.F.,.F.,(4,1,1,4),(-0.550378550171771,-0.432440289420677,
-0.235876521502187,0.),.UNSPECIFIED.);
#242=B_SPLINE_CURVE_WITH_KNOTS('',3,(#1519,#1520,#1521,#1522,#1523,#1524),
 .UNSPECIFIED.,.F.,.F.,(4,1,1,4),(0.,0.235876521502187,0.432440289420677,
0.550378550171771),.UNSPECIFIED.);
#243=B_SPLINE_CURVE_WITH_KNOTS('',3,(#1546,#1547,#1548,#1549),
 .UNSPECIFIED.,.F.,.F.,(4,4),(-0.247095540370703,0.),.UNSPECIFIED.);
#244=B_SPLINE_CURVE_WITH_KNOTS('',3,(#1552,#1553,#1554,#1555),
 .UNSPECIFIED.,.F.,.F.,(4,4),(0.,0.247095540370703),.UNSPECIFIED.);
#245=B_SPLINE_CURVE_WITH_KNOTS('',3,(#1577,#1578,#1579,#1580),
 .UNSPECIFIED.,.F.,.F.,(4,4),(-0.35823461075548,0.),.UNSPECIFIED.);
#246=B_SPLINE_CURVE_WITH_KNOTS('',3,(#1583,#1584,#1585,#1586),
 .UNSPECIFIED.,.F.,.F.,(4,4),(0.,0.35823461075548),.UNSPECIFIED.);
#247=B_SPLINE_CURVE_WITH_KNOTS('',3,(#1611,#1612,#1613,#1614),
 .UNSPECIFIED.,.F.,.F.,(4,4),(-0.277521716013822,0.),.UNSPECIFIED.);
#248=B_SPLINE_CURVE_WITH_KNOTS('',3,(#1617,#1618,#1619,#1620),
 .UNSPECIFIED.,.F.,.F.,(4,4),(0.,0.277521716013822),.UNSPECIFIED.);
#249=B_SPLINE_CURVE_WITH_KNOTS('',3,(#1641,#1642,#1643,#1644),
 .UNSPECIFIED.,.F.,.F.,(4,4),(-0.230935321346366,-2.09251594333503E-10),
 .UNSPECIFIED.);
#250=B_SPLINE_CURVE_WITH_KNOTS('',3,(#1645,#1646,#1647,#1648),
 .UNSPECIFIED.,.F.,.F.,(4,4),(0.,0.230935321346366),.UNSPECIFIED.);
#251=B_SPLINE_CURVE_WITH_KNOTS('',3,(#1670,#1671,#1672,#1673,#1674,#1675,
#1676,#1677),.UNSPECIFIED.,.F.,.F.,(4,2,2,4),(0.,0.114841138078752,0.236451709852702,
0.237626605574876),.UNSPECIFIED.);
#252=B_SPLINE_CURVE_WITH_KNOTS('',3,(#1680,#1681,#1682,#1683),
 .UNSPECIFIED.,.F.,.F.,(4,4),(-0.282507328194628,0.),.UNSPECIFIED.);
#253=B_SPLINE_CURVE_WITH_KNOTS('',3,(#1705,#1706,#1707,#1708,#1709,#1710,
#1711,#1712),.UNSPECIFIED.,.F.,.F.,(4,2,2,4),(0.527042288143834,0.650283832337352,
0.758269777325765,0.8667959554779),.UNSPECIFIED.);
#254=B_SPLINE_CURVE_WITH_KNOTS('',3,(#1714,#1715,#1716,#1717),
 .UNSPECIFIED.,.F.,.F.,(4,4),(-0.282507328194626,6.84448980680069E-14),
 .UNSPECIFIED.);
#255=B_SPLINE_CURVE_WITH_KNOTS('',3,(#1736,#1737,#1738,#1739,#1740,#1741,
#1742,#1743),.UNSPECIFIED.,.F.,.F.,(4,2,2,4),(0.0752563770436791,0.0879047644914298,
0.192516156067243,0.219274283065254),.UNSPECIFIED.);
#256=B_SPLINE_CURVE_WITH_KNOTS('',3,(#1744,#1745,#1746,#1747),
 .UNSPECIFIED.,.F.,.F.,(4,4),(0.,0.2),.UNSPECIFIED.);
#257=B_SPLINE_CURVE_WITH_KNOTS('',3,(#1748,#1749,#1750,#1751,#1752,#1753),
 .UNSPECIFIED.,.F.,.F.,(4,2,4),(0.,0.115994776459007,0.162948182680673),
 .UNSPECIFIED.);
#258=B_SPLINE_CURVE_WITH_KNOTS('',3,(#1761,#1762,#1763,#1764),
 .UNSPECIFIED.,.F.,.F.,(4,4),(-0.200225185455006,-0.100112592727503),
 .UNSPECIFIED.);
#259=B_SPLINE_CURVE_WITH_KNOTS('',3,(#1766,#1767,#1768,#1769,#1770,#1771),
 .UNSPECIFIED.,.F.,.F.,(4,1,1,4),(-0.550378550182307,-0.432440289428956,
-0.235876521506703,0.),.UNSPECIFIED.);
#260=B_SPLINE_CURVE_WITH_KNOTS('',3,(#1776,#1777,#1778,#1779,#1780,#1781),
 .UNSPECIFIED.,.F.,.F.,(4,1,1,4),(0.,0.235876557462768,0.432440355348409,
0.550378634079793),.UNSPECIFIED.);
#261=B_SPLINE_CURVE_WITH_KNOTS('',3,(#1782,#1783,#1784,#1785),
 .UNSPECIFIED.,.F.,.F.,(4,4),(-0.100112592727503,0.),.UNSPECIFIED.);
#262=B_SPLINE_CURVE_WITH_KNOTS('',3,(#1791,#1792,#1793,#1794),
 .UNSPECIFIED.,.F.,.F.,(4,4),(0.,0.230935338731969),.UNSPECIFIED.);
#263=B_SPLINE_CURVE_WITH_KNOTS('',3,(#1796,#1797,#1798,#1799),
 .UNSPECIFIED.,.F.,.F.,(4,4),(-0.358234603109596,0.),.UNSPECIFIED.);
#264=B_SPLINE_CURVE_WITH_KNOTS('',3,(#1800,#1801,#1802,#1803),
 .UNSPECIFIED.,.F.,.F.,(4,4),(-0.247095545763237,0.),.UNSPECIFIED.);
#265=B_SPLINE_CURVE_WITH_KNOTS('',3,(#1811,#1812,#1813,#1814),
 .UNSPECIFIED.,.F.,.F.,(4,4),(0.,0.277521716013823),.UNSPECIFIED.);
#266=B_SPLINE_CURVE_WITH_KNOTS('',3,(#1866,#1867,#1868,#1869,#1870,#1871,
#1872,#1873,#1874,#1875),.UNSPECIFIED.,.F.,.F.,(4,1,1,1,1,1,1,4),(0.336127474583248,
0.519172185420992,0.715537541813216,0.911902898205441,1.10826825459767,
1.30463361098989,1.50099896738212,1.69736432377434),.UNSPECIFIED.);
#267=B_SPLINE_CURVE_WITH_KNOTS('',3,(#1878,#1879,#1880,#1881,#1882,#1883,
#1884,#1885,#1886,#1887),.UNSPECIFIED.,.F.,.F.,(4,1,1,1,1,1,1,4),(-1.69736432377434,
-1.50099896738212,-1.30463361098989,-1.10826825459767,-0.911902898205441,
-0.715537541813216,-0.519172185420992,-0.470830942349796),.UNSPECIFIED.);
#268=B_SPLINE_CURVE_WITH_KNOTS('',3,(#1899,#1900,#1901,#1902,#1903,#1904,
#1905,#1906,#1907),.UNSPECIFIED.,.F.,.F.,(4,1,1,1,1,1,4),(4.31239775972908E-16,
0.392821244188257,0.589231866282385,0.785642488376513,0.982053110470642,
1.17846373256477,1.36123454731882),.UNSPECIFIED.);
#269=B_SPLINE_CURVE_WITH_KNOTS('',3,(#1955,#1956,#1957,#1958,#1959,#1960,
#1961,#1962,#1963),.UNSPECIFIED.,.F.,.F.,(4,1,1,1,1,1,4),(-1.22649334664047,
-1.17846373256477,-0.982053110470642,-0.785642488376513,-0.589231866282385,
-0.392821244188257,-4.31239775972908E-16),.UNSPECIFIED.);
#270=B_SPLINE_CURVE_WITH_KNOTS('',3,(#1967,#1968,#1969,#1970,#1971,#1972,
#1973,#1974,#1975,#1976,#1977,#1978,#1979,#1980,#1981,#1982,#1983,#1984,
#1985,#1986,#1987,#1988,#1989,#1990,#1991,#1992,#1993,#1994,#1995,#1996,
#1997,#1998,#1999,#2000,#2001),.UNSPECIFIED.,.F.,.F.,(4,1,1,1,1,1,1,1,1,
1,1,1,1,1,1,1,1,1,1,1,1,1,1,1,1,1,1,1,1,1,1,1,4),(-1.6903796177429,-1.63905739704827,
-1.58773517635364,-1.48509073496437,-1.3824462935751,-1.27980185218584,
-1.2284796314912,-1.22527199269779,-1.22206435390437,-1.21564907631755,
-1.20281852114389,-1.19640324355706,-1.18998796597023,-1.1835726883834,
-1.18036504958998,-1.17715741079657,-1.15149630044925,-1.1386657452756,
-1.12583519010194,-1.11300463492828,-1.10017407975462,-1.0745129694073,
-1.04885185905999,-1.02319074871267,-1.01036019353901,-0.971868528018037,
-0.920546307323404,-0.894885196976087,-0.869224086628771,-0.663935203850237,
-0.612612983155604,-0.561290762460971,-0.253357438293171),.UNSPECIFIED.);
#271=B_SPLINE_CURVE_WITH_KNOTS('',3,(#2179,#2180,#2181,#2182,#2183,#2184,
#2185,#2186,#2187,#2188,#2189,#2190,#2191,#2192,#2193,#2194,#2195,#2196,
#2197,#2198,#2199,#2200,#2201,#2202,#2203,#2204,#2205,#2206,#2207,#2208,
#2209,#2210,#2211,#2212,#2213),.UNSPECIFIED.,.F.,.F.,(4,1,1,1,1,1,1,1,1,
1,1,1,1,1,1,1,1,1,1,1,1,1,1,1,1,1,1,1,1,1,1,1,4),(0.291859854055897,0.561290762460971,
0.612612983155604,0.663935203850237,0.869224086628771,0.894885196976087,
0.920546307323404,0.971868528018037,1.01036019353901,1.02319074871267,1.04885185905999,
1.0745129694073,1.10017407975462,1.11300463492828,1.12583519010194,1.1386657452756,
1.15149630044925,1.17715741079657,1.18036504958998,1.1835726883834,1.18998796597023,
1.19640324355706,1.20281852114389,1.21564907631755,1.22206435390437,1.22527199269779,
1.2284796314912,1.27980185218584,1.3824462935751,1.48509073496437,1.58773517635364,
1.63905739704827,1.6903796177429),.UNSPECIFIED.);
#272=B_SPLINE_CURVE_WITH_KNOTS('',3,(#2238,#2239,#2240,#2241),
 .UNSPECIFIED.,.F.,.F.,(4,4),(-0.277521716013823,0.),.UNSPECIFIED.);
#273=B_SPLINE_CURVE_WITH_KNOTS('',3,(#2264,#2265,#2266,#2267),
 .UNSPECIFIED.,.F.,.F.,(4,4),(-0.230935338731969,0.),.UNSPECIFIED.);
#274=B_SPLINE_CURVE_WITH_KNOTS('',3,(#2291,#2292,#2293,#2294),
 .UNSPECIFIED.,.F.,.F.,(4,4),(0.,0.358234603109596),.UNSPECIFIED.);
#275=B_SPLINE_CURVE_WITH_KNOTS('',3,(#2317,#2318,#2319,#2320),
 .UNSPECIFIED.,.F.,.F.,(4,4),(0.,0.247095545763237),.UNSPECIFIED.);
#276=B_SPLINE_CURVE_WITH_KNOTS('',3,(#2346,#2347,#2348,#2349,#2350,#2351),
 .UNSPECIFIED.,.F.,.F.,(4,1,1,4),(-0.550378634079793,-0.432440355348409,
-0.235876557462768,0.),.UNSPECIFIED.);
#277=B_SPLINE_CURVE_WITH_KNOTS('',3,(#2371,#2372,#2373,#2374),
 .UNSPECIFIED.,.F.,.F.,(4,4),(0.,0.200225185455006),.UNSPECIFIED.);
#278=B_SPLINE_CURVE_WITH_KNOTS('',3,(#2401,#2402,#2403,#2404,#2405,#2406),
 .UNSPECIFIED.,.F.,.F.,(4,1,1,4),(0.,0.235876521506703,0.432440289428956,
0.550378550182307),.UNSPECIFIED.);
#279=B_SPLINE_CURVE_WITH_KNOTS('',3,(#2428,#2429,#2430,#2431),
 .UNSPECIFIED.,.F.,.F.,(4,4),(-0.247095540380289,0.),.UNSPECIFIED.);
#280=B_SPLINE_CURVE_WITH_KNOTS('',3,(#2434,#2435,#2436,#2437),
 .UNSPECIFIED.,.F.,.F.,(4,4),(0.,0.247095540380289),.UNSPECIFIED.);
#281=B_SPLINE_CURVE_WITH_KNOTS('',3,(#2461,#2462,#2463,#2464),
 .UNSPECIFIED.,.F.,.F.,(4,4),(-0.358234610755487,-7.76213936433254E-15),
 .UNSPECIFIED.);
#282=B_SPLINE_CURVE_WITH_KNOTS('',3,(#2465,#2466,#2467,#2468),
 .UNSPECIFIED.,.F.,.F.,(4,4),(7.76213936433254E-15,0.358234610755487),
 .UNSPECIFIED.);
#283=B_SPLINE_CURVE_WITH_KNOTS('',3,(#2492,#2493,#2494,#2495),
 .UNSPECIFIED.,.F.,.F.,(4,4),(-0.230935321346365,0.),.UNSPECIFIED.);
#284=B_SPLINE_CURVE_WITH_KNOTS('',3,(#2496,#2497,#2498,#2499),
 .UNSPECIFIED.,.F.,.F.,(4,4),(2.09251503692966E-10,0.230935321346365),
 .UNSPECIFIED.);
#285=B_SPLINE_CURVE_WITH_KNOTS('',3,(#2523,#2524,#2525,#2526),
 .UNSPECIFIED.,.F.,.F.,(4,4),(-0.277520110564073,0.),.UNSPECIFIED.);
#286=B_SPLINE_CURVE_WITH_KNOTS('',3,(#2527,#2528,#2529,#2530),
 .UNSPECIFIED.,.F.,.F.,(4,4),(0.,0.277520110564073),.UNSPECIFIED.);
#287=B_SPLINE_CURVE_WITH_KNOTS('',3,(#2552,#2553,#2554,#2555,#2556,#2557,
#2558,#2559),.UNSPECIFIED.,.F.,.F.,(4,2,2,4),(0.52704228693956,0.650283832894049,
0.758269776802209,0.866795953187559),.UNSPECIFIED.);
#288=B_SPLINE_CURVE_WITH_KNOTS('',3,(#2561,#2562,#2563,#2564),
 .UNSPECIFIED.,.F.,.F.,(4,4),(2.00595624777291E-16,0.282507327804525),
 .UNSPECIFIED.);
#289=B_SPLINE_CURVE_WITH_KNOTS('',3,(#2587,#2588,#2589,#2590,#2591,#2592,
#2593,#2594),.UNSPECIFIED.,.F.,.F.,(4,2,2,4),(0.,0.114841138078729,0.236451709852643,
0.237626605574814),.UNSPECIFIED.);
#290=B_SPLINE_CURVE_WITH_KNOTS('',3,(#2597,#2598,#2599,#2600),
 .UNSPECIFIED.,.F.,.F.,(4,4),(-2.70237589886654E-15,0.282507328194626),
 .UNSPECIFIED.);
#291=B_SPLINE_CURVE_WITH_KNOTS('',3,(#2618,#2619,#2620,#2621,#2622,#2623,
#2624,#2625),.UNSPECIFIED.,.F.,.F.,(4,2,2,4),(0.0752563770436726,0.0879047644914217,
0.192516156067255,0.219274283065282),.UNSPECIFIED.);
#292=B_SPLINE_CURVE_WITH_KNOTS('',3,(#2626,#2627,#2628,#2629),
 .UNSPECIFIED.,.F.,.F.,(4,4),(0.,0.2),.UNSPECIFIED.);
#293=B_SPLINE_CURVE_WITH_KNOTS('',3,(#2630,#2631,#2632,#2633,#2634,#2635),
 .UNSPECIFIED.,.F.,.F.,(4,2,4),(0.,0.115994776459006,0.162948182680672),
 .UNSPECIFIED.);
#294=B_SPLINE_CURVE_WITH_KNOTS('',3,(#2689,#2690,#2691,#2692,#2693,#2694,
#2695,#2696,#2697,#2698),.UNSPECIFIED.,.F.,.F.,(4,1,1,1,1,1,1,4),(0.336126239884017,
0.518900596545447,0.715311217750263,0.911721838955079,1.10813246015989,
1.30454308136471,1.50095370256953,1.69736432377434),.UNSPECIFIED.);
#295=B_SPLINE_CURVE_WITH_KNOTS('',3,(#2701,#2702,#2703,#2704,#2705,#2706,
#2707,#2708,#2709,#2710),.UNSPECIFIED.,.F.,.F.,(4,1,1,1,1,1,1,4),(-1.69736432377434,
-1.50095370256953,-1.30454308136471,-1.10813246015989,-0.911721838955079,
-0.715311217750263,-0.518900596545447,-0.470840914721925),.UNSPECIFIED.);
#296=B_SPLINE_CURVE_WITH_KNOTS('',3,(#2722,#2723,#2724,#2725,#2726,#2727,
#2728,#2729,#2730),.UNSPECIFIED.,.F.,.F.,(4,1,1,1,1,1,4),(5.13977355086169E-18,
0.392730704134614,0.589096056201921,0.785461408269228,0.981826760336534,
1.17819211240384,1.361234335406),.UNSPECIFIED.);
#297=B_SPLINE_CURVE_WITH_KNOTS('',3,(#2778,#2779,#2780,#2781,#2782,#2783,
#2784,#2785,#2786),.UNSPECIFIED.,.F.,.F.,(4,1,1,1,1,1,4),(-1.22649323826159,
-1.17819211240384,-0.981826760336534,-0.785461408269228,-0.589096056201921,
-0.392730704134614,-5.13977355086169E-18),.UNSPECIFIED.);
#298=B_SPLINE_CURVE_WITH_KNOTS('',3,(#2790,#2791,#2792,#2793,#2794,#2795,
#2796,#2797,#2798,#2799,#2800,#2801,#2802,#2803,#2804,#2805,#2806,#2807,
#2808,#2809,#2810,#2811,#2812,#2813,#2814,#2815,#2816,#2817,#2818,#2819,
#2820,#2821,#2822,#2823,#2824,#2825,#2826,#2827),.UNSPECIFIED.,.F.,.F.,
(4,1,1,1,1,1,1,1,1,1,1,1,1,1,1,1,1,1,1,1,1,1,1,1,1,1,1,1,1,1,1,1,1,1,1,
4),(-1.6903796177429,-1.58773517634269,-1.48509073494247,-1.38244629354226,
-1.27980185214204,-1.26697129696702,-1.25414074179199,-1.22847963144194,
-1.22206435385442,-1.21564907626691,-1.20923379867939,-1.20281852109188,
-1.19640324350437,-1.18998796591685,-1.18036504953558,-1.17715741074183,
-1.15149630039177,-1.13866574521675,-1.12583519004172,-1.11300463486669,
-1.10017407969167,-1.07451296934161,-1.04885185899156,-1.02319074864151,
-1.01036019346648,-0.971868527941398,-0.92054630724129,-0.894885196891236,
-0.869224086541183,-0.612612983040645,-0.561290762340537,-0.50996854164043,
-0.458646320940322,-0.407324100240215,-0.30467965884,-0.253357438139892),
 .UNSPECIFIED.);
#299=B_SPLINE_CURVE_WITH_KNOTS('',3,(#3020,#3021,#3022,#3023,#3024,#3025,
#3026,#3027,#3028,#3029,#3030,#3031,#3032,#3033,#3034,#3035,#3036,#3037,
#3038,#3039,#3040,#3041,#3042,#3043,#3044,#3045,#3046,#3047,#3048,#3049,
#3050,#3051,#3052,#3053,#3054,#3055,#3056,#3057),.UNSPECIFIED.,.F.,.F.,
(4,1,1,1,1,1,1,1,1,1,1,1,1,1,1,1,1,1,1,1,1,1,1,1,1,1,1,1,1,1,1,1,1,1,1,
4),(0.291854805934399,0.30467965884,0.407324100240215,0.458646320940322,
0.50996854164043,0.561290762340537,0.612612983040645,0.869224086541183,
0.894885196891236,0.92054630724129,0.971868527941398,1.01036019346648,1.02319074864151,
1.04885185899156,1.07451296934161,1.10017407969167,1.11300463486669,1.12583519004172,
1.13866574521675,1.15149630039177,1.17715741074183,1.18036504953558,1.18998796591685,
1.19640324350437,1.20281852109188,1.20923379867939,1.21564907626691,1.22206435385442,
1.22847963144194,1.25414074179199,1.26697129696702,1.27980185214204,1.38244629354226,
1.48509073494247,1.58773517634269,1.6903796177429),.UNSPECIFIED.);
#300=B_SPLINE_CURVE_WITH_KNOTS('',3,(#3079,#3080,#3081,#3082,#3083,#3084,
#3085,#3086,#3087,#3088,#3089,#3090,#3091,#3092,#3093,#3094,#3095,#3096,
#3097,#3098,#3099,#3100,#3101,#3102,#3103,#3104,#3105,#3106,#3107,#3108,
#3109,#3110,#3111,#3112,#3113),.UNSPECIFIED.,.F.,.F.,(4,1,1,1,1,1,1,1,1,
1,1,1,1,1,1,1,1,1,1,1,1,1,1,1,1,1,1,1,1,1,1,1,4),(1.90487787006105E-16,
0.0513222207001077,0.102644441400215,0.20528888280043,0.256611103500538,
0.275856936263078,0.282272213850591,0.307933324200645,0.333594434550699,
0.359255544900753,0.384916655250806,0.41057776560086,0.461899986300968,
0.513222207001075,0.516429845794832,0.519637484588589,0.538883317351129,
0.551713872526156,0.564544427701183,0.57737498287621,0.580582621669966,
0.583790260463723,0.590205538051237,0.603036093226264,0.609451370813777,
0.61586664840129,0.667188869101398,0.718511089801505,0.82115553120172,0.923799972601935,
1.02644441400215,1.12908885540237,1.3985190099176),.UNSPECIFIED.);
#301=B_SPLINE_CURVE_WITH_KNOTS('',3,(#3301,#3302,#3303,#3304,#3305,#3306,
#3307,#3308,#3309,#3310,#3311,#3312,#3313,#3314,#3315,#3316,#3317,#3318,
#3319,#3320,#3321,#3322,#3323,#3324,#3325,#3326,#3327,#3328,#3329,#3330,
#3331,#3332,#3333,#3334,#3335),.UNSPECIFIED.,.F.,.F.,(4,1,1,1,1,1,1,1,1,
1,1,1,1,1,1,1,1,1,1,1,1,1,1,1,1,1,1,1,1,1,1,1,4),(-1.43702217960301,-1.12908885540237,
-1.02644441400215,-0.923799972601935,-0.82115553120172,-0.718511089801505,
-0.667188869101398,-0.61586664840129,-0.609451370813777,-0.603036093226264,
-0.590205538051237,-0.583790260463723,-0.580582621669966,-0.57737498287621,
-0.564544427701183,-0.551713872526156,-0.538883317351129,-0.519637484588589,
-0.516429845794832,-0.513222207001075,-0.461899986300968,-0.41057776560086,
-0.384916655250806,-0.359255544900753,-0.333594434550699,-0.307933324200645,
-0.282272213850591,-0.275856936263078,-0.256611103500538,-0.20528888280043,
-0.102644441400215,-0.0513222207001077,-1.90487787006105E-16),
 .UNSPECIFIED.);
#302=B_SPLINE_CURVE_WITH_KNOTS('',3,(#3525,#3526,#3527,#3528,#3529,#3530,
#3531,#3532,#3533,#3534,#3535,#3536,#3537,#3538,#3539,#3540,#3541,#3542,
#3543,#3544,#3545,#3546,#3547,#3548,#3549,#3550,#3551,#3552,#3553,#3554,
#3555,#3556,#3557,#3558,#3559),.UNSPECIFIED.,.F.,.F.,(4,1,1,1,1,1,1,1,1,
1,1,1,1,1,1,1,1,1,1,1,1,1,1,1,1,1,1,1,1,1,1,1,4),(-1.43702217944973,-1.12908885528193,
-1.02644441389267,-0.9237999725034,-0.821155531114133,-0.718511089724867,
-0.667188869030233,-0.6158666483356,-0.609451370748771,-0.603036093161942,
-0.590205537988283,-0.583790260401454,-0.580582621608039,-0.577374982814625,
-0.564544427640967,-0.551713872467308,-0.53888331729365,-0.519637484533162,
-0.516429845739748,-0.513222206946333,-0.4618999862517,-0.410577765557067,
-0.38491665520975,-0.359255544862433,-0.333594434515117,-0.3079333241678,
-0.282272213820483,-0.275856936233654,-0.256611103473167,-0.205288882778533,
-0.102644441389267,-0.0513222206946335,-2.19786411595547E-16),
 .UNSPECIFIED.);
#303=B_SPLINE_CURVE_WITH_KNOTS('',3,(#3560,#3561,#3562,#3563,#3564,#3565,
#3566,#3567,#3568,#3569,#3570,#3571,#3572,#3573,#3574,#3575,#3576,#3577,
#3578,#3579,#3580,#3581,#3582,#3583,#3584,#3585,#3586,#3587,#3588,#3589,
#3590,#3591,#3592,#3593,#3594),.UNSPECIFIED.,.F.,.F.,(4,1,1,1,1,1,1,1,1,
1,1,1,1,1,1,1,1,1,1,1,1,1,1,1,1,1,1,1,1,1,1,1,4),(2.19786411595547E-16,
0.0513222206946335,0.102644441389267,0.205288882778533,0.256611103473167,
0.275856936233654,0.282272213820483,0.3079333241678,0.333594434515117,0.359255544862433,
0.38491665520975,0.410577765557067,0.4618999862517,0.513222206946333,0.516429845739748,
0.519637484533162,0.53888331729365,0.551713872467308,0.564544427640967,
0.577374982814625,0.580582621608039,0.583790260401454,0.590205537988283,
0.603036093161942,0.609451370748771,0.6158666483356,0.667188869030233,0.718511089724867,
0.821155531114133,0.9237999725034,1.02644441389267,1.12908885528193,1.39851900991765),
 .UNSPECIFIED.);
#304=CIRCLE('',#1032,3.);
#305=CIRCLE('',#1033,3.);
#306=CIRCLE('',#1034,3.);
#307=CIRCLE('',#1035,3.);
#308=CIRCLE('',#1036,3.);
#309=CIRCLE('',#1037,3.);
#310=CIRCLE('',#1038,3.);
#311=CIRCLE('',#1039,3.);
#312=CIRCLE('',#1040,3.);
#313=CIRCLE('',#1041,3.);
#314=CIRCLE('',#1042,3.);
#315=CIRCLE('',#1043,3.);
#316=CIRCLE('',#1044,3.);
#317=CIRCLE('',#1045,3.);
#318=CIRCLE('',#1047,12.0000001788139);
#319=CIRCLE('',#1048,12.0000001788139);
#320=CIRCLE('',#1049,12.0000001788139);
#321=CIRCLE('',#1050,12.0000001788139);
#322=CIRCLE('',#1052,10.0000001788139);
#323=CIRCLE('',#1054,2.);
#324=CIRCLE('',#1055,2.);
#325=CIRCLE('',#1057,2.);
#326=CIRCLE('',#1058,2.);
#327=CIRCLE('',#1059,3.);
#328=CIRCLE('',#1060,3.);
#329=CIRCLE('',#1061,3.);
#330=CIRCLE('',#1062,3.);
#331=CIRCLE('',#1063,3.);
#332=CIRCLE('',#1064,3.);
#333=CIRCLE('',#1065,3.);
#334=CIRCLE('',#1066,3.);
#335=CIRCLE('',#1067,3.);
#336=CIRCLE('',#1068,3.);
#337=CIRCLE('',#1069,3.);
#338=CIRCLE('',#1070,3.);
#339=CIRCLE('',#1071,3.);
#340=CIRCLE('',#1072,3.);
#341=CIRCLE('',#1074,10.0000001788139);
#342=CIRCLE('',#1075,2.);
#343=CIRCLE('',#1076,2.);
#344=CIRCLE('',#1078,2.);
#345=CIRCLE('',#1079,2.);
#346=CIRCLE('',#1080,4.);
#347=CIRCLE('',#1082,4.);
#348=CIRCLE('',#1083,2.);
#349=CIRCLE('',#1084,2.);
#350=CIRCLE('',#1085,2.);
#351=CIRCLE('',#1086,2.);
#352=CIRCLE('',#1087,4.);
#353=CIRCLE('',#1089,4.);
#354=CIRCLE('',#1091,6.00000007450581);
#355=CIRCLE('',#1092,1.);
#356=CIRCLE('',#1093,5.00000007450581);
#357=CIRCLE('',#1095,10.0000001788139);
#358=CIRCLE('',#1097,5.00000007450581);
#359=CIRCLE('',#1099,2.);
#360=VERTEX_POINT('',#1313);
#361=VERTEX_POINT('',#1314);
#362=VERTEX_POINT('',#1316);
#363=VERTEX_POINT('',#1321);
#364=VERTEX_POINT('',#1347);
#365=VERTEX_POINT('',#1352);
#366=VERTEX_POINT('',#1378);
#367=VERTEX_POINT('',#1383);
#368=VERTEX_POINT('',#1409);
#369=VERTEX_POINT('',#1410);
#370=VERTEX_POINT('',#1444);
#371=VERTEX_POINT('',#1451);
#372=VERTEX_POINT('',#1475);
#373=VERTEX_POINT('',#1480);
#374=VERTEX_POINT('',#1510);
#375=VERTEX_POINT('',#1511);
#376=VERTEX_POINT('',#1545);
#377=VERTEX_POINT('',#1550);
#378=VERTEX_POINT('',#1576);
#379=VERTEX_POINT('',#1581);
#380=VERTEX_POINT('',#1607);
#381=VERTEX_POINT('',#1608);
#382=VERTEX_POINT('',#1610);
#383=VERTEX_POINT('',#1615);
#384=VERTEX_POINT('',#1669);
#385=VERTEX_POINT('',#1678);
#386=VERTEX_POINT('',#1704);
#387=VERTEX_POINT('',#1713);
#388=VERTEX_POINT('',#1735);
#389=VERTEX_POINT('',#1755);
#390=VERTEX_POINT('',#1756);
#391=VERTEX_POINT('',#1758);
#392=VERTEX_POINT('',#1760);
#393=VERTEX_POINT('',#1765);
#394=VERTEX_POINT('',#1773);
#395=VERTEX_POINT('',#1775);
#396=VERTEX_POINT('',#1788);
#397=VERTEX_POINT('',#1790);
#398=VERTEX_POINT('',#1795);
#399=VERTEX_POINT('',#1805);
#400=VERTEX_POINT('',#1807);
#401=VERTEX_POINT('',#1809);
#402=VERTEX_POINT('',#1865);
#403=VERTEX_POINT('',#1876);
#404=VERTEX_POINT('',#1898);
#405=VERTEX_POINT('',#1954);
#406=VERTEX_POINT('',#1966);
#407=VERTEX_POINT('',#2178);
#408=VERTEX_POINT('',#2235);
#409=VERTEX_POINT('',#2237);
#410=VERTEX_POINT('',#2263);
#411=VERTEX_POINT('',#2289);
#412=VERTEX_POINT('',#2315);
#413=VERTEX_POINT('',#2345);
#414=VERTEX_POINT('',#2369);
#415=VERTEX_POINT('',#2399);
#416=VERTEX_POINT('',#2427);
#417=VERTEX_POINT('',#2432);
#418=VERTEX_POINT('',#2458);
#419=VERTEX_POINT('',#2459);
#420=VERTEX_POINT('',#2489);
#421=VERTEX_POINT('',#2490);
#422=VERTEX_POINT('',#2520);
#423=VERTEX_POINT('',#2521);
#424=VERTEX_POINT('',#2551);
#425=VERTEX_POINT('',#2560);
#426=VERTEX_POINT('',#2586);
#427=VERTEX_POINT('',#2595);
#428=VERTEX_POINT('',#2617);
#429=VERTEX_POINT('',#2688);
#430=VERTEX_POINT('',#2699);
#431=VERTEX_POINT('',#2721);
#432=VERTEX_POINT('',#2777);
#433=VERTEX_POINT('',#2789);
#434=VERTEX_POINT('',#3019);
#435=VERTEX_POINT('',#3070);
#436=VERTEX_POINT('',#3123);
#437=VERTEX_POINT('',#3345);
#438=VERTEX_POINT('',#3346);
#439=VERTEX_POINT('',#3614);
#440=VERTEX_POINT('',#3616);
#441=VERTEX_POINT('',#3620);
#442=VERTEX_POINT('',#3623);
#443=VERTEX_POINT('',#3630);
#444=VERTEX_POINT('',#3632);
#445=VERTEX_POINT('',#3637);
#446=VERTEX_POINT('',#3638);
#447=VERTEX_POINT('',#3643);
#448=VERTEX_POINT('',#3647);
#449=VERTEX_POINT('',#3651);
#450=VERTEX_POINT('',#3655);
#451=EDGE_CURVE('',#360,#361,#304,.T.);
#452=EDGE_CURVE('',#361,#362,#229,.T.);
#453=EDGE_CURVE('',#362,#363,#305,.T.);
#454=EDGE_CURVE('',#363,#360,#230,.T.);
#455=EDGE_CURVE('',#362,#364,#231,.T.);
#456=EDGE_CURVE('',#364,#365,#306,.T.);
#457=EDGE_CURVE('',#365,#363,#232,.T.);
#458=EDGE_CURVE('',#364,#366,#233,.T.);
#459=EDGE_CURVE('',#366,#367,#307,.T.);
#460=EDGE_CURVE('',#367,#365,#234,.T.);
#461=EDGE_CURVE('',#368,#369,#308,.T.);
#462=EDGE_CURVE('',#369,#367,#235,.T.);
#463=EDGE_CURVE('',#366,#368,#236,.T.);
#464=EDGE_CURVE('',#368,#370,#237,.T.);
#465=EDGE_CURVE('',#370,#371,#309,.T.);
#466=EDGE_CURVE('',#371,#369,#238,.T.);
#467=EDGE_CURVE('',#370,#372,#239,.T.);
#468=EDGE_CURVE('',#372,#373,#310,.T.);
#469=EDGE_CURVE('',#373,#371,#240,.T.);
#470=EDGE_CURVE('',#374,#375,#311,.T.);
#471=EDGE_CURVE('',#375,#373,#241,.T.);
#472=EDGE_CURVE('',#372,#374,#242,.T.);
#473=EDGE_CURVE('',#374,#376,#243,.T.);
#474=EDGE_CURVE('',#376,#377,#312,.T.);
#475=EDGE_CURVE('',#377,#375,#244,.T.);
#476=EDGE_CURVE('',#376,#378,#245,.T.);
#477=EDGE_CURVE('',#378,#379,#313,.T.);
#478=EDGE_CURVE('',#379,#377,#246,.T.);
#479=EDGE_CURVE('',#380,#381,#314,.T.);
#480=EDGE_CURVE('',#381,#382,#247,.T.);
#481=EDGE_CURVE('',#382,#383,#315,.T.);
#482=EDGE_CURVE('',#383,#380,#248,.T.);
#483=EDGE_CURVE('',#382,#379,#249,.T.);
#484=EDGE_CURVE('',#378,#383,#250,.T.);
#485=EDGE_CURVE('',#380,#384,#251,.T.);
#486=EDGE_CURVE('',#384,#385,#316,.T.);
#487=EDGE_CURVE('',#385,#381,#252,.T.);
#488=EDGE_CURVE('',#386,#361,#253,.T.);
#489=EDGE_CURVE('',#360,#387,#254,.T.);
#490=EDGE_CURVE('',#387,#386,#317,.T.);
#491=EDGE_CURVE('',#388,#386,#255,.T.);
#492=EDGE_CURVE('',#387,#385,#256,.T.);
#493=EDGE_CURVE('',#384,#388,#257,.T.);
#494=EDGE_CURVE('',#389,#390,#318,.T.);
#495=EDGE_CURVE('',#389,#391,#43,.T.);
#496=EDGE_CURVE('',#392,#391,#258,.T.);
#497=EDGE_CURVE('',#393,#392,#259,.T.);
#498=EDGE_CURVE('',#374,#393,#319,.F.);
#499=EDGE_CURVE('',#394,#368,#320,.F.);
#500=EDGE_CURVE('',#395,#394,#260,.T.);
#501=EDGE_CURVE('',#391,#395,#261,.T.);
#502=EDGE_CURVE('',#390,#389,#321,.T.);
#503=EDGE_CURVE('',#362,#396,#322,.F.);
#504=EDGE_CURVE('',#397,#396,#262,.T.);
#505=EDGE_CURVE('',#398,#397,#263,.T.);
#506=EDGE_CURVE('',#394,#398,#264,.T.);
#507=EDGE_CURVE('',#361,#399,#44,.T.);
#508=EDGE_CURVE('',#399,#400,#45,.T.);
#509=EDGE_CURVE('',#400,#401,#46,.T.);
#510=EDGE_CURVE('',#396,#401,#265,.T.);
#511=EDGE_CURVE('',#371,#402,#266,.T.);
#512=EDGE_CURVE('',#402,#403,#323,.T.);
#513=EDGE_CURVE('',#403,#367,#267,.T.);
#514=EDGE_CURVE('',#404,#373,#268,.T.);
#515=EDGE_CURVE('',#402,#404,#47,.T.);
#516=EDGE_CURVE('',#377,#405,#269,.T.);
#517=EDGE_CURVE('',#404,#405,#324,.T.);
#518=EDGE_CURVE('',#406,#379,#270,.T.);
#519=EDGE_CURVE('',#405,#406,#325,.T.);
#520=EDGE_CURVE('',#385,#407,#271,.T.);
#521=EDGE_CURVE('',#407,#406,#326,.T.);
#522=EDGE_CURVE('',#401,#408,#327,.T.);
#523=EDGE_CURVE('',#408,#409,#272,.T.);
#524=EDGE_CURVE('',#409,#396,#328,.T.);
#525=EDGE_CURVE('',#409,#410,#273,.T.);
#526=EDGE_CURVE('',#410,#397,#329,.T.);
#527=EDGE_CURVE('',#411,#398,#330,.T.);
#528=EDGE_CURVE('',#410,#411,#274,.T.);
#529=EDGE_CURVE('',#412,#394,#331,.T.);
#530=EDGE_CURVE('',#411,#412,#275,.T.);
#531=EDGE_CURVE('',#412,#413,#276,.T.);
#532=EDGE_CURVE('',#413,#395,#332,.T.);
#533=EDGE_CURVE('',#414,#392,#333,.T.);
#534=EDGE_CURVE('',#413,#414,#277,.T.);
#535=EDGE_CURVE('',#415,#393,#334,.T.);
#536=EDGE_CURVE('',#414,#415,#278,.T.);
#537=EDGE_CURVE('',#415,#416,#279,.T.);
#538=EDGE_CURVE('',#416,#417,#335,.T.);
#539=EDGE_CURVE('',#417,#393,#280,.T.);
#540=EDGE_CURVE('',#418,#419,#336,.T.);
#541=EDGE_CURVE('',#419,#417,#281,.T.);
#542=EDGE_CURVE('',#416,#418,#282,.T.);
#543=EDGE_CURVE('',#420,#421,#337,.T.);
#544=EDGE_CURVE('',#421,#419,#283,.T.);
#545=EDGE_CURVE('',#418,#420,#284,.T.);
#546=EDGE_CURVE('',#422,#423,#338,.T.);
#547=EDGE_CURVE('',#423,#421,#285,.T.);
#548=EDGE_CURVE('',#420,#422,#286,.T.);
#549=EDGE_CURVE('',#424,#423,#287,.T.);
#550=EDGE_CURVE('',#422,#425,#288,.T.);
#551=EDGE_CURVE('',#425,#424,#339,.T.);
#552=EDGE_CURVE('',#401,#426,#289,.T.);
#553=EDGE_CURVE('',#426,#427,#340,.T.);
#554=EDGE_CURVE('',#427,#408,#290,.T.);
#555=EDGE_CURVE('',#428,#424,#291,.T.);
#556=EDGE_CURVE('',#425,#427,#292,.T.);
#557=EDGE_CURVE('',#426,#428,#293,.T.);
#558=EDGE_CURVE('',#421,#383,#341,.F.);
#559=EDGE_CURVE('',#414,#429,#294,.T.);
#560=EDGE_CURVE('',#429,#430,#342,.T.);
#561=EDGE_CURVE('',#430,#416,#295,.T.);
#562=EDGE_CURVE('',#431,#413,#296,.T.);
#563=EDGE_CURVE('',#429,#431,#48,.T.);
#564=EDGE_CURVE('',#411,#432,#297,.T.);
#565=EDGE_CURVE('',#431,#432,#343,.T.);
#566=EDGE_CURVE('',#433,#410,#298,.T.);
#567=EDGE_CURVE('',#432,#433,#344,.T.);
#568=EDGE_CURVE('',#427,#434,#299,.T.);
#569=EDGE_CURVE('',#434,#433,#345,.T.);
#570=EDGE_CURVE('',#407,#404,#346,.T.);
#571=EDGE_CURVE('',#407,#435,#49,.T.);
#572=EDGE_CURVE('',#402,#435,#347,.T.);
#573=EDGE_CURVE('',#435,#387,#300,.T.);
#574=EDGE_CURVE('',#435,#436,#348,.T.);
#575=EDGE_CURVE('',#436,#403,#349,.T.);
#576=EDGE_CURVE('',#365,#436,#301,.T.);
#577=EDGE_CURVE('',#437,#438,#350,.T.);
#578=EDGE_CURVE('',#438,#430,#351,.T.);
#579=EDGE_CURVE('',#429,#437,#352,.T.);
#580=EDGE_CURVE('',#418,#438,#302,.T.);
#581=EDGE_CURVE('',#437,#425,#303,.T.);
#582=EDGE_CURVE('',#434,#437,#50,.T.);
#583=EDGE_CURVE('',#434,#431,#353,.T.);
#584=EDGE_CURVE('',#439,#439,#354,.T.);
#585=EDGE_CURVE('',#439,#440,#355,.T.);
#586=EDGE_CURVE('',#440,#440,#356,.T.);
#587=EDGE_CURVE('',#441,#441,#357,.T.);
#588=EDGE_CURVE('',#440,#442,#51,.T.);
#589=EDGE_CURVE('',#442,#442,#358,.T.);
#590=EDGE_CURVE('',#441,#390,#359,.T.);
#591=EDGE_CURVE('',#423,#443,#52,.T.);
#592=EDGE_CURVE('',#443,#444,#53,.T.);
#593=EDGE_CURVE('',#444,#380,#54,.T.);
#594=EDGE_CURVE('',#445,#446,#55,.T.);
#595=EDGE_CURVE('',#445,#399,#56,.T.);
#596=EDGE_CURVE('',#446,#388,#57,.T.);
#597=EDGE_CURVE('',#446,#447,#58,.T.);
#598=EDGE_CURVE('',#447,#444,#59,.T.);
#599=EDGE_CURVE('',#447,#448,#60,.T.);
#600=EDGE_CURVE('',#448,#443,#61,.T.);
#601=EDGE_CURVE('',#448,#449,#62,.T.);
#602=EDGE_CURVE('',#449,#428,#63,.T.);
#603=EDGE_CURVE('',#449,#450,#64,.T.);
#604=EDGE_CURVE('',#450,#400,#65,.T.);
#605=EDGE_CURVE('',#450,#445,#66,.T.);
#606=ORIENTED_EDGE('',*,*,#451,.T.);
#607=ORIENTED_EDGE('',*,*,#452,.T.);
#608=ORIENTED_EDGE('',*,*,#453,.T.);
#609=ORIENTED_EDGE('',*,*,#454,.T.);
#610=ORIENTED_EDGE('',*,*,#453,.F.);
#611=ORIENTED_EDGE('',*,*,#455,.T.);
#612=ORIENTED_EDGE('',*,*,#456,.T.);
#613=ORIENTED_EDGE('',*,*,#457,.T.);
#614=ORIENTED_EDGE('',*,*,#456,.F.);
#615=ORIENTED_EDGE('',*,*,#458,.T.);
#616=ORIENTED_EDGE('',*,*,#459,.T.);
#617=ORIENTED_EDGE('',*,*,#460,.T.);
#618=ORIENTED_EDGE('',*,*,#461,.T.);
#619=ORIENTED_EDGE('',*,*,#462,.T.);
#620=ORIENTED_EDGE('',*,*,#459,.F.);
#621=ORIENTED_EDGE('',*,*,#463,.T.);
#622=ORIENTED_EDGE('',*,*,#461,.F.);
#623=ORIENTED_EDGE('',*,*,#464,.T.);
#624=ORIENTED_EDGE('',*,*,#465,.T.);
#625=ORIENTED_EDGE('',*,*,#466,.T.);
#626=ORIENTED_EDGE('',*,*,#465,.F.);
#627=ORIENTED_EDGE('',*,*,#467,.T.);
#628=ORIENTED_EDGE('',*,*,#468,.T.);
#629=ORIENTED_EDGE('',*,*,#469,.T.);
#630=ORIENTED_EDGE('',*,*,#470,.T.);
#631=ORIENTED_EDGE('',*,*,#471,.T.);
#632=ORIENTED_EDGE('',*,*,#468,.F.);
#633=ORIENTED_EDGE('',*,*,#472,.T.);
#634=ORIENTED_EDGE('',*,*,#470,.F.);
#635=ORIENTED_EDGE('',*,*,#473,.T.);
#636=ORIENTED_EDGE('',*,*,#474,.T.);
#637=ORIENTED_EDGE('',*,*,#475,.T.);
#638=ORIENTED_EDGE('',*,*,#474,.F.);
#639=ORIENTED_EDGE('',*,*,#476,.T.);
#640=ORIENTED_EDGE('',*,*,#477,.T.);
#641=ORIENTED_EDGE('',*,*,#478,.T.);
#642=ORIENTED_EDGE('',*,*,#479,.T.);
#643=ORIENTED_EDGE('',*,*,#480,.T.);
#644=ORIENTED_EDGE('',*,*,#481,.T.);
#645=ORIENTED_EDGE('',*,*,#482,.T.);
#646=ORIENTED_EDGE('',*,*,#481,.F.);
#647=ORIENTED_EDGE('',*,*,#483,.T.);
#648=ORIENTED_EDGE('',*,*,#477,.F.);
#649=ORIENTED_EDGE('',*,*,#484,.T.);
#650=ORIENTED_EDGE('',*,*,#485,.T.);
#651=ORIENTED_EDGE('',*,*,#486,.T.);
#652=ORIENTED_EDGE('',*,*,#487,.T.);
#653=ORIENTED_EDGE('',*,*,#479,.F.);
#654=ORIENTED_EDGE('',*,*,#488,.T.);
#655=ORIENTED_EDGE('',*,*,#451,.F.);
#656=ORIENTED_EDGE('',*,*,#489,.T.);
#657=ORIENTED_EDGE('',*,*,#490,.T.);
#658=ORIENTED_EDGE('',*,*,#491,.T.);
#659=ORIENTED_EDGE('',*,*,#490,.F.);
#660=ORIENTED_EDGE('',*,*,#492,.T.);
#661=ORIENTED_EDGE('',*,*,#486,.F.);
#662=ORIENTED_EDGE('',*,*,#493,.T.);
#663=ORIENTED_EDGE('',*,*,#494,.F.);
#664=ORIENTED_EDGE('',*,*,#495,.T.);
#665=ORIENTED_EDGE('',*,*,#496,.F.);
#666=ORIENTED_EDGE('',*,*,#497,.F.);
#667=ORIENTED_EDGE('',*,*,#498,.F.);
#668=ORIENTED_EDGE('',*,*,#472,.F.);
#669=ORIENTED_EDGE('',*,*,#467,.F.);
#670=ORIENTED_EDGE('',*,*,#464,.F.);
#671=ORIENTED_EDGE('',*,*,#499,.F.);
#672=ORIENTED_EDGE('',*,*,#500,.F.);
#673=ORIENTED_EDGE('',*,*,#501,.F.);
#674=ORIENTED_EDGE('',*,*,#495,.F.);
#675=ORIENTED_EDGE('',*,*,#502,.F.);
#676=ORIENTED_EDGE('',*,*,#463,.F.);
#677=ORIENTED_EDGE('',*,*,#458,.F.);
#678=ORIENTED_EDGE('',*,*,#455,.F.);
#679=ORIENTED_EDGE('',*,*,#503,.T.);
#680=ORIENTED_EDGE('',*,*,#504,.F.);
#681=ORIENTED_EDGE('',*,*,#505,.F.);
#682=ORIENTED_EDGE('',*,*,#506,.F.);
#683=ORIENTED_EDGE('',*,*,#499,.T.);
#684=ORIENTED_EDGE('',*,*,#452,.F.);
#685=ORIENTED_EDGE('',*,*,#507,.T.);
#686=ORIENTED_EDGE('',*,*,#508,.T.);
#687=ORIENTED_EDGE('',*,*,#509,.T.);
#688=ORIENTED_EDGE('',*,*,#510,.F.);
#689=ORIENTED_EDGE('',*,*,#503,.F.);
#690=ORIENTED_EDGE('',*,*,#462,.F.);
#691=ORIENTED_EDGE('',*,*,#466,.F.);
#692=ORIENTED_EDGE('',*,*,#511,.T.);
#693=ORIENTED_EDGE('',*,*,#512,.T.);
#694=ORIENTED_EDGE('',*,*,#513,.T.);
#695=ORIENTED_EDGE('',*,*,#469,.F.);
#696=ORIENTED_EDGE('',*,*,#514,.F.);
#697=ORIENTED_EDGE('',*,*,#515,.F.);
#698=ORIENTED_EDGE('',*,*,#511,.F.);
#699=ORIENTED_EDGE('',*,*,#471,.F.);
#700=ORIENTED_EDGE('',*,*,#475,.F.);
#701=ORIENTED_EDGE('',*,*,#516,.T.);
#702=ORIENTED_EDGE('',*,*,#517,.F.);
#703=ORIENTED_EDGE('',*,*,#514,.T.);
#704=ORIENTED_EDGE('',*,*,#478,.F.);
#705=ORIENTED_EDGE('',*,*,#518,.F.);
#706=ORIENTED_EDGE('',*,*,#519,.F.);
#707=ORIENTED_EDGE('',*,*,#516,.F.);
#708=ORIENTED_EDGE('',*,*,#483,.F.);
#709=ORIENTED_EDGE('',*,*,#480,.F.);
#710=ORIENTED_EDGE('',*,*,#487,.F.);
#711=ORIENTED_EDGE('',*,*,#520,.T.);
#712=ORIENTED_EDGE('',*,*,#521,.T.);
#713=ORIENTED_EDGE('',*,*,#518,.T.);
#714=ORIENTED_EDGE('',*,*,#522,.T.);
#715=ORIENTED_EDGE('',*,*,#523,.T.);
#716=ORIENTED_EDGE('',*,*,#524,.T.);
#717=ORIENTED_EDGE('',*,*,#510,.T.);
#718=ORIENTED_EDGE('',*,*,#524,.F.);
#719=ORIENTED_EDGE('',*,*,#525,.T.);
#720=ORIENTED_EDGE('',*,*,#526,.T.);
#721=ORIENTED_EDGE('',*,*,#504,.T.);
#722=ORIENTED_EDGE('',*,*,#527,.T.);
#723=ORIENTED_EDGE('',*,*,#505,.T.);
#724=ORIENTED_EDGE('',*,*,#526,.F.);
#725=ORIENTED_EDGE('',*,*,#528,.T.);
#726=ORIENTED_EDGE('',*,*,#529,.T.);
#727=ORIENTED_EDGE('',*,*,#506,.T.);
#728=ORIENTED_EDGE('',*,*,#527,.F.);
#729=ORIENTED_EDGE('',*,*,#530,.T.);
#730=ORIENTED_EDGE('',*,*,#529,.F.);
#731=ORIENTED_EDGE('',*,*,#531,.T.);
#732=ORIENTED_EDGE('',*,*,#532,.T.);
#733=ORIENTED_EDGE('',*,*,#500,.T.);
#734=ORIENTED_EDGE('',*,*,#533,.T.);
#735=ORIENTED_EDGE('',*,*,#496,.T.);
#736=ORIENTED_EDGE('',*,*,#501,.T.);
#737=ORIENTED_EDGE('',*,*,#532,.F.);
#738=ORIENTED_EDGE('',*,*,#534,.T.);
#739=ORIENTED_EDGE('',*,*,#535,.T.);
#740=ORIENTED_EDGE('',*,*,#497,.T.);
#741=ORIENTED_EDGE('',*,*,#533,.F.);
#742=ORIENTED_EDGE('',*,*,#536,.T.);
#743=ORIENTED_EDGE('',*,*,#535,.F.);
#744=ORIENTED_EDGE('',*,*,#537,.T.);
#745=ORIENTED_EDGE('',*,*,#538,.T.);
#746=ORIENTED_EDGE('',*,*,#539,.T.);
#747=ORIENTED_EDGE('',*,*,#540,.T.);
#748=ORIENTED_EDGE('',*,*,#541,.T.);
#749=ORIENTED_EDGE('',*,*,#538,.F.);
#750=ORIENTED_EDGE('',*,*,#542,.T.);
#751=ORIENTED_EDGE('',*,*,#543,.T.);
#752=ORIENTED_EDGE('',*,*,#544,.T.);
#753=ORIENTED_EDGE('',*,*,#540,.F.);
#754=ORIENTED_EDGE('',*,*,#545,.T.);
#755=ORIENTED_EDGE('',*,*,#546,.T.);
#756=ORIENTED_EDGE('',*,*,#547,.T.);
#757=ORIENTED_EDGE('',*,*,#543,.F.);
#758=ORIENTED_EDGE('',*,*,#548,.T.);
#759=ORIENTED_EDGE('',*,*,#549,.T.);
#760=ORIENTED_EDGE('',*,*,#546,.F.);
#761=ORIENTED_EDGE('',*,*,#550,.T.);
#762=ORIENTED_EDGE('',*,*,#551,.T.);
#763=ORIENTED_EDGE('',*,*,#552,.T.);
#764=ORIENTED_EDGE('',*,*,#553,.T.);
#765=ORIENTED_EDGE('',*,*,#554,.T.);
#766=ORIENTED_EDGE('',*,*,#522,.F.);
#767=ORIENTED_EDGE('',*,*,#555,.T.);
#768=ORIENTED_EDGE('',*,*,#551,.F.);
#769=ORIENTED_EDGE('',*,*,#556,.T.);
#770=ORIENTED_EDGE('',*,*,#553,.F.);
#771=ORIENTED_EDGE('',*,*,#557,.T.);
#772=ORIENTED_EDGE('',*,*,#473,.F.);
#773=ORIENTED_EDGE('',*,*,#498,.T.);
#774=ORIENTED_EDGE('',*,*,#539,.F.);
#775=ORIENTED_EDGE('',*,*,#541,.F.);
#776=ORIENTED_EDGE('',*,*,#544,.F.);
#777=ORIENTED_EDGE('',*,*,#558,.T.);
#778=ORIENTED_EDGE('',*,*,#484,.F.);
#779=ORIENTED_EDGE('',*,*,#476,.F.);
#780=ORIENTED_EDGE('',*,*,#537,.F.);
#781=ORIENTED_EDGE('',*,*,#536,.F.);
#782=ORIENTED_EDGE('',*,*,#559,.T.);
#783=ORIENTED_EDGE('',*,*,#560,.T.);
#784=ORIENTED_EDGE('',*,*,#561,.T.);
#785=ORIENTED_EDGE('',*,*,#534,.F.);
#786=ORIENTED_EDGE('',*,*,#562,.F.);
#787=ORIENTED_EDGE('',*,*,#563,.F.);
#788=ORIENTED_EDGE('',*,*,#559,.F.);
#789=ORIENTED_EDGE('',*,*,#531,.F.);
#790=ORIENTED_EDGE('',*,*,#530,.F.);
#791=ORIENTED_EDGE('',*,*,#564,.T.);
#792=ORIENTED_EDGE('',*,*,#565,.F.);
#793=ORIENTED_EDGE('',*,*,#562,.T.);
#794=ORIENTED_EDGE('',*,*,#528,.F.);
#795=ORIENTED_EDGE('',*,*,#566,.F.);
#796=ORIENTED_EDGE('',*,*,#567,.F.);
#797=ORIENTED_EDGE('',*,*,#564,.F.);
#798=ORIENTED_EDGE('',*,*,#525,.F.);
#799=ORIENTED_EDGE('',*,*,#523,.F.);
#800=ORIENTED_EDGE('',*,*,#554,.F.);
#801=ORIENTED_EDGE('',*,*,#568,.T.);
#802=ORIENTED_EDGE('',*,*,#569,.T.);
#803=ORIENTED_EDGE('',*,*,#566,.T.);
#804=ORIENTED_EDGE('',*,*,#517,.T.);
#805=ORIENTED_EDGE('',*,*,#519,.T.);
#806=ORIENTED_EDGE('',*,*,#521,.F.);
#807=ORIENTED_EDGE('',*,*,#570,.T.);
#808=ORIENTED_EDGE('',*,*,#570,.F.);
#809=ORIENTED_EDGE('',*,*,#571,.T.);
#810=ORIENTED_EDGE('',*,*,#572,.F.);
#811=ORIENTED_EDGE('',*,*,#515,.T.);
#812=ORIENTED_EDGE('',*,*,#492,.F.);
#813=ORIENTED_EDGE('',*,*,#573,.F.);
#814=ORIENTED_EDGE('',*,*,#571,.F.);
#815=ORIENTED_EDGE('',*,*,#520,.F.);
#816=ORIENTED_EDGE('',*,*,#574,.T.);
#817=ORIENTED_EDGE('',*,*,#575,.T.);
#818=ORIENTED_EDGE('',*,*,#512,.F.);
#819=ORIENTED_EDGE('',*,*,#572,.T.);
#820=ORIENTED_EDGE('',*,*,#457,.F.);
#821=ORIENTED_EDGE('',*,*,#576,.T.);
#822=ORIENTED_EDGE('',*,*,#574,.F.);
#823=ORIENTED_EDGE('',*,*,#573,.T.);
#824=ORIENTED_EDGE('',*,*,#489,.F.);
#825=ORIENTED_EDGE('',*,*,#454,.F.);
#826=ORIENTED_EDGE('',*,*,#577,.T.);
#827=ORIENTED_EDGE('',*,*,#578,.T.);
#828=ORIENTED_EDGE('',*,*,#560,.F.);
#829=ORIENTED_EDGE('',*,*,#579,.T.);
#830=ORIENTED_EDGE('',*,*,#545,.F.);
#831=ORIENTED_EDGE('',*,*,#580,.T.);
#832=ORIENTED_EDGE('',*,*,#577,.F.);
#833=ORIENTED_EDGE('',*,*,#581,.T.);
#834=ORIENTED_EDGE('',*,*,#550,.F.);
#835=ORIENTED_EDGE('',*,*,#548,.F.);
#836=ORIENTED_EDGE('',*,*,#556,.F.);
#837=ORIENTED_EDGE('',*,*,#581,.F.);
#838=ORIENTED_EDGE('',*,*,#582,.F.);
#839=ORIENTED_EDGE('',*,*,#568,.F.);
#840=ORIENTED_EDGE('',*,*,#579,.F.);
#841=ORIENTED_EDGE('',*,*,#563,.T.);
#842=ORIENTED_EDGE('',*,*,#583,.F.);
#843=ORIENTED_EDGE('',*,*,#582,.T.);
#844=ORIENTED_EDGE('',*,*,#565,.T.);
#845=ORIENTED_EDGE('',*,*,#567,.T.);
#846=ORIENTED_EDGE('',*,*,#569,.F.);
#847=ORIENTED_EDGE('',*,*,#583,.T.);
#848=ORIENTED_EDGE('',*,*,#584,.T.);
#849=ORIENTED_EDGE('',*,*,#585,.T.);
#850=ORIENTED_EDGE('',*,*,#586,.T.);
#851=ORIENTED_EDGE('',*,*,#585,.F.);
#852=ORIENTED_EDGE('',*,*,#587,.F.);
#853=ORIENTED_EDGE('',*,*,#584,.F.);
#854=ORIENTED_EDGE('',*,*,#586,.F.);
#855=ORIENTED_EDGE('',*,*,#588,.T.);
#856=ORIENTED_EDGE('',*,*,#589,.T.);
#857=ORIENTED_EDGE('',*,*,#588,.F.);
#858=ORIENTED_EDGE('',*,*,#587,.T.);
#859=ORIENTED_EDGE('',*,*,#590,.T.);
#860=ORIENTED_EDGE('',*,*,#502,.T.);
#861=ORIENTED_EDGE('',*,*,#494,.T.);
#862=ORIENTED_EDGE('',*,*,#590,.F.);
#863=ORIENTED_EDGE('',*,*,#460,.F.);
#864=ORIENTED_EDGE('',*,*,#513,.F.);
#865=ORIENTED_EDGE('',*,*,#575,.F.);
#866=ORIENTED_EDGE('',*,*,#576,.F.);
#867=ORIENTED_EDGE('',*,*,#482,.F.);
#868=ORIENTED_EDGE('',*,*,#558,.F.);
#869=ORIENTED_EDGE('',*,*,#547,.F.);
#870=ORIENTED_EDGE('',*,*,#591,.T.);
#871=ORIENTED_EDGE('',*,*,#592,.T.);
#872=ORIENTED_EDGE('',*,*,#593,.T.);
#873=ORIENTED_EDGE('',*,*,#542,.F.);
#874=ORIENTED_EDGE('',*,*,#561,.F.);
#875=ORIENTED_EDGE('',*,*,#578,.F.);
#876=ORIENTED_EDGE('',*,*,#580,.F.);
#877=ORIENTED_EDGE('',*,*,#594,.F.);
#878=ORIENTED_EDGE('',*,*,#595,.T.);
#879=ORIENTED_EDGE('',*,*,#507,.F.);
#880=ORIENTED_EDGE('',*,*,#488,.F.);
#881=ORIENTED_EDGE('',*,*,#491,.F.);
#882=ORIENTED_EDGE('',*,*,#596,.F.);
#883=ORIENTED_EDGE('',*,*,#597,.F.);
#884=ORIENTED_EDGE('',*,*,#596,.T.);
#885=ORIENTED_EDGE('',*,*,#493,.F.);
#886=ORIENTED_EDGE('',*,*,#485,.F.);
#887=ORIENTED_EDGE('',*,*,#593,.F.);
#888=ORIENTED_EDGE('',*,*,#598,.F.);
#889=ORIENTED_EDGE('',*,*,#599,.F.);
#890=ORIENTED_EDGE('',*,*,#598,.T.);
#891=ORIENTED_EDGE('',*,*,#592,.F.);
#892=ORIENTED_EDGE('',*,*,#600,.F.);
#893=ORIENTED_EDGE('',*,*,#601,.F.);
#894=ORIENTED_EDGE('',*,*,#600,.T.);
#895=ORIENTED_EDGE('',*,*,#591,.F.);
#896=ORIENTED_EDGE('',*,*,#549,.F.);
#897=ORIENTED_EDGE('',*,*,#555,.F.);
#898=ORIENTED_EDGE('',*,*,#602,.F.);
#899=ORIENTED_EDGE('',*,*,#603,.F.);
#900=ORIENTED_EDGE('',*,*,#602,.T.);
#901=ORIENTED_EDGE('',*,*,#557,.F.);
#902=ORIENTED_EDGE('',*,*,#552,.F.);
#903=ORIENTED_EDGE('',*,*,#509,.F.);
#904=ORIENTED_EDGE('',*,*,#604,.F.);
#905=ORIENTED_EDGE('',*,*,#605,.F.);
#906=ORIENTED_EDGE('',*,*,#604,.T.);
#907=ORIENTED_EDGE('',*,*,#508,.F.);
#908=ORIENTED_EDGE('',*,*,#595,.F.);
#909=ORIENTED_EDGE('',*,*,#594,.T.);
#910=ORIENTED_EDGE('',*,*,#597,.T.);
#911=ORIENTED_EDGE('',*,*,#599,.T.);
#912=ORIENTED_EDGE('',*,*,#601,.T.);
#913=ORIENTED_EDGE('',*,*,#603,.T.);
#914=ORIENTED_EDGE('',*,*,#605,.T.);
#915=ORIENTED_EDGE('',*,*,#589,.F.);
#916=B_SPLINE_SURFACE_WITH_KNOTS('',3,3,((#1293,#1294,#1295,#1296),(#1297,
#1298,#1299,#1300),(#1301,#1302,#1303,#1304),(#1305,#1306,#1307,#1308),
(#1309,#1310,#1311,#1312)),.UNSPECIFIED.,.F.,.F.,.F.,(4,1,4),(4,4),(0.,
0.571428571428571,1.),(0.,0.277521716013822),.UNSPECIFIED.);
#917=B_SPLINE_SURFACE_WITH_KNOTS('',3,3,((#1327,#1328,#1329,#1330),(#1331,
#1332,#1333,#1334),(#1335,#1336,#1337,#1338),(#1339,#1340,#1341,#1342),
(#1343,#1344,#1345,#1346)),.UNSPECIFIED.,.F.,.F.,.F.,(4,1,4),(4,4),(0.,
0.571428571428571,1.),(0.,0.23093533873197),.UNSPECIFIED.);
#918=B_SPLINE_SURFACE_WITH_KNOTS('',3,3,((#1358,#1359,#1360,#1361),(#1362,
#1363,#1364,#1365),(#1366,#1367,#1368,#1369),(#1370,#1371,#1372,#1373),
(#1374,#1375,#1376,#1377)),.UNSPECIFIED.,.F.,.F.,.F.,(4,1,4),(4,4),(0.,
0.571428571428571,1.),(0.,0.358234603109596),.UNSPECIFIED.);
#919=B_SPLINE_SURFACE_WITH_KNOTS('',3,3,((#1389,#1390,#1391,#1392),(#1393,
#1394,#1395,#1396),(#1397,#1398,#1399,#1400),(#1401,#1402,#1403,#1404),
(#1405,#1406,#1407,#1408)),.UNSPECIFIED.,.F.,.F.,.F.,(4,1,4),(4,4),(0.,
0.571428571428571,1.),(0.,0.247095545769174),.UNSPECIFIED.);
#920=B_SPLINE_SURFACE_WITH_KNOTS('',3,3,((#1420,#1421,#1422,#1423,#1424,
#1425),(#1426,#1427,#1428,#1429,#1430,#1431),(#1432,#1433,#1434,#1435,#1436,
#1437),(#1438,#1439,#1440,#1441,#1442,#1443)),.UNSPECIFIED.,.F.,.F.,.F.,
(4,4),(4,1,1,4),(0.,1.),(0.,0.314502076646109,0.4324403553884,0.550378634130691),
 .UNSPECIFIED.);
#921=B_SPLINE_SURFACE_WITH_KNOTS('',3,3,((#1459,#1460,#1461,#1462),(#1463,
#1464,#1465,#1466),(#1467,#1468,#1469,#1470),(#1471,#1472,#1473,#1474)),
 .UNSPECIFIED.,.F.,.F.,.F.,(4,4),(4,4),(0.,1.),(0.,0.200225185455006),
 .UNSPECIFIED.);
#922=B_SPLINE_SURFACE_WITH_KNOTS('',3,3,((#1486,#1487,#1488,#1489,#1490,
#1491),(#1492,#1493,#1494,#1495,#1496,#1497),(#1498,#1499,#1500,#1501,#1502,
#1503),(#1504,#1505,#1506,#1507,#1508,#1509)),.UNSPECIFIED.,.F.,.F.,.F.,
(4,4),(4,1,1,4),(0.,1.),(0.,0.235876521502187,0.432440289420677,0.550378550171771),
 .UNSPECIFIED.);
#923=B_SPLINE_SURFACE_WITH_KNOTS('',3,3,((#1525,#1526,#1527,#1528),(#1529,
#1530,#1531,#1532),(#1533,#1534,#1535,#1536),(#1537,#1538,#1539,#1540),
(#1541,#1542,#1543,#1544)),.UNSPECIFIED.,.F.,.F.,.F.,(4,1,4),(4,4),(0.,
0.571428571428571,1.),(0.,0.247095540370703),.UNSPECIFIED.);
#924=B_SPLINE_SURFACE_WITH_KNOTS('',3,3,((#1556,#1557,#1558,#1559),(#1560,
#1561,#1562,#1563),(#1564,#1565,#1566,#1567),(#1568,#1569,#1570,#1571),
(#1572,#1573,#1574,#1575)),.UNSPECIFIED.,.F.,.F.,.F.,(4,1,4),(4,4),(0.,
0.571428571428571,1.),(0.,0.35823461075548),.UNSPECIFIED.);
#925=B_SPLINE_SURFACE_WITH_KNOTS('',3,3,((#1587,#1588,#1589,#1590),(#1591,
#1592,#1593,#1594),(#1595,#1596,#1597,#1598),(#1599,#1600,#1601,#1602),
(#1603,#1604,#1605,#1606)),.UNSPECIFIED.,.F.,.F.,.F.,(4,1,4),(4,4),(0.,
0.571428571428571,1.),(0.,0.277521716013822),.UNSPECIFIED.);
#926=B_SPLINE_SURFACE_WITH_KNOTS('',3,3,((#1621,#1622,#1623,#1624),(#1625,
#1626,#1627,#1628),(#1629,#1630,#1631,#1632),(#1633,#1634,#1635,#1636),
(#1637,#1638,#1639,#1640)),.UNSPECIFIED.,.F.,.F.,.F.,(4,1,4),(4,4),(0.,
0.571428571428571,1.),(0.,0.230935321346366),.UNSPECIFIED.);
#927=B_SPLINE_SURFACE_WITH_KNOTS('',3,3,((#1649,#1650,#1651,#1652),(#1653,
#1654,#1655,#1656),(#1657,#1658,#1659,#1660),(#1661,#1662,#1663,#1664),
(#1665,#1666,#1667,#1668)),.UNSPECIFIED.,.F.,.F.,.F.,(4,1,4),(4,4),(0.,
0.571428571428571,1.),(0.,0.282507328194628),.UNSPECIFIED.);
#928=B_SPLINE_SURFACE_WITH_KNOTS('',3,3,((#1684,#1685,#1686,#1687),(#1688,
#1689,#1690,#1691),(#1692,#1693,#1694,#1695),(#1696,#1697,#1698,#1699),
(#1700,#1701,#1702,#1703)),.UNSPECIFIED.,.F.,.F.,.F.,(4,1,4),(4,4),(0.,
0.571428571428571,1.),(-6.84448980680069E-14,0.282507328194626),
 .UNSPECIFIED.);
#929=B_SPLINE_SURFACE_WITH_KNOTS('',3,3,((#1719,#1720,#1721,#1722),(#1723,
#1724,#1725,#1726),(#1727,#1728,#1729,#1730),(#1731,#1732,#1733,#1734)),
 .UNSPECIFIED.,.F.,.F.,.F.,(4,4),(4,4),(0.569904445102914,1.),(0.,0.2),
 .UNSPECIFIED.);
#930=B_SPLINE_SURFACE_WITH_KNOTS('',3,3,((#1815,#1816,#1817,#1818,#1819,
#1820,#1821,#1822,#1823,#1824),(#1825,#1826,#1827,#1828,#1829,#1830,#1831,
#1832,#1833,#1834),(#1835,#1836,#1837,#1838,#1839,#1840,#1841,#1842,#1843,
#1844),(#1845,#1846,#1847,#1848,#1849,#1850,#1851,#1852,#1853,#1854),(#1855,
#1856,#1857,#1858,#1859,#1860,#1861,#1862,#1863,#1864)),.UNSPECIFIED.,.F.,
 .F.,.F.,(4,1,4),(4,1,1,1,1,1,1,4),(0.,0.571428571428571,1.),(0.322806829028767,
0.519172185420992,0.715537541813216,0.911902898205441,1.10826825459767,
1.30463361098989,1.50099896738212,1.69736432377434),.UNSPECIFIED.);
#931=B_SPLINE_SURFACE_WITH_KNOTS('',3,3,((#1909,#1910,#1911,#1912,#1913,
#1914,#1915,#1916,#1917),(#1918,#1919,#1920,#1921,#1922,#1923,#1924,#1925,
#1926),(#1927,#1928,#1929,#1930,#1931,#1932,#1933,#1934,#1935),(#1936,#1937,
#1938,#1939,#1940,#1941,#1942,#1943,#1944),(#1945,#1946,#1947,#1948,#1949,
#1950,#1951,#1952,#1953)),.UNSPECIFIED.,.F.,.F.,.F.,(4,1,4),(4,1,1,1,1,
1,4),(0.,0.571428571428571,1.),(4.31239775972908E-16,0.392821244188257,
0.589231866282385,0.785642488376513,0.982053110470642,1.17846373256477,
1.3748743546589),.UNSPECIFIED.);
#932=B_SPLINE_SURFACE_WITH_KNOTS('',3,3,((#2003,#2004,#2005,#2006,#2007,
#2008,#2009,#2010,#2011,#2012,#2013,#2014,#2015,#2016,#2017,#2018,#2019,
#2020,#2021,#2022,#2023,#2024,#2025,#2026,#2027,#2028,#2029,#2030,#2031,
#2032,#2033,#2034,#2035,#2036,#2037),(#2038,#2039,#2040,#2041,#2042,#2043,
#2044,#2045,#2046,#2047,#2048,#2049,#2050,#2051,#2052,#2053,#2054,#2055,
#2056,#2057,#2058,#2059,#2060,#2061,#2062,#2063,#2064,#2065,#2066,#2067,
#2068,#2069,#2070,#2071,#2072),(#2073,#2074,#2075,#2076,#2077,#2078,#2079,
#2080,#2081,#2082,#2083,#2084,#2085,#2086,#2087,#2088,#2089,#2090,#2091,
#2092,#2093,#2094,#2095,#2096,#2097,#2098,#2099,#2100,#2101,#2102,#2103,
#2104,#2105,#2106,#2107),(#2108,#2109,#2110,#2111,#2112,#2113,#2114,#2115,
#2116,#2117,#2118,#2119,#2120,#2121,#2122,#2123,#2124,#2125,#2126,#2127,
#2128,#2129,#2130,#2131,#2132,#2133,#2134,#2135,#2136,#2137,#2138,#2139,
#2140,#2141,#2142),(#2143,#2144,#2145,#2146,#2147,#2148,#2149,#2150,#2151,
#2152,#2153,#2154,#2155,#2156,#2157,#2158,#2159,#2160,#2161,#2162,#2163,
#2164,#2165,#2166,#2167,#2168,#2169,#2170,#2171,#2172,#2173,#2174,#2175,
#2176,#2177)),.UNSPECIFIED.,.F.,.F.,.F.,(4,1,4),(4,1,1,1,1,1,1,1,1,1,1,
1,1,1,1,1,1,1,1,1,1,1,1,1,1,1,1,1,1,1,1,1,4),(0.,0.571428571428571,1.),
(0.253357438293171,0.561290762460971,0.612612983155604,0.663935203850237,
0.869224086628771,0.894885196976087,0.920546307323404,0.971868528018037,
1.01036019353901,1.02319074871267,1.04885185905999,1.0745129694073,1.10017407975462,
1.11300463492828,1.12583519010194,1.1386657452756,1.15149630044925,1.17715741079657,
1.18036504958998,1.1835726883834,1.18998796597023,1.19640324355706,1.20281852114389,
1.21564907631755,1.22206435390437,1.22527199269779,1.2284796314912,1.27980185218584,
1.3824462935751,1.48509073496437,1.58773517635364,1.63905739704827,1.6903796177429),
 .UNSPECIFIED.);
#933=B_SPLINE_SURFACE_WITH_KNOTS('',3,3,((#2215,#2216,#2217,#2218),(#2219,
#2220,#2221,#2222),(#2223,#2224,#2225,#2226),(#2227,#2228,#2229,#2230),
(#2231,#2232,#2233,#2234)),.UNSPECIFIED.,.F.,.F.,.F.,(4,1,4),(4,4),(0.,
0.571428571428571,1.),(0.,0.277521716013823),.UNSPECIFIED.);
#934=B_SPLINE_SURFACE_WITH_KNOTS('',3,3,((#2243,#2244,#2245,#2246),(#2247,
#2248,#2249,#2250),(#2251,#2252,#2253,#2254),(#2255,#2256,#2257,#2258),
(#2259,#2260,#2261,#2262)),.UNSPECIFIED.,.F.,.F.,.F.,(4,1,4),(4,4),(0.,
0.571428571428571,1.),(0.,0.230935338731969),.UNSPECIFIED.);
#935=B_SPLINE_SURFACE_WITH_KNOTS('',3,3,((#2269,#2270,#2271,#2272),(#2273,
#2274,#2275,#2276),(#2277,#2278,#2279,#2280),(#2281,#2282,#2283,#2284),
(#2285,#2286,#2287,#2288)),.UNSPECIFIED.,.F.,.F.,.F.,(4,1,4),(4,4),(0.,
0.571428571428571,1.),(0.,0.358234603109596),.UNSPECIFIED.);
#936=B_SPLINE_SURFACE_WITH_KNOTS('',3,3,((#2295,#2296,#2297,#2298),(#2299,
#2300,#2301,#2302),(#2303,#2304,#2305,#2306),(#2307,#2308,#2309,#2310),
(#2311,#2312,#2313,#2314)),.UNSPECIFIED.,.F.,.F.,.F.,(4,1,4),(4,4),(0.,
0.571428571428571,1.),(0.,0.247095545763237),.UNSPECIFIED.);
#937=B_SPLINE_SURFACE_WITH_KNOTS('',3,3,((#2321,#2322,#2323,#2324,#2325,
#2326),(#2327,#2328,#2329,#2330,#2331,#2332),(#2333,#2334,#2335,#2336,#2337,
#2338),(#2339,#2340,#2341,#2342,#2343,#2344)),.UNSPECIFIED.,.F.,.F.,.F.,
(4,4),(4,1,1,4),(0.,1.),(0.,0.235876557462768,0.432440355348409,0.550378634079793),
 .UNSPECIFIED.);
#938=B_SPLINE_SURFACE_WITH_KNOTS('',3,3,((#2353,#2354,#2355,#2356),(#2357,
#2358,#2359,#2360),(#2361,#2362,#2363,#2364),(#2365,#2366,#2367,#2368)),
 .UNSPECIFIED.,.F.,.F.,.F.,(4,4),(4,4),(0.,1.),(0.,0.200225185455006),
 .UNSPECIFIED.);
#939=B_SPLINE_SURFACE_WITH_KNOTS('',3,3,((#2375,#2376,#2377,#2378,#2379,
#2380),(#2381,#2382,#2383,#2384,#2385,#2386),(#2387,#2388,#2389,#2390,#2391,
#2392),(#2393,#2394,#2395,#2396,#2397,#2398)),.UNSPECIFIED.,.F.,.F.,.F.,
(4,4),(4,1,1,4),(0.,1.),(0.,0.235876521506703,0.432440289428956,0.550378550182307),
 .UNSPECIFIED.);
#940=B_SPLINE_SURFACE_WITH_KNOTS('',3,3,((#2407,#2408,#2409,#2410),(#2411,
#2412,#2413,#2414),(#2415,#2416,#2417,#2418),(#2419,#2420,#2421,#2422),
(#2423,#2424,#2425,#2426)),.UNSPECIFIED.,.F.,.F.,.F.,(4,1,4),(4,4),(0.,
0.571428571428571,1.),(0.,0.247095540380289),.UNSPECIFIED.);
#941=B_SPLINE_SURFACE_WITH_KNOTS('',3,3,((#2438,#2439,#2440,#2441),(#2442,
#2443,#2444,#2445),(#2446,#2447,#2448,#2449),(#2450,#2451,#2452,#2453),
(#2454,#2455,#2456,#2457)),.UNSPECIFIED.,.F.,.F.,.F.,(4,1,4),(4,4),(0.,
0.571428571428571,1.),(7.76213936433254E-15,0.358234610755487),
 .UNSPECIFIED.);
#942=B_SPLINE_SURFACE_WITH_KNOTS('',3,3,((#2469,#2470,#2471,#2472),(#2473,
#2474,#2475,#2476),(#2477,#2478,#2479,#2480),(#2481,#2482,#2483,#2484),
(#2485,#2486,#2487,#2488)),.UNSPECIFIED.,.F.,.F.,.F.,(4,1,4),(4,4),(0.,
0.571428571428571,1.),(0.,0.230935321346365),.UNSPECIFIED.);
#943=B_SPLINE_SURFACE_WITH_KNOTS('',3,3,((#2500,#2501,#2502,#2503),(#2504,
#2505,#2506,#2507),(#2508,#2509,#2510,#2511),(#2512,#2513,#2514,#2515),
(#2516,#2517,#2518,#2519)),.UNSPECIFIED.,.F.,.F.,.F.,(4,1,4),(4,4),(0.,
0.571428571428571,1.),(0.,0.277520110564073),.UNSPECIFIED.);
#944=B_SPLINE_SURFACE_WITH_KNOTS('',3,3,((#2531,#2532,#2533,#2534),(#2535,
#2536,#2537,#2538),(#2539,#2540,#2541,#2542),(#2543,#2544,#2545,#2546),
(#2547,#2548,#2549,#2550)),.UNSPECIFIED.,.F.,.F.,.F.,(4,1,4),(4,4),(0.,
0.571428571428571,1.),(2.00595624777291E-16,0.282507327804525),
 .UNSPECIFIED.);
#945=B_SPLINE_SURFACE_WITH_KNOTS('',3,3,((#2566,#2567,#2568,#2569),(#2570,
#2571,#2572,#2573),(#2574,#2575,#2576,#2577),(#2578,#2579,#2580,#2581),
(#2582,#2583,#2584,#2585)),.UNSPECIFIED.,.F.,.F.,.F.,(4,1,4),(4,4),(0.,
0.571428571428571,1.),(-2.70237589886654E-15,0.282507328194626),
 .UNSPECIFIED.);
#946=B_SPLINE_SURFACE_WITH_KNOTS('',3,3,((#2601,#2602,#2603,#2604),(#2605,
#2606,#2607,#2608),(#2609,#2610,#2611,#2612),(#2613,#2614,#2615,#2616)),
 .UNSPECIFIED.,.F.,.F.,.F.,(4,4),(4,4),(0.569904445102914,1.),(0.,0.2),
 .UNSPECIFIED.);
#947=B_SPLINE_SURFACE_WITH_KNOTS('',3,3,((#2638,#2639,#2640,#2641,#2642,
#2643,#2644,#2645,#2646,#2647),(#2648,#2649,#2650,#2651,#2652,#2653,#2654,
#2655,#2656,#2657),(#2658,#2659,#2660,#2661,#2662,#2663,#2664,#2665,#2666,
#2667),(#2668,#2669,#2670,#2671,#2672,#2673,#2674,#2675,#2676,#2677),(#2678,
#2679,#2680,#2681,#2682,#2683,#2684,#2685,#2686,#2687)),.UNSPECIFIED.,.F.,
 .F.,.F.,(4,1,4),(4,1,1,1,1,1,1,4),(0.,0.571428571428571,1.),(0.322489975340632,
0.518900596545447,0.715311217750263,0.911721838955079,1.10813246015989,
1.30454308136471,1.50095370256953,1.69736432377434),.UNSPECIFIED.);
#948=B_SPLINE_SURFACE_WITH_KNOTS('',3,3,((#2732,#2733,#2734,#2735,#2736,
#2737,#2738,#2739,#2740),(#2741,#2742,#2743,#2744,#2745,#2746,#2747,#2748,
#2749),(#2750,#2751,#2752,#2753,#2754,#2755,#2756,#2757,#2758),(#2759,#2760,
#2761,#2762,#2763,#2764,#2765,#2766,#2767),(#2768,#2769,#2770,#2771,#2772,
#2773,#2774,#2775,#2776)),.UNSPECIFIED.,.F.,.F.,.F.,(4,1,4),(4,1,1,1,1,
1,4),(0.,0.571428571428571,1.),(5.13977355086169E-18,0.392730704134614,
0.589096056201921,0.785461408269228,0.981826760336534,1.17819211240384,
1.37455746447115),.UNSPECIFIED.);
#949=B_SPLINE_SURFACE_WITH_KNOTS('',3,3,((#2829,#2830,#2831,#2832,#2833,
#2834,#2835,#2836,#2837,#2838,#2839,#2840,#2841,#2842,#2843,#2844,#2845,
#2846,#2847,#2848,#2849,#2850,#2851,#2852,#2853,#2854,#2855,#2856,#2857,
#2858,#2859,#2860,#2861,#2862,#2863,#2864,#2865,#2866),(#2867,#2868,#2869,
#2870,#2871,#2872,#2873,#2874,#2875,#2876,#2877,#2878,#2879,#2880,#2881,
#2882,#2883,#2884,#2885,#2886,#2887,#2888,#2889,#2890,#2891,#2892,#2893,
#2894,#2895,#2896,#2897,#2898,#2899,#2900,#2901,#2902,#2903,#2904),(#2905,
#2906,#2907,#2908,#2909,#2910,#2911,#2912,#2913,#2914,#2915,#2916,#2917,
#2918,#2919,#2920,#2921,#2922,#2923,#2924,#2925,#2926,#2927,#2928,#2929,
#2930,#2931,#2932,#2933,#2934,#2935,#2936,#2937,#2938,#2939,#2940,#2941,
#2942),(#2943,#2944,#2945,#2946,#2947,#2948,#2949,#2950,#2951,#2952,#2953,
#2954,#2955,#2956,#2957,#2958,#2959,#2960,#2961,#2962,#2963,#2964,#2965,
#2966,#2967,#2968,#2969,#2970,#2971,#2972,#2973,#2974,#2975,#2976,#2977,
#2978,#2979,#2980),(#2981,#2982,#2983,#2984,#2985,#2986,#2987,#2988,#2989,
#2990,#2991,#2992,#2993,#2994,#2995,#2996,#2997,#2998,#2999,#3000,#3001,
#3002,#3003,#3004,#3005,#3006,#3007,#3008,#3009,#3010,#3011,#3012,#3013,
#3014,#3015,#3016,#3017,#3018)),.UNSPECIFIED.,.F.,.F.,.F.,(4,1,4),(4,1,
1,1,1,1,1,1,1,1,1,1,1,1,1,1,1,1,1,1,1,1,1,1,1,1,1,1,1,1,1,1,1,1,1,4),(0.,
0.571428571428571,1.),(0.253357438139892,0.30467965884,0.407324100240215,
0.458646320940322,0.50996854164043,0.561290762340537,0.612612983040645,
0.869224086541183,0.894885196891236,0.92054630724129,0.971868527941398,
1.01036019346648,1.02319074864151,1.04885185899156,1.07451296934161,1.10017407969167,
1.11300463486669,1.12583519004172,1.13866574521675,1.15149630039177,1.17715741074183,
1.18036504953558,1.18998796591685,1.19640324350437,1.20281852109188,1.20923379867939,
1.21564907626691,1.22206435385442,1.22847963144194,1.25414074179199,1.26697129696702,
1.27980185214204,1.38244629354226,1.48509073494247,1.58773517634269,1.6903796177429),
 .UNSPECIFIED.);
#950=B_SPLINE_SURFACE_WITH_KNOTS('',3,3,((#3126,#3127,#3128,#3129,#3130,
#3131,#3132,#3133,#3134,#3135,#3136,#3137,#3138,#3139,#3140,#3141,#3142,
#3143,#3144,#3145,#3146,#3147,#3148,#3149,#3150,#3151,#3152,#3153,#3154,
#3155,#3156,#3157,#3158,#3159,#3160),(#3161,#3162,#3163,#3164,#3165,#3166,
#3167,#3168,#3169,#3170,#3171,#3172,#3173,#3174,#3175,#3176,#3177,#3178,
#3179,#3180,#3181,#3182,#3183,#3184,#3185,#3186,#3187,#3188,#3189,#3190,
#3191,#3192,#3193,#3194,#3195),(#3196,#3197,#3198,#3199,#3200,#3201,#3202,
#3203,#3204,#3205,#3206,#3207,#3208,#3209,#3210,#3211,#3212,#3213,#3214,
#3215,#3216,#3217,#3218,#3219,#3220,#3221,#3222,#3223,#3224,#3225,#3226,
#3227,#3228,#3229,#3230),(#3231,#3232,#3233,#3234,#3235,#3236,#3237,#3238,
#3239,#3240,#3241,#3242,#3243,#3244,#3245,#3246,#3247,#3248,#3249,#3250,
#3251,#3252,#3253,#3254,#3255,#3256,#3257,#3258,#3259,#3260,#3261,#3262,
#3263,#3264,#3265),(#3266,#3267,#3268,#3269,#3270,#3271,#3272,#3273,#3274,
#3275,#3276,#3277,#3278,#3279,#3280,#3281,#3282,#3283,#3284,#3285,#3286,
#3287,#3288,#3289,#3290,#3291,#3292,#3293,#3294,#3295,#3296,#3297,#3298,
#3299,#3300)),.UNSPECIFIED.,.F.,.F.,.F.,(4,1,4),(4,1,1,1,1,1,1,1,1,1,1,
1,1,1,1,1,1,1,1,1,1,1,1,1,1,1,1,1,1,1,1,1,4),(0.,0.571428571428571,1.),
(1.90487787006105E-16,0.0513222207001077,0.102644441400215,0.20528888280043,
0.256611103500538,0.275856936263078,0.282272213850591,0.307933324200645,
0.333594434550699,0.359255544900753,0.384916655250806,0.41057776560086,
0.461899986300968,0.513222207001075,0.516429845794832,0.519637484588589,
0.538883317351129,0.551713872526156,0.564544427701183,0.57737498287621,
0.580582621669966,0.583790260463723,0.590205538051237,0.603036093226264,
0.609451370813777,0.61586664840129,0.667188869101398,0.718511089801505,
0.82115553120172,0.923799972601935,1.02644441400215,1.12908885540237,1.43702217960301),
 .UNSPECIFIED.);
#951=B_SPLINE_SURFACE_WITH_KNOTS('',3,3,((#3350,#3351,#3352,#3353,#3354,
#3355,#3356,#3357,#3358,#3359,#3360,#3361,#3362,#3363,#3364,#3365,#3366,
#3367,#3368,#3369,#3370,#3371,#3372,#3373,#3374,#3375,#3376,#3377,#3378,
#3379,#3380,#3381,#3382,#3383,#3384),(#3385,#3386,#3387,#3388,#3389,#3390,
#3391,#3392,#3393,#3394,#3395,#3396,#3397,#3398,#3399,#3400,#3401,#3402,
#3403,#3404,#3405,#3406,#3407,#3408,#3409,#3410,#3411,#3412,#3413,#3414,
#3415,#3416,#3417,#3418,#3419),(#3420,#3421,#3422,#3423,#3424,#3425,#3426,
#3427,#3428,#3429,#3430,#3431,#3432,#3433,#3434,#3435,#3436,#3437,#3438,
#3439,#3440,#3441,#3442,#3443,#3444,#3445,#3446,#3447,#3448,#3449,#3450,
#3451,#3452,#3453,#3454),(#3455,#3456,#3457,#3458,#3459,#3460,#3461,#3462,
#3463,#3464,#3465,#3466,#3467,#3468,#3469,#3470,#3471,#3472,#3473,#3474,
#3475,#3476,#3477,#3478,#3479,#3480,#3481,#3482,#3483,#3484,#3485,#3486,
#3487,#3488,#3489),(#3490,#3491,#3492,#3493,#3494,#3495,#3496,#3497,#3498,
#3499,#3500,#3501,#3502,#3503,#3504,#3505,#3506,#3507,#3508,#3509,#3510,
#3511,#3512,#3513,#3514,#3515,#3516,#3517,#3518,#3519,#3520,#3521,#3522,
#3523,#3524)),.UNSPECIFIED.,.F.,.F.,.F.,(4,1,4),(4,1,1,1,1,1,1,1,1,1,1,
1,1,1,1,1,1,1,1,1,1,1,1,1,1,1,1,1,1,1,1,1,4),(0.,0.571428571428571,1.),
(2.19786411595547E-16,0.0513222206946335,0.102644441389267,0.205288882778533,
0.256611103473167,0.275856936233654,0.282272213820483,0.3079333241678,0.333594434515117,
0.359255544862433,0.38491665520975,0.410577765557067,0.4618999862517,0.513222206946333,
0.516429845739748,0.519637484533162,0.53888331729365,0.551713872467308,
0.564544427640967,0.577374982814625,0.580582621608039,0.583790260401454,
0.590205537988283,0.603036093161942,0.609451370748771,0.6158666483356,0.667188869030233,
0.718511089724867,0.821155531114133,0.9237999725034,1.02644441389267,1.12908885528193,
1.43702217944973),.UNSPECIFIED.);
#952=ADVANCED_FACE('',(#95),#916,.T.);
#953=ADVANCED_FACE('',(#96),#917,.T.);
#954=ADVANCED_FACE('',(#97),#918,.T.);
#955=ADVANCED_FACE('',(#98),#919,.T.);
#956=ADVANCED_FACE('',(#99),#920,.T.);
#957=ADVANCED_FACE('',(#100),#921,.T.);
#958=ADVANCED_FACE('',(#101),#922,.T.);
#959=ADVANCED_FACE('',(#102),#923,.T.);
#960=ADVANCED_FACE('',(#103),#924,.T.);
#961=ADVANCED_FACE('',(#104),#925,.T.);
#962=ADVANCED_FACE('',(#105),#926,.T.);
#963=ADVANCED_FACE('',(#106),#927,.T.);
#964=ADVANCED_FACE('',(#107),#928,.T.);
#965=ADVANCED_FACE('',(#108),#929,.T.);
#966=ADVANCED_FACE('',(#109),#91,.T.);
#967=ADVANCED_FACE('',(#110),#39,.T.);
#968=ADVANCED_FACE('',(#111),#25,.F.);
#969=ADVANCED_FACE('',(#112),#930,.F.);
#970=ADVANCED_FACE('',(#113),#17,.T.);
#971=ADVANCED_FACE('',(#114),#931,.F.);
#972=ADVANCED_FACE('',(#115),#26,.F.);
#973=ADVANCED_FACE('',(#116),#932,.F.);
#974=ADVANCED_FACE('',(#117),#933,.T.);
#975=ADVANCED_FACE('',(#118),#934,.T.);
#976=ADVANCED_FACE('',(#119),#935,.T.);
#977=ADVANCED_FACE('',(#120),#936,.T.);
#978=ADVANCED_FACE('',(#121),#937,.T.);
#979=ADVANCED_FACE('',(#122),#938,.T.);
#980=ADVANCED_FACE('',(#123),#939,.T.);
#981=ADVANCED_FACE('',(#124),#940,.T.);
#982=ADVANCED_FACE('',(#125),#941,.T.);
#983=ADVANCED_FACE('',(#126),#942,.T.);
#984=ADVANCED_FACE('',(#127),#943,.T.);
#985=ADVANCED_FACE('',(#128),#944,.T.);
#986=ADVANCED_FACE('',(#129),#945,.T.);
#987=ADVANCED_FACE('',(#130),#946,.T.);
#988=ADVANCED_FACE('',(#131),#40,.T.);
#989=ADVANCED_FACE('',(#132),#947,.F.);
#990=ADVANCED_FACE('',(#133),#18,.T.);
#991=ADVANCED_FACE('',(#134),#948,.F.);
#992=ADVANCED_FACE('',(#135),#27,.F.);
#993=ADVANCED_FACE('',(#136),#949,.F.);
#994=ADVANCED_FACE('',(#137),#19,.F.);
#995=ADVANCED_FACE('',(#138),#92,.T.);
#996=ADVANCED_FACE('',(#139),#20,.T.);
#997=ADVANCED_FACE('',(#140),#21,.F.);
#998=ADVANCED_FACE('',(#141),#950,.F.);
#999=ADVANCED_FACE('',(#142),#22,.F.);
#1000=ADVANCED_FACE('',(#143),#951,.F.);
#1001=ADVANCED_FACE('',(#144),#23,.T.);
#1002=ADVANCED_FACE('',(#145),#93,.T.);
#1003=ADVANCED_FACE('',(#146),#24,.F.);
#1004=ADVANCED_FACE('',(#147),#41,.T.);
#1005=ADVANCED_FACE('',(#148,#15),#28,.T.);
#1006=ADVANCED_FACE('',(#149),#94,.F.);
#1007=ADVANCED_FACE('',(#150),#42,.T.);
#1008=ADVANCED_FACE('',(#151),#29,.T.);
#1009=ADVANCED_FACE('',(#152),#30,.F.);
#1010=ADVANCED_FACE('',(#153),#31,.T.);
#1011=ADVANCED_FACE('',(#154),#32,.T.);
#1012=ADVANCED_FACE('',(#155),#33,.T.);
#1013=ADVANCED_FACE('',(#156),#34,.T.);
#1014=ADVANCED_FACE('',(#157),#35,.T.);
#1015=ADVANCED_FACE('',(#158),#36,.T.);
#1016=ADVANCED_FACE('',(#159),#37,.T.);
#1017=ADVANCED_FACE('',(#160,#16),#38,.F.);
#1018=CLOSED_SHELL('',(#952,#953,#954,#955,#956,#957,#958,#959,#960,#961,
#962,#963,#964,#965,#966,#967,#968,#969,#970,#971,#972,#973,#974,#975,#976,
#977,#978,#979,#980,#981,#982,#983,#984,#985,#986,#987,#988,#989,#990,#991,
#992,#993,#994,#995,#996,#997,#998,#999,#1000,#1001,#1002,#1003,#1004,#1005,
#1006,#1007,#1008,#1009,#1010,#1011,#1012,#1013,#1014,#1015,#1016,#1017));
#1019=DERIVED_UNIT_ELEMENT(#1021,1.);
#1020=DERIVED_UNIT_ELEMENT(#3666,-3.);
#1021=(
MASS_UNIT()
NAMED_UNIT(*)
SI_UNIT(.KILO.,.GRAM.)
);
#1022=DERIVED_UNIT((#1019,#1020));
#1023=MEASURE_REPRESENTATION_ITEM('density measure',
POSITIVE_RATIO_MEASURE(7850.),#1022);
#1024=PROPERTY_DEFINITION_REPRESENTATION(#1029,#1026);
#1025=PROPERTY_DEFINITION_REPRESENTATION(#1030,#1027);
#1026=REPRESENTATION('material name',(#1028),#3663);
#1027=REPRESENTATION('density',(#1023),#3663);
#1028=DESCRIPTIVE_REPRESENTATION_ITEM('Acciaio','Acciaio');
#1029=PROPERTY_DEFINITION('material property','material name',#3673);
#1030=PROPERTY_DEFINITION('material property','density of part',#3673);
#1031=AXIS2_PLACEMENT_3D('',#1292,#1110,#1111);
#1032=AXIS2_PLACEMENT_3D('',#1315,#1112,#1113);
#1033=AXIS2_PLACEMENT_3D('',#1322,#1114,#1115);
#1034=AXIS2_PLACEMENT_3D('',#1353,#1116,#1117);
#1035=AXIS2_PLACEMENT_3D('',#1384,#1118,#1119);
#1036=AXIS2_PLACEMENT_3D('',#1411,#1120,#1121);
#1037=AXIS2_PLACEMENT_3D('',#1452,#1122,#1123);
#1038=AXIS2_PLACEMENT_3D('',#1481,#1124,#1125);
#1039=AXIS2_PLACEMENT_3D('',#1512,#1126,#1127);
#1040=AXIS2_PLACEMENT_3D('',#1551,#1128,#1129);
#1041=AXIS2_PLACEMENT_3D('',#1582,#1130,#1131);
#1042=AXIS2_PLACEMENT_3D('',#1609,#1132,#1133);
#1043=AXIS2_PLACEMENT_3D('',#1616,#1134,#1135);
#1044=AXIS2_PLACEMENT_3D('',#1679,#1136,#1137);
#1045=AXIS2_PLACEMENT_3D('',#1718,#1138,#1139);
#1046=AXIS2_PLACEMENT_3D('',#1754,#1140,#1141);
#1047=AXIS2_PLACEMENT_3D('',#1757,#1142,#1143);
#1048=AXIS2_PLACEMENT_3D('',#1772,#1145,#1146);
#1049=AXIS2_PLACEMENT_3D('',#1774,#1147,#1148);
#1050=AXIS2_PLACEMENT_3D('',#1786,#1149,#1150);
#1051=AXIS2_PLACEMENT_3D('',#1787,#1151,#1152);
#1052=AXIS2_PLACEMENT_3D('',#1789,#1153,#1154);
#1053=AXIS2_PLACEMENT_3D('',#1804,#1155,#1156);
#1054=AXIS2_PLACEMENT_3D('',#1877,#1160,#1161);
#1055=AXIS2_PLACEMENT_3D('',#1964,#1163,#1164);
#1056=AXIS2_PLACEMENT_3D('',#1965,#1165,#1166);
#1057=AXIS2_PLACEMENT_3D('',#2002,#1167,#1168);
#1058=AXIS2_PLACEMENT_3D('',#2214,#1169,#1170);
#1059=AXIS2_PLACEMENT_3D('',#2236,#1171,#1172);
#1060=AXIS2_PLACEMENT_3D('',#2242,#1173,#1174);
#1061=AXIS2_PLACEMENT_3D('',#2268,#1175,#1176);
#1062=AXIS2_PLACEMENT_3D('',#2290,#1177,#1178);
#1063=AXIS2_PLACEMENT_3D('',#2316,#1179,#1180);
#1064=AXIS2_PLACEMENT_3D('',#2352,#1181,#1182);
#1065=AXIS2_PLACEMENT_3D('',#2370,#1183,#1184);
#1066=AXIS2_PLACEMENT_3D('',#2400,#1185,#1186);
#1067=AXIS2_PLACEMENT_3D('',#2433,#1187,#1188);
#1068=AXIS2_PLACEMENT_3D('',#2460,#1189,#1190);
#1069=AXIS2_PLACEMENT_3D('',#2491,#1191,#1192);
#1070=AXIS2_PLACEMENT_3D('',#2522,#1193,#1194);
#1071=AXIS2_PLACEMENT_3D('',#2565,#1195,#1196);
#1072=AXIS2_PLACEMENT_3D('',#2596,#1197,#1198);
#1073=AXIS2_PLACEMENT_3D('',#2636,#1199,#1200);
#1074=AXIS2_PLACEMENT_3D('',#2637,#1201,#1202);
#1075=AXIS2_PLACEMENT_3D('',#2700,#1203,#1204);
#1076=AXIS2_PLACEMENT_3D('',#2787,#1206,#1207);
#1077=AXIS2_PLACEMENT_3D('',#2788,#1208,#1209);
#1078=AXIS2_PLACEMENT_3D('',#2828,#1210,#1211);
#1079=AXIS2_PLACEMENT_3D('',#3058,#1212,#1213);
#1080=AXIS2_PLACEMENT_3D('',#3068,#1214,#1215);
#1081=AXIS2_PLACEMENT_3D('',#3069,#1216,#1217);
#1082=AXIS2_PLACEMENT_3D('',#3072,#1219,#1220);
#1083=AXIS2_PLACEMENT_3D('',#3124,#1221,#1222);
#1084=AXIS2_PLACEMENT_3D('',#3125,#1223,#1224);
#1085=AXIS2_PLACEMENT_3D('',#3347,#1225,#1226);
#1086=AXIS2_PLACEMENT_3D('',#3348,#1227,#1228);
#1087=AXIS2_PLACEMENT_3D('',#3349,#1229,#1230);
#1088=AXIS2_PLACEMENT_3D('',#3602,#1232,#1233);
#1089=AXIS2_PLACEMENT_3D('',#3603,#1234,#1235);
#1090=AXIS2_PLACEMENT_3D('',#3613,#1236,#1237);
#1091=AXIS2_PLACEMENT_3D('',#3615,#1238,#1239);
#1092=AXIS2_PLACEMENT_3D('',#3617,#1240,#1241);
#1093=AXIS2_PLACEMENT_3D('',#3618,#1242,#1243);
#1094=AXIS2_PLACEMENT_3D('',#3619,#1244,#1245);
#1095=AXIS2_PLACEMENT_3D('',#3621,#1246,#1247);
#1096=AXIS2_PLACEMENT_3D('',#3622,#1248,#1249);
#1097=AXIS2_PLACEMENT_3D('',#3625,#1251,#1252);
#1098=AXIS2_PLACEMENT_3D('',#3626,#1253,#1254);
#1099=AXIS2_PLACEMENT_3D('',#3627,#1255,#1256);
#1100=AXIS2_PLACEMENT_3D('',#3628,#1257,#1258);
#1101=AXIS2_PLACEMENT_3D('',#3629,#1259,#1260);
#1102=AXIS2_PLACEMENT_3D('',#3635,#1264,#1265);
#1103=AXIS2_PLACEMENT_3D('',#3636,#1266,#1267);
#1104=AXIS2_PLACEMENT_3D('',#3642,#1271,#1272);
#1105=AXIS2_PLACEMENT_3D('',#3646,#1275,#1276);
#1106=AXIS2_PLACEMENT_3D('',#3650,#1279,#1280);
#1107=AXIS2_PLACEMENT_3D('',#3654,#1283,#1284);
#1108=AXIS2_PLACEMENT_3D('',#3658,#1287,#1288);
#1109=AXIS2_PLACEMENT_3D('',#3660,#1290,#1291);
#1110=DIRECTION('axis',(0.,0.,1.));
#1111=DIRECTION('refdir',(1.,0.,0.));
#1112=DIRECTION('center_axis',(-0.535492009677417,0.844540293634141,4.07010994369438E-17));
#1113=DIRECTION('ref_axis',(0.844454164271871,0.53543739820933,-0.0142813529722763));
#1114=DIRECTION('center_axis',(0.900145214160062,-0.435589937239988,0.));
#1115=DIRECTION('ref_axis',(0.,0.,-1.));
#1116=DIRECTION('center_axis',(0.92686676562978,1.59774331106877E-11,-0.375390461747486));
#1117=DIRECTION('ref_axis',(-0.36707516821811,0.209311811284195,-0.906335691967703));
#1118=DIRECTION('center_axis',(0.479920703839006,-2.67682908017057E-16,
-0.877311870446692));
#1119=DIRECTION('ref_axis',(-0.814685885345911,0.371042084282672,-0.445662069183949));
#1120=DIRECTION('center_axis',(0.171512339712834,0.442212869624075,-0.880358617419669));
#1121=DIRECTION('ref_axis',(-0.932331427042262,0.361604908912116,4.04121180963557E-13));
#1122=DIRECTION('center_axis',(0.0665896221292863,0.99662221802382,0.0480622176554606));
#1123=DIRECTION('ref_axis',(-0.997775303192818,0.0666666658719381,0.));
#1124=DIRECTION('center_axis',(-0.0665896221225921,0.996622218024126,-0.0480622176583767));
#1125=DIRECTION('ref_axis',(-0.997775303193265,-0.0666666658652455,0.));
#1126=DIRECTION('center_axis',(-0.171512339712986,0.4422128696241,0.880358617419627));
#1127=DIRECTION('ref_axis',(-0.932331427042262,-0.361604908912116,2.53130849614536E-13));
#1128=DIRECTION('center_axis',(-0.479920703814908,5.29354020494567E-14,
0.877311870459874));
#1129=DIRECTION('ref_axis',(-0.814685885357011,-0.371042084285955,-0.445662069160925));
#1130=DIRECTION('center_axis',(-0.926866765728611,-2.21743756261704E-16,
0.375390461503464));
#1131=DIRECTION('ref_axis',(-0.367075167984748,-0.209311811180234,-0.906335692086226));
#1132=DIRECTION('center_axis',(-0.535492009677418,-0.844540293634141,4.07010995805662E-17));
#1133=DIRECTION('ref_axis',(-3.74548540330958E-10,2.37487437123226E-10,
-1.));
#1134=DIRECTION('center_axis',(0.900145214160062,0.435589937239988,3.33120647422214E-16));
#1135=DIRECTION('ref_axis',(0.435577804210544,-0.900120141293463,-0.00746376024248688));
#1136=DIRECTION('center_axis',(-4.62658429210875E-17,-1.,0.));
#1137=DIRECTION('ref_axis',(0.,0.,-1.));
#1138=DIRECTION('center_axis',(4.31518467271624E-17,1.,-1.85037170770859E-16));
#1139=DIRECTION('ref_axis',(0.999858421938105,-4.62592926927148E-17,-0.016826647896789));
#1140=DIRECTION('center_axis',(0.,0.,-1.));
#1141=DIRECTION('ref_axis',(1.,0.,0.));
#1142=DIRECTION('center_axis',(0.,0.,-1.));
#1143=DIRECTION('ref_axis',(1.,0.,0.));
#1144=DIRECTION('',(0.,0.,1.));
#1145=DIRECTION('center_axis',(0.,0.,-1.));
#1146=DIRECTION('ref_axis',(1.,0.,0.));
#1147=DIRECTION('center_axis',(0.,0.,-1.));
#1148=DIRECTION('ref_axis',(1.,0.,0.));
#1149=DIRECTION('center_axis',(0.,0.,-1.));
#1150=DIRECTION('ref_axis',(1.,0.,0.));
#1151=DIRECTION('center_axis',(0.,0.,1.));
#1152=DIRECTION('ref_axis',(1.,0.,0.));
#1153=DIRECTION('center_axis',(0.,0.,1.));
#1154=DIRECTION('ref_axis',(1.,0.,0.));
#1155=DIRECTION('center_axis',(0.,0.,-1.));
#1156=DIRECTION('ref_axis',(1.,0.,0.));
#1157=DIRECTION('',(-0.499999999999999,-0.866025403784439,0.));
#1158=DIRECTION('',(-1.,-3.9512931911991E-16,0.));
#1159=DIRECTION('',(-0.5,0.866025403784438,0.));
#1160=DIRECTION('center_axis',(0.,0.,-1.));
#1161=DIRECTION('ref_axis',(1.,-1.38777878078145E-16,0.));
#1162=DIRECTION('',(1.22464679914735E-16,1.,0.));
#1163=DIRECTION('center_axis',(0.,0.,1.));
#1164=DIRECTION('ref_axis',(1.,-1.38777878078144E-16,0.));
#1165=DIRECTION('center_axis',(-1.22464679914735E-16,-1.,0.));
#1166=DIRECTION('ref_axis',(-1.,1.22464679914735E-16,0.));
#1167=DIRECTION('center_axis',(-1.22464679914735E-16,-1.,0.));
#1168=DIRECTION('ref_axis',(0.707106781186548,-8.65956056235493E-17,0.707106781186548));
#1169=DIRECTION('center_axis',(-1.,0.,-1.11022302462516E-15));
#1170=DIRECTION('ref_axis',(-1.11022302462516E-15,0.,1.));
#1171=DIRECTION('center_axis',(0.535492009677418,0.844540293634141,4.07010995805662E-17));
#1172=DIRECTION('ref_axis',(3.74548540330958E-10,-2.37487437123226E-10,
-1.));
#1173=DIRECTION('center_axis',(-0.900145214160062,-0.435589937239988,0.));
#1174=DIRECTION('ref_axis',(-0.435577804210543,0.900120141293463,-0.00746376024248689));
#1175=DIRECTION('center_axis',(-0.92686676562978,1.59774331106877E-11,-0.375390461747486));
#1176=DIRECTION('ref_axis',(1.91128594432636E-11,1.,-4.62888986400382E-12));
#1177=DIRECTION('center_axis',(-0.479920703839006,3.31866282218021E-16,
-0.877311870446692));
#1178=DIRECTION('ref_axis',(-7.9872627030871E-10,1.,4.36931972084646E-10));
#1179=DIRECTION('center_axis',(-0.171512339712833,0.442212869624076,-0.880358617419668));
#1180=DIRECTION('ref_axis',(0.244076290609051,0.884814739668347,0.39690003883618));
#1181=DIRECTION('center_axis',(-0.0665896221292863,0.99662221802382,0.0480622176554609));
#1182=DIRECTION('ref_axis',(0.585248149404031,-2.77555756156289E-16,0.810854243140626));
#1183=DIRECTION('center_axis',(0.0665896221225922,0.996622218024126,-0.0480622176583767));
#1184=DIRECTION('ref_axis',(0.585248149301416,1.67314773147353E-11,0.81085424321469));
#1185=DIRECTION('center_axis',(0.171512339712986,0.4422128696241,0.880358617419626));
#1186=DIRECTION('ref_axis',(0.244076290609051,-0.884814739668347,0.39690003883618));
#1187=DIRECTION('center_axis',(0.479920703814909,5.1747595762214E-14,0.877311870459874));
#1188=DIRECTION('ref_axis',(2.3906802463595E-13,-1.,-7.17944222590934E-14));
#1189=DIRECTION('center_axis',(0.926866765728611,-2.21743756481995E-16,
0.375390461503464));
#1190=DIRECTION('ref_axis',(-2.42024918624869E-10,-1.,5.97576802855807E-10));
#1191=DIRECTION('center_axis',(0.900145214160062,-0.435589937239988,0.));
#1192=DIRECTION('ref_axis',(-0.435577804210543,-0.900120141293463,-0.00746376024248689));
#1193=DIRECTION('center_axis',(0.535492009018368,-0.84454029405202,-2.37142617767993E-16));
#1194=DIRECTION('ref_axis',(-0.844454164689625,-0.535437397550295,-0.0142813529791523));
#1195=DIRECTION('center_axis',(-1.38797528763263E-16,-1.,0.));
#1196=DIRECTION('ref_axis',(-0.999858421938105,1.38777878078145E-16,-0.0168266478967904));
#1197=DIRECTION('center_axis',(4.62658429210876E-17,1.,0.));
#1198=DIRECTION('ref_axis',(0.,0.,-1.));
#1199=DIRECTION('center_axis',(0.,0.,1.));
#1200=DIRECTION('ref_axis',(1.,0.,0.));
#1201=DIRECTION('center_axis',(0.,0.,1.));
#1202=DIRECTION('ref_axis',(1.,0.,0.));
#1203=DIRECTION('center_axis',(2.22044604925031E-15,0.,-1.));
#1204=DIRECTION('ref_axis',(-1.,0.,-2.22044604925031E-15));
#1205=DIRECTION('',(0.,-1.,0.));
#1206=DIRECTION('center_axis',(0.,0.,1.));
#1207=DIRECTION('ref_axis',(-1.,0.,0.));
#1208=DIRECTION('center_axis',(0.,1.,0.));
#1209=DIRECTION('ref_axis',(1.,0.,0.));
#1210=DIRECTION('center_axis',(0.,1.,0.));
#1211=DIRECTION('ref_axis',(-0.707106781186548,0.,0.707106781186548));
#1212=DIRECTION('center_axis',(1.,0.,-1.11022302462516E-15));
#1213=DIRECTION('ref_axis',(1.11022302462516E-15,0.,1.));
#1214=DIRECTION('center_axis',(1.22464679914735E-16,1.,0.));
#1215=DIRECTION('ref_axis',(0.707106781186547,-6.93889390390723E-17,0.707106781186547));
#1216=DIRECTION('center_axis',(-1.22464679914735E-16,-1.,0.));
#1217=DIRECTION('ref_axis',(1.,-1.22464679914735E-16,0.));
#1218=DIRECTION('',(-1.22464679914735E-16,-1.,0.));
#1219=DIRECTION('center_axis',(-1.22464679914735E-16,-1.,0.));
#1220=DIRECTION('ref_axis',(0.707106781186547,-6.93889390390723E-17,0.707106781186547));
#1221=DIRECTION('center_axis',(1.,0.,0.));
#1222=DIRECTION('ref_axis',(0.,0.,1.));
#1223=DIRECTION('center_axis',(1.22464679914735E-16,1.,0.));
#1224=DIRECTION('ref_axis',(0.707106781186548,-8.65956056235493E-17,0.707106781186548));
#1225=DIRECTION('center_axis',(-1.,0.,0.));
#1226=DIRECTION('ref_axis',(0.,0.,1.));
#1227=DIRECTION('center_axis',(0.,-1.,0.));
#1228=DIRECTION('ref_axis',(-0.707106781186548,0.,0.707106781186548));
#1229=DIRECTION('center_axis',(0.,1.,0.));
#1230=DIRECTION('ref_axis',(-0.707106781186547,0.,0.707106781186547));
#1231=DIRECTION('',(0.,1.,0.));
#1232=DIRECTION('center_axis',(0.,1.,0.));
#1233=DIRECTION('ref_axis',(-1.,0.,0.));
#1234=DIRECTION('center_axis',(0.,-1.,0.));
#1235=DIRECTION('ref_axis',(-0.707106781186547,0.,0.707106781186547));
#1236=DIRECTION('center_axis',(0.,0.,1.));
#1237=DIRECTION('ref_axis',(1.,0.,0.));
#1238=DIRECTION('center_axis',(0.,0.,-1.));
#1239=DIRECTION('ref_axis',(1.,0.,0.));
#1240=DIRECTION('center_axis',(1.22464679914735E-16,-1.,0.));
#1241=DIRECTION('ref_axis',(-1.,-1.22464679914735E-16,0.));
#1242=DIRECTION('center_axis',(0.,0.,1.));
#1243=DIRECTION('ref_axis',(1.,0.,0.));
#1244=DIRECTION('center_axis',(0.,0.,-1.));
#1245=DIRECTION('ref_axis',(1.,0.,0.));
#1246=DIRECTION('center_axis',(0.,0.,1.));
#1247=DIRECTION('ref_axis',(1.,0.,0.));
#1248=DIRECTION('center_axis',(0.,0.,-1.));
#1249=DIRECTION('ref_axis',(1.,0.,0.));
#1250=DIRECTION('',(0.,0.,1.));
#1251=DIRECTION('center_axis',(0.,0.,1.));
#1252=DIRECTION('ref_axis',(1.,0.,0.));
#1253=DIRECTION('center_axis',(0.,0.,-1.));
#1254=DIRECTION('ref_axis',(-1.,0.,0.));
#1255=DIRECTION('center_axis',(-1.22464679914735E-16,-1.,0.));
#1256=DIRECTION('ref_axis',(1.,-1.22464679914735E-16,0.));
#1257=DIRECTION('center_axis',(-1.22464679914735E-16,-1.,0.));
#1258=DIRECTION('ref_axis',(-1.,1.22464679914735E-16,0.));
#1259=DIRECTION('center_axis',(0.,0.,-1.));
#1260=DIRECTION('ref_axis',(1.,0.,0.));
#1261=DIRECTION('',(0.5,0.866025403784439,0.));
#1262=DIRECTION('',(1.,3.9512931911991E-16,0.));
#1263=DIRECTION('',(0.500000000000001,-0.866025403784438,0.));
#1264=DIRECTION('center_axis',(0.,1.,0.));
#1265=DIRECTION('ref_axis',(1.,0.,0.));
#1266=DIRECTION('center_axis',(-0.866025403784439,0.499999999999999,0.));
#1267=DIRECTION('ref_axis',(-0.499999999999999,-0.866025403784439,0.));
#1268=DIRECTION('',(0.499999999999999,0.866025403784439,0.));
#1269=DIRECTION('',(0.,0.,1.));
#1270=DIRECTION('',(0.,0.,1.));
#1271=DIRECTION('center_axis',(-0.866025403784438,-0.500000000000001,0.));
#1272=DIRECTION('ref_axis',(0.500000000000001,-0.866025403784438,0.));
#1273=DIRECTION('',(-0.500000000000001,0.866025403784438,0.));
#1274=DIRECTION('',(0.,0.,1.));
#1275=DIRECTION('center_axis',(3.9512931911991E-16,-1.,0.));
#1276=DIRECTION('ref_axis',(1.,3.9512931911991E-16,0.));
#1277=DIRECTION('',(-1.,-3.9512931911991E-16,0.));
#1278=DIRECTION('',(0.,0.,1.));
#1279=DIRECTION('center_axis',(0.866025403784439,-0.5,0.));
#1280=DIRECTION('ref_axis',(0.5,0.866025403784439,0.));
#1281=DIRECTION('',(-0.5,-0.866025403784439,0.));
#1282=DIRECTION('',(0.,0.,1.));
#1283=DIRECTION('center_axis',(0.866025403784439,0.5,0.));
#1284=DIRECTION('ref_axis',(-0.5,0.866025403784439,0.));
#1285=DIRECTION('',(0.5,-0.866025403784439,0.));
#1286=DIRECTION('',(0.,0.,1.));
#1287=DIRECTION('center_axis',(-3.9512931911991E-16,1.,0.));
#1288=DIRECTION('ref_axis',(-1.,-3.9512931911991E-16,0.));
#1289=DIRECTION('',(1.,3.9512931911991E-16,0.));
#1290=DIRECTION('center_axis',(0.,0.,-1.));
#1291=DIRECTION('ref_axis',(1.,0.,0.));
#1292=CARTESIAN_POINT('',(0.,0.,0.));
#1293=CARTESIAN_POINT('Ctrl Pts',(8.3512511304768,-5.50060070646732,11.));
#1294=CARTESIAN_POINT('Ctrl Pts',(7.5185516488257,-5.09764848359667,11.));
#1295=CARTESIAN_POINT('Ctrl Pts',(6.80169257630311,-4.45850257490907,11.));
#1296=CARTESIAN_POINT('Ctrl Pts',(6.30628903505299,-3.67718699104665,11.));
#1297=CARTESIAN_POINT('Ctrl Pts',(8.7403779329702,-4.69647141187147,11.));
#1298=CARTESIAN_POINT('Ctrl Pts',(8.05629585365037,-4.36725737480153,11.0000597507534));
#1299=CARTESIAN_POINT('Ctrl Pts',(7.46519043782427,-3.84217993221618,10.9999657791468));
#1300=CARTESIAN_POINT('Ctrl Pts',(7.057454293914,-3.20090066450983,11.));
#1301=CARTESIAN_POINT('Ctrl Pts',(9.41457895282971,-3.3032371575319,11.7445902735889));
#1302=CARTESIAN_POINT('Ctrl Pts',(8.98617580111959,-3.1006659555892,11.7417389807229));
#1303=CARTESIAN_POINT('Ctrl Pts',(8.61597595125416,-2.77597173891677,11.7393753973087));
#1304=CARTESIAN_POINT('Ctrl Pts',(8.35914994309005,-2.37554321925856,11.7377312956877));
#1305=CARTESIAN_POINT('Ctrl Pts',(9.65580628124012,-2.80474165378105,13.307627739928));
#1306=CARTESIAN_POINT('Ctrl Pts',(9.32126758997484,-2.64502438159007,13.3003865961776));
#1307=CARTESIAN_POINT('Ctrl Pts',(9.03151113843929,-2.38909467731856,13.2943359124358));
#1308=CARTESIAN_POINT('Ctrl Pts',(8.83160578571688,-2.07597630627752,13.2901463342944));
#1309=CARTESIAN_POINT('Ctrl Pts',(9.65798454310842,-2.80024028258693,13.9776087192725));
#1310=CARTESIAN_POINT('Ctrl Pts',(9.32476016748717,-2.63905939343881,13.9691709979792));
#1311=CARTESIAN_POINT('Ctrl Pts',(9.03789565730736,-2.38340102996362,13.9620467441933));
#1312=CARTESIAN_POINT('Ctrl Pts',(8.83965152786861,-2.07087479641866,13.9571559410832));
#1313=CARTESIAN_POINT('',(8.83965152786861,-2.07087479641866,13.9571559410832));
#1314=CARTESIAN_POINT('',(6.30628903392935,-3.67718699175912,11.));
#1315=CARTESIAN_POINT('Origin',(6.30628903505299,-3.67718699104665,14.));
#1316=CARTESIAN_POINT('',(8.3512511304768,-5.50060070646732,11.));
#1317=CARTESIAN_POINT('Ctrl Pts',(6.30628903505299,-3.67718699104665,11.));
#1318=CARTESIAN_POINT('Ctrl Pts',(6.80169257630311,-4.45850257490907,11.));
#1319=CARTESIAN_POINT('Ctrl Pts',(7.5185516488257,-5.09764848359667,11.));
#1320=CARTESIAN_POINT('Ctrl Pts',(8.3512511304768,-5.50060070646732,11.));
#1321=CARTESIAN_POINT('',(9.65798454310842,-2.80024028258693,13.9776087192725));
#1322=CARTESIAN_POINT('Origin',(8.3512511304768,-5.50060070646732,14.));
#1323=CARTESIAN_POINT('Ctrl Pts',(9.65798454310842,-2.80024028258693,13.9776087192725));
#1324=CARTESIAN_POINT('Ctrl Pts',(9.32476016748717,-2.63905939343881,13.9691709979792));
#1325=CARTESIAN_POINT('Ctrl Pts',(9.03789565730736,-2.38340102996362,13.9620467441933));
#1326=CARTESIAN_POINT('Ctrl Pts',(8.83965152786861,-2.07087479641866,13.9571559410832));
#1327=CARTESIAN_POINT('Ctrl Pts',(9.4211191055037,-5.37206456614742,10.8126713839354));
#1328=CARTESIAN_POINT('Ctrl Pts',(9.0490064207058,-5.5241433653701,10.9282592818561));
#1329=CARTESIAN_POINT('Ctrl Pts',(8.66179159508566,-5.58405598993179,11.));
#1330=CARTESIAN_POINT('Ctrl Pts',(8.3512511304768,-5.50060070646732,11.));
#1331=CARTESIAN_POINT('Ctrl Pts',(9.48217870362897,-4.61217803766073,10.9634320398445));
#1332=CARTESIAN_POINT('Ctrl Pts',(9.17909885875294,-4.69709895999332,11.0203731619367));
#1333=CARTESIAN_POINT('Ctrl Pts',(8.92197222594011,-4.72879865509941,11.0183570603324));
#1334=CARTESIAN_POINT('Ctrl Pts',(8.7403779329702,-4.69647141187147,11.));
#1335=CARTESIAN_POINT('Ctrl Pts',(9.79224779833144,-3.40617259732388,11.7290155275185));
#1336=CARTESIAN_POINT('Ctrl Pts',(9.5777384725654,-3.36932493150045,11.8009641251311));
#1337=CARTESIAN_POINT('Ctrl Pts',(9.47313219509486,-3.3112385065421,11.7755669045382));
#1338=CARTESIAN_POINT('Ctrl Pts',(9.41457129189016,-3.30325298883903,11.7446137760019));
#1339=CARTESIAN_POINT('Ctrl Pts',(10.3035576323521,-3.00000000000302,12.9914772584104));
#1340=CARTESIAN_POINT('Ctrl Pts',(10.0588365900707,-2.96938590548969,13.2112352667781));
#1341=CARTESIAN_POINT('Ctrl Pts',(9.84319933888437,-2.89371033555614,13.3221235158105));
#1342=CARTESIAN_POINT('Ctrl Pts',(9.65580628124013,-2.80474165378105,13.307627739928));
#1343=CARTESIAN_POINT('Ctrl Pts',(10.5223446101152,-3.,13.5316784598391));
#1344=CARTESIAN_POINT('Ctrl Pts',(10.2393644398311,-3.0000000000041,13.8144289579103));
#1345=CARTESIAN_POINT('Ctrl Pts',(9.93527197546956,-2.93436442885996,13.9846300365698));
#1346=CARTESIAN_POINT('Ctrl Pts',(9.65798454310843,-2.80024028258693,13.9776087192725));
#1347=CARTESIAN_POINT('',(9.4211191055037,-5.37206456614742,10.8126713839354));
#1348=CARTESIAN_POINT('Ctrl Pts',(8.3512511304768,-5.50060070646732,11.));
#1349=CARTESIAN_POINT('Ctrl Pts',(8.66179159508566,-5.58405598993179,11.));
#1350=CARTESIAN_POINT('Ctrl Pts',(9.0490064207058,-5.5241433653701,10.9282592818561));
#1351=CARTESIAN_POINT('Ctrl Pts',(9.4211191055037,-5.37206456614742,10.8126713839354));
#1352=CARTESIAN_POINT('',(10.5223446101007,-3.,13.5316784598246));
#1353=CARTESIAN_POINT('Origin',(10.522344610158,-6.,13.5316784598385));
#1354=CARTESIAN_POINT('Ctrl Pts',(10.5223446101152,-3.,13.5316784598391));
#1355=CARTESIAN_POINT('Ctrl Pts',(10.2393644398311,-3.0000000000041,13.8144289579103));
#1356=CARTESIAN_POINT('Ctrl Pts',(9.93527197546956,-2.93436442885996,13.9846300365698));
#1357=CARTESIAN_POINT('Ctrl Pts',(9.65798454310843,-2.80024028258693,13.9776087192725));
#1358=CARTESIAN_POINT('Ctrl Pts',(10.7299609233521,-4.88687374715198,9.8913241383679));
#1359=CARTESIAN_POINT('Ctrl Pts',(10.4599227293634,-4.97647007954965,10.3103687646516));
#1360=CARTESIAN_POINT('Ctrl Pts',(9.99835271852123,-5.13615485836012,10.6333675798336));
#1361=CARTESIAN_POINT('Ctrl Pts',(9.42111910550369,-5.37206456614742,10.8126713839354));
#1362=CARTESIAN_POINT('Ctrl Pts',(10.9514380339955,-4.25506176325624,10.0124799717776));
#1363=CARTESIAN_POINT('Ctrl Pts',(10.6392701098527,-4.31930392930252,10.4796869753618));
#1364=CARTESIAN_POINT('Ctrl Pts',(10.1087290601178,-4.43471017474687,10.8211993818077));
#1365=CARTESIAN_POINT('Ctrl Pts',(9.48217870363901,-4.61217803765784,10.9634320398411));
#1366=CARTESIAN_POINT('Ctrl Pts',(11.6807210193402,-3.30933391493966,10.4114236261547));
#1367=CARTESIAN_POINT('Ctrl Pts',(11.2715474256648,-3.32648548968361,11.0636355529337));
#1368=CARTESIAN_POINT('Ctrl Pts',(10.5788834673084,-3.35651342881187,11.5344593222351));
#1369=CARTESIAN_POINT('Ctrl Pts',(9.7922694577295,-3.40624115947932,11.7290690060942));
#1370=CARTESIAN_POINT('Ctrl Pts',(12.7263393537201,-3.,10.9834139341476));
#1371=CARTESIAN_POINT('Ctrl Pts',(12.2024226956064,-2.99992412358107,11.9125578170145));
#1372=CARTESIAN_POINT('Ctrl Pts',(11.3143830792398,-3.00033144347262,12.6190120520393));
#1373=CARTESIAN_POINT('Ctrl Pts',(10.3035576323925,-3.,12.9914772584084));
#1374=CARTESIAN_POINT('Ctrl Pts',(13.1740185793899,-3.,11.2283103459197));
#1375=CARTESIAN_POINT('Ctrl Pts',(12.6009379031771,-3.,12.275921911629));
#1376=CARTESIAN_POINT('Ctrl Pts',(11.6291304365593,-3.,13.0834189495839));
#1377=CARTESIAN_POINT('Ctrl Pts',(10.522344610158,-3.,13.5316784598385));
#1378=CARTESIAN_POINT('',(10.7299609233521,-4.88687374715198,9.8913241383679));
#1379=CARTESIAN_POINT('Ctrl Pts',(9.42111910550369,-5.37206456614742,10.8126713839354));
#1380=CARTESIAN_POINT('Ctrl Pts',(9.99835271852123,-5.13615485836012,10.6333675798336));
#1381=CARTESIAN_POINT('Ctrl Pts',(10.4599227293634,-4.97647007954965,10.3103687646516));
#1382=CARTESIAN_POINT('Ctrl Pts',(10.7299609233521,-4.88687374715198,9.8913241383679));
#1383=CARTESIAN_POINT('',(13.1740185817861,-3.,11.2283103472306));
#1384=CARTESIAN_POINT('Origin',(13.1740185793899,-6.,11.2283103459197));
#1385=CARTESIAN_POINT('Ctrl Pts',(13.1740185793899,-3.,11.2283103459197));
#1386=CARTESIAN_POINT('Ctrl Pts',(12.6009379031771,-3.,12.275921911629));
#1387=CARTESIAN_POINT('Ctrl Pts',(11.6291304365593,-3.,13.0834189495839));
#1388=CARTESIAN_POINT('Ctrl Pts',(10.522344610158,-3.,13.5316784598385));
#1389=CARTESIAN_POINT('Ctrl Pts',(13.1740185794499,-3.,11.2283103458104));
#1390=CARTESIAN_POINT('Ctrl Pts',(13.3218786428277,-3.00000000000104,10.9333369456016));
#1391=CARTESIAN_POINT('Ctrl Pts',(13.3533169504313,-2.91532125315792,10.5773415973807));
#1392=CARTESIAN_POINT('Ctrl Pts',(13.2527427005206,-2.7696294793367,10.190700116507));
#1393=CARTESIAN_POINT('Ctrl Pts',(12.5771129452168,-2.99999999999995,10.9017817967969));
#1394=CARTESIAN_POINT('Ctrl Pts',(12.7029876232115,-3.0029707400378,10.678308385225));
#1395=CARTESIAN_POINT('Ctrl Pts',(12.7544865141986,-2.95919169464817,10.3918710294255));
#1396=CARTESIAN_POINT('Ctrl Pts',(12.7120190022099,-2.85279513117791,10.0435808566649));
#1397=CARTESIAN_POINT('Ctrl Pts',(11.5361774576719,-3.42136891823507,10.332353172119));
#1398=CARTESIAN_POINT('Ctrl Pts',(11.6588293899875,-3.40946057686959,10.1714436831538));
#1399=CARTESIAN_POINT('Ctrl Pts',(11.7721039114195,-3.3695444510644,9.96123615891731));
#1400=CARTESIAN_POINT('Ctrl Pts',(11.8378160024332,-3.25357313652008,9.67195299135333));
#1401=CARTESIAN_POINT('Ctrl Pts',(10.8960687563646,-4.41301475922332,9.98219101337968));
#1402=CARTESIAN_POINT('Ctrl Pts',(11.0602051586689,-4.36578545862714,9.74699394443879));
#1403=CARTESIAN_POINT('Ctrl Pts',(11.2121165240925,-4.22280263964224,9.48197707031972));
#1404=CARTESIAN_POINT('Ctrl Pts',(11.3232371610787,-3.99051639544582,9.20152831880225));
#1405=CARTESIAN_POINT('Ctrl Pts',(10.7299609233782,-4.88687374714333,9.89132413832744));
#1406=CARTESIAN_POINT('Ctrl Pts',(10.9162222011543,-4.82507386946907,9.60228433107303));
#1407=CARTESIAN_POINT('Ctrl Pts',(11.074964130384,-4.63064252011631,9.29004359072482));
#1408=CARTESIAN_POINT('Ctrl Pts',(11.187977291221,-4.33925897160539,8.99999999999939));
#1409=CARTESIAN_POINT('',(11.187977291221,-4.33925897160539,8.9999999999997));
#1410=CARTESIAN_POINT('',(13.2527427005206,-2.7696294793367,10.190700116507));
#1411=CARTESIAN_POINT('Origin',(13.9849715723478,-5.42407369834174,8.99999999999849));
#1412=CARTESIAN_POINT('Ctrl Pts',(13.2527427005206,-2.7696294793367,10.190700116507));
#1413=CARTESIAN_POINT('Ctrl Pts',(13.3533169504313,-2.91532125315792,10.5773415973807));
#1414=CARTESIAN_POINT('Ctrl Pts',(13.3218786428277,-3.00000000000104,10.9333369456016));
#1415=CARTESIAN_POINT('Ctrl Pts',(13.1740185794499,-3.,11.2283103458104));
#1416=CARTESIAN_POINT('Ctrl Pts',(10.7299609233782,-4.88687374714333,9.89132413832744));
#1417=CARTESIAN_POINT('Ctrl Pts',(10.9162222011543,-4.82507386946907,9.60228433107303));
#1418=CARTESIAN_POINT('Ctrl Pts',(11.074964130384,-4.63064252011631,9.29004359072482));
#1419=CARTESIAN_POINT('Ctrl Pts',(11.187977291221,-4.33925897160539,8.99999999999939));
#1420=CARTESIAN_POINT('Ctrl Pts',(11.9733038167299,-0.800000002384187,6.44983272817574));
#1421=CARTESIAN_POINT('Ctrl Pts',(11.9174569513829,-1.6358393574089,6.39944717063954));
#1422=CARTESIAN_POINT('Ctrl Pts',(11.7034051876172,-2.79115751017635,6.7925385887466));
#1423=CARTESIAN_POINT('Ctrl Pts',(11.367324802883,-3.85760321618827,8.00820866264354));
#1424=CARTESIAN_POINT('Ctrl Pts',(11.241918278392,-4.20018210537448,8.6539067332838));
#1425=CARTESIAN_POINT('Ctrl Pts',(11.187977291221,-4.33925897160539,8.99999999999848));
#1426=CARTESIAN_POINT('Ctrl Pts',(11.970268799696,-0.845423978544839,7.3959531264502));
#1427=CARTESIAN_POINT('Ctrl Pts',(11.9251605478884,-1.48542884831355,7.3227607802992));
#1428=CARTESIAN_POINT('Ctrl Pts',(11.7844261990023,-2.38844631959659,7.63750035696777));
#1429=CARTESIAN_POINT('Ctrl Pts',(11.5929754575004,-3.18546282550791,8.65236149631041));
#1430=CARTESIAN_POINT('Ctrl Pts',(11.5288510948529,-3.4316793515802,9.18522632225129));
#1431=CARTESIAN_POINT('Ctrl Pts',(11.5035836542223,-3.52552629389963,9.47023274387205));
#1432=CARTESIAN_POINT('Ctrl Pts',(12.4454262498047,-0.922212046123008,8.32991209385876));
#1433=CARTESIAN_POINT('Ctrl Pts',(12.3738108113122,-1.40089085761377,8.23607695479262));
#1434=CARTESIAN_POINT('Ctrl Pts',(12.288922290276,-2.08787639425369,8.47315453499347));
#1435=CARTESIAN_POINT('Ctrl Pts',(12.2699017964564,-2.67553778124691,9.28817047004));
#1436=CARTESIAN_POINT('Ctrl Pts',(12.28800738333,-2.85147152833154,9.70880113863821));
#1437=CARTESIAN_POINT('Ctrl Pts',(12.3064762284767,-2.91516937005869,9.93324141178308));
#1438=CARTESIAN_POINT('Ctrl Pts',(13.2108852780963,-1.,8.88239545759762));
#1439=CARTESIAN_POINT('Ctrl Pts',(13.0973338031325,-1.41791967626615,8.80043770606974));
#1440=CARTESIAN_POINT('Ctrl Pts',(13.0347540099663,-1.99557875092918,8.99253339074022));
#1441=CARTESIAN_POINT('Ctrl Pts',(13.1318492056293,-2.52880160234573,9.66237007687506));
#1442=CARTESIAN_POINT('Ctrl Pts',(13.2047387841274,-2.7000910464285,10.0061568030991));
#1443=CARTESIAN_POINT('Ctrl Pts',(13.2527427005206,-2.76962947933669,10.190700116507));
#1444=CARTESIAN_POINT('',(11.9733038167299,-0.800000002384187,6.44983272817574));
#1445=CARTESIAN_POINT('Ctrl Pts',(11.187977291221,-4.33925897160539,8.99999999999848));
#1446=CARTESIAN_POINT('Ctrl Pts',(11.241918278392,-4.20018210537448,8.6539067332838));
#1447=CARTESIAN_POINT('Ctrl Pts',(11.367324802883,-3.85760321618827,8.00820866264354));
#1448=CARTESIAN_POINT('Ctrl Pts',(11.7034051876172,-2.79115751017635,6.7925385887466));
#1449=CARTESIAN_POINT('Ctrl Pts',(11.9174569513829,-1.6358393574089,6.39944717063954));
#1450=CARTESIAN_POINT('Ctrl Pts',(11.9733038167299,-0.800000002384187,6.44983272817574));
#1451=CARTESIAN_POINT('',(13.2108852780963,-1.,8.88239545759762));
#1452=CARTESIAN_POINT('Origin',(14.9666297263084,-1.,6.44983272817574));
#1453=CARTESIAN_POINT('Ctrl Pts',(13.2108852780963,-1.,8.88239545759762));
#1454=CARTESIAN_POINT('Ctrl Pts',(13.0973338031325,-1.41791967626615,8.80043770606974));
#1455=CARTESIAN_POINT('Ctrl Pts',(13.0347540099663,-1.99557875092918,8.99253339074022));
#1456=CARTESIAN_POINT('Ctrl Pts',(13.1318492056293,-2.52880160234573,9.66237007687506));
#1457=CARTESIAN_POINT('Ctrl Pts',(13.2047387841274,-2.7000910464285,10.0061568030991));
#1458=CARTESIAN_POINT('Ctrl Pts',(13.2527427005206,-2.76962947933669,10.190700116507));
#1459=CARTESIAN_POINT('Ctrl Pts',(11.9733038167353,0.800000002303875,6.44983272818058));
#1460=CARTESIAN_POINT('Ctrl Pts',(12.0088582686783,0.267869684897908,6.48191028298873));
#1461=CARTESIAN_POINT('Ctrl Pts',(12.0088582686765,-0.267869684978585,6.48191028298722));
#1462=CARTESIAN_POINT('Ctrl Pts',(11.9733038167299,-0.800000002384186,6.44983272817574));
#1463=CARTESIAN_POINT('Ctrl Pts',(11.9702687997019,0.8454239784599,7.39595312645667));
#1464=CARTESIAN_POINT('Ctrl Pts',(12.009644559955,0.282828461448046,7.43893783719582));
#1465=CARTESIAN_POINT('Ctrl Pts',(12.009644559953,-0.282828461533226,7.43893783719393));
#1466=CARTESIAN_POINT('Ctrl Pts',(11.970268799696,-0.845423978544838,7.3959531264502));
#1467=CARTESIAN_POINT('Ctrl Pts',(12.445426249813,0.92221204603039,8.32991209386676));
#1468=CARTESIAN_POINT('Ctrl Pts',(12.5001870719713,0.308690204838289,8.38310913235745));
#1469=CARTESIAN_POINT('Ctrl Pts',(12.5001870719686,-0.308690204931246,8.3831091323552));
#1470=CARTESIAN_POINT('Ctrl Pts',(12.4454262498047,-0.922212046123006,8.32991209385876));
#1471=CARTESIAN_POINT('Ctrl Pts',(13.2108852781072,0.999999999899612,8.88239545760549));
#1472=CARTESIAN_POINT('Ctrl Pts',(13.2831768997505,0.33483710512453,8.93457319255836));
#1473=CARTESIAN_POINT('Ctrl Pts',(13.2831768997472,-0.334837105225373,8.93457319255615));
#1474=CARTESIAN_POINT('Ctrl Pts',(13.2108852780963,-1.,8.88239545759762));
#1475=CARTESIAN_POINT('',(11.9733038167353,0.800000002303875,6.44983272818058));
#1476=CARTESIAN_POINT('Ctrl Pts',(11.9733038167299,-0.800000002384186,6.44983272817574));
#1477=CARTESIAN_POINT('Ctrl Pts',(12.0088582686765,-0.267869684978585,6.48191028298722));
#1478=CARTESIAN_POINT('Ctrl Pts',(12.0088582686783,0.267869684897908,6.48191028298873));
#1479=CARTESIAN_POINT('Ctrl Pts',(11.9733038167353,0.800000002303875,6.44983272818058));
#1480=CARTESIAN_POINT('',(13.2108852784109,0.999999999949807,8.88239545782465));
#1481=CARTESIAN_POINT('Origin',(14.9666297263151,0.999999999899612,6.44983272818058));
#1482=CARTESIAN_POINT('Ctrl Pts',(13.2108852781072,0.999999999899612,8.88239545760549));
#1483=CARTESIAN_POINT('Ctrl Pts',(13.2831768997505,0.33483710512453,8.93457319255836));
#1484=CARTESIAN_POINT('Ctrl Pts',(13.2831768997472,-0.334837105225373,8.93457319255615));
#1485=CARTESIAN_POINT('Ctrl Pts',(13.2108852780963,-1.,8.88239545759762));
#1486=CARTESIAN_POINT('Ctrl Pts',(13.2108852780984,0.999999999992188,8.88239545759915));
#1487=CARTESIAN_POINT('Ctrl Pts',(13.1257216848666,1.31343970937783,8.82092715332827));
#1488=CARTESIAN_POINT('Ctrl Pts',(13.0359256580936,1.89171575390424,8.92857736366996));
#1489=CARTESIAN_POINT('Ctrl Pts',(13.1078414240402,2.4726193051829,9.54614419044493));
#1490=CARTESIAN_POINT('Ctrl Pts',(13.2047387914503,2.7000910570364,10.0061568312507));
#1491=CARTESIAN_POINT('Ctrl Pts',(13.2527427005206,2.76962947933669,10.190700116507));
#1492=CARTESIAN_POINT('Ctrl Pts',(12.4454262498061,0.922212046114037,8.3299120938605));
#1493=CARTESIAN_POINT('Ctrl Pts',(12.3917146791302,1.28122109996636,8.25953575029445));
#1494=CARTESIAN_POINT('Ctrl Pts',(12.3029284326578,1.96415589803631,8.39585561319686));
#1495=CARTESIAN_POINT('Ctrl Pts',(12.2643000677731,2.61886423641322,9.14593685520754));
#1496=CARTESIAN_POINT('Ctrl Pts',(12.2880073861474,2.85147153804848,9.70880117287601));
#1497=CARTESIAN_POINT('Ctrl Pts',(12.3064762284767,2.91516937005869,9.93324141178308));
#1498=CARTESIAN_POINT('Ctrl Pts',(11.9702687996968,0.845423978532856,7.39595312645156));
#1499=CARTESIAN_POINT('Ctrl Pts',(11.9364376160024,1.32542755763604,7.3410588752097));
#1500=CARTESIAN_POINT('Ctrl Pts',(11.8175890943308,2.22599092047284,7.54392877413076));
#1501=CARTESIAN_POINT('Ctrl Pts',(11.615068397406,3.10550440423124,8.47222026087856));
#1502=CARTESIAN_POINT('Ctrl Pts',(11.5288510909984,3.43167936589632,9.18522636572832));
#1503=CARTESIAN_POINT('Ctrl Pts',(11.5035836542223,3.52552629389963,9.47023274387205));
#1504=CARTESIAN_POINT('Ctrl Pts',(11.973303816731,0.800000002368563,6.44983272817668));
#1505=CARTESIAN_POINT('Ctrl Pts',(11.931418674111,1.42687942300809,6.41204356578618));
#1506=CARTESIAN_POINT('Ctrl Pts',(11.755580365139,2.58343151550772,6.6828036331792));
#1507=CARTESIAN_POINT('Ctrl Pts',(11.4104753170514,3.74523862152748,7.7899234079449));
#1508=CARTESIAN_POINT('Ctrl Pts',(11.2419182701634,4.20018212659033,8.6539067860795));
#1509=CARTESIAN_POINT('Ctrl Pts',(11.187977291221,4.33925897160539,8.99999999999848));
#1510=CARTESIAN_POINT('',(11.187977291221,4.33925897160539,8.99999999999924));
#1511=CARTESIAN_POINT('',(13.2527427005206,2.76962947933669,10.190700116507));
#1512=CARTESIAN_POINT('Origin',(13.9849715723478,5.42407369834173,8.99999999999848));
#1513=CARTESIAN_POINT('Ctrl Pts',(13.2527427005206,2.76962947933669,10.190700116507));
#1514=CARTESIAN_POINT('Ctrl Pts',(13.2047387914503,2.7000910570364,10.0061568312507));
#1515=CARTESIAN_POINT('Ctrl Pts',(13.1078414240402,2.4726193051829,9.54614419044493));
#1516=CARTESIAN_POINT('Ctrl Pts',(13.0359256580936,1.89171575390424,8.92857736366996));
#1517=CARTESIAN_POINT('Ctrl Pts',(13.1257216848666,1.31343970937783,8.82092715332827));
#1518=CARTESIAN_POINT('Ctrl Pts',(13.2108852780984,0.999999999992188,8.88239545759915));
#1519=CARTESIAN_POINT('Ctrl Pts',(11.973303816731,0.800000002368563,6.44983272817668));
#1520=CARTESIAN_POINT('Ctrl Pts',(11.931418674111,1.42687942300809,6.41204356578618));
#1521=CARTESIAN_POINT('Ctrl Pts',(11.755580365139,2.58343151550772,6.6828036331792));
#1522=CARTESIAN_POINT('Ctrl Pts',(11.4104753170514,3.74523862152748,7.7899234079449));
#1523=CARTESIAN_POINT('Ctrl Pts',(11.2419182701634,4.20018212659033,8.6539067860795));
#1524=CARTESIAN_POINT('Ctrl Pts',(11.187977291221,4.33925897160539,8.99999999999848));
#1525=CARTESIAN_POINT('Ctrl Pts',(10.7299609233818,4.88687374714214,9.89132413832185));
#1526=CARTESIAN_POINT('Ctrl Pts',(10.9162221970882,4.8250738708164,9.60228433738197));
#1527=CARTESIAN_POINT('Ctrl Pts',(11.0749641328531,4.63064251375013,9.29004358438781));
#1528=CARTESIAN_POINT('Ctrl Pts',(11.187977291221,4.33925897160539,8.99999999999939));
#1529=CARTESIAN_POINT('Ctrl Pts',(10.9514380340298,4.25506176324916,10.0124799717262));
#1530=CARTESIAN_POINT('Ctrl Pts',(11.1080804036064,4.21287271392713,9.79580240177952));
#1531=CARTESIAN_POINT('Ctrl Pts',(11.2574767053247,4.08635713812102,9.54588232390152));
#1532=CARTESIAN_POINT('Ctrl Pts',(11.3683237843647,3.87426887005929,9.26870442506987));
#1533=CARTESIAN_POINT('Ctrl Pts',(11.6809522171498,3.30959917654134,10.411550099459));
#1534=CARTESIAN_POINT('Ctrl Pts',(11.8000114995788,3.30237294195902,10.2495699995495));
#1535=CARTESIAN_POINT('Ctrl Pts',(11.902365429568,3.27144804428544,10.034876019991));
#1536=CARTESIAN_POINT('Ctrl Pts',(11.9526027776264,3.16631251753926,9.73814773966735));
#1537=CARTESIAN_POINT('Ctrl Pts',(12.7263393537777,3.,10.9834139340456));
#1538=CARTESIAN_POINT('Ctrl Pts',(12.8578122458398,3.00207924286379,10.7416427351077));
#1539=CARTESIAN_POINT('Ctrl Pts',(12.9044367992423,2.94861707254145,10.4382791196327));
#1540=CARTESIAN_POINT('Ctrl Pts',(12.8471999267876,2.8320037182176,10.0803606716255));
#1541=CARTESIAN_POINT('Ctrl Pts',(13.1740185794528,3.,11.2283103458047));
#1542=CARTESIAN_POINT('Ctrl Pts',(13.3218786395986,2.99999999999999,10.9333369520397));
#1543=CARTESIAN_POINT('Ctrl Pts',(13.353316948234,2.91532124997494,10.5773415889336));
#1544=CARTESIAN_POINT('Ctrl Pts',(13.2527427005206,2.76962947933669,10.190700116507));
#1545=CARTESIAN_POINT('',(10.7299609233818,4.88687374714214,9.89132413832185));
#1546=CARTESIAN_POINT('Ctrl Pts',(11.187977291221,4.33925897160539,8.99999999999939));
#1547=CARTESIAN_POINT('Ctrl Pts',(11.0749641328531,4.63064251375013,9.29004358438781));
#1548=CARTESIAN_POINT('Ctrl Pts',(10.9162221970882,4.8250738708164,9.60228433738197));
#1549=CARTESIAN_POINT('Ctrl Pts',(10.7299609233818,4.88687374714214,9.89132413832185));
#1550=CARTESIAN_POINT('',(13.1740185794521,3.,11.2283103458044));
#1551=CARTESIAN_POINT('Origin',(13.1740185794528,6.,11.2283103458046));
#1552=CARTESIAN_POINT('Ctrl Pts',(13.1740185794528,3.,11.2283103458047));
#1553=CARTESIAN_POINT('Ctrl Pts',(13.3218786395986,2.99999999999999,10.9333369520397));
#1554=CARTESIAN_POINT('Ctrl Pts',(13.353316948234,2.91532124997494,10.5773415889336));
#1555=CARTESIAN_POINT('Ctrl Pts',(13.2527427005206,2.76962947933669,10.190700116507));
#1556=CARTESIAN_POINT('Ctrl Pts',(9.42111910474057,5.3720645664593,10.8126713841725));
#1557=CARTESIAN_POINT('Ctrl Pts',(9.99835273018283,5.13615485356998,10.6333675763618));
#1558=CARTESIAN_POINT('Ctrl Pts',(10.4599227236436,4.97647008144694,10.3103687735557));
#1559=CARTESIAN_POINT('Ctrl Pts',(10.7299609233818,4.88687374714214,9.89132413832188));
#1560=CARTESIAN_POINT('Ctrl Pts',(9.48217870281013,4.61217803789302,10.9634320400313));
#1561=CARTESIAN_POINT('Ctrl Pts',(10.1087290727488,4.43471017113814,10.8211993791236));
#1562=CARTESIAN_POINT('Ctrl Pts',(10.6392701032402,4.31930393066284,10.4796869852906));
#1563=CARTESIAN_POINT('Ctrl Pts',(10.9514380340298,4.25506176324916,10.0124799717262));
#1564=CARTESIAN_POINT('Ctrl Pts',(9.79226945668983,3.40624115954493,11.7290690063509));
#1565=CARTESIAN_POINT('Ctrl Pts',(10.5788834831414,3.35651342779874,11.5344593185674));
#1566=CARTESIAN_POINT('Ctrl Pts',(11.2715474169973,3.32648549004692,11.0636355667944));
#1567=CARTESIAN_POINT('Ctrl Pts',(11.6807210193852,3.30933391493791,10.4114236260832));
#1568=CARTESIAN_POINT('Ctrl Pts',(10.3035576310563,3.,12.9914772589004));
#1569=CARTESIAN_POINT('Ctrl Pts',(11.3143830995868,3.00033144347989,12.619012044857));
#1570=CARTESIAN_POINT('Ctrl Pts',(12.2024226845082,2.99992412357945,11.912557836758));
#1571=CARTESIAN_POINT('Ctrl Pts',(12.7263393537777,3.,10.9834139340456));
#1572=CARTESIAN_POINT('Ctrl Pts',(10.5223446086948,3.,13.5316784604311));
#1573=CARTESIAN_POINT('Ctrl Pts',(11.6291304588382,3.,13.0834189409044));
#1574=CARTESIAN_POINT('Ctrl Pts',(12.6009378910374,3.,12.2759219338891));
#1575=CARTESIAN_POINT('Ctrl Pts',(13.1740185794528,3.,11.2283103458047));
#1576=CARTESIAN_POINT('',(9.42111910474057,5.3720645664593,10.8126713841725));
#1577=CARTESIAN_POINT('Ctrl Pts',(10.7299609233818,4.88687374714214,9.89132413832188));
#1578=CARTESIAN_POINT('Ctrl Pts',(10.4599227236436,4.97647008144694,10.3103687735557));
#1579=CARTESIAN_POINT('Ctrl Pts',(9.99835273018283,5.13615485356998,10.6333675763618));
#1580=CARTESIAN_POINT('Ctrl Pts',(9.42111910474057,5.3720645664593,10.8126713841725));
#1581=CARTESIAN_POINT('',(10.5223446094209,3.,13.5316784622239));
#1582=CARTESIAN_POINT('Origin',(10.5223446086948,6.,13.5316784604311));
#1583=CARTESIAN_POINT('Ctrl Pts',(10.5223446086948,3.,13.5316784604311));
#1584=CARTESIAN_POINT('Ctrl Pts',(11.6291304588382,3.,13.0834189409044));
#1585=CARTESIAN_POINT('Ctrl Pts',(12.6009378910374,3.,12.2759219338891));
#1586=CARTESIAN_POINT('Ctrl Pts',(13.1740185794528,3.,11.2283103458047));
#1587=CARTESIAN_POINT('Ctrl Pts',(9.65798454310842,2.80024028258693,13.9776087192725));
#1588=CARTESIAN_POINT('Ctrl Pts',(9.32476016748688,2.63905939343867,13.9691709979792));
#1589=CARTESIAN_POINT('Ctrl Pts',(9.03789565730736,2.38340102996363,13.9620467441933));
#1590=CARTESIAN_POINT('Ctrl Pts',(8.83965152786861,2.07087479641866,13.9571559410832));
#1591=CARTESIAN_POINT('Ctrl Pts',(9.65508019395069,2.80624211084575,13.0843007468132));
#1592=CARTESIAN_POINT('Ctrl Pts',(9.32105835850243,2.64753060492303,13.0774968152777));
#1593=CARTESIAN_POINT('Ctrl Pts',(9.02883783382061,2.39007932610599,13.0717435725183));
#1594=CARTESIAN_POINT('Ctrl Pts',(8.8289238716663,2.0776768095638,13.0678097986981));
#1595=CARTESIAN_POINT('Ctrl Pts',(9.32572112277684,3.48686157955033,11.5421129763962));
#1596=CARTESIAN_POINT('Ctrl Pts',(8.86336475059615,3.26759377297712,11.5400706365));
#1597=CARTESIAN_POINT('Ctrl Pts',(8.46426991027563,2.91684872439187,11.5383738247787));
#1598=CARTESIAN_POINT('Ctrl Pts',(8.18735363188079,2.48447295610835,11.5371960450912));
#1599=CARTESIAN_POINT('Ctrl Pts',(8.64309623234685,4.89750373552043,11.));
#1600=CARTESIAN_POINT('Ctrl Pts',(7.92107168823541,4.5494282707039,11.0000205575755));
#1601=CARTESIAN_POINT('Ctrl Pts',(7.29976607166737,3.99701411083213,10.9999883198865));
#1602=CARTESIAN_POINT('Ctrl Pts',(6.86966297919875,3.31997224614403,11.));
#1603=CARTESIAN_POINT('Ctrl Pts',(8.3512511304768,5.50060070646732,11.));
#1604=CARTESIAN_POINT('Ctrl Pts',(7.51855164882569,5.09764848359667,11.));
#1605=CARTESIAN_POINT('Ctrl Pts',(6.80169257630311,4.45850257490907,11.));
#1606=CARTESIAN_POINT('Ctrl Pts',(6.30628903505299,3.67718699104665,11.));
#1607=CARTESIAN_POINT('',(6.30628903392935,3.67718699175911,11.));
#1608=CARTESIAN_POINT('',(8.83965152786861,2.07087479641866,13.9571559410832));
#1609=CARTESIAN_POINT('Origin',(6.30628903505299,3.67718699104665,14.));
#1610=CARTESIAN_POINT('',(9.65798454310842,2.80024028258693,13.9776087192725));
#1611=CARTESIAN_POINT('Ctrl Pts',(8.83965152786861,2.07087479641866,13.9571559410832));
#1612=CARTESIAN_POINT('Ctrl Pts',(9.03789565730736,2.38340102996363,13.9620467441933));
#1613=CARTESIAN_POINT('Ctrl Pts',(9.32476016748688,2.63905939343867,13.9691709979792));
#1614=CARTESIAN_POINT('Ctrl Pts',(9.65798454310842,2.80024028258693,13.9776087192725));
#1615=CARTESIAN_POINT('',(8.3512511304768,5.50060070646732,11.));
#1616=CARTESIAN_POINT('Origin',(8.3512511304768,5.50060070646732,14.));
#1617=CARTESIAN_POINT('Ctrl Pts',(8.3512511304768,5.50060070646732,11.));
#1618=CARTESIAN_POINT('Ctrl Pts',(7.51855164882569,5.09764848359667,11.));
#1619=CARTESIAN_POINT('Ctrl Pts',(6.80169257630311,4.45850257490907,11.));
#1620=CARTESIAN_POINT('Ctrl Pts',(6.30628903505299,3.67718699104665,11.));
#1621=CARTESIAN_POINT('Ctrl Pts',(10.5223446093446,3.,13.5316784606091));
#1622=CARTESIAN_POINT('Ctrl Pts',(10.2393644603312,2.99999999989193,13.8144289371923));
#1623=CARTESIAN_POINT('Ctrl Pts',(9.93527195459435,2.93436441876261,13.9846300360412));
#1624=CARTESIAN_POINT('Ctrl Pts',(9.65798454310843,2.80024028258693,13.9776087192725));
#1625=CARTESIAN_POINT('Ctrl Pts',(10.2306286391321,2.99999999989409,12.8114101918072));
#1626=CARTESIAN_POINT('Ctrl Pts',(9.99906175575272,2.95804651972624,13.0089097839573));
#1627=CARTESIAN_POINT('Ctrl Pts',(9.81073565184623,2.87950754000427,13.1016470957761));
#1628=CARTESIAN_POINT('Ctrl Pts',(9.65508019395069,2.80624211084575,13.0843007468132));
#1629=CARTESIAN_POINT('Ctrl Pts',(9.72303286544701,3.55526312197308,11.5581187496367));
#1630=CARTESIAN_POINT('Ctrl Pts',(9.5002185250418,3.53379186620408,11.6128926788001));
#1631=CARTESIAN_POINT('Ctrl Pts',(9.38718469084568,3.49007933694632,11.57407613393));
#1632=CARTESIAN_POINT('Ctrl Pts',(9.32571094282681,3.48688261638455,11.5421307388262));
#1633=CARTESIAN_POINT('Ctrl Pts',(9.46691380322491,4.80214967006085,10.9257418760656));
#1634=CARTESIAN_POINT('Ctrl Pts',(9.14623905287715,4.90478509985499,10.9982060998084));
#1635=CARTESIAN_POINT('Ctrl Pts',(8.85827056776633,4.94307544197552,11.0135180383631));
#1636=CARTESIAN_POINT('Ctrl Pts',(8.64309623234685,4.89750373552043,11.));
#1637=CARTESIAN_POINT('Ctrl Pts',(9.42111910449042,5.37206456656153,10.8126713842502));
#1638=CARTESIAN_POINT('Ctrl Pts',(9.04900644768843,5.5241433541707,10.9282592733902));
#1639=CARTESIAN_POINT('Ctrl Pts',(8.66179157170719,5.58405598364903,11.));
#1640=CARTESIAN_POINT('Ctrl Pts',(8.3512511304768,5.50060070646732,11.));
#1641=CARTESIAN_POINT('Ctrl Pts',(9.65798454310843,2.80024028258693,13.9776087192725));
#1642=CARTESIAN_POINT('Ctrl Pts',(9.9352719543431,2.93436441864108,13.9846300360348));
#1643=CARTESIAN_POINT('Ctrl Pts',(10.2393644597801,2.99999999977298,13.8144289375007));
#1644=CARTESIAN_POINT('Ctrl Pts',(10.5223446085754,3.,13.5316784613777));
#1645=CARTESIAN_POINT('Ctrl Pts',(9.42111910449042,5.37206456656153,10.8126713842502));
#1646=CARTESIAN_POINT('Ctrl Pts',(9.04900644768843,5.5241433541707,10.9282592733902));
#1647=CARTESIAN_POINT('Ctrl Pts',(8.66179157170719,5.58405598364903,11.));
#1648=CARTESIAN_POINT('Ctrl Pts',(8.3512511304768,5.50060070646732,11.));
#1649=CARTESIAN_POINT('Ctrl Pts',(8.83965152786861,2.07087479641866,13.9571559410832));
#1650=CARTESIAN_POINT('Ctrl Pts',(8.63786011233922,1.75275636720894,13.9521776242702));
#1651=CARTESIAN_POINT('Ctrl Pts',(8.52862831105508,1.37667643759283,13.9495200563096));
#1652=CARTESIAN_POINT('Ctrl Pts',(8.52862831105509,0.99999999999999,13.9495200563096));
#1653=CARTESIAN_POINT('Ctrl Pts',(8.8289238716663,2.0776768095638,13.0678097986981));
#1654=CARTESIAN_POINT('Ctrl Pts',(8.62543274422958,1.75968431109002,13.0638056358015));
#1655=CARTESIAN_POINT('Ctrl Pts',(8.51368654690286,1.37791385369219,13.0616635552494));
#1656=CARTESIAN_POINT('Ctrl Pts',(8.51368654690286,0.99999999999999,13.0616635552494));
#1657=CARTESIAN_POINT('Ctrl Pts',(8.18740541445701,2.48444012267693,11.5371490479124));
#1658=CARTESIAN_POINT('Ctrl Pts',(7.90553412798502,2.04432762820082,11.5359501935958));
#1659=CARTESIAN_POINT('Ctrl Pts',(7.75277753030302,1.52326869959537,11.5353199969198));
#1660=CARTESIAN_POINT('Ctrl Pts',(7.75277753030302,0.999999999999986,11.5353199969198));
#1661=CARTESIAN_POINT('Ctrl Pts',(6.86966297919875,3.31997224614403,11.));
#1662=CARTESIAN_POINT('Ctrl Pts',(6.4318638267168,2.63081571659206,11.0000118891118));
#1663=CARTESIAN_POINT('Ctrl Pts',(6.19503971013722,1.81664605687028,11.));
#1664=CARTESIAN_POINT('Ctrl Pts',(6.19503971013723,0.99999999999998,11.));
#1665=CARTESIAN_POINT('Ctrl Pts',(6.30628903505299,3.67718699104665,11.));
#1666=CARTESIAN_POINT('Ctrl Pts',(5.80202097864119,2.88189091802236,11.));
#1667=CARTESIAN_POINT('Ctrl Pts',(5.52905304524077,1.94169109398207,11.));
#1668=CARTESIAN_POINT('Ctrl Pts',(5.52905304524077,0.999999999999977,11.));
#1669=CARTESIAN_POINT('',(7.85196366097891,1.,12.1015568822609));
#1670=CARTESIAN_POINT('Ctrl Pts',(6.30628903203362,3.67718698930341,11.));
#1671=CARTESIAN_POINT('Ctrl Pts',(6.49769092883154,3.34566917938436,10.9999999998172));
#1672=CARTESIAN_POINT('Ctrl Pts',(6.742875497116,2.92099704988384,11.054794678801));
#1673=CARTESIAN_POINT('Ctrl Pts',(7.35893954610002,1.85394281632692,11.4956319419571));
#1674=CARTESIAN_POINT('Ctrl Pts',(7.62379116562744,1.39520635483914,11.8223025327222));
#1675=CARTESIAN_POINT('Ctrl Pts',(7.84769012744372,1.00740197721143,12.0963274575219));
#1676=CARTESIAN_POINT('Ctrl Pts',(7.84982876638635,1.00369774590312,12.0989446526575));
#1677=CARTESIAN_POINT('Ctrl Pts',(7.85196366097892,0.999999999999987,12.1015568822609));
#1678=CARTESIAN_POINT('',(8.52862831105509,1.,13.9495200563096));
#1679=CARTESIAN_POINT('Origin',(5.52905304524077,1.,14.));
#1680=CARTESIAN_POINT('Ctrl Pts',(8.52862831105509,0.99999999999999,13.9495200563096));
#1681=CARTESIAN_POINT('Ctrl Pts',(8.52862831105508,1.37667643759283,13.9495200563096));
#1682=CARTESIAN_POINT('Ctrl Pts',(8.63786011233922,1.75275636720894,13.9521776242702));
#1683=CARTESIAN_POINT('Ctrl Pts',(8.83965152786861,2.07087479641866,13.9571559410832));
#1684=CARTESIAN_POINT('Ctrl Pts',(8.52862831105508,-0.999999999999727,13.9495200563096));
#1685=CARTESIAN_POINT('Ctrl Pts',(8.52862831105503,-1.37667643759265,13.9495200563096));
#1686=CARTESIAN_POINT('Ctrl Pts',(8.63786011233918,-1.75275636720887,13.9521776242702));
#1687=CARTESIAN_POINT('Ctrl Pts',(8.83965152786861,-2.07087479641866,13.9571559410832));
#1688=CARTESIAN_POINT('Ctrl Pts',(8.51368654690286,-0.999999999999725,13.0616635552494));
#1689=CARTESIAN_POINT('Ctrl Pts',(8.5136865469028,-1.37791385369201,13.0616635552494));
#1690=CARTESIAN_POINT('Ctrl Pts',(8.62543274422953,-1.75968431108995,13.0638056358015));
#1691=CARTESIAN_POINT('Ctrl Pts',(8.8289238716663,-2.0776768095638,13.0678097986981));
#1692=CARTESIAN_POINT('Ctrl Pts',(7.75277753030302,-0.999999999999621,11.5353199969198));
#1693=CARTESIAN_POINT('Ctrl Pts',(7.75277753030295,-1.52326869959513,11.5353199969198));
#1694=CARTESIAN_POINT('Ctrl Pts',(7.90553412798495,-2.04432762820072,11.5359501935958));
#1695=CARTESIAN_POINT('Ctrl Pts',(8.18740541445701,-2.48444012267693,11.5371490479124));
#1696=CARTESIAN_POINT('Ctrl Pts',(6.19503971013723,-0.999999999999407,11.));
#1697=CARTESIAN_POINT('Ctrl Pts',(6.19503971013711,-1.8166460568699,11.));
#1698=CARTESIAN_POINT('Ctrl Pts',(6.4318638267167,-2.63081571659191,11.0000118891118));
#1699=CARTESIAN_POINT('Ctrl Pts',(6.86966297919875,-3.31997224614403,11.));
#1700=CARTESIAN_POINT('Ctrl Pts',(5.52905304524077,-0.999999999999316,11.));
#1701=CARTESIAN_POINT('Ctrl Pts',(5.52905304524064,-1.94169109398163,11.));
#1702=CARTESIAN_POINT('Ctrl Pts',(5.80202097864108,-2.88189091802217,11.));
#1703=CARTESIAN_POINT('Ctrl Pts',(6.30628903505299,-3.67718699104665,11.));
#1704=CARTESIAN_POINT('',(7.85196366097891,-1.,12.1015568822609));
#1705=CARTESIAN_POINT('Ctrl Pts',(7.85196366097912,-0.999999999999634,12.1015568822611));
#1706=CARTESIAN_POINT('Ctrl Pts',(7.70321290899882,-1.25764386009359,11.9195473726554));
#1707=CARTESIAN_POINT('Ctrl Pts',(7.53844333055813,-1.54303314149463,11.7161352109121));
#1708=CARTESIAN_POINT('Ctrl Pts',(7.18731486795821,-2.15120547870124,11.3712392921928));
#1709=CARTESIAN_POINT('Ctrl Pts',(7.02012489275185,-2.44078701027478,11.2390056403952));
#1710=CARTESIAN_POINT('Ctrl Pts',(6.66837548562249,-3.05003485495506,11.0518064408439));
#1711=CARTESIAN_POINT('Ctrl Pts',(6.48825363280432,-3.36201505558957,10.9999999998263));
#1712=CARTESIAN_POINT('Ctrl Pts',(6.30628903203362,-3.67718698930342,11.));
#1713=CARTESIAN_POINT('',(8.52862831105508,-1.,13.9495200563096));
#1714=CARTESIAN_POINT('Ctrl Pts',(8.83965152786861,-2.07087479641866,13.9571559410832));
#1715=CARTESIAN_POINT('Ctrl Pts',(8.63786011233918,-1.75275636720887,13.9521776242702));
#1716=CARTESIAN_POINT('Ctrl Pts',(8.52862831105503,-1.37667643759265,13.9495200563096));
#1717=CARTESIAN_POINT('Ctrl Pts',(8.52862831105508,-0.999999999999727,13.9495200563096));
#1718=CARTESIAN_POINT('Origin',(5.52905304524077,-1.,14.));
#1719=CARTESIAN_POINT('Ctrl Pts',(7.85196366097891,-1.,12.1015568822609));
#1720=CARTESIAN_POINT('Ctrl Pts',(7.85196366097891,-0.333333333333334,12.1015568822609));
#1721=CARTESIAN_POINT('Ctrl Pts',(7.85196366097891,0.333333333333332,12.1015568822609));
#1722=CARTESIAN_POINT('Ctrl Pts',(7.85196366097891,0.999999999999999,12.1015568822609));
#1723=CARTESIAN_POINT('Ctrl Pts',(8.27490838043666,-1.,12.6190666087934));
#1724=CARTESIAN_POINT('Ctrl Pts',(8.27490838043666,-0.333333333333334,12.6190666087934));
#1725=CARTESIAN_POINT('Ctrl Pts',(8.27490838043666,0.333333333333333,12.6190666087934));
#1726=CARTESIAN_POINT('Ctrl Pts',(8.27490838043666,0.999999999999999,12.6190666087934));
#1727=CARTESIAN_POINT('Ctrl Pts',(8.51738213495275,-1.,13.2812595709478));
#1728=CARTESIAN_POINT('Ctrl Pts',(8.51738213495275,-0.333333333333334,13.2812595709478));
#1729=CARTESIAN_POINT('Ctrl Pts',(8.51738213495275,0.333333333333332,13.2812595709478));
#1730=CARTESIAN_POINT('Ctrl Pts',(8.51738213495275,0.999999999999999,13.2812595709478));
#1731=CARTESIAN_POINT('Ctrl Pts',(8.52862831105508,-1.,13.9495200563096));
#1732=CARTESIAN_POINT('Ctrl Pts',(8.52862831105508,-0.333333333333334,13.9495200563096));
#1733=CARTESIAN_POINT('Ctrl Pts',(8.52862831105508,0.333333333333333,13.9495200563096));
#1734=CARTESIAN_POINT('Ctrl Pts',(8.52862831105508,0.999999999999999,13.9495200563096));
#1735=CARTESIAN_POINT('',(8.42931393016851,-1.28360863604904E-13,13.2328710673175));
#1736=CARTESIAN_POINT('Ctrl Pts',(8.42931393016897,7.59946920590811E-13,
13.2328710673195));
#1737=CARTESIAN_POINT('Ctrl Pts',(8.41947941839667,-0.0170338740564965,
13.1956900295559));
#1738=CARTESIAN_POINT('Ctrl Pts',(8.40903398632922,-0.0351258930938857,
13.1590917178767));
#1739=CARTESIAN_POINT('Ctrl Pts',(8.30702818055283,-0.21180513136559,12.8253590982954));
#1740=CARTESIAN_POINT('Ctrl Pts',(8.17040139566726,-0.448449664472639,12.543774234691));
#1741=CARTESIAN_POINT('Ctrl Pts',(7.94679679692609,-0.83574419029839,12.2221130236255));
#1742=CARTESIAN_POINT('Ctrl Pts',(7.89982406269133,-0.917103352563428,12.1601182550892));
#1743=CARTESIAN_POINT('Ctrl Pts',(7.85196366097891,-1.,12.1015568822609));
#1744=CARTESIAN_POINT('Ctrl Pts',(8.52862831105508,-1.,13.9495200563096));
#1745=CARTESIAN_POINT('Ctrl Pts',(8.52862831105508,-0.333333333333334,13.9495200563096));
#1746=CARTESIAN_POINT('Ctrl Pts',(8.52862831105508,0.333333333333333,13.9495200563096));
#1747=CARTESIAN_POINT('Ctrl Pts',(8.52862831105508,0.999999999999999,13.9495200563096));
#1748=CARTESIAN_POINT('Ctrl Pts',(7.85196366097891,1.,12.1015568822609));
#1749=CARTESIAN_POINT('Ctrl Pts',(8.01687395663662,0.714366989229643,12.3033390019612));
#1750=CARTESIAN_POINT('Ctrl Pts',(8.17536355611065,0.439854950469382,12.5509230948831));
#1751=CARTESIAN_POINT('Ctrl Pts',(8.34847293150142,0.140020717026057,12.966698033329));
#1752=CARTESIAN_POINT('Ctrl Pts',(8.39298961973171,0.0629155512264977,13.0955408582179));
#1753=CARTESIAN_POINT('Ctrl Pts',(8.42931393016848,1.08003883614316E-13,
13.2328710673177));
#1754=CARTESIAN_POINT('Origin',(0.,0.,0.));
#1755=CARTESIAN_POINT('',(-12.0000001788139,1.46957618087521E-15,-1.));
#1756=CARTESIAN_POINT('',(12.0000001788139,-1.46957618087521E-15,-1.));
#1757=CARTESIAN_POINT('Origin',(0.,0.,-1.));
#1758=CARTESIAN_POINT('',(-11.9999824310072,8.57163574210687E-16,6.47381352192681));
#1759=CARTESIAN_POINT('',(-12.0000001788139,1.46957618087521E-15,0.));
#1760=CARTESIAN_POINT('',(-11.9733038167353,0.800000002303876,6.44983272818058));
#1761=CARTESIAN_POINT('Ctrl Pts',(-11.9733038167353,0.800000002303876,6.44983272818058));
#1762=CARTESIAN_POINT('Ctrl Pts',(-11.9910810427059,0.533934843614278,6.46587150558385));
#1763=CARTESIAN_POINT('Ctrl Pts',(-11.9999696556912,0.266967421807139,6.47389089428551));
#1764=CARTESIAN_POINT('Ctrl Pts',(-11.9999696556912,4.16333634234434E-16,
6.47389089428552));
#1765=CARTESIAN_POINT('',(-11.187977291221,4.33925897160539,8.99999999999924));
#1766=CARTESIAN_POINT('Ctrl Pts',(-11.187977291221,4.33925897160539,8.99999999999848));
#1767=CARTESIAN_POINT('Ctrl Pts',(-11.2419182701645,4.20018212658765,8.65390678607286));
#1768=CARTESIAN_POINT('Ctrl Pts',(-11.4104753169093,3.74523862217462,7.78992340833626));
#1769=CARTESIAN_POINT('Ctrl Pts',(-11.755580365356,2.58343151451993,6.68280363261557));
#1770=CARTESIAN_POINT('Ctrl Pts',(-11.9314186741102,1.4268794230201,6.41204356578545));
#1771=CARTESIAN_POINT('Ctrl Pts',(-11.973303816731,0.800000002368574,6.44983272817668));
#1772=CARTESIAN_POINT('Origin',(0.,0.,9.));
#1773=CARTESIAN_POINT('',(-11.187977291221,-4.33925897160539,8.9999999999997));
#1774=CARTESIAN_POINT('Origin',(0.,0.,9.));
#1775=CARTESIAN_POINT('',(-11.9733038167299,-0.800000002384185,6.44983272817574));
#1776=CARTESIAN_POINT('Ctrl Pts',(-11.9733038167299,-0.800000002384184,
6.44983272817574));
#1777=CARTESIAN_POINT('Ctrl Pts',(-11.9314186677235,-1.42687951859501,6.41204356002707));
#1778=CARTESIAN_POINT('Ctrl Pts',(-11.755587379581,-2.58339815769071,6.6827870451146));
#1779=CARTESIAN_POINT('Ctrl Pts',(-11.4104792026287,-3.74523290212197,7.78990330192613));
#1780=CARTESIAN_POINT('Ctrl Pts',(-11.241918278387,-4.20018210538734,8.6539067333158));
#1781=CARTESIAN_POINT('Ctrl Pts',(-11.187977291221,-4.33925897160539,8.99999999999848));
#1782=CARTESIAN_POINT('Ctrl Pts',(-11.9999696556912,4.16333634234434E-16,
6.47389089428552));
#1783=CARTESIAN_POINT('Ctrl Pts',(-11.9999696556912,-0.266967421833999,
6.47389089428553));
#1784=CARTESIAN_POINT('Ctrl Pts',(-11.9910810427041,-0.533934843667999,
6.46587150558229));
#1785=CARTESIAN_POINT('Ctrl Pts',(-11.9733038167299,-0.800000002384185,
6.44983272817574));
#1786=CARTESIAN_POINT('Origin',(0.,0.,-1.));
#1787=CARTESIAN_POINT('Origin',(0.,0.,9.));
#1788=CARTESIAN_POINT('',(-8.3512511304768,-5.50060070646732,11.));
#1789=CARTESIAN_POINT('Origin',(0.,0.,11.));
#1790=CARTESIAN_POINT('',(-9.42111910550369,-5.37206456614742,10.8126713839354));
#1791=CARTESIAN_POINT('Ctrl Pts',(-9.42111910550369,-5.37206456614742,10.8126713839354));
#1792=CARTESIAN_POINT('Ctrl Pts',(-9.04900642070583,-5.5241433653701,10.9282592818561));
#1793=CARTESIAN_POINT('Ctrl Pts',(-8.66179159508599,-5.58405598993195,11.));
#1794=CARTESIAN_POINT('Ctrl Pts',(-8.3512511304768,-5.50060070646732,11.));
#1795=CARTESIAN_POINT('',(-10.7299609233521,-4.88687374715198,9.8913241383679));
#1796=CARTESIAN_POINT('Ctrl Pts',(-10.7299609233521,-4.88687374715198,9.8913241383679));
#1797=CARTESIAN_POINT('Ctrl Pts',(-10.4599227293634,-4.97647007954964,10.3103687646516));
#1798=CARTESIAN_POINT('Ctrl Pts',(-9.99835271852123,-5.13615485836012,10.6333675798336));
#1799=CARTESIAN_POINT('Ctrl Pts',(-9.4211191055037,-5.37206456614742,10.8126713839354));
#1800=CARTESIAN_POINT('Ctrl Pts',(-11.187977291221,-4.33925897160539,8.99999999999939));
#1801=CARTESIAN_POINT('Ctrl Pts',(-11.0749641303868,-4.63064252010919,9.29004359071763));
#1802=CARTESIAN_POINT('Ctrl Pts',(-10.9162222011499,-4.82507386947056,9.60228433107997));
#1803=CARTESIAN_POINT('Ctrl Pts',(-10.7299609233782,-4.88687374714333,9.89132413832744));
#1804=CARTESIAN_POINT('Origin',(0.,0.,11.));
#1805=CARTESIAN_POINT('',(4.21465696508427,-7.3,11.));
#1806=CARTESIAN_POINT('',(8.42931393016853,4.9960036108132E-15,11.));
#1807=CARTESIAN_POINT('',(-4.21465696508427,-7.3,11.));
#1808=CARTESIAN_POINT('',(4.21465696508427,-7.3,11.));
#1809=CARTESIAN_POINT('',(-6.30628903392935,-3.67718699175911,11.));
#1810=CARTESIAN_POINT('',(-4.21465696508427,-7.3,11.));
#1811=CARTESIAN_POINT('Ctrl Pts',(-8.3512511304768,-5.50060070646732,11.));
#1812=CARTESIAN_POINT('Ctrl Pts',(-7.51855164882569,-5.09764848359667,11.));
#1813=CARTESIAN_POINT('Ctrl Pts',(-6.80169257630311,-4.45850257490906,11.));
#1814=CARTESIAN_POINT('Ctrl Pts',(-6.30628903505299,-3.67718699104664,11.));
#1815=CARTESIAN_POINT('Ctrl Pts',(13.1258781199239,-1.,8.82014324683695));
#1816=CARTESIAN_POINT('Ctrl Pts',(13.5387000905784,-1.,9.12694713612336));
#1817=CARTESIAN_POINT('Ctrl Pts',(14.5113381541516,-1.,9.70944067852517));
#1818=CARTESIAN_POINT('Ctrl Pts',(16.3219855380167,-1.,10.6530794582657));
#1819=CARTESIAN_POINT('Ctrl Pts',(18.3703176492241,-1.,12.1317271400153));
#1820=CARTESIAN_POINT('Ctrl Pts',(19.8824529182376,-1.,14.3657081032276));
#1821=CARTESIAN_POINT('Ctrl Pts',(20.6098592663514,-1.,16.6512235029972));
#1822=CARTESIAN_POINT('Ctrl Pts',(20.9478196230449,-1.,18.8663091166795));
#1823=CARTESIAN_POINT('Ctrl Pts',(21.0000003129244,-1.,20.2930647531935));
#1824=CARTESIAN_POINT('Ctrl Pts',(21.0000003129244,-1.,21.000000372529));
#1825=CARTESIAN_POINT('Ctrl Pts',(13.1258781199239,-1.59839860068377,8.82014324683695));
#1826=CARTESIAN_POINT('Ctrl Pts',(13.538334385975,-1.59839860068377,9.12667534924523));
#1827=CARTESIAN_POINT('Ctrl Pts',(14.5104014135083,-1.59839860068377,9.70857455029835));
#1828=CARTESIAN_POINT('Ctrl Pts',(16.3210797297652,-1.59839860068377,10.652129801646));
#1829=CARTESIAN_POINT('Ctrl Pts',(18.3701739613003,-1.59839860068377,12.1307306014044));
#1830=CARTESIAN_POINT('Ctrl Pts',(19.8829586228251,-1.59839860068377,14.3657972296778));
#1831=CARTESIAN_POINT('Ctrl Pts',(20.610335104214,-1.59839860068377,16.6515632084649));
#1832=CARTESIAN_POINT('Ctrl Pts',(20.9480975212149,-1.59839860068377,18.8667883707037));
#1833=CARTESIAN_POINT('Ctrl Pts',(21.0000003129244,-1.59839860068377,20.2928944029107));
#1834=CARTESIAN_POINT('Ctrl Pts',(21.0000003129244,-1.59839860068377,21.000000372529));
#1835=CARTESIAN_POINT('Ctrl Pts',(12.8265893197525,-2.63470970364156,9.22285324040627));
#1836=CARTESIAN_POINT('Ctrl Pts',(13.2677408320074,-2.63470970364156,9.55071127448764));
#1837=CARTESIAN_POINT('Ctrl Pts',(14.2798800630399,-2.63470970364156,10.1541056263916));
#1838=CARTESIAN_POINT('Ctrl Pts',(16.071741649373,-2.63470970364156,11.0897732931276));
#1839=CARTESIAN_POINT('Ctrl Pts',(18.00637241881,-2.63470970364156,12.4922804313689));
#1840=CARTESIAN_POINT('Ctrl Pts',(19.4199666113066,-2.63470970364156,14.5789592737672));
#1841=CARTESIAN_POINT('Ctrl Pts',(20.1193517069999,-2.63470970364156,16.7619414983117));
#1842=CARTESIAN_POINT('Ctrl Pts',(20.4465439195073,-2.63470970364156,18.9096644757264));
#1843=CARTESIAN_POINT('Ctrl Pts',(20.4982542368773,-2.63470970364156,20.3062610470838));
#1844=CARTESIAN_POINT('Ctrl Pts',(20.4982542368773,-2.63470970364156,21.000000372529));
#1845=CARTESIAN_POINT('Ctrl Pts',(12.2005951469444,-3.,10.0651637751193));
#1846=CARTESIAN_POINT('Ctrl Pts',(12.7007022752746,-3.,10.4368368519865));
#1847=CARTESIAN_POINT('Ctrl Pts',(13.7949960959568,-3.,11.0834621481122));
#1848=CARTESIAN_POINT('Ctrl Pts',(15.5475904581318,-3.,12.0023891840818));
#1849=CARTESIAN_POINT('Ctrl Pts',(17.2450251570258,-3.,13.2456020429088));
#1850=CARTESIAN_POINT('Ctrl Pts',(18.4530405290215,-3.,15.0250694225807));
#1851=CARTESIAN_POINT('Ctrl Pts',(19.0937918246179,-3.,16.9937972792179));
#1852=CARTESIAN_POINT('Ctrl Pts',(19.3982996974287,-3.,19.0007381281099));
#1853=CARTESIAN_POINT('Ctrl Pts',(19.4487992634372,-3.,20.3337233917693));
#1854=CARTESIAN_POINT('Ctrl Pts',(19.4487992634372,-3.,21.000000372529));
#1855=CARTESIAN_POINT('Ctrl Pts',(11.9328890186267,-3.,10.4253774989591));
#1856=CARTESIAN_POINT('Ctrl Pts',(12.4581688459951,-3.,10.8157585965175));
#1857=CARTESIAN_POINT('Ctrl Pts',(13.587534137654,-3.,11.4808071576545));
#1858=CARTESIAN_POINT('Ctrl Pts',(15.3233392421561,-3.,12.3925660155457));
#1859=CARTESIAN_POINT('Ctrl Pts',(16.9194197643375,-3.,13.5676516647566));
#1860=CARTESIAN_POINT('Ctrl Pts',(18.0395898423307,-3.,15.2158578900685));
#1861=CARTESIAN_POINT('Ctrl Pts',(18.6552631818403,-3.,17.0929871257592));
#1862=CARTESIAN_POINT('Ctrl Pts',(18.9500486494635,-3.,19.0397376879071));
#1863=CARTESIAN_POINT('Ctrl Pts',(19.0000003129244,-3.,20.345449184555));
#1864=CARTESIAN_POINT('Ctrl Pts',(19.0000003129244,-3.,21.000000372529));
#1865=CARTESIAN_POINT('',(21.0000003129244,-1.,21.000000372529));
#1866=CARTESIAN_POINT('Ctrl Pts',(13.2109007210787,-1.,8.88237404145396));
#1867=CARTESIAN_POINT('Ctrl Pts',(13.604949722626,-1.,9.16651479254188));
#1868=CARTESIAN_POINT('Ctrl Pts',(14.5522805288958,-1.,9.73077824700353));
#1869=CARTESIAN_POINT('Ctrl Pts',(16.3219855380167,-1.,10.6530794582657));
#1870=CARTESIAN_POINT('Ctrl Pts',(18.3703176492241,-1.,12.1317271400153));
#1871=CARTESIAN_POINT('Ctrl Pts',(19.8824529182376,-1.,14.3657081032276));
#1872=CARTESIAN_POINT('Ctrl Pts',(20.6098592663514,-1.,16.6512235029972));
#1873=CARTESIAN_POINT('Ctrl Pts',(20.9478196230449,-1.,18.8663091166795));
#1874=CARTESIAN_POINT('Ctrl Pts',(21.0000003129244,-1.,20.2930647531935));
#1875=CARTESIAN_POINT('Ctrl Pts',(21.0000003129244,-1.,21.000000372529));
#1876=CARTESIAN_POINT('',(19.0000003129244,-3.,21.000000372529));
#1877=CARTESIAN_POINT('Origin',(19.0000003129244,-1.,21.000000372529));
#1878=CARTESIAN_POINT('Ctrl Pts',(19.0000003129244,-3.,21.000000372529));
#1879=CARTESIAN_POINT('Ctrl Pts',(19.0000003129244,-3.,20.345449184555));
#1880=CARTESIAN_POINT('Ctrl Pts',(18.9500486494635,-3.,19.0397376879071));
#1881=CARTESIAN_POINT('Ctrl Pts',(18.6552631818403,-3.,17.0929871257592));
#1882=CARTESIAN_POINT('Ctrl Pts',(18.0395898423307,-3.,15.2158578900685));
#1883=CARTESIAN_POINT('Ctrl Pts',(16.9194197643375,-3.,13.5676516647566));
#1884=CARTESIAN_POINT('Ctrl Pts',(15.3233392421561,-3.,12.3925660155457));
#1885=CARTESIAN_POINT('Ctrl Pts',(14.0236956144249,-3.,11.7099078146842));
#1886=CARTESIAN_POINT('Ctrl Pts',(13.3134615902374,-3.,11.3089582164893));
#1887=CARTESIAN_POINT('Ctrl Pts',(13.1740622649064,-3.,11.2282349118047));
#1888=CARTESIAN_POINT('Ctrl Pts',(11.0000001639128,3.,4.00000005960464));
#1889=CARTESIAN_POINT('Ctrl Pts',(11.0000001639128,-3.,4.00000005960464));
#1890=CARTESIAN_POINT('Ctrl Pts',(10.994461746197,3.,9.99039085818637));
#1891=CARTESIAN_POINT('Ctrl Pts',(10.994461746197,-3.,9.99039085818637));
#1892=CARTESIAN_POINT('Ctrl Pts',(15.0194572876429,3.,9.99716147008123));
#1893=CARTESIAN_POINT('Ctrl Pts',(15.0194572876429,-3.,9.99716147008123));
#1894=CARTESIAN_POINT('Ctrl Pts',(21.0000003129244,3.,9.99716147008123));
#1895=CARTESIAN_POINT('Ctrl Pts',(21.0000003129244,-3.,9.99716147008123));
#1896=CARTESIAN_POINT('Ctrl Pts',(21.0000003129244,3.,21.000000372529));
#1897=CARTESIAN_POINT('Ctrl Pts',(21.0000003129244,-3.,21.000000372529));
#1898=CARTESIAN_POINT('',(21.0000003129244,0.999999999999998,21.000000372529));
#1899=CARTESIAN_POINT('Ctrl Pts',(21.0000003129244,0.999999999999998,21.000000372529));
#1900=CARTESIAN_POINT('Ctrl Pts',(21.0000003129244,0.999999999999998,19.5858032114285));
#1901=CARTESIAN_POINT('Ctrl Pts',(20.8563095036195,0.999999999999997,17.4141921085339));
#1902=CARTESIAN_POINT('Ctrl Pts',(19.8877413652074,0.999999999999998,14.3664789516937));
#1903=CARTESIAN_POINT('Ctrl Pts',(18.3659478784779,0.999999999999998,12.1338109870309));
#1904=CARTESIAN_POINT('Ctrl Pts',(16.314269097176,0.999999999999998,10.6471370962848));
#1905=CARTESIAN_POINT('Ctrl Pts',(14.5478022043468,0.999999999999999,9.72920642093156));
#1906=CARTESIAN_POINT('Ctrl Pts',(13.6041781093596,0.999999999999999,9.16604681615528));
#1907=CARTESIAN_POINT('Ctrl Pts',(13.2108967100727,0.999999999999999,8.88237960890156));
#1908=CARTESIAN_POINT('',(21.0000003129244,-2.57175831653163E-15,21.000000372529));
#1909=CARTESIAN_POINT('Ctrl Pts',(21.0000003129244,0.999999999999998,21.000000372529));
#1910=CARTESIAN_POINT('Ctrl Pts',(21.0000003129244,0.999999999999998,19.5858032114285));
#1911=CARTESIAN_POINT('Ctrl Pts',(20.8563095036195,0.999999999999997,17.4141921085339));
#1912=CARTESIAN_POINT('Ctrl Pts',(19.8877413652074,0.999999999999998,14.3664789516937));
#1913=CARTESIAN_POINT('Ctrl Pts',(18.3659478784779,0.999999999999998,12.1338109870309));
#1914=CARTESIAN_POINT('Ctrl Pts',(16.314269097176,0.999999999999998,10.6471370962848));
#1915=CARTESIAN_POINT('Ctrl Pts',(14.5059422312695,0.999999999999999,9.70745421401895));
#1916=CARTESIAN_POINT('Ctrl Pts',(13.5365753106471,0.999999999999999,9.1255849360288));
#1917=CARTESIAN_POINT('Ctrl Pts',(13.1238802385798,0.999999999999999,8.81865792143028));
#1918=CARTESIAN_POINT('Ctrl Pts',(21.0000003129244,1.59839860068377,21.000000372529));
#1919=CARTESIAN_POINT('Ctrl Pts',(21.0000003129244,1.59839860068377,19.5854624323254));
#1920=CARTESIAN_POINT('Ctrl Pts',(20.8569605147845,1.59839860068377,17.4153297886375));
#1921=CARTESIAN_POINT('Ctrl Pts',(19.8883738433402,1.59839860068377,14.3665704153299));
#1922=CARTESIAN_POINT('Ctrl Pts',(18.3659071077914,1.59839860068377,12.1331412267715));
#1923=CARTESIAN_POINT('Ctrl Pts',(16.3131845827093,1.59839860068377,10.6459356942165));
#1924=CARTESIAN_POINT('Ctrl Pts',(14.5050663276167,1.59839860068377,9.70673240234919));
#1925=CARTESIAN_POINT('Ctrl Pts',(13.5362092236486,1.59839860068377,9.12531267208107));
#1926=CARTESIAN_POINT('Ctrl Pts',(13.1238802385798,1.59839860068377,8.81865792143028));
#1927=CARTESIAN_POINT('Ctrl Pts',(20.4982542368773,2.63470970364156,21.000000372529));
#1928=CARTESIAN_POINT('Ctrl Pts',(20.4982542368773,2.63470970364156,19.6122018831692));
#1929=CARTESIAN_POINT('Ctrl Pts',(20.3553869188887,2.63470970364156,17.4903809729289));
#1930=CARTESIAN_POINT('Ctrl Pts',(19.4242966729757,2.63470970364156,14.5789436368746));
#1931=CARTESIAN_POINT('Ctrl Pts',(18.0023441622061,2.63470970364156,12.4940054634005));
#1932=CARTESIAN_POINT('Ctrl Pts',(16.0653595230651,2.63470970364156,11.0847565248426));
#1933=CARTESIAN_POINT('Ctrl Pts',(14.2750018601517,2.63470970364156,10.1522901982192));
#1934=CARTESIAN_POINT('Ctrl Pts',(13.2655090450662,2.63470970364156,9.54928445365218));
#1935=CARTESIAN_POINT('Ctrl Pts',(12.8244548089123,2.63470970364156,9.22126633775697));
#1936=CARTESIAN_POINT('Ctrl Pts',(19.4487992634372,3.,21.000000372529));
#1937=CARTESIAN_POINT('Ctrl Pts',(19.4487992634372,3.,19.6671392336565));
#1938=CARTESIAN_POINT('Ctrl Pts',(19.3081859472403,3.,17.6506670108814));
#1939=CARTESIAN_POINT('Ctrl Pts',(18.455469543326,3.,15.0234106768235));
#1940=CARTESIAN_POINT('Ctrl Pts',(17.2417952503476,3.,13.2468434060512));
#1941=CARTESIAN_POINT('Ctrl Pts',(15.5438532693501,3.,11.9991028303485));
#1942=CARTESIAN_POINT('Ctrl Pts',(13.7912504355744,3.,11.0821223020825));
#1943=CARTESIAN_POINT('Ctrl Pts',(12.6982463596129,3.,10.4352744804876));
#1944=CARTESIAN_POINT('Ctrl Pts',(12.1981748610658,3.,10.0633644129261));
#1945=CARTESIAN_POINT('Ctrl Pts',(19.0000003129244,3.,21.000000372529));
#1946=CARTESIAN_POINT('Ctrl Pts',(19.0000003129244,3.,19.6905962252348));
#1947=CARTESIAN_POINT('Ctrl Pts',(18.8604214917907,3.,17.7193365924546));
#1948=CARTESIAN_POINT('Ctrl Pts',(18.0412196173365,3.,15.2134967228998));
#1949=CARTESIAN_POINT('Ctrl Pts',(16.916542428287,3.,13.5687216111899));
#1950=CARTESIAN_POINT('Ctrl Pts',(15.3207137872601,3.,12.3899923826128));
#1951=CARTESIAN_POINT('Ctrl Pts',(13.5842794035403,3.,11.4796863386055));
#1952=CARTESIAN_POINT('Ctrl Pts',(12.455617040333,3.,10.8141382051217));
#1953=CARTESIAN_POINT('Ctrl Pts',(11.9303465211806,3.,10.4234872785369));
#1954=CARTESIAN_POINT('',(19.0000003129244,3.,21.000000372529));
#1955=CARTESIAN_POINT('Ctrl Pts',(13.1739731226196,3.,11.2283886887423));
#1956=CARTESIAN_POINT('Ctrl Pts',(13.3124121106591,3.,11.308563198683));
#1957=CARTESIAN_POINT('Ctrl Pts',(14.0215501944766,3.,11.7089205944975));
#1958=CARTESIAN_POINT('Ctrl Pts',(15.3207137872601,3.,12.3899923826128));
#1959=CARTESIAN_POINT('Ctrl Pts',(16.916542428287,3.,13.5687216111899));
#1960=CARTESIAN_POINT('Ctrl Pts',(18.0412196173365,3.,15.2134967228998));
#1961=CARTESIAN_POINT('Ctrl Pts',(18.8604214917907,3.,17.7193365924546));
#1962=CARTESIAN_POINT('Ctrl Pts',(19.0000003129244,3.,19.6905962252348));
#1963=CARTESIAN_POINT('Ctrl Pts',(19.0000003129244,3.,21.000000372529));
#1964=CARTESIAN_POINT('Origin',(19.0000003129244,0.999999999999998,21.000000372529));
#1965=CARTESIAN_POINT('Origin',(14.7500002197921,3.,14.4995379411056));
#1966=CARTESIAN_POINT('',(17.0000003129244,3.,23.000000372529));
#1967=CARTESIAN_POINT('Ctrl Pts',(17.0000003129244,3.,23.000000372529));
#1968=CARTESIAN_POINT('Ctrl Pts',(16.8289262439423,3.,23.000000372529));
#1969=CARTESIAN_POINT('Ctrl Pts',(16.4862880603688,3.,22.9986598398182));
#1970=CARTESIAN_POINT('Ctrl Pts',(15.8016008096876,3.,22.9892015856254));
#1971=CARTESIAN_POINT('Ctrl Pts',(14.9494293647571,2.99999999999999,22.9627867293459));
#1972=CARTESIAN_POINT('Ctrl Pts',(13.9235051881024,3.,22.8934359388046));
#1973=CARTESIAN_POINT('Ctrl Pts',(13.0750810016938,2.99999999999999,22.7831823437681));
#1974=CARTESIAN_POINT('Ctrl Pts',(12.5652722749368,2.99999999999998,22.6648743025297));
#1975=CARTESIAN_POINT('Ctrl Pts',(12.3808786898116,2.99999999999998,22.6094691396316));
#1976=CARTESIAN_POINT('Ctrl Pts',(12.3400257492166,2.99999999999998,22.5968264286836));
#1977=CARTESIAN_POINT('Ctrl Pts',(12.2688050896098,2.99999999999999,22.5738033541656));
#1978=CARTESIAN_POINT('Ctrl Pts',(12.1881785509403,2.99999999999999,22.5452726111723));
#1979=CARTESIAN_POINT('Ctrl Pts',(12.108580705378,2.99999999999999,22.5140890098417));
#1980=CARTESIAN_POINT('Ctrl Pts',(12.0494849809237,2.99999999999999,22.4892323432599));
#1981=CARTESIAN_POINT('Ctrl Pts',(12.0008270751953,2.99999999999999,22.467160981614));
#1982=CARTESIAN_POINT('Ctrl Pts',(11.9623045982917,2.99999999999999,22.4485900043832));
#1983=CARTESIAN_POINT('Ctrl Pts',(11.8667965574216,2.99999999999999,22.4005403527533));
#1984=CARTESIAN_POINT('Ctrl Pts',(11.7469800860856,2.99999999999999,22.3280573528588));
#1985=CARTESIAN_POINT('Ctrl Pts',(11.61856469229,2.99999999999999,22.2147685508591));
#1986=CARTESIAN_POINT('Ctrl Pts',(11.5340748123141,2.99999999999999,22.1178834841818));
#1987=CARTESIAN_POINT('Ctrl Pts',(11.4605974305435,2.99999999999999,22.0124605586653));
#1988=CARTESIAN_POINT('Ctrl Pts',(11.3747481748185,2.99999999999999,21.8644486438796));
#1989=CARTESIAN_POINT('Ctrl Pts',(11.2852450082037,2.99999999999999,21.6702529600338));
#1990=CARTESIAN_POINT('Ctrl Pts',(11.1966846400708,3.,21.4290593964581));
#1991=CARTESIAN_POINT('Ctrl Pts',(11.1344560021432,3.,21.2239110445851));
#1992=CARTESIAN_POINT('Ctrl Pts',(11.0677752679554,3.,20.9755943439043));
#1993=CARTESIAN_POINT('Ctrl Pts',(10.991500507133,3.,20.6416341045103));
#1994=CARTESIAN_POINT('Ctrl Pts',(10.923525588949,3.,20.2637663366679));
#1995=CARTESIAN_POINT('Ctrl Pts',(10.8722611936635,3.,19.9266599341872));
#1996=CARTESIAN_POINT('Ctrl Pts',(10.7579095789204,3.,19.0808926418531));
#1997=CARTESIAN_POINT('Ctrl Pts',(10.6838607774446,3.,18.1367016664985));
#1998=CARTESIAN_POINT('Ctrl Pts',(10.6267470970739,3.,17.1112427271876));
#1999=CARTESIAN_POINT('Ctrl Pts',(10.5639978394108,3.,15.7451163606833));
#2000=CARTESIAN_POINT('Ctrl Pts',(10.5371527813021,3.,14.5567267523802));
#2001=CARTESIAN_POINT('Ctrl Pts',(10.5223446101085,3.,13.5316784613555));
#2002=CARTESIAN_POINT('Origin',(17.0000003129244,3.,21.000000372529));
#2003=CARTESIAN_POINT('Ctrl Pts',(8.52255327348523,1.,13.5605680782873));
#2004=CARTESIAN_POINT('Ctrl Pts',(8.53753650636384,1.,14.5977344545683));
#2005=CARTESIAN_POINT('Ctrl Pts',(8.5646783652568,1.,15.8044190326893));
#2006=CARTESIAN_POINT('Ctrl Pts',(8.62918383259625,1.,17.2116740911068));
#2007=CARTESIAN_POINT('Ctrl Pts',(8.68874843569543,0.999999999999999,18.2760573517779));
#2008=CARTESIAN_POINT('Ctrl Pts',(8.76536433123213,0.999999999999999,19.2694147435697));
#2009=CARTESIAN_POINT('Ctrl Pts',(8.89241433045162,0.999999999999999,20.2104981822921));
#2010=CARTESIAN_POINT('Ctrl Pts',(8.95049739784292,0.999999999999999,20.5926071954101));
#2011=CARTESIAN_POINT('Ctrl Pts',(9.02974666575058,0.999999999999999,21.0343450976573));
#2012=CARTESIAN_POINT('Ctrl Pts',(9.12398823197134,0.999999999999998,21.4491339963567));
#2013=CARTESIAN_POINT('Ctrl Pts',(9.2116154203287,0.999999999999998,21.7755108483505));
#2014=CARTESIAN_POINT('Ctrl Pts',(9.29705554233481,0.999999999999998,22.058710065488));
#2015=CARTESIAN_POINT('Ctrl Pts',(9.43134319206397,0.999999999999998,22.425638834858));
#2016=CARTESIAN_POINT('Ctrl Pts',(9.58674004886638,0.999999999999998,22.767556646958));
#2017=CARTESIAN_POINT('Ctrl Pts',(9.76775642092691,0.999999999999998,23.081759473461));
#2018=CARTESIAN_POINT('Ctrl Pts',(9.94845185565338,0.999999999999998,23.3430477038067));
#2019=CARTESIAN_POINT('Ctrl Pts',(10.1938046251874,0.999999999999997,23.6271884420992));
#2020=CARTESIAN_POINT('Ctrl Pts',(10.5868388865777,0.999999999999997,23.9719443646266));
#2021=CARTESIAN_POINT('Ctrl Pts',(10.8818338393341,0.999999999999997,24.1435836012106));
#2022=CARTESIAN_POINT('Ctrl Pts',(11.0790020528388,0.999999999999997,24.2430745659445));
#2023=CARTESIAN_POINT('Ctrl Pts',(11.1563681780987,0.999999999999997,24.2803230063743));
#2024=CARTESIAN_POINT('Ctrl Pts',(11.2495125507157,0.999999999999996,24.3225500063051));
#2025=CARTESIAN_POINT('Ctrl Pts',(11.3568144272803,0.999999999999996,24.3676350416885));
#2026=CARTESIAN_POINT('Ctrl Pts',(11.49455730297,0.999999999999996,24.421553999105));
#2027=CARTESIAN_POINT('Ctrl Pts',(11.6255630100063,0.999999999999995,24.467797475828));
#2028=CARTESIAN_POINT('Ctrl Pts',(11.7356963623024,0.999999999999994,24.5033838426767));
#2029=CARTESIAN_POINT('Ctrl Pts',(11.7974950438727,0.999999999999994,24.5225120436164));
#2030=CARTESIAN_POINT('Ctrl Pts',(12.0723166776263,0.999999999999994,24.6049960032828));
#2031=CARTESIAN_POINT('Ctrl Pts',(12.7524024688654,0.999999999999996,24.760294093563));
#2032=CARTESIAN_POINT('Ctrl Pts',(13.7386252402827,0.999999999999998,24.8858896871646));
#2033=CARTESIAN_POINT('Ctrl Pts',(14.8572151242024,0.999999999999998,24.961274559371));
#2034=CARTESIAN_POINT('Ctrl Pts',(15.7560564120297,0.999999999999998,24.9887480955212));
#2035=CARTESIAN_POINT('Ctrl Pts',(16.469275324135,0.999999999999998,24.9986554588101));
#2036=CARTESIAN_POINT('Ctrl Pts',(16.8235508667995,0.999999999999998,25.000000372529));
#2037=CARTESIAN_POINT('Ctrl Pts',(17.0000003129244,0.999999999999998,25.000000372529));
#2038=CARTESIAN_POINT('Ctrl Pts',(8.52255327348523,1.59839860068377,13.5605680782873));
#2039=CARTESIAN_POINT('Ctrl Pts',(8.53753707565144,1.59839860068377,14.5977738616821));
#2040=CARTESIAN_POINT('Ctrl Pts',(8.56467503142986,1.59839860068377,15.8043168147535));
#2041=CARTESIAN_POINT('Ctrl Pts',(8.62915244620711,1.59839860068377,17.2115885315681));
#2042=CARTESIAN_POINT('Ctrl Pts',(8.68875273837501,1.59839860068377,18.2760815327717));
#2043=CARTESIAN_POINT('Ctrl Pts',(8.76512145748267,1.59839860068377,19.2688703606026));
#2044=CARTESIAN_POINT('Ctrl Pts',(8.89210280803838,1.59839860068377,20.2100027273858));
#2045=CARTESIAN_POINT('Ctrl Pts',(8.95013447618646,1.59839860068377,20.5921187428933));
#2046=CARTESIAN_POINT('Ctrl Pts',(9.02899987540623,1.59839860068377,21.0332960803893));
#2047=CARTESIAN_POINT('Ctrl Pts',(9.12300621820563,1.59839860068377,21.4478564241832));
#2048=CARTESIAN_POINT('Ctrl Pts',(9.21063810514535,1.59839860068377,21.7743961805518));
#2049=CARTESIAN_POINT('Ctrl Pts',(9.29582978016291,1.59839860068377,22.0573796614877));
#2050=CARTESIAN_POINT('Ctrl Pts',(9.42988934716232,1.59839860068377,22.4241999890405));
#2051=CARTESIAN_POINT('Ctrl Pts',(9.58527637156211,1.59839860068377,22.7663232032692));
#2052=CARTESIAN_POINT('Ctrl Pts',(9.76646037933455,1.59839860068377,23.080894967434));
#2053=CARTESIAN_POINT('Ctrl Pts',(9.94736748038793,1.59839860068377,23.3425474597299));
#2054=CARTESIAN_POINT('Ctrl Pts',(10.1930534875344,1.59839860068377,23.6271026523241));
#2055=CARTESIAN_POINT('Ctrl Pts',(10.5869041871186,1.59839860068377,23.972574405899));
#2056=CARTESIAN_POINT('Ctrl Pts',(10.8819810216709,1.59839860068377,24.144115294912));
#2057=CARTESIAN_POINT('Ctrl Pts',(11.0794064515632,1.59839860068377,24.243715979043));
#2058=CARTESIAN_POINT('Ctrl Pts',(11.1568947809543,1.59839860068377,24.2810213986681));
#2059=CARTESIAN_POINT('Ctrl Pts',(11.2501357411936,1.59839860068377,24.3232781745722));
#2060=CARTESIAN_POINT('Ctrl Pts',(11.3575605641745,1.59839860068377,24.3684038497656));
#2061=CARTESIAN_POINT('Ctrl Pts',(11.4954530407855,1.59839860068376,24.4223697578229));
#2062=CARTESIAN_POINT('Ctrl Pts',(11.6265486388729,1.59839860068376,24.4686207095712));
#2063=CARTESIAN_POINT('Ctrl Pts',(11.7367717426365,1.59839860068376,24.5042251123098));
#2064=CARTESIAN_POINT('Ctrl Pts',(11.7986389519276,1.59839860068376,24.5233743285194));
#2065=CARTESIAN_POINT('Ctrl Pts',(12.0736571075855,1.59839860068376,24.6058915233169));
#2066=CARTESIAN_POINT('Ctrl Pts',(12.7536640305249,1.59839860068376,24.7609902781376));
#2067=CARTESIAN_POINT('Ctrl Pts',(13.7387901091635,1.59839860068377,24.8859941066176));
#2068=CARTESIAN_POINT('Ctrl Pts',(14.8577439255637,1.59839860068377,24.9614724378014));
#2069=CARTESIAN_POINT('Ctrl Pts',(15.7560054187613,1.59839860068377,24.9887454872036));
#2070=CARTESIAN_POINT('Ctrl Pts',(16.4693720273,1.59839860068377,24.9986852130014));
#2071=CARTESIAN_POINT('Ctrl Pts',(16.823533386472,1.59839860068377,25.000000372529));
#2072=CARTESIAN_POINT('Ctrl Pts',(17.0000003129244,1.59839860068377,25.000000372529));
#2073=CARTESIAN_POINT('Ctrl Pts',(9.02424700151706,2.63470970364156,13.5533204523203));
#2074=CARTESIAN_POINT('Ctrl Pts',(9.03918613416619,2.63470970364156,14.5874341312583));
#2075=CARTESIAN_POINT('Ctrl Pts',(9.06625478137486,2.63470970364156,15.7895742651524));
#2076=CARTESIAN_POINT('Ctrl Pts',(9.13032863005588,2.63470970364156,17.1865059188248));
#2077=CARTESIAN_POINT('Ctrl Pts',(9.18926695471722,2.63470970364156,18.241089038194));
#2078=CARTESIAN_POINT('Ctrl Pts',(9.26531784548683,2.63470970364156,19.2222936431341));
#2079=CARTESIAN_POINT('Ctrl Pts',(9.38920410595269,2.63470970364156,20.1394491907901));
#2080=CARTESIAN_POINT('Ctrl Pts',(9.44559298212007,2.63470970364156,20.5102660239454));
#2081=CARTESIAN_POINT('Ctrl Pts',(9.52213652324545,2.63470970364156,20.9361598159977));
#2082=CARTESIAN_POINT('Ctrl Pts',(9.61194589155355,2.63470970364156,21.3307440409286));
#2083=CARTESIAN_POINT('Ctrl Pts',(9.69431667741624,2.63470970364156,21.6374856332481));
#2084=CARTESIAN_POINT('Ctrl Pts',(9.77401307994759,2.63470970364156,21.9011729527499));
#2085=CARTESIAN_POINT('Ctrl Pts',(9.89690189424206,2.63470970364156,22.2365928124709));
#2086=CARTESIAN_POINT('Ctrl Pts',(10.035770943727,2.63470970364156,22.5413854687043));
#2087=CARTESIAN_POINT('Ctrl Pts',(10.1928588674553,2.63470970364156,22.8137775454091));
#2088=CARTESIAN_POINT('Ctrl Pts',(10.3465885243872,2.63470970364156,23.0358469369168));
#2089=CARTESIAN_POINT('Ctrl Pts',(10.5514786127457,2.63470970364155,23.2728777957112));
#2090=CARTESIAN_POINT('Ctrl Pts',(10.8778661605237,2.63470970364155,23.5593360431923));
#2091=CARTESIAN_POINT('Ctrl Pts',(11.1288873819425,2.63470970364155,23.7061310902295));
#2092=CARTESIAN_POINT('Ctrl Pts',(11.3004695799019,2.63470970364155,23.7926817446717));
#2093=CARTESIAN_POINT('Ctrl Pts',(11.3680518185534,2.63470970364155,23.8252262997724));
#2094=CARTESIAN_POINT('Ctrl Pts',(11.4500048618481,2.63470970364155,23.8623872756069));
#2095=CARTESIAN_POINT('Ctrl Pts',(11.5451738147727,2.63470970364155,23.9023845681438));
#2096=CARTESIAN_POINT('Ctrl Pts',(11.66828185019,2.63470970364155,23.9505848299413));
#2097=CARTESIAN_POINT('Ctrl Pts',(11.7866200485402,2.63470970364155,23.9923822699508));
#2098=CARTESIAN_POINT('Ctrl Pts',(11.8869625663569,2.63470970364155,24.0248110803146));
#2099=CARTESIAN_POINT('Ctrl Pts',(11.9434846213765,2.63470970364155,24.0423055291483));
#2100=CARTESIAN_POINT('Ctrl Pts',(12.1955574776426,2.63470970364155,24.1179855251973));
#2101=CARTESIAN_POINT('Ctrl Pts',(12.8329505546529,2.63470970364155,24.2640675270558));
#2102=CARTESIAN_POINT('Ctrl Pts',(13.7849539341419,2.63470970364156,24.3860033845253));
#2103=CARTESIAN_POINT('Ctrl Pts',(14.8801801595814,2.63470970364156,24.4598445941807));
#2104=CARTESIAN_POINT('Ctrl Pts',(15.7674985734279,2.63470970364156,24.4871166216627));
#2105=CARTESIAN_POINT('Ctrl Pts',(16.4735124498028,2.63470970364156,24.4969009709158));
#2106=CARTESIAN_POINT('Ctrl Pts',(16.8249049915786,2.63470970364156,24.498254296482));
#2107=CARTESIAN_POINT('Ctrl Pts',(17.0000003129244,2.63470970364156,24.498254296482));
#2108=CARTESIAN_POINT('Ctrl Pts',(10.0735924835479,3.,13.5381612762354));
#2109=CARTESIAN_POINT('Ctrl Pts',(10.0884398407552,3.,14.5659220937299));
#2110=CARTESIAN_POINT('Ctrl Pts',(10.1153521708997,3.,15.7584413981701));
#2111=CARTESIAN_POINT('Ctrl Pts',(10.1785003372202,3.,17.1337941616063));
#2112=CARTESIAN_POINT('Ctrl Pts',(10.2361578761847,3.,18.1679688577013));
#2113=CARTESIAN_POINT('Ctrl Pts',(10.3108251680314,3.,19.1232903634567));
#2114=CARTESIAN_POINT('Ctrl Pts',(10.4280380793461,3.,19.9904381489432));
#2115=CARTESIAN_POINT('Ctrl Pts',(10.4808414054129,3.,20.3376419114499));
#2116=CARTESIAN_POINT('Ctrl Pts',(10.5514121852069,3.,20.7299383429669));
#2117=CARTESIAN_POINT('Ctrl Pts',(10.6317590714239,3.,21.08207572992));
#2118=CARTESIAN_POINT('Ctrl Pts',(10.7031393722725,3.,21.3478811198008));
#2119=CARTESIAN_POINT('Ctrl Pts',(10.7706193089905,3.,21.5705810829635));
#2120=CARTESIAN_POINT('Ctrl Pts',(10.8694800128795,2.99999999999999,21.8400081782782));
#2121=CARTESIAN_POINT('Ctrl Pts',(10.9737713770444,2.99999999999999,22.0673173662841));
#2122=CARTESIAN_POINT('Ctrl Pts',(11.080947303657,2.99999999999999,22.2525590943958));
#2123=CARTESIAN_POINT('Ctrl Pts',(11.1784480208932,2.99999999999999,22.3928955752078));
#2124=CARTESIAN_POINT('Ctrl Pts',(11.2989782378841,2.99999999999999,22.5317295618785));
#2125=CARTESIAN_POINT('Ctrl Pts',(11.4866337987475,2.99999999999999,22.6968365687638));
#2126=CARTESIAN_POINT('Ctrl Pts',(11.6457461717378,2.99999999999999,22.7915870606742));
#2127=CARTESIAN_POINT('Ctrl Pts',(11.764022542508,2.99999999999999,22.8511612790959));
#2128=CARTESIAN_POINT('Ctrl Pts',(11.811240533437,2.99999999999999,22.8739136869499));
#2129=CARTESIAN_POINT('Ctrl Pts',(11.8698645966088,2.99999999999999,22.9005028512437));
#2130=CARTESIAN_POINT('Ctrl Pts',(11.9397566485809,2.99999999999999,22.929891776035));
#2131=CARTESIAN_POINT('Ctrl Pts',(12.0323765245666,2.99999999999999,22.9661691187484));
#2132=CARTESIAN_POINT('Ctrl Pts',(12.1242926894817,2.99999999999999,22.9986733065667));
#2133=CARTESIAN_POINT('Ctrl Pts',(12.204229928173,2.99999999999998,23.0245124808486));
#2134=CARTESIAN_POINT('Ctrl Pts',(12.2497713170569,2.99999999999998,23.0386069243984));
#2135=CARTESIAN_POINT('Ctrl Pts',(12.454423169516,2.99999999999998,23.1000828491991));
#2136=CARTESIAN_POINT('Ctrl Pts',(13.0024555204798,2.99999999999999,23.2267256603965));
#2137=CARTESIAN_POINT('Ctrl Pts',(13.8819899197624,3.,23.3405235874404));
#2138=CARTESIAN_POINT('Ctrl Pts',(14.9286457517468,2.99999999999999,23.4112123774916));
#2139=CARTESIAN_POINT('Ctrl Pts',(15.7913894253924,3.,23.4378992209987));
#2140=CARTESIAN_POINT('Ctrl Pts',(16.4824538090663,3.,23.447452698968));
#2141=CARTESIAN_POINT('Ctrl Pts',(16.8277230131945,3.,23.4487993230419));
#2142=CARTESIAN_POINT('Ctrl Pts',(17.0000003129244,3.,23.4487993230419));
#2143=CARTESIAN_POINT('Ctrl Pts',(10.5223446101085,3.,13.5316784613555));
#2144=CARTESIAN_POINT('Ctrl Pts',(10.5371527813021,3.,14.5567267523802));
#2145=CARTESIAN_POINT('Ctrl Pts',(10.5639978394108,3.,15.7451163606833));
#2146=CARTESIAN_POINT('Ctrl Pts',(10.6267470970739,3.,17.1112427271876));
#2147=CARTESIAN_POINT('Ctrl Pts',(10.6838607774446,3.,18.1367016664985));
#2148=CARTESIAN_POINT('Ctrl Pts',(10.7579095789204,3.,19.0808926418531));
#2149=CARTESIAN_POINT('Ctrl Pts',(10.8722611936635,3.,19.9266599341872));
#2150=CARTESIAN_POINT('Ctrl Pts',(10.923525588949,3.,20.2637663366679));
#2151=CARTESIAN_POINT('Ctrl Pts',(10.991500507133,3.,20.6416341045103));
#2152=CARTESIAN_POINT('Ctrl Pts',(11.0677752679554,3.,20.9755943439043));
#2153=CARTESIAN_POINT('Ctrl Pts',(11.1344560021432,3.,21.2239110445851));
#2154=CARTESIAN_POINT('Ctrl Pts',(11.1966846400708,3.,21.4290593964581));
#2155=CARTESIAN_POINT('Ctrl Pts',(11.2852450082037,2.99999999999999,21.6702529600338));
#2156=CARTESIAN_POINT('Ctrl Pts',(11.3747481748185,2.99999999999999,21.8644486438796));
#2157=CARTESIAN_POINT('Ctrl Pts',(11.4605974305435,2.99999999999999,22.0124605586653));
#2158=CARTESIAN_POINT('Ctrl Pts',(11.5340748123141,2.99999999999999,22.1178834841818));
#2159=CARTESIAN_POINT('Ctrl Pts',(11.61856469229,2.99999999999999,22.2147685508591));
#2160=CARTESIAN_POINT('Ctrl Pts',(11.7469800860856,2.99999999999999,22.3280573528588));
#2161=CARTESIAN_POINT('Ctrl Pts',(11.8667965574216,2.99999999999999,22.4005403527533));
#2162=CARTESIAN_POINT('Ctrl Pts',(11.9623045982917,2.99999999999999,22.4485900043832));
#2163=CARTESIAN_POINT('Ctrl Pts',(12.0008270751953,2.99999999999999,22.467160981614));
#2164=CARTESIAN_POINT('Ctrl Pts',(12.0494849809237,2.99999999999999,22.4892323432599));
#2165=CARTESIAN_POINT('Ctrl Pts',(12.108580705378,2.99999999999999,22.5140890098417));
#2166=CARTESIAN_POINT('Ctrl Pts',(12.1881785509403,2.99999999999999,22.5452726111723));
#2167=CARTESIAN_POINT('Ctrl Pts',(12.2688050896098,2.99999999999999,22.5738033541656));
#2168=CARTESIAN_POINT('Ctrl Pts',(12.3400257492166,2.99999999999998,22.5968264286836));
#2169=CARTESIAN_POINT('Ctrl Pts',(12.3808786898116,2.99999999999998,22.6094691396316));
#2170=CARTESIAN_POINT('Ctrl Pts',(12.5652722749368,2.99999999999998,22.6648743025297));
#2171=CARTESIAN_POINT('Ctrl Pts',(13.0750810016938,2.99999999999999,22.7831823437681));
#2172=CARTESIAN_POINT('Ctrl Pts',(13.9235051881024,3.,22.8934359388046));
#2173=CARTESIAN_POINT('Ctrl Pts',(14.9494293647571,2.99999999999999,22.9627867293459));
#2174=CARTESIAN_POINT('Ctrl Pts',(15.8016008096876,3.,22.9892015856254));
#2175=CARTESIAN_POINT('Ctrl Pts',(16.4862880603688,3.,22.9986598398182));
#2176=CARTESIAN_POINT('Ctrl Pts',(16.8289262439423,3.,23.000000372529));
#2177=CARTESIAN_POINT('Ctrl Pts',(17.0000003129244,3.,23.000000372529));
#2178=CARTESIAN_POINT('',(17.0000003129244,0.999999999999998,25.000000372529));
#2179=CARTESIAN_POINT('Ctrl Pts',(8.52858784602881,1.,13.949520730007));
#2180=CARTESIAN_POINT('Ctrl Pts',(8.54369078817821,0.999999999999999,14.8566652243616));
#2181=CARTESIAN_POINT('Ctrl Pts',(8.57072744177974,1.,15.9363860408634));
#2182=CARTESIAN_POINT('Ctrl Pts',(8.62918383259625,1.,17.2116740911068));
#2183=CARTESIAN_POINT('Ctrl Pts',(8.68874843569543,0.999999999999999,18.2760573517779));
#2184=CARTESIAN_POINT('Ctrl Pts',(8.76536433123213,0.999999999999999,19.2694147435697));
#2185=CARTESIAN_POINT('Ctrl Pts',(8.89241433045162,0.999999999999999,20.2104981822921));
#2186=CARTESIAN_POINT('Ctrl Pts',(8.95049739784292,0.999999999999999,20.5926071954101));
#2187=CARTESIAN_POINT('Ctrl Pts',(9.02974666575058,0.999999999999999,21.0343450976573));
#2188=CARTESIAN_POINT('Ctrl Pts',(9.12398823197134,0.999999999999998,21.4491339963567));
#2189=CARTESIAN_POINT('Ctrl Pts',(9.2116154203287,0.999999999999998,21.7755108483505));
#2190=CARTESIAN_POINT('Ctrl Pts',(9.29705554233481,0.999999999999998,22.058710065488));
#2191=CARTESIAN_POINT('Ctrl Pts',(9.43134319206397,0.999999999999998,22.425638834858));
#2192=CARTESIAN_POINT('Ctrl Pts',(9.58674004886638,0.999999999999998,22.767556646958));
#2193=CARTESIAN_POINT('Ctrl Pts',(9.76775642092691,0.999999999999998,23.081759473461));
#2194=CARTESIAN_POINT('Ctrl Pts',(9.94845185565338,0.999999999999998,23.3430477038067));
#2195=CARTESIAN_POINT('Ctrl Pts',(10.1938046251874,0.999999999999997,23.6271884420992));
#2196=CARTESIAN_POINT('Ctrl Pts',(10.5868388865777,0.999999999999997,23.9719443646266));
#2197=CARTESIAN_POINT('Ctrl Pts',(10.8818338393341,0.999999999999997,24.1435836012106));
#2198=CARTESIAN_POINT('Ctrl Pts',(11.0790020528388,0.999999999999997,24.2430745659445));
#2199=CARTESIAN_POINT('Ctrl Pts',(11.1563681780987,0.999999999999997,24.2803230063743));
#2200=CARTESIAN_POINT('Ctrl Pts',(11.2495125507157,0.999999999999996,24.3225500063051));
#2201=CARTESIAN_POINT('Ctrl Pts',(11.3568144272803,0.999999999999996,24.3676350416885));
#2202=CARTESIAN_POINT('Ctrl Pts',(11.49455730297,0.999999999999996,24.421553999105));
#2203=CARTESIAN_POINT('Ctrl Pts',(11.6255630100063,0.999999999999995,24.467797475828));
#2204=CARTESIAN_POINT('Ctrl Pts',(11.7356963623024,0.999999999999994,24.5033838426767));
#2205=CARTESIAN_POINT('Ctrl Pts',(11.7974950438727,0.999999999999994,24.5225120436164));
#2206=CARTESIAN_POINT('Ctrl Pts',(12.0723166776263,0.999999999999994,24.6049960032828));
#2207=CARTESIAN_POINT('Ctrl Pts',(12.7524024688654,0.999999999999996,24.760294093563));
#2208=CARTESIAN_POINT('Ctrl Pts',(13.7386252402827,0.999999999999998,24.8858896871646));
#2209=CARTESIAN_POINT('Ctrl Pts',(14.8572151242024,0.999999999999998,24.961274559371));
#2210=CARTESIAN_POINT('Ctrl Pts',(15.7560564120297,0.999999999999998,24.9887480955212));
#2211=CARTESIAN_POINT('Ctrl Pts',(16.469275324135,0.999999999999998,24.9986554588101));
#2212=CARTESIAN_POINT('Ctrl Pts',(16.8235508667995,0.999999999999998,25.000000372529));
#2213=CARTESIAN_POINT('Ctrl Pts',(17.0000003129244,0.999999999999998,25.000000372529));
#2214=CARTESIAN_POINT('Origin',(17.0000003129244,0.999999999999998,23.000000372529));
#2215=CARTESIAN_POINT('Ctrl Pts',(-9.65798454310842,-2.80024028258693,13.9776087192725));
#2216=CARTESIAN_POINT('Ctrl Pts',(-9.32476016748688,-2.63905939343867,13.9691709979792));
#2217=CARTESIAN_POINT('Ctrl Pts',(-9.03789565730736,-2.38340102996362,13.9620467441933));
#2218=CARTESIAN_POINT('Ctrl Pts',(-8.83965152786861,-2.07087479641866,13.9571559410832));
#2219=CARTESIAN_POINT('Ctrl Pts',(-9.65508019395069,-2.80624211084575,13.0843007468132));
#2220=CARTESIAN_POINT('Ctrl Pts',(-9.32105835850243,-2.64753060492303,13.0774968152777));
#2221=CARTESIAN_POINT('Ctrl Pts',(-9.02883783382061,-2.39007932610599,13.0717435725183));
#2222=CARTESIAN_POINT('Ctrl Pts',(-8.8289238716663,-2.0776768095638,13.0678097986981));
#2223=CARTESIAN_POINT('Ctrl Pts',(-9.32572112277684,-3.48686157955033,11.5421129763962));
#2224=CARTESIAN_POINT('Ctrl Pts',(-8.86336475059615,-3.26759377297712,11.5400706364999));
#2225=CARTESIAN_POINT('Ctrl Pts',(-8.46426991027562,-2.91684872439186,11.5383738247787));
#2226=CARTESIAN_POINT('Ctrl Pts',(-8.18735363188078,-2.48447295610834,11.5371960450912));
#2227=CARTESIAN_POINT('Ctrl Pts',(-8.64309623234685,-4.89750373552043,11.));
#2228=CARTESIAN_POINT('Ctrl Pts',(-7.92107168823541,-4.5494282707039,11.0000205575755));
#2229=CARTESIAN_POINT('Ctrl Pts',(-7.29976607166737,-3.99701411083213,10.9999883198865));
#2230=CARTESIAN_POINT('Ctrl Pts',(-6.86966297919874,-3.31997224614403,11.));
#2231=CARTESIAN_POINT('Ctrl Pts',(-8.3512511304768,-5.50060070646732,11.));
#2232=CARTESIAN_POINT('Ctrl Pts',(-7.51855164882569,-5.09764848359667,11.));
#2233=CARTESIAN_POINT('Ctrl Pts',(-6.80169257630311,-4.45850257490906,11.));
#2234=CARTESIAN_POINT('Ctrl Pts',(-6.30628903505299,-3.67718699104664,11.));
#2235=CARTESIAN_POINT('',(-8.83965152786861,-2.07087479641866,13.9571559410832));
#2236=CARTESIAN_POINT('Origin',(-6.30628903505299,-3.67718699104665,14.));
#2237=CARTESIAN_POINT('',(-9.65798454310842,-2.80024028258693,13.9776087192725));
#2238=CARTESIAN_POINT('Ctrl Pts',(-8.83965152786861,-2.07087479641866,13.9571559410832));
#2239=CARTESIAN_POINT('Ctrl Pts',(-9.03789565730736,-2.38340102996362,13.9620467441933));
#2240=CARTESIAN_POINT('Ctrl Pts',(-9.32476016748688,-2.63905939343867,13.9691709979792));
#2241=CARTESIAN_POINT('Ctrl Pts',(-9.65798454310842,-2.80024028258693,13.9776087192725));
#2242=CARTESIAN_POINT('Origin',(-8.3512511304768,-5.50060070646732,14.));
#2243=CARTESIAN_POINT('Ctrl Pts',(-10.5223446101152,-3.,13.5316784598391));
#2244=CARTESIAN_POINT('Ctrl Pts',(-10.239364439831,-3.0000000000041,13.8144289579103));
#2245=CARTESIAN_POINT('Ctrl Pts',(-9.9352719754695,-2.93436442885993,13.9846300365698));
#2246=CARTESIAN_POINT('Ctrl Pts',(-9.65798454310843,-2.80024028258693,13.9776087192725));
#2247=CARTESIAN_POINT('Ctrl Pts',(-10.2306286397644,-3.00000000000402,12.8114101912675));
#2248=CARTESIAN_POINT('Ctrl Pts',(-9.99906173888706,-2.95804651675283,13.0089097984715));
#2249=CARTESIAN_POINT('Ctrl Pts',(-9.81073566356458,-2.87950754551998,13.101647097082));
#2250=CARTESIAN_POINT('Ctrl Pts',(-9.65508019395069,-2.80624211084575,13.0843007468132));
#2251=CARTESIAN_POINT('Ctrl Pts',(-9.72303286605327,-3.55526312203276,11.5581187494886));
#2252=CARTESIAN_POINT('Ctrl Pts',(-9.50021850872253,-3.53379186470239,11.6128926829278));
#2253=CARTESIAN_POINT('Ctrl Pts',(-9.38718469547384,-3.49007933718708,11.574076136335));
#2254=CARTESIAN_POINT('Ctrl Pts',(-9.32571094282681,-3.48688261638456,11.5421307388262));
#2255=CARTESIAN_POINT('Ctrl Pts',(-9.46691380409765,-4.8021496697824,10.9257418758672));
#2256=CARTESIAN_POINT('Ctrl Pts',(-9.14623902956017,-4.90478510742408,10.9982061051646));
#2257=CARTESIAN_POINT('Ctrl Pts',(-8.85827058396564,-4.94307544540643,11.0135180393808));
#2258=CARTESIAN_POINT('Ctrl Pts',(-8.64309623234684,-4.89750373552043,11.));
#2259=CARTESIAN_POINT('Ctrl Pts',(-9.42111910550369,-5.37206456614742,10.8126713839354));
#2260=CARTESIAN_POINT('Ctrl Pts',(-9.04900642070583,-5.5241433653701,10.9282592818561));
#2261=CARTESIAN_POINT('Ctrl Pts',(-8.66179159508599,-5.58405598993195,11.));
#2262=CARTESIAN_POINT('Ctrl Pts',(-8.3512511304768,-5.50060070646732,11.));
#2263=CARTESIAN_POINT('',(-10.5223446101007,-3.,13.5316784598246));
#2264=CARTESIAN_POINT('Ctrl Pts',(-9.65798454310843,-2.80024028258693,13.9776087192725));
#2265=CARTESIAN_POINT('Ctrl Pts',(-9.9352719754695,-2.93436442885993,13.9846300365698));
#2266=CARTESIAN_POINT('Ctrl Pts',(-10.239364439831,-3.0000000000041,13.8144289579103));
#2267=CARTESIAN_POINT('Ctrl Pts',(-10.5223446101152,-3.,13.5316784598391));
#2268=CARTESIAN_POINT('Origin',(-10.522344610158,-6.,13.5316784598385));
#2269=CARTESIAN_POINT('Ctrl Pts',(-9.4211191055037,-5.37206456614742,10.8126713839354));
#2270=CARTESIAN_POINT('Ctrl Pts',(-9.99835271852123,-5.13615485836012,10.6333675798336));
#2271=CARTESIAN_POINT('Ctrl Pts',(-10.4599227293634,-4.97647007954964,10.3103687646516));
#2272=CARTESIAN_POINT('Ctrl Pts',(-10.7299609233521,-4.88687374715198,9.8913241383679));
#2273=CARTESIAN_POINT('Ctrl Pts',(-9.48217870363901,-4.61217803765784,10.9634320398411));
#2274=CARTESIAN_POINT('Ctrl Pts',(-10.1087290601179,-4.43471017474687,10.8211993818076));
#2275=CARTESIAN_POINT('Ctrl Pts',(-10.6392701098527,-4.31930392930252,10.4796869753618));
#2276=CARTESIAN_POINT('Ctrl Pts',(-10.9514380339955,-4.25506176325623,10.0124799717776));
#2277=CARTESIAN_POINT('Ctrl Pts',(-9.7922694577295,-3.40624115947932,11.7290690060942));
#2278=CARTESIAN_POINT('Ctrl Pts',(-10.5788834673085,-3.35651342881186,11.534459322235));
#2279=CARTESIAN_POINT('Ctrl Pts',(-11.2715474256648,-3.32648548968361,11.0636355529339));
#2280=CARTESIAN_POINT('Ctrl Pts',(-11.6807210193402,-3.30933391493965,10.4114236261547));
#2281=CARTESIAN_POINT('Ctrl Pts',(-10.3035576323925,-3.,12.9914772584084));
#2282=CARTESIAN_POINT('Ctrl Pts',(-11.3143830792399,-3.00033144347262,12.6190120520393));
#2283=CARTESIAN_POINT('Ctrl Pts',(-12.2024226956063,-2.99992412358107,11.9125578170147));
#2284=CARTESIAN_POINT('Ctrl Pts',(-12.7263393537201,-3.,10.9834139341476));
#2285=CARTESIAN_POINT('Ctrl Pts',(-10.522344610158,-3.,13.5316784598385));
#2286=CARTESIAN_POINT('Ctrl Pts',(-11.6291304365594,-3.,13.0834189495839));
#2287=CARTESIAN_POINT('Ctrl Pts',(-12.600937903177,-3.,12.2759219116292));
#2288=CARTESIAN_POINT('Ctrl Pts',(-13.1740185793899,-3.,11.2283103459197));
#2289=CARTESIAN_POINT('',(-13.174018581786,-3.,11.2283103472305));
#2290=CARTESIAN_POINT('Origin',(-13.1740185793899,-6.,11.2283103459197));
#2291=CARTESIAN_POINT('Ctrl Pts',(-10.522344610158,-3.,13.5316784598385));
#2292=CARTESIAN_POINT('Ctrl Pts',(-11.6291304365594,-3.,13.0834189495839));
#2293=CARTESIAN_POINT('Ctrl Pts',(-12.600937903177,-3.,12.2759219116292));
#2294=CARTESIAN_POINT('Ctrl Pts',(-13.1740185793899,-3.,11.2283103459197));
#2295=CARTESIAN_POINT('Ctrl Pts',(-10.7299609233782,-4.88687374714333,9.89132413832744));
#2296=CARTESIAN_POINT('Ctrl Pts',(-10.9162222011499,-4.82507386947056,9.60228433107997));
#2297=CARTESIAN_POINT('Ctrl Pts',(-11.0749641303868,-4.63064252010919,9.29004359071763));
#2298=CARTESIAN_POINT('Ctrl Pts',(-11.187977291221,-4.33925897160539,8.99999999999939));
#2299=CARTESIAN_POINT('Ctrl Pts',(-10.9514380340268,-4.25506176324998,10.0124799717304));
#2300=CARTESIAN_POINT('Ctrl Pts',(-11.108080407022,-4.2128727130083,9.79580239705538));
#2301=CARTESIAN_POINT('Ctrl Pts',(-11.2574767029056,-4.0863571427495,9.54588232995043));
#2302=CARTESIAN_POINT('Ctrl Pts',(-11.3683237843646,-3.87426887005929,9.26870442506988));
#2303=CARTESIAN_POINT('Ctrl Pts',(-11.6809522171475,-3.30959917654148,10.4115500994622));
#2304=CARTESIAN_POINT('Ctrl Pts',(-11.8000115021751,-3.3023729418018,10.2495699960181));
#2305=CARTESIAN_POINT('Ctrl Pts',(-11.9023654284716,-3.27144804657972,10.0348760264664));
#2306=CARTESIAN_POINT('Ctrl Pts',(-11.9526027776264,-3.16631251753927,9.73814773966735));
#2307=CARTESIAN_POINT('Ctrl Pts',(-12.7263393537751,-2.99999999999996,10.9834139340503));
#2308=CARTESIAN_POINT('Ctrl Pts',(-12.8578122487077,-3.00207924290982,10.7416427298368));
#2309=CARTESIAN_POINT('Ctrl Pts',(-12.9044368004915,-2.94861707508613,10.4382791274433));
#2310=CARTESIAN_POINT('Ctrl Pts',(-12.8471999267876,-2.8320037182176,10.0803606716255));
#2311=CARTESIAN_POINT('Ctrl Pts',(-13.1740185794499,-3.,11.2283103458104));
#2312=CARTESIAN_POINT('Ctrl Pts',(-13.3218786428241,-3.00000000000104,10.9333369456088));
#2313=CARTESIAN_POINT('Ctrl Pts',(-13.353316950429,-2.9153212531542,10.577341597371));
#2314=CARTESIAN_POINT('Ctrl Pts',(-13.2527427005206,-2.7696294793367,10.190700116507));
#2315=CARTESIAN_POINT('',(-13.2527427005206,-2.76962947933669,10.190700116507));
#2316=CARTESIAN_POINT('Origin',(-13.9849715723478,-5.42407369834174,8.99999999999848));
#2317=CARTESIAN_POINT('Ctrl Pts',(-13.1740185794499,-3.,11.2283103458104));
#2318=CARTESIAN_POINT('Ctrl Pts',(-13.3218786428241,-3.00000000000104,10.9333369456088));
#2319=CARTESIAN_POINT('Ctrl Pts',(-13.353316950429,-2.9153212531542,10.577341597371));
#2320=CARTESIAN_POINT('Ctrl Pts',(-13.2527427005206,-2.7696294793367,10.190700116507));
#2321=CARTESIAN_POINT('Ctrl Pts',(-13.2108852780963,-1.,8.88239545759762));
#2322=CARTESIAN_POINT('Ctrl Pts',(-13.1257216718813,-1.31343975717116,8.82092714395737));
#2323=CARTESIAN_POINT('Ctrl Pts',(-13.03592638724,-1.89169907499579,8.92856865828277));
#2324=CARTESIAN_POINT('Ctrl Pts',(-13.1078385167893,-2.47261644548011,9.54613292723378));
#2325=CARTESIAN_POINT('Ctrl Pts',(-13.2047387841319,-2.70009104643491,10.0061568031161));
#2326=CARTESIAN_POINT('Ctrl Pts',(-13.2527427005206,-2.7696294793367,10.190700116507));
#2327=CARTESIAN_POINT('Ctrl Pts',(-12.4454262498047,-0.922212046123005,
8.32991209385876));
#2328=CARTESIAN_POINT('Ctrl Pts',(-12.3917146709403,-1.2812211547084,8.25953573956564));
#2329=CARTESIAN_POINT('Ctrl Pts',(-12.3029304474246,-1.96413656630198,8.39584499579546));
#2330=CARTESIAN_POINT('Ctrl Pts',(-12.2642992166498,-2.61886164369544,9.14592315550445));
#2331=CARTESIAN_POINT('Ctrl Pts',(-12.2880073833317,-2.85147152833742,9.70880113865894));
#2332=CARTESIAN_POINT('Ctrl Pts',(-12.3064762284767,-2.91516937005869,9.93324141178308));
#2333=CARTESIAN_POINT('Ctrl Pts',(-11.970268799696,-0.845423978544836,7.3959531264502));
#2334=CARTESIAN_POINT('Ctrl Pts',(-11.9364376108434,-1.32542763082739,7.341058866842));
#2335=CARTESIAN_POINT('Ctrl Pts',(-11.8175935015098,-2.22596524489514,7.5439151875899));
#2336=CARTESIAN_POINT('Ctrl Pts',(-11.6150703359516,-3.10550056916315,8.47220336071729));
#2337=CARTESIAN_POINT('Ctrl Pts',(-11.5288510948505,-3.43167935158887,9.18522632227763));
#2338=CARTESIAN_POINT('Ctrl Pts',(-11.5035836542223,-3.52552629389963,9.47023274387205));
#2339=CARTESIAN_POINT('Ctrl Pts',(-11.9733038167299,-0.800000002384184,
6.44983272817574));
#2340=CARTESIAN_POINT('Ctrl Pts',(-11.9314186677235,-1.42687951859501,6.41204356002707));
#2341=CARTESIAN_POINT('Ctrl Pts',(-11.755587379581,-2.58339815769071,6.6827870451146));
#2342=CARTESIAN_POINT('Ctrl Pts',(-11.4104792026287,-3.74523290212197,7.78990330192613));
#2343=CARTESIAN_POINT('Ctrl Pts',(-11.241918278387,-4.20018210538734,8.6539067333158));
#2344=CARTESIAN_POINT('Ctrl Pts',(-11.187977291221,-4.33925897160539,8.99999999999848));
#2345=CARTESIAN_POINT('',(-13.2108852780963,-1.,8.88239545759762));
#2346=CARTESIAN_POINT('Ctrl Pts',(-13.2527427005206,-2.7696294793367,10.190700116507));
#2347=CARTESIAN_POINT('Ctrl Pts',(-13.2047387841319,-2.70009104643491,10.0061568031161));
#2348=CARTESIAN_POINT('Ctrl Pts',(-13.1078385167893,-2.47261644548011,9.54613292723378));
#2349=CARTESIAN_POINT('Ctrl Pts',(-13.03592638724,-1.89169907499579,8.92856865828277));
#2350=CARTESIAN_POINT('Ctrl Pts',(-13.1257216718813,-1.31343975717116,8.82092714395737));
#2351=CARTESIAN_POINT('Ctrl Pts',(-13.2108852780963,-1.,8.88239545759762));
#2352=CARTESIAN_POINT('Origin',(-14.9666297263084,-0.999999999999999,6.44983272817574));
#2353=CARTESIAN_POINT('Ctrl Pts',(-11.9733038167299,-0.800000002384185,
6.44983272817574));
#2354=CARTESIAN_POINT('Ctrl Pts',(-12.0088582686765,-0.267869684978583,
6.48191028298722));
#2355=CARTESIAN_POINT('Ctrl Pts',(-12.0088582686783,0.267869684897909,6.48191028298873));
#2356=CARTESIAN_POINT('Ctrl Pts',(-11.9733038167353,0.800000002303876,6.44983272818058));
#2357=CARTESIAN_POINT('Ctrl Pts',(-11.970268799696,-0.845423978544836,7.3959531264502));
#2358=CARTESIAN_POINT('Ctrl Pts',(-12.009644559953,-0.28282846153324,7.43893783719393));
#2359=CARTESIAN_POINT('Ctrl Pts',(-12.009644559955,0.282828461448041,7.43893783719582));
#2360=CARTESIAN_POINT('Ctrl Pts',(-11.9702687997019,0.845423978459901,7.39595312645667));
#2361=CARTESIAN_POINT('Ctrl Pts',(-12.4454262498047,-0.922212046123004,
8.32991209385876));
#2362=CARTESIAN_POINT('Ctrl Pts',(-12.5001870719686,-0.308690204931277,
8.3831091323552));
#2363=CARTESIAN_POINT('Ctrl Pts',(-12.5001870719713,0.308690204838277,8.38310913235745));
#2364=CARTESIAN_POINT('Ctrl Pts',(-12.445426249813,0.922212046030391,8.32991209386676));
#2365=CARTESIAN_POINT('Ctrl Pts',(-13.2108852780963,-0.999999999999999,
8.88239545759762));
#2366=CARTESIAN_POINT('Ctrl Pts',(-13.2831768997472,-0.334837105225414,
8.93457319255615));
#2367=CARTESIAN_POINT('Ctrl Pts',(-13.2831768997505,0.334837105124515,8.93457319255836));
#2368=CARTESIAN_POINT('Ctrl Pts',(-13.2108852781072,0.999999999899614,8.88239545760549));
#2369=CARTESIAN_POINT('',(-13.2108852784109,0.999999999949808,8.88239545782465));
#2370=CARTESIAN_POINT('Origin',(-14.9666297263151,0.999999999899613,6.44983272818058));
#2371=CARTESIAN_POINT('Ctrl Pts',(-13.2108852780963,-0.999999999999999,
8.88239545759762));
#2372=CARTESIAN_POINT('Ctrl Pts',(-13.2831768997472,-0.334837105225414,
8.93457319255615));
#2373=CARTESIAN_POINT('Ctrl Pts',(-13.2831768997505,0.334837105124515,8.93457319255836));
#2374=CARTESIAN_POINT('Ctrl Pts',(-13.2108852781072,0.999999999899614,8.88239545760549));
#2375=CARTESIAN_POINT('Ctrl Pts',(-11.973303816731,0.800000002368574,6.44983272817668));
#2376=CARTESIAN_POINT('Ctrl Pts',(-11.9314186741102,1.4268794230201,6.41204356578545));
#2377=CARTESIAN_POINT('Ctrl Pts',(-11.755580365356,2.58343151451993,6.68280363261557));
#2378=CARTESIAN_POINT('Ctrl Pts',(-11.4104753169093,3.74523862217462,7.78992340833626));
#2379=CARTESIAN_POINT('Ctrl Pts',(-11.2419182701645,4.20018212658765,8.65390678607286));
#2380=CARTESIAN_POINT('Ctrl Pts',(-11.187977291221,4.33925897160539,8.99999999999848));
#2381=CARTESIAN_POINT('Ctrl Pts',(-11.9702687996968,0.845423978532864,7.39595312645156));
#2382=CARTESIAN_POINT('Ctrl Pts',(-11.9364376160018,1.32542755764528,7.34105887520865));
#2383=CARTESIAN_POINT('Ctrl Pts',(-11.8175890944653,2.2259909197156,7.54392877366832));
#2384=CARTESIAN_POINT('Ctrl Pts',(-11.6150683973189,3.10550440472575,8.47222026119843));
#2385=CARTESIAN_POINT('Ctrl Pts',(-11.5288510909989,3.43167936589451,9.18522636572284));
#2386=CARTESIAN_POINT('Ctrl Pts',(-11.5035836542223,3.52552629389963,9.47023274387205));
#2387=CARTESIAN_POINT('Ctrl Pts',(-12.4454262498061,0.922212046114043,8.3299120938605));
#2388=CARTESIAN_POINT('Ctrl Pts',(-12.3917146791292,1.28122109997331,8.2595357502931));
#2389=CARTESIAN_POINT('Ctrl Pts',(-12.3029284327123,1.96415589746776,8.3958556128346));
#2390=CARTESIAN_POINT('Ctrl Pts',(-12.2643000677397,2.61886423678363,9.14593685545669));
#2391=CARTESIAN_POINT('Ctrl Pts',(-12.2880073861471,2.85147153804724,9.70880117287168));
#2392=CARTESIAN_POINT('Ctrl Pts',(-12.3064762284767,2.91516937005869,9.93324141178308));
#2393=CARTESIAN_POINT('Ctrl Pts',(-13.2108852780984,0.999999999992194,8.88239545759915));
#2394=CARTESIAN_POINT('Ctrl Pts',(-13.125721684865,1.31343970938392,8.82092715332709));
#2395=CARTESIAN_POINT('Ctrl Pts',(-13.0359256581033,1.89171575341033,8.92857736337307));
#2396=CARTESIAN_POINT('Ctrl Pts',(-13.1078414240364,2.47261930550649,9.54614419064879));
#2397=CARTESIAN_POINT('Ctrl Pts',(-13.2047387914494,2.70009105703505,10.0061568312471));
#2398=CARTESIAN_POINT('Ctrl Pts',(-13.2527427005206,2.76962947933669,10.190700116507));
#2399=CARTESIAN_POINT('',(-13.2527427005206,2.76962947933669,10.190700116507));
#2400=CARTESIAN_POINT('Origin',(-13.9849715723478,5.42407369834174,8.99999999999848));
#2401=CARTESIAN_POINT('Ctrl Pts',(-13.2108852780984,0.999999999992194,8.88239545759915));
#2402=CARTESIAN_POINT('Ctrl Pts',(-13.125721684865,1.31343970938392,8.82092715332709));
#2403=CARTESIAN_POINT('Ctrl Pts',(-13.0359256581033,1.89171575341033,8.92857736337307));
#2404=CARTESIAN_POINT('Ctrl Pts',(-13.1078414240364,2.47261930550649,9.54614419064879));
#2405=CARTESIAN_POINT('Ctrl Pts',(-13.2047387914494,2.70009105703505,10.0061568312471));
#2406=CARTESIAN_POINT('Ctrl Pts',(-13.2527427005206,2.76962947933669,10.190700116507));
#2407=CARTESIAN_POINT('Ctrl Pts',(-13.1740185794528,3.,11.2283103458047));
#2408=CARTESIAN_POINT('Ctrl Pts',(-13.3218786396044,2.99999999999999,10.9333369520281));
#2409=CARTESIAN_POINT('Ctrl Pts',(-13.3533169482379,2.91532124998054,10.5773415889485));
#2410=CARTESIAN_POINT('Ctrl Pts',(-13.2527427005206,2.76962947933669,10.190700116507));
#2411=CARTESIAN_POINT('Ctrl Pts',(-12.5771129452193,3.,10.9017817967926));
#2412=CARTESIAN_POINT('Ctrl Pts',(-12.7029876204677,3.00297073997249,10.6783083900936));
#2413=CARTESIAN_POINT('Ctrl Pts',(-12.7544865132724,2.95919169232776,10.3918710218296));
#2414=CARTESIAN_POINT('Ctrl Pts',(-12.7120190022099,2.8527951311779,10.0435808566649));
#2415=CARTESIAN_POINT('Ctrl Pts',(-11.5361774576743,3.42136891823484,10.3323531721159));
#2416=CARTESIAN_POINT('Ctrl Pts',(-11.6588293873148,3.40946057712867,10.1714436866593));
#2417=CARTESIAN_POINT('Ctrl Pts',(-11.7721039128526,3.36954444853517,9.96123615260831));
#2418=CARTESIAN_POINT('Ctrl Pts',(-11.8378160024332,3.25357313652008,9.67195299135333));
#2419=CARTESIAN_POINT('Ctrl Pts',(-10.8960687563678,4.4130147592224,9.98219101337513));
#2420=CARTESIAN_POINT('Ctrl Pts',(-11.0602051550923,4.36578545965502,9.74699394956323));
#2421=CARTESIAN_POINT('Ctrl Pts',(-11.2121165265159,4.22280263457629,9.48197706420337));
#2422=CARTESIAN_POINT('Ctrl Pts',(-11.3232371610787,3.99051639544582,9.20152831880226));
#2423=CARTESIAN_POINT('Ctrl Pts',(-10.7299609233818,4.88687374714214,9.89132413832185));
#2424=CARTESIAN_POINT('Ctrl Pts',(-10.9162221970955,4.825073870814,9.60228433737071));
#2425=CARTESIAN_POINT('Ctrl Pts',(-11.0749641328487,4.63064251376151,9.29004358439922));
#2426=CARTESIAN_POINT('Ctrl Pts',(-11.187977291221,4.33925897160539,8.99999999999939));
#2427=CARTESIAN_POINT('',(-13.1740185794521,3.,11.2283103458044));
#2428=CARTESIAN_POINT('Ctrl Pts',(-13.2527427005206,2.76962947933669,10.190700116507));
#2429=CARTESIAN_POINT('Ctrl Pts',(-13.3533169482379,2.91532124998054,10.5773415889485));
#2430=CARTESIAN_POINT('Ctrl Pts',(-13.3218786396044,2.99999999999999,10.9333369520281));
#2431=CARTESIAN_POINT('Ctrl Pts',(-13.1740185794528,3.,11.2283103458047));
#2432=CARTESIAN_POINT('',(-10.7299609233818,4.88687374714214,9.89132413832185));
#2433=CARTESIAN_POINT('Origin',(-13.1740185794528,6.,11.2283103458046));
#2434=CARTESIAN_POINT('Ctrl Pts',(-10.7299609233818,4.88687374714214,9.89132413832185));
#2435=CARTESIAN_POINT('Ctrl Pts',(-10.9162221970955,4.825073870814,9.60228433737071));
#2436=CARTESIAN_POINT('Ctrl Pts',(-11.0749641328487,4.63064251376151,9.29004358439922));
#2437=CARTESIAN_POINT('Ctrl Pts',(-11.187977291221,4.33925897160539,8.99999999999939));
#2438=CARTESIAN_POINT('Ctrl Pts',(-10.7299609233818,4.88687374714214,9.89132413832188));
#2439=CARTESIAN_POINT('Ctrl Pts',(-10.4599227236436,4.97647008144695,10.3103687735557));
#2440=CARTESIAN_POINT('Ctrl Pts',(-9.99835273018282,5.13615485356999,10.6333675763618));
#2441=CARTESIAN_POINT('Ctrl Pts',(-9.42111910474057,5.3720645664593,10.8126713841725));
#2442=CARTESIAN_POINT('Ctrl Pts',(-10.9514380340298,4.25506176324916,10.0124799717262));
#2443=CARTESIAN_POINT('Ctrl Pts',(-10.6392701032402,4.31930393066284,10.4796869852906));
#2444=CARTESIAN_POINT('Ctrl Pts',(-10.1087290727488,4.43471017113814,10.8211993791236));
#2445=CARTESIAN_POINT('Ctrl Pts',(-9.48217870281013,4.61217803789302,10.9634320400313));
#2446=CARTESIAN_POINT('Ctrl Pts',(-11.6807210193852,3.30933391493791,10.4114236260832));
#2447=CARTESIAN_POINT('Ctrl Pts',(-11.2715474169972,3.32648549004693,11.0636355667944));
#2448=CARTESIAN_POINT('Ctrl Pts',(-10.5788834831413,3.35651342779875,11.5344593185674));
#2449=CARTESIAN_POINT('Ctrl Pts',(-9.79226945668983,3.40624115954493,11.7290690063509));
#2450=CARTESIAN_POINT('Ctrl Pts',(-12.7263393537777,3.,10.9834139340456));
#2451=CARTESIAN_POINT('Ctrl Pts',(-12.2024226845082,2.99992412357945,11.9125578367581));
#2452=CARTESIAN_POINT('Ctrl Pts',(-11.3143830995868,3.00033144347989,12.619012044857));
#2453=CARTESIAN_POINT('Ctrl Pts',(-10.3035576310563,3.,12.9914772589004));
#2454=CARTESIAN_POINT('Ctrl Pts',(-13.1740185794528,3.,11.2283103458047));
#2455=CARTESIAN_POINT('Ctrl Pts',(-12.6009378910373,3.,12.2759219338892));
#2456=CARTESIAN_POINT('Ctrl Pts',(-11.6291304588381,3.,13.0834189409044));
#2457=CARTESIAN_POINT('Ctrl Pts',(-10.5223446086948,3.,13.5316784604311));
#2458=CARTESIAN_POINT('',(-10.5223446094209,3.,13.5316784622239));
#2459=CARTESIAN_POINT('',(-9.42111910474057,5.3720645664593,10.8126713841725));
#2460=CARTESIAN_POINT('Origin',(-10.5223446086948,6.,13.5316784604311));
#2461=CARTESIAN_POINT('Ctrl Pts',(-9.42111910474057,5.3720645664593,10.8126713841725));
#2462=CARTESIAN_POINT('Ctrl Pts',(-9.99835273018282,5.13615485356999,10.6333675763618));
#2463=CARTESIAN_POINT('Ctrl Pts',(-10.4599227236436,4.97647008144695,10.3103687735557));
#2464=CARTESIAN_POINT('Ctrl Pts',(-10.7299609233818,4.88687374714214,9.89132413832188));
#2465=CARTESIAN_POINT('Ctrl Pts',(-13.1740185794528,3.,11.2283103458047));
#2466=CARTESIAN_POINT('Ctrl Pts',(-12.6009378910373,3.,12.2759219338892));
#2467=CARTESIAN_POINT('Ctrl Pts',(-11.6291304588381,3.,13.0834189409044));
#2468=CARTESIAN_POINT('Ctrl Pts',(-10.5223446086948,3.,13.5316784604311));
#2469=CARTESIAN_POINT('Ctrl Pts',(-9.42111910449042,5.37206456656153,10.8126713842502));
#2470=CARTESIAN_POINT('Ctrl Pts',(-9.04900644768836,5.5241433541707,10.9282592733902));
#2471=CARTESIAN_POINT('Ctrl Pts',(-8.66179157170711,5.58405598364899,11.));
#2472=CARTESIAN_POINT('Ctrl Pts',(-8.3512511304768,5.50060070646732,11.));
#2473=CARTESIAN_POINT('Ctrl Pts',(-9.48217870280307,4.61217803789396,10.9634320400041));
#2474=CARTESIAN_POINT('Ctrl Pts',(-9.17909888081572,4.69709895372726,11.0203731577029));
#2475=CARTESIAN_POINT('Ctrl Pts',(-8.9219722122691,4.72879865266572,11.0183570589504));
#2476=CARTESIAN_POINT('Ctrl Pts',(-8.7403779329702,4.69647141187147,11.));
#2477=CARTESIAN_POINT('Ctrl Pts',(-9.79224779774767,3.40617259722259,11.7290155277132));
#2478=CARTESIAN_POINT('Ctrl Pts',(-9.57773848828167,3.36932493412029,11.8009641197503));
#2479=CARTESIAN_POINT('Ctrl Pts',(-9.47313219068629,3.31123850594096,11.775566902208));
#2480=CARTESIAN_POINT('Ctrl Pts',(-9.41457129189015,3.30325298883902,11.7446137760019));
#2481=CARTESIAN_POINT('Ctrl Pts',(-10.3035576316852,2.99999999992057,12.9914772590077));
#2482=CARTESIAN_POINT('Ctrl Pts',(-10.0588366078665,2.96938590762755,13.2112352506423));
#2483=CARTESIAN_POINT('Ctrl Pts',(-9.84319932477689,2.89371032885833,13.3221235147192));
#2484=CARTESIAN_POINT('Ctrl Pts',(-9.65580628124012,2.80474165378104,13.307627739928));
#2485=CARTESIAN_POINT('Ctrl Pts',(-10.5223446093446,3.,13.5316784606091));
#2486=CARTESIAN_POINT('Ctrl Pts',(-10.2393644603312,2.99999999989193,13.8144289371923));
#2487=CARTESIAN_POINT('Ctrl Pts',(-9.93527195459453,2.93436441876269,13.9846300360412));
#2488=CARTESIAN_POINT('Ctrl Pts',(-9.65798454310843,2.80024028258692,13.9776087192725));
#2489=CARTESIAN_POINT('',(-9.65798454310842,2.80024028258693,13.9776087192725));
#2490=CARTESIAN_POINT('',(-8.3512511304768,5.50060070646732,11.));
#2491=CARTESIAN_POINT('Origin',(-8.3512511304768,5.50060070646732,14.));
#2492=CARTESIAN_POINT('Ctrl Pts',(-8.3512511304768,5.50060070646732,11.));
#2493=CARTESIAN_POINT('Ctrl Pts',(-8.66179157170711,5.58405598364899,11.));
#2494=CARTESIAN_POINT('Ctrl Pts',(-9.04900644768836,5.5241433541707,10.9282592733902));
#2495=CARTESIAN_POINT('Ctrl Pts',(-9.42111910449042,5.37206456656153,10.8126713842502));
#2496=CARTESIAN_POINT('Ctrl Pts',(-10.5223446085754,3.,13.5316784613777));
#2497=CARTESIAN_POINT('Ctrl Pts',(-10.2393644597802,2.99999999977298,13.8144289375007));
#2498=CARTESIAN_POINT('Ctrl Pts',(-9.93527195434328,2.93436441864116,13.9846300360348));
#2499=CARTESIAN_POINT('Ctrl Pts',(-9.65798454310843,2.80024028258692,13.9776087192725));
#2500=CARTESIAN_POINT('Ctrl Pts',(-8.3512511304768,5.50060070646732,11.));
#2501=CARTESIAN_POINT('Ctrl Pts',(-7.51855646595206,5.09765081465586,11.));
#2502=CARTESIAN_POINT('Ctrl Pts',(-6.80168911827598,4.45849712250034,11.));
#2503=CARTESIAN_POINT('Ctrl Pts',(-6.30628903296364,3.67718698775148,11.));
#2504=CARTESIAN_POINT('Ctrl Pts',(-8.7403779329702,4.69647141187147,11.));
#2505=CARTESIAN_POINT('Ctrl Pts',(-8.05629981103225,4.36725927928888,11.0000597504077));
#2506=CARTESIAN_POINT('Ctrl Pts',(-7.46518759173448,3.8421754570503,10.9999657793855));
#2507=CARTESIAN_POINT('Ctrl Pts',(-7.05745429219301,3.20090066180294,11.));
#2508=CARTESIAN_POINT('Ctrl Pts',(-9.41457895282971,3.3032371575319,11.7445902735889));
#2509=CARTESIAN_POINT('Ctrl Pts',(-8.98617827941123,3.10066712745386,11.7417389972174));
#2510=CARTESIAN_POINT('Ctrl Pts',(-8.61597415855404,2.77596894453407,11.7393753858325));
#2511=CARTESIAN_POINT('Ctrl Pts',(-8.35914994200761,2.37554321757097,11.7377312956808));
#2512=CARTESIAN_POINT('Ctrl Pts',(-9.65580628124012,2.80474165378104,13.307627739928));
#2513=CARTESIAN_POINT('Ctrl Pts',(-9.32126952526512,2.64502530554682,13.3003866380673));
#2514=CARTESIAN_POINT('Ctrl Pts',(-9.03150974305542,2.38909249222393,13.2943358831916));
#2515=CARTESIAN_POINT('Ctrl Pts',(-8.83160578487297,2.0759763049556,13.2901463342767));
#2516=CARTESIAN_POINT('Ctrl Pts',(-9.65798454310842,2.80024028258693,13.9776087192725));
#2517=CARTESIAN_POINT('Ctrl Pts',(-9.3247620951742,2.63906032586252,13.969171046791));
#2518=CARTESIAN_POINT('Ctrl Pts',(-9.03789427351914,2.38339884900012,13.9620467100543));
#2519=CARTESIAN_POINT('Ctrl Pts',(-8.83965152703252,2.07087479510059,13.9571559410625));
#2520=CARTESIAN_POINT('',(-8.83965152703252,2.07087479510059,13.9571559410625));
#2521=CARTESIAN_POINT('',(-6.30628903295415,3.6771869877575,11.));
#2522=CARTESIAN_POINT('Origin',(-6.30628903296364,3.67718698775148,14.));
#2523=CARTESIAN_POINT('Ctrl Pts',(-6.30628903296364,3.67718698775148,11.));
#2524=CARTESIAN_POINT('Ctrl Pts',(-6.80168911827598,4.45849712250034,11.));
#2525=CARTESIAN_POINT('Ctrl Pts',(-7.51855646595206,5.09765081465586,11.));
#2526=CARTESIAN_POINT('Ctrl Pts',(-8.3512511304768,5.50060070646732,11.));
#2527=CARTESIAN_POINT('Ctrl Pts',(-9.65798454310842,2.80024028258693,13.9776087192725));
#2528=CARTESIAN_POINT('Ctrl Pts',(-9.3247620951742,2.63906032586252,13.969171046791));
#2529=CARTESIAN_POINT('Ctrl Pts',(-9.03789427351914,2.38339884900012,13.9620467100543));
#2530=CARTESIAN_POINT('Ctrl Pts',(-8.83965152703252,2.07087479510059,13.9571559410625));
#2531=CARTESIAN_POINT('Ctrl Pts',(-6.30628903296364,3.67718698775148,11.));
#2532=CARTESIAN_POINT('Ctrl Pts',(-5.8020209778688,2.88189091543187,11.));
#2533=CARTESIAN_POINT('Ctrl Pts',(-5.52905304524064,1.94169109268106,11.));
#2534=CARTESIAN_POINT('Ctrl Pts',(-5.52905304524077,0.999999999999316,11.));
#2535=CARTESIAN_POINT('Ctrl Pts',(-7.05745429219301,3.20090066180294,11.));
#2536=CARTESIAN_POINT('Ctrl Pts',(-6.6424223128837,2.54814664869685,11.0000348331848));
#2537=CARTESIAN_POINT('Ctrl Pts',(-6.4170352651026,1.7737825733282,11.));
#2538=CARTESIAN_POINT('Ctrl Pts',(-6.41703526510271,0.999999999999438,11.));
#2539=CARTESIAN_POINT('Ctrl Pts',(-8.35918888944574,2.37551852242968,11.7376693162382));
#2540=CARTESIAN_POINT('Ctrl Pts',(-8.09776735961804,1.96792492579492,11.7359957958497));
#2541=CARTESIAN_POINT('Ctrl Pts',(-7.95596627477335,1.48489130112837,11.7351180429504));
#2542=CARTESIAN_POINT('Ctrl Pts',(-7.95596627477342,0.999999999999648,11.7351180429504));
#2543=CARTESIAN_POINT('Ctrl Pts',(-8.83160578487297,2.0759763049556,13.2901463342767));
#2544=CARTESIAN_POINT('Ctrl Pts',(-8.62812342145176,1.75725514310324,13.2858817898294));
#2545=CARTESIAN_POINT('Ctrl Pts',(-8.51742198794086,1.3784099471304,13.2836276805144));
#2546=CARTESIAN_POINT('Ctrl Pts',(-8.51742198794091,0.999999999999725,13.2836276805144));
#2547=CARTESIAN_POINT('Ctrl Pts',(-8.83965152703252,2.07087479510059,13.9571559410625));
#2548=CARTESIAN_POINT('Ctrl Pts',(-8.63786011203015,1.75275636617277,13.9521776242627));
#2549=CARTESIAN_POINT('Ctrl Pts',(-8.52862831105503,1.3766764370724,13.9495200563096));
#2550=CARTESIAN_POINT('Ctrl Pts',(-8.52862831105508,0.999999999999727,13.9495200563096));
#2551=CARTESIAN_POINT('',(-7.85196366097891,1.,12.1015568822609));
#2552=CARTESIAN_POINT('Ctrl Pts',(-7.85196366097912,0.999999999999635,12.1015568822611));
#2553=CARTESIAN_POINT('Ctrl Pts',(-7.70321290693564,1.25764386366711,11.9195473701309));
#2554=CARTESIAN_POINT('Ctrl Pts',(-7.53844332598989,1.54303314940705,11.7161352052768));
#2555=CARTESIAN_POINT('Ctrl Pts',(-7.18731486143024,2.15120549000801,11.3712392867868));
#2556=CARTESIAN_POINT('Ctrl Pts',(-7.02012488737231,2.44078701959242,11.2390056368684));
#2557=CARTESIAN_POINT('Ctrl Pts',(-6.66837548410487,3.05003485758365,11.0518064407034));
#2558=CARTESIAN_POINT('Ctrl Pts',(-6.48825363255514,3.36201505602117,10.9999999999985));
#2559=CARTESIAN_POINT('Ctrl Pts',(-6.30628903293813,3.67718698773675,11.));
#2560=CARTESIAN_POINT('',(-8.52862831105508,1.,13.9495200563096));
#2561=CARTESIAN_POINT('Ctrl Pts',(-8.83965152703252,2.07087479510059,13.9571559410625));
#2562=CARTESIAN_POINT('Ctrl Pts',(-8.63786011203015,1.75275636617277,13.9521776242627));
#2563=CARTESIAN_POINT('Ctrl Pts',(-8.52862831105503,1.3766764370724,13.9495200563096));
#2564=CARTESIAN_POINT('Ctrl Pts',(-8.52862831105508,0.999999999999727,13.9495200563096));
#2565=CARTESIAN_POINT('Origin',(-5.52905304524077,1.,14.));
#2566=CARTESIAN_POINT('Ctrl Pts',(-5.52905304524077,-0.999999999999973,
11.));
#2567=CARTESIAN_POINT('Ctrl Pts',(-5.52905304524077,-1.94169109398207,11.));
#2568=CARTESIAN_POINT('Ctrl Pts',(-5.8020209786412,-2.88189091802236,11.));
#2569=CARTESIAN_POINT('Ctrl Pts',(-6.30628903505299,-3.67718699104665,11.));
#2570=CARTESIAN_POINT('Ctrl Pts',(-6.41703526510271,-0.999999999999978,
11.));
#2571=CARTESIAN_POINT('Ctrl Pts',(-6.41703526510271,-1.77378257439725,11.));
#2572=CARTESIAN_POINT('Ctrl Pts',(-6.64242231352154,-2.54814665082747,11.0000348331849));
#2573=CARTESIAN_POINT('Ctrl Pts',(-7.057454293914,-3.20090066450983,11.));
#2574=CARTESIAN_POINT('Ctrl Pts',(-7.95596627477335,-0.999999999999986,
11.7351180429504));
#2575=CARTESIAN_POINT('Ctrl Pts',(-7.95596627477335,-1.48489130179833,11.7351180429504));
#2576=CARTESIAN_POINT('Ctrl Pts',(-8.09776736001962,-1.96792492712687,11.7359957958523));
#2577=CARTESIAN_POINT('Ctrl Pts',(-8.3591888905281,-2.37551852411727,11.7376693162452));
#2578=CARTESIAN_POINT('Ctrl Pts',(-8.51742198794092,-0.999999999999989,
13.2836276805144));
#2579=CARTESIAN_POINT('Ctrl Pts',(-8.51742198794091,-1.37840994765327,13.2836276805144));
#2580=CARTESIAN_POINT('Ctrl Pts',(-8.62812342176511,-1.75725514414519,13.2858817898358));
#2581=CARTESIAN_POINT('Ctrl Pts',(-8.83160578571688,-2.07597630627752,13.2901463342944));
#2582=CARTESIAN_POINT('Ctrl Pts',(-8.52862831105509,-0.999999999999989,
13.9495200563096));
#2583=CARTESIAN_POINT('Ctrl Pts',(-8.52862831105508,-1.37667643759288,13.9495200563096));
#2584=CARTESIAN_POINT('Ctrl Pts',(-8.6378601123392,-1.75275636720891,13.9521776242702));
#2585=CARTESIAN_POINT('Ctrl Pts',(-8.83965152786861,-2.07087479641866,13.9571559410832));
#2586=CARTESIAN_POINT('',(-7.85196366097891,-1.,12.1015568822609));
#2587=CARTESIAN_POINT('Ctrl Pts',(-6.30628903203362,-3.67718698930342,11.));
#2588=CARTESIAN_POINT('Ctrl Pts',(-6.4976909288315,-3.34566917938443,10.9999999998172));
#2589=CARTESIAN_POINT('Ctrl Pts',(-6.74287549711597,-2.92099704988389,11.0547946788009));
#2590=CARTESIAN_POINT('Ctrl Pts',(-7.35893954610003,-1.85394281632689,11.4956319419572));
#2591=CARTESIAN_POINT('Ctrl Pts',(-7.62379116562746,-1.3952063548391,11.8223025327222));
#2592=CARTESIAN_POINT('Ctrl Pts',(-7.84769012744372,-1.00740197721141,12.0963274575219));
#2593=CARTESIAN_POINT('Ctrl Pts',(-7.84982876638635,-1.00369774590311,12.0989446526575));
#2594=CARTESIAN_POINT('Ctrl Pts',(-7.85196366097892,-0.999999999999986,
12.1015568822609));
#2595=CARTESIAN_POINT('',(-8.52862831105508,-1.,13.9495200563096));
#2596=CARTESIAN_POINT('Origin',(-5.52905304524077,-1.,14.));
#2597=CARTESIAN_POINT('Ctrl Pts',(-8.52862831105509,-0.999999999999989,
13.9495200563096));
#2598=CARTESIAN_POINT('Ctrl Pts',(-8.52862831105508,-1.37667643759288,13.9495200563096));
#2599=CARTESIAN_POINT('Ctrl Pts',(-8.6378601123392,-1.75275636720891,13.9521776242702));
#2600=CARTESIAN_POINT('Ctrl Pts',(-8.83965152786861,-2.07087479641866,13.9571559410832));
#2601=CARTESIAN_POINT('Ctrl Pts',(-7.85196366097891,1.,12.1015568822609));
#2602=CARTESIAN_POINT('Ctrl Pts',(-7.85196366097891,0.333333333333333,12.1015568822609));
#2603=CARTESIAN_POINT('Ctrl Pts',(-7.85196366097891,-0.333333333333334,
12.1015568822609));
#2604=CARTESIAN_POINT('Ctrl Pts',(-7.85196366097891,-1.,12.1015568822609));
#2605=CARTESIAN_POINT('Ctrl Pts',(-8.27490838043666,1.,12.6190666087934));
#2606=CARTESIAN_POINT('Ctrl Pts',(-8.27490838043666,0.333333333333332,12.6190666087934));
#2607=CARTESIAN_POINT('Ctrl Pts',(-8.27490838043666,-0.333333333333334,
12.6190666087934));
#2608=CARTESIAN_POINT('Ctrl Pts',(-8.27490838043666,-1.,12.6190666087934));
#2609=CARTESIAN_POINT('Ctrl Pts',(-8.51738213495275,1.,13.2812595709478));
#2610=CARTESIAN_POINT('Ctrl Pts',(-8.51738213495275,0.333333333333334,13.2812595709478));
#2611=CARTESIAN_POINT('Ctrl Pts',(-8.51738213495275,-0.333333333333333,
13.2812595709478));
#2612=CARTESIAN_POINT('Ctrl Pts',(-8.51738213495275,-1.,13.2812595709478));
#2613=CARTESIAN_POINT('Ctrl Pts',(-8.52862831105508,1.,13.9495200563096));
#2614=CARTESIAN_POINT('Ctrl Pts',(-8.52862831105508,0.333333333333333,13.9495200563096));
#2615=CARTESIAN_POINT('Ctrl Pts',(-8.52862831105508,-0.333333333333334,
13.9495200563096));
#2616=CARTESIAN_POINT('Ctrl Pts',(-8.52862831105508,-1.,13.9495200563096));
#2617=CARTESIAN_POINT('',(-8.42931393016851,1.30642024975813E-13,13.2328710673175));
#2618=CARTESIAN_POINT('Ctrl Pts',(-8.42931393016897,-7.55980594846652E-13,
13.2328710673195));
#2619=CARTESIAN_POINT('Ctrl Pts',(-8.41947941839667,0.0170338740565005,
13.1956900295559));
#2620=CARTESIAN_POINT('Ctrl Pts',(-8.40903398632922,0.0351258930938884,
13.1590917178767));
#2621=CARTESIAN_POINT('Ctrl Pts',(-8.30702818055281,0.211805131365639,12.8253590982953));
#2622=CARTESIAN_POINT('Ctrl Pts',(-8.1704013956672,0.448449664472737,12.543774234691));
#2623=CARTESIAN_POINT('Ctrl Pts',(-7.94679679692609,0.835744190298396,12.2221130236255));
#2624=CARTESIAN_POINT('Ctrl Pts',(-7.89982406269132,0.91710335256344,12.1601182550892));
#2625=CARTESIAN_POINT('Ctrl Pts',(-7.85196366097891,1.,12.1015568822609));
#2626=CARTESIAN_POINT('Ctrl Pts',(-8.52862831105508,1.,13.9495200563096));
#2627=CARTESIAN_POINT('Ctrl Pts',(-8.52862831105508,0.333333333333333,13.9495200563096));
#2628=CARTESIAN_POINT('Ctrl Pts',(-8.52862831105508,-0.333333333333334,
13.9495200563096));
#2629=CARTESIAN_POINT('Ctrl Pts',(-8.52862831105508,-1.,13.9495200563096));
#2630=CARTESIAN_POINT('Ctrl Pts',(-7.85196366097891,-1.,12.1015568822609));
#2631=CARTESIAN_POINT('Ctrl Pts',(-8.01687395663662,-0.714366989229647,
12.3033390019612));
#2632=CARTESIAN_POINT('Ctrl Pts',(-8.17536355611065,-0.439854950469383,
12.5509230948831));
#2633=CARTESIAN_POINT('Ctrl Pts',(-8.34847293150142,-0.140020717026054,
12.966698033329));
#2634=CARTESIAN_POINT('Ctrl Pts',(-8.39298961973171,-0.0629155512264937,
13.0955408582179));
#2635=CARTESIAN_POINT('Ctrl Pts',(-8.42931393016848,-1.03857894506731E-13,
13.2328710673177));
#2636=CARTESIAN_POINT('Origin',(0.,0.,9.));
#2637=CARTESIAN_POINT('Origin',(0.,0.,11.));
#2638=CARTESIAN_POINT('Ctrl Pts',(-13.1238802778206,1.,8.81865795061422));
#2639=CARTESIAN_POINT('Ctrl Pts',(-13.536575352382,1.,9.12558496279244));
#2640=CARTESIAN_POINT('Ctrl Pts',(-14.5090122051773,1.,9.71007491542648));
#2641=CARTESIAN_POINT('Ctrl Pts',(-16.3192031327335,1.,10.6494024576229));
#2642=CARTESIAN_POINT('Ctrl Pts',(-18.3687480989331,1.,12.1298381608133));
#2643=CARTESIAN_POINT('Ctrl Pts',(-19.8817173455407,1.,14.3636366965804));
#2644=CARTESIAN_POINT('Ctrl Pts',(-20.6096946515734,1.,16.6501548861802));
#2645=CARTESIAN_POINT('Ctrl Pts',(-20.9477812846501,1.,18.8657016675197));
#2646=CARTESIAN_POINT('Ctrl Pts',(-21.0000003129244,1.,20.2929017951804));
#2647=CARTESIAN_POINT('Ctrl Pts',(-21.0000003129244,1.,21.000000372529));
#2648=CARTESIAN_POINT('Ctrl Pts',(-13.1238802778206,1.59839860068377,8.81865795061422));
#2649=CARTESIAN_POINT('Ctrl Pts',(-13.536209265391,1.59839860068377,9.12531269885409));
#2650=CARTESIAN_POINT('Ctrl Pts',(-14.5079593877663,1.59839860068377,9.70909299446997));
#2651=CARTESIAN_POINT('Ctrl Pts',(-16.318342217628,1.59839860068377,10.6484869273055));
#2652=CARTESIAN_POINT('Ctrl Pts',(-18.3686168834733,1.59839860068377,12.1288611158687));
#2653=CARTESIAN_POINT('Ctrl Pts',(-19.8822318140209,1.59839860068377,14.3637325376247));
#2654=CARTESIAN_POINT('Ctrl Pts',(-20.6101752571336,1.59839860068377,16.6505010183906));
#2655=CARTESIAN_POINT('Ctrl Pts',(-20.948061495853,1.59839860068377,18.8661829467414));
#2656=CARTESIAN_POINT('Ctrl Pts',(-21.0000003129244,1.59839860068377,20.2927314056296));
#2657=CARTESIAN_POINT('Ctrl Pts',(-21.0000003129244,1.59839860068377,21.000000372529));
#2658=CARTESIAN_POINT('Ctrl Pts',(-12.8244548508385,2.63470970364156,9.22126636893807));
#2659=CARTESIAN_POINT('Ctrl Pts',(-13.265509088905,2.63470970364156,9.54928448168669));
#2660=CARTESIAN_POINT('Ctrl Pts',(-14.2774790601674,2.63470970364156,10.1543446659767));
#2661=CARTESIAN_POINT('Ctrl Pts',(-16.0692241419013,2.63470970364156,11.0866515838079));
#2662=CARTESIAN_POINT('Ctrl Pts',(-18.0048940561727,2.63470970364156,12.4905257793461));
#2663=CARTESIAN_POINT('Ctrl Pts',(-19.4192929579157,2.63470970364156,14.5770743709876));
#2664=CARTESIAN_POINT('Ctrl Pts',(-20.1191886517517,2.63470970364156,16.7609167457615));
#2665=CARTESIAN_POINT('Ctrl Pts',(-20.4465126403577,2.63470970364156,18.9090920790845));
#2666=CARTESIAN_POINT('Ctrl Pts',(-20.4982542368773,2.63470970364156,20.306101130991));
#2667=CARTESIAN_POINT('Ctrl Pts',(-20.4982542368773,2.63470970364156,21.000000372529));
#2668=CARTESIAN_POINT('Ctrl Pts',(-12.1981749086088,3.,10.0633644482845));
#2669=CARTESIAN_POINT('Ctrl Pts',(-12.6982464078581,3.,10.4352745111879));
#2670=CARTESIAN_POINT('Ctrl Pts',(-13.7923433275315,3.,11.0827800402644));
#2671=CARTESIAN_POINT('Ctrl Pts',(-15.5456636699048,3.,12.0004567910855));
#2672=CARTESIAN_POINT('Ctrl Pts',(-17.2437477073888,3.,13.244144267922));
#2673=CARTESIAN_POINT('Ctrl Pts',(-18.4525035425555,3.,15.0235800951575));
#2674=CARTESIAN_POINT('Ctrl Pts',(-19.0936359243511,3.,16.9928695211714));
#2675=CARTESIAN_POINT('Ctrl Pts',(-19.3982850721421,3.,19.000240701189));
#2676=CARTESIAN_POINT('Ctrl Pts',(-19.4487992634372,3.,20.3335698061103));
#2677=CARTESIAN_POINT('Ctrl Pts',(-19.4487992634372,3.,21.000000372529));
#2678=CARTESIAN_POINT('Ctrl Pts',(-11.9303465711256,3.,10.4234873156817));
#2679=CARTESIAN_POINT('Ctrl Pts',(-12.4556170904635,3.,10.814138236963));
#2680=CARTESIAN_POINT('Ctrl Pts',(-13.5847611186183,3.,11.4797185691254));
#2681=CARTESIAN_POINT('Ctrl Pts',(-15.3216699413461,3.,12.391145932571));
#2682=CARTESIAN_POINT('Ctrl Pts',(-16.9182295871202,3.,13.5663229622927));
#2683=CARTESIAN_POINT('Ctrl Pts',(-18.039112251455,3.,15.2145384581585));
#2684=CARTESIAN_POINT('Ctrl Pts',(-18.6551108582355,3.,17.0921015440534));
#2685=CARTESIAN_POINT('Ctrl Pts',(-18.9500413969359,3.,19.0392725412934));
#2686=CARTESIAN_POINT('Ctrl Pts',(-19.0000003129244,3.,20.3452983018463));
#2687=CARTESIAN_POINT('Ctrl Pts',(-19.0000003129244,3.,21.000000372529));
#2688=CARTESIAN_POINT('',(-21.0000003129244,1.,21.000000372529));
#2689=CARTESIAN_POINT('Ctrl Pts',(-13.210895410148,1.,8.88238141273235));
#2690=CARTESIAN_POINT('Ctrl Pts',(-13.604371453652,1.,9.16621482255278));
#2691=CARTESIAN_POINT('Ctrl Pts',(-14.5509044446953,1.,9.73181324909314));
#2692=CARTESIAN_POINT('Ctrl Pts',(-16.3192031327335,1.,10.6494024576229));
#2693=CARTESIAN_POINT('Ctrl Pts',(-18.3687480989331,1.,12.1298381608133));
#2694=CARTESIAN_POINT('Ctrl Pts',(-19.8817173455407,1.,14.3636366965804));
#2695=CARTESIAN_POINT('Ctrl Pts',(-20.6096946515734,1.,16.6501548861802));
#2696=CARTESIAN_POINT('Ctrl Pts',(-20.9477812846501,1.,18.8657016675197));
#2697=CARTESIAN_POINT('Ctrl Pts',(-21.0000003129244,1.,20.2929017951804));
#2698=CARTESIAN_POINT('Ctrl Pts',(-21.0000003129244,1.,21.000000372529));
#2699=CARTESIAN_POINT('',(-19.0000003129244,3.,21.000000372529));
#2700=CARTESIAN_POINT('Origin',(-19.0000003129244,1.,21.000000372529));
#2701=CARTESIAN_POINT('Ctrl Pts',(-19.0000003129244,3.,21.000000372529));
#2702=CARTESIAN_POINT('Ctrl Pts',(-19.0000003129244,3.,20.3452983018463));
#2703=CARTESIAN_POINT('Ctrl Pts',(-18.9500413969359,3.,19.0392725412934));
#2704=CARTESIAN_POINT('Ctrl Pts',(-18.6551108582355,3.,17.0921015440534));
#2705=CARTESIAN_POINT('Ctrl Pts',(-18.039112251455,3.,15.2145384581585));
#2706=CARTESIAN_POINT('Ctrl Pts',(-16.9182295871202,3.,13.5663229622927));
#2707=CARTESIAN_POINT('Ctrl Pts',(-15.3216699413461,3.,12.391145932571));
#2708=CARTESIAN_POINT('Ctrl Pts',(-14.0220627504254,3.,11.7091886875871));
#2709=CARTESIAN_POINT('Ctrl Pts',(-13.3125779229343,3.,11.3085910815827));
#2710=CARTESIAN_POINT('Ctrl Pts',(-13.1740037637898,3.,11.2283358212496));
#2711=CARTESIAN_POINT('Ctrl Pts',(-11.0000001639128,-3.,4.00000005960464));
#2712=CARTESIAN_POINT('Ctrl Pts',(-11.0000001639128,3.,4.00000005960464));
#2713=CARTESIAN_POINT('Ctrl Pts',(-10.994461746197,-3.,9.99039085818637));
#2714=CARTESIAN_POINT('Ctrl Pts',(-10.994461746197,3.,9.99039085818637));
#2715=CARTESIAN_POINT('Ctrl Pts',(-15.0194572876429,-3.,9.99716147008123));
#2716=CARTESIAN_POINT('Ctrl Pts',(-15.0194572876429,3.,9.99716147008123));
#2717=CARTESIAN_POINT('Ctrl Pts',(-21.0000003129244,-3.,9.99716147008123));
#2718=CARTESIAN_POINT('Ctrl Pts',(-21.0000003129244,3.,9.99716147008123));
#2719=CARTESIAN_POINT('Ctrl Pts',(-21.0000003129244,-3.,21.000000372529));
#2720=CARTESIAN_POINT('Ctrl Pts',(-21.0000003129244,3.,21.000000372529));
#2721=CARTESIAN_POINT('',(-21.0000003129244,-1.,21.000000372529));
#2722=CARTESIAN_POINT('Ctrl Pts',(-21.0000003129244,-1.,21.000000372529));
#2723=CARTESIAN_POINT('Ctrl Pts',(-21.0000003129244,-1.,19.5861291649983));
#2724=CARTESIAN_POINT('Ctrl Pts',(-20.8563634968451,-1.,17.4150228553732));
#2725=CARTESIAN_POINT('Ctrl Pts',(-19.8883867491852,-1.,14.3681051053609));
#2726=CARTESIAN_POINT('Ctrl Pts',(-18.367701562547,-1.,12.1356663244828));
#2727=CARTESIAN_POINT('Ctrl Pts',(-16.3165818149353,-1.,10.6484375370987));
#2728=CARTESIAN_POINT('Ctrl Pts',(-14.5491418036211,-1.,9.72991227790079));
#2729=CARTESIAN_POINT('Ctrl Pts',(-13.6047541721325,-1.,9.16646713881162));
#2730=CARTESIAN_POINT('Ctrl Pts',(-13.2108961931466,-1.,8.88238032510024));
#2731=CARTESIAN_POINT('',(-21.0000003129244,0.,21.000000372529));
#2732=CARTESIAN_POINT('Ctrl Pts',(-21.0000003129244,-1.,21.000000372529));
#2733=CARTESIAN_POINT('Ctrl Pts',(-21.0000003129244,-1.,19.5861291649983));
#2734=CARTESIAN_POINT('Ctrl Pts',(-20.8563634968451,-1.,17.4150228553732));
#2735=CARTESIAN_POINT('Ctrl Pts',(-19.8883867491852,-1.,14.3681051053609));
#2736=CARTESIAN_POINT('Ctrl Pts',(-18.367701562547,-1.,12.1356663244828));
#2737=CARTESIAN_POINT('Ctrl Pts',(-16.3165818149353,-1.,10.6484375370987));
#2738=CARTESIAN_POINT('Ctrl Pts',(-14.5082440290371,-1.,9.70865801254526));
#2739=CARTESIAN_POINT('Ctrl Pts',(-13.5387002936373,-1.,9.12694726626923));
#2740=CARTESIAN_POINT('Ctrl Pts',(-13.1258783108631,-1.,8.82014338874046));
#2741=CARTESIAN_POINT('Ctrl Pts',(-21.0000003129244,-1.59839860068377,21.000000372529));
#2742=CARTESIAN_POINT('Ctrl Pts',(-21.0000003129244,-1.59839860068377,19.5857884644402));
#2743=CARTESIAN_POINT('Ctrl Pts',(-20.8570144242314,-1.59839860068377,17.4161603606066));
#2744=CARTESIAN_POINT('Ctrl Pts',(-19.8890194665559,-1.59839860068377,14.3681972694985));
#2745=CARTESIAN_POINT('Ctrl Pts',(-18.3676619372504,-1.59839860068377,12.1349974630654));
#2746=CARTESIAN_POINT('Ctrl Pts',(-16.3154986097055,-1.59839860068377,10.647236558579));
#2747=CARTESIAN_POINT('Ctrl Pts',(-14.5073681932964,-1.59839860068377,9.70793624864784));
#2748=CARTESIAN_POINT('Ctrl Pts',(-13.5383345890706,-1.59839860068377,9.12667547943666));
#2749=CARTESIAN_POINT('Ctrl Pts',(-13.1258783108631,-1.59839860068377,8.82014338874046));
#2750=CARTESIAN_POINT('Ctrl Pts',(-20.4982542368773,-2.63470970364156,21.000000372529));
#2751=CARTESIAN_POINT('Ctrl Pts',(-20.4982542368773,-2.63470970364156,19.6125217521975));
#2752=CARTESIAN_POINT('Ctrl Pts',(-20.3554418223693,-2.63470970364156,17.4911950304322));
#2753=CARTESIAN_POINT('Ctrl Pts',(-19.4249136192665,-2.63470970364156,14.5804809494811));
#2754=CARTESIAN_POINT('Ctrl Pts',(-18.0039738469718,-2.63470970364156,12.4957336820449));
#2755=CARTESIAN_POINT('Ctrl Pts',(-16.0675843546663,-2.63470970364156,11.086018978471));
#2756=CARTESIAN_POINT('Ctrl Pts',(-14.2773302779999,-2.63470970364156,10.1535032057033));
#2757=CARTESIAN_POINT('Ctrl Pts',(-13.267741045283,-2.63470970364156,9.55071141080144));
#2758=CARTESIAN_POINT('Ctrl Pts',(-12.8265895237406,-2.63470970364156,9.2228533920076));
#2759=CARTESIAN_POINT('Ctrl Pts',(-19.4487992634372,-3.,21.000000372529));
#2760=CARTESIAN_POINT('Ctrl Pts',(-19.4487992634372,-3.,19.6674464403588));
#2761=CARTESIAN_POINT('Ctrl Pts',(-19.3082426862061,-3.,17.6514460180834));
#2762=CARTESIAN_POINT('Ctrl Pts',(-18.456027204537,-3.,15.0247627409511));
#2763=CARTESIAN_POINT('Ctrl Pts',(-17.2431665127254,-3.,13.2483064762167));
#2764=CARTESIAN_POINT('Ctrl Pts',(-15.5458953468148,-3.,12.0002861756099));
#2765=CARTESIAN_POINT('Ctrl Pts',(-13.7936345875897,-3.,11.0833546100841));
#2766=CARTESIAN_POINT('Ctrl Pts',(-12.7007025099494,-3.,10.4368370012384));
#2767=CARTESIAN_POINT('Ctrl Pts',(-12.2005953782258,-3.,10.0651639470046));
#2768=CARTESIAN_POINT('Ctrl Pts',(-19.0000003129244,-3.,21.000000372529));
#2769=CARTESIAN_POINT('Ctrl Pts',(-19.0000003129244,-3.,19.6908980254136));
#2770=CARTESIAN_POINT('Ctrl Pts',(-18.860479006619,-3.,17.7201005914542));
#2771=CARTESIAN_POINT('Ctrl Pts',(-18.041751951244,-3.,15.2147696415354));
#2772=CARTESIAN_POINT('Ctrl Pts',(-16.9178033006109,-3.,13.570071388165));
#2773=CARTESIAN_POINT('Ctrl Pts',(-15.3226778519264,-3.,12.3911419431307));
#2774=CARTESIAN_POINT('Ctrl Pts',(-13.5866873976091,-3.,11.4809269056435));
#2775=CARTESIAN_POINT('Ctrl Pts',(-12.4581690898252,-3.,10.8157587513073));
#2776=CARTESIAN_POINT('Ctrl Pts',(-11.9328892615801,-3.,10.4253776795189));
#2777=CARTESIAN_POINT('',(-19.0000003129244,-3.,21.000000372529));
#2778=CARTESIAN_POINT('Ctrl Pts',(-13.1739727927538,-3.,11.2283892629319));
#2779=CARTESIAN_POINT('Ctrl Pts',(-13.3131940056727,-3.,11.3090167175199));
#2780=CARTESIAN_POINT('Ctrl Pts',(-14.0230136649803,-3.,11.7097016254723));
#2781=CARTESIAN_POINT('Ctrl Pts',(-15.3226778519264,-3.,12.3911419431307));
#2782=CARTESIAN_POINT('Ctrl Pts',(-16.9178033006109,-3.,13.570071388165));
#2783=CARTESIAN_POINT('Ctrl Pts',(-18.041751951244,-3.,15.2147696415354));
#2784=CARTESIAN_POINT('Ctrl Pts',(-18.860479006619,-3.,17.7201005914542));
#2785=CARTESIAN_POINT('Ctrl Pts',(-19.0000003129244,-3.,19.6908980254136));
#2786=CARTESIAN_POINT('Ctrl Pts',(-19.0000003129244,-3.,21.000000372529));
#2787=CARTESIAN_POINT('Origin',(-19.0000003129244,-1.,21.000000372529));
#2788=CARTESIAN_POINT('Origin',(-14.7500002197921,-3.,14.4995379411056));
#2789=CARTESIAN_POINT('',(-17.0000003129244,-3.,23.000000372529));
#2790=CARTESIAN_POINT('Ctrl Pts',(-17.0000003129244,-3.,23.000000372529));
#2791=CARTESIAN_POINT('Ctrl Pts',(-16.6578521749237,-3.,23.000000372529));
#2792=CARTESIAN_POINT('Ctrl Pts',(-15.9720159568108,-3.,22.9945093846162));
#2793=CARTESIAN_POINT('Ctrl Pts',(-14.9494002510868,-3.,22.9627513913979));
#2794=CARTESIAN_POINT('Ctrl Pts',(-13.9236046615556,-3.,22.8934818998262));
#2795=CARTESIAN_POINT('Ctrl Pts',(-13.2022041204353,-2.99999999999999,22.7996727307871));
#2796=CARTESIAN_POINT('Ctrl Pts',(-12.7843319617775,-2.99999999999999,22.7135939708062));
#2797=CARTESIAN_POINT('Ctrl Pts',(-12.6176928873642,-2.99999999999999,22.6756454762707));
#2798=CARTESIAN_POINT('Ctrl Pts',(-12.4729381876609,-2.99999999999998,22.6375269604256));
#2799=CARTESIAN_POINT('Ctrl Pts',(-12.3501924316057,-2.99999999999998,22.600115597876));
#2800=CARTESIAN_POINT('Ctrl Pts',(-12.2891516082238,-2.99999999999998,22.5803817858796));
#2801=CARTESIAN_POINT('Ctrl Pts',(-12.228489954942,-2.99999999999998,22.5595362339846));
#2802=CARTESIAN_POINT('Ctrl Pts',(-12.1682760146942,-2.99999999999998,22.5374763738932));
#2803=CARTESIAN_POINT('Ctrl Pts',(-12.108575937545,-2.99999999999999,22.5140884530216));
#2804=CARTESIAN_POINT('Ctrl Pts',(-12.0396380697219,-2.99999999999999,22.4850879547676));
#2805=CARTESIAN_POINT('Ctrl Pts',(-11.9814046430366,-2.99999999999999,22.4581990981556));
#2806=CARTESIAN_POINT('Ctrl Pts',(-11.8667839842902,-2.99999999999999,22.4005417440014));
#2807=CARTESIAN_POINT('Ctrl Pts',(-11.7469767750499,-2.99999999999999,22.3280573442759));
#2808=CARTESIAN_POINT('Ctrl Pts',(-11.6185590129914,-2.99999999999999,22.214769027036));
#2809=CARTESIAN_POINT('Ctrl Pts',(-11.5340707692432,-2.99999999999999,22.1178837067609));
#2810=CARTESIAN_POINT('Ctrl Pts',(-11.4605933070218,-2.99999999999999,22.0124608359335));
#2811=CARTESIAN_POINT('Ctrl Pts',(-11.3747445670807,-3.,21.8644488012021));
#2812=CARTESIAN_POINT('Ctrl Pts',(-11.2852416275375,-3.,21.6702530743144));
#2813=CARTESIAN_POINT('Ctrl Pts',(-11.1966820364919,-3.,21.4290590974887));
#2814=CARTESIAN_POINT('Ctrl Pts',(-11.1344534123017,-3.,21.2239106349947));
#2815=CARTESIAN_POINT('Ctrl Pts',(-11.0677733308828,-3.,20.9755934003771));
#2816=CARTESIAN_POINT('Ctrl Pts',(-10.9914962713566,-3.,20.6416342617791));
#2817=CARTESIAN_POINT('Ctrl Pts',(-10.9235244958856,-3.,20.2637601806498));
#2818=CARTESIAN_POINT('Ctrl Pts',(-10.8722390845027,-3.,19.9266727748677));
#2819=CARTESIAN_POINT('Ctrl Pts',(-10.735295775664,-3.,18.9115398046164));
#2820=CARTESIAN_POINT('Ctrl Pts',(-10.6595331926529,-3.,17.7933789908769));
#2821=CARTESIAN_POINT('Ctrl Pts',(-10.6029963523031,-3.,16.5990785622083));
#2822=CARTESIAN_POINT('Ctrl Pts',(-10.5832191669679,-3.,16.087429819905));
#2823=CARTESIAN_POINT('Ctrl Pts',(-10.5662452346782,-3.,15.5765841499323));
#2824=CARTESIAN_POINT('Ctrl Pts',(-10.5473671628161,-3.,14.8956687576766));
#2825=CARTESIAN_POINT('Ctrl Pts',(-10.532980277208,-3.,14.214568919893));
#2826=CARTESIAN_POINT('Ctrl Pts',(-10.5248126386174,-3.,13.7025198416815));
#2827=CARTESIAN_POINT('Ctrl Pts',(-10.5223446100864,-3.,13.5316784598248));
#2828=CARTESIAN_POINT('Origin',(-17.0000003129244,-3.,21.000000372529));
#2829=CARTESIAN_POINT('Ctrl Pts',(-8.52255327346286,-1.,13.5605680767385));
#2830=CARTESIAN_POINT('Ctrl Pts',(-8.52505047894133,-1.,13.7334291394706));
#2831=CARTESIAN_POINT('Ctrl Pts',(-8.5333148189418,-1.,14.2518954563765));
#2832=CARTESIAN_POINT('Ctrl Pts',(-8.54792883589973,-1.,14.9433640646114));
#2833=CARTESIAN_POINT('Ctrl Pts',(-8.56713491228714,-1.,15.6370687850277));
#2834=CARTESIAN_POINT('Ctrl Pts',(-8.58453267878257,-1.,16.1593283147977));
#2835=CARTESIAN_POINT('Ctrl Pts',(-8.60469264686335,-1.,16.6837776436636));
#2836=CARTESIAN_POINT('Ctrl Pts',(-8.66354676085631,-1.,17.9166551699175));
#2837=CARTESIAN_POINT('Ctrl Pts',(-8.74034232820655,-1.,19.081424328121));
#2838=CARTESIAN_POINT('Ctrl Pts',(-8.89237826621738,-1.,20.2104722085616));
#2839=CARTESIAN_POINT('Ctrl Pts',(-8.9504990679749,-1.,20.5925998452469));
#2840=CARTESIAN_POINT('Ctrl Pts',(-9.02974033225633,-1.,21.0343499767868));
#2841=CARTESIAN_POINT('Ctrl Pts',(-9.12398175884762,-1.,21.4491381417617));
#2842=CARTESIAN_POINT('Ctrl Pts',(-9.21160719406569,-1.,21.7755156317713));
#2843=CARTESIAN_POINT('Ctrl Pts',(-9.2970438638274,-1.,22.0587150184342));
#2844=CARTESIAN_POINT('Ctrl Pts',(-9.43132372716551,-0.999999999999999,
22.4256438495774));
#2845=CARTESIAN_POINT('Ctrl Pts',(-9.58671898297768,-0.999999999999999,
22.7675611758571));
#2846=CARTESIAN_POINT('Ctrl Pts',(-9.76772863492701,-0.999999999999997,
23.0817637901919));
#2847=CARTESIAN_POINT('Ctrl Pts',(-9.94842817583305,-0.999999999999998,
23.3430514428777));
#2848=CARTESIAN_POINT('Ctrl Pts',(-10.1937561049013,-0.999999999999997,
23.6271920856705));
#2849=CARTESIAN_POINT('Ctrl Pts',(-10.5868338479007,-0.999999999999997,
23.9719470559391));
#2850=CARTESIAN_POINT('Ctrl Pts',(-10.881681899175,-0.999999999999996,24.1435895079097));
#2851=CARTESIAN_POINT('Ctrl Pts',(-11.1184838299915,-0.999999999999996,
24.2629741939692));
#2852=CARTESIAN_POINT('Ctrl Pts',(-11.2317666711003,-0.999999999999996,
24.3150384376188));
#2853=CARTESIAN_POINT('Ctrl Pts',(-11.3568060609519,-0.999999999999995,
24.367635622341));
#2854=CARTESIAN_POINT('Ctrl Pts',(-11.4601764570009,-0.999999999999995,
24.4080817362364));
#2855=CARTESIAN_POINT('Ctrl Pts',(-11.5600883820909,-0.999999999999995,
24.4446686674945));
#2856=CARTESIAN_POINT('Ctrl Pts',(-11.6570736195676,-0.999999999999995,
24.4779735684963));
#2857=CARTESIAN_POINT('Ctrl Pts',(-11.7514722003558,-0.999999999999995,
24.5084810041565));
#2858=CARTESIAN_POINT('Ctrl Pts',(-11.9357060021631,-0.999999999999995,
24.5645967161944));
#2859=CARTESIAN_POINT('Ctrl Pts',(-12.1389075230502,-0.999999999999996,
24.6178454496277));
#2860=CARTESIAN_POINT('Ctrl Pts',(-12.3610098266625,-0.999999999999996,
24.6684236288484));
#2861=CARTESIAN_POINT('Ctrl Pts',(-12.9002306779913,-0.999999999999997,
24.7791952184376));
#2862=CARTESIAN_POINT('Ctrl Pts',(-13.7387586747953,-1.,24.8858817664732));
#2863=CARTESIAN_POINT('Ctrl Pts',(-14.8571480701367,-1.,24.9612544509331));
#2864=CARTESIAN_POINT('Ctrl Pts',(-15.935847662361,-1.,24.9942719381121));
#2865=CARTESIAN_POINT('Ctrl Pts',(-16.6471014206369,-1.,25.000000372529));
#2866=CARTESIAN_POINT('Ctrl Pts',(-17.0000003129244,-1.,25.000000372529));
#2867=CARTESIAN_POINT('Ctrl Pts',(-8.52255327346286,-1.59839860068377,13.5605680767385));
#2868=CARTESIAN_POINT('Ctrl Pts',(-8.5250505738226,-1.59839860068377,13.7334357073229));
#2869=CARTESIAN_POINT('Ctrl Pts',(-8.53331340011303,-1.59839860068377,14.251883279636));
#2870=CARTESIAN_POINT('Ctrl Pts',(-8.54792755194309,-1.59839860068377,14.9433527550542));
#2871=CARTESIAN_POINT('Ctrl Pts',(-8.5671297790704,-1.59839860068377,15.6370427685133));
#2872=CARTESIAN_POINT('Ctrl Pts',(-8.58452872085568,-1.59839860068377,16.159301192896));
#2873=CARTESIAN_POINT('Ctrl Pts',(-8.60467685130846,-1.59839860068377,16.6837257818772));
#2874=CARTESIAN_POINT('Ctrl Pts',(-8.66357035746628,-1.59839860068377,17.9167756786867));
#2875=CARTESIAN_POINT('Ctrl Pts',(-8.74014476488833,-1.59839860068377,19.0808815790414));
#2876=CARTESIAN_POINT('Ctrl Pts',(-8.89208893824068,-1.59839860068377,20.2099790689867));
#2877=CARTESIAN_POINT('Ctrl Pts',(-8.95021955441451,-1.59839860068377,20.5922241774396));
#2878=CARTESIAN_POINT('Ctrl Pts',(-9.02916565441618,-1.59839860068377,21.0335835321572));
#2879=CARTESIAN_POINT('Ctrl Pts',(-9.12306096479268,-1.59839860068377,21.4479494430706));
#2880=CARTESIAN_POINT('Ctrl Pts',(-9.21070553657148,-1.59839860068377,21.7745170800816));
#2881=CARTESIAN_POINT('Ctrl Pts',(-9.29586168663823,-1.59839860068377,22.057450730869));
#2882=CARTESIAN_POINT('Ctrl Pts',(-9.42989473140399,-1.59839860068377,22.4242481395327));
#2883=CARTESIAN_POINT('Ctrl Pts',(-9.58526370369506,-1.59839860068377,22.7663510294915));
#2884=CARTESIAN_POINT('Ctrl Pts',(-9.76643123289048,-1.59839860068377,23.0809123951551));
#2885=CARTESIAN_POINT('Ctrl Pts',(-9.94733322509429,-1.59839860068377,23.342555716563));
#2886=CARTESIAN_POINT('Ctrl Pts',(-10.1929767173189,-1.59839860068377,23.6270960450585));
#2887=CARTESIAN_POINT('Ctrl Pts',(-10.5868745578745,-1.59839860068377,23.9725696266545));
#2888=CARTESIAN_POINT('Ctrl Pts',(-10.8817412094552,-1.59839860068376,24.1440700843001));
#2889=CARTESIAN_POINT('Ctrl Pts',(-11.118877249146,-1.59839860068376,24.2636060845759));
#2890=CARTESIAN_POINT('Ctrl Pts',(-11.2322699358003,-1.59839860068376,24.3157000757795));
#2891=CARTESIAN_POINT('Ctrl Pts',(-11.3574448180781,-1.59839860068376,24.3683389841694));
#2892=CARTESIAN_POINT('Ctrl Pts',(-11.4609190008383,-1.59839860068376,24.4088146409569));
#2893=CARTESIAN_POINT('Ctrl Pts',(-11.5609216841473,-1.59839860068376,24.4454219750931));
#2894=CARTESIAN_POINT('Ctrl Pts',(-11.6579951858656,-1.59839860068376,24.4787489858747));
#2895=CARTESIAN_POINT('Ctrl Pts',(-11.7524739814706,-1.59839860068376,24.5092730781503));
#2896=CARTESIAN_POINT('Ctrl Pts',(-11.9368565705583,-1.59839860068376,24.5654203837061));
#2897=CARTESIAN_POINT('Ctrl Pts',(-12.1399202444095,-1.59839860068376,24.6185379491386));
#2898=CARTESIAN_POINT('Ctrl Pts',(-12.3622140279626,-1.59839860068376,24.6691613756255));
#2899=CARTESIAN_POINT('Ctrl Pts',(-12.9014059439711,-1.59839860068377,24.7798232279856));
#2900=CARTESIAN_POINT('Ctrl Pts',(-13.7388855207841,-1.59839860068377,24.8859535783226));
#2901=CARTESIAN_POINT('Ctrl Pts',(-14.8576273050645,-1.59839860068377,24.9614403195066));
#2902=CARTESIAN_POINT('Ctrl Pts',(-15.9358022054832,-1.59839860068377,24.994245943654));
#2903=CARTESIAN_POINT('Ctrl Pts',(-16.6470664599819,-1.59839860068377,25.000000372529));
#2904=CARTESIAN_POINT('Ctrl Pts',(-17.0000003129244,-1.59839860068377,25.000000372529));
#2905=CARTESIAN_POINT('Ctrl Pts',(-9.02424700149475,-2.63470970364156,13.553320450776));
#2906=CARTESIAN_POINT('Ctrl Pts',(-9.02673685693499,-2.63470970364156,13.7256727306178));
#2907=CARTESIAN_POINT('Ctrl Pts',(-9.03497742101622,-2.63470970364156,14.2425351270638));
#2908=CARTESIAN_POINT('Ctrl Pts',(-9.04953441373054,-2.63470970364156,14.93140221316));
#2909=CARTESIAN_POINT('Ctrl Pts',(-9.06865943304179,-2.63470970364156,15.6219031370435));
#2910=CARTESIAN_POINT('Ctrl Pts',(-9.08595049528111,-2.63470970364156,16.1412995904676));
#2911=CARTESIAN_POINT('Ctrl Pts',(-9.10601821738812,-2.63470970364156,16.6625455053955));
#2912=CARTESIAN_POINT('Ctrl Pts',(-9.16427839820105,-2.63470970364156,17.8856899797506));
#2913=CARTESIAN_POINT('Ctrl Pts',(-9.24088551137905,-2.63470970364156,19.0389783712809));
#2914=CARTESIAN_POINT('Ctrl Pts',(-9.38916444822088,-2.63470970364156,20.1394322144533));
#2915=CARTESIAN_POINT('Ctrl Pts',(-9.44556729765193,-2.63470970364156,20.5102229217408));
#2916=CARTESIAN_POINT('Ctrl Pts',(-9.52207570026866,-2.63470970364156,20.9360731862263));
#2917=CARTESIAN_POINT('Ctrl Pts',(-9.61192098752884,-2.63470970364156,21.3307185012586));
#2918=CARTESIAN_POINT('Ctrl Pts',(-9.69428568120727,-2.63470970364156,21.6374519973808));
#2919=CARTESIAN_POINT('Ctrl Pts',(-9.77398974616006,-2.63470970364156,21.9011554540207));
#2920=CARTESIAN_POINT('Ctrl Pts',(-9.89687852141887,-2.63470970364156,22.2365828094573));
#2921=CARTESIAN_POINT('Ctrl Pts',(-10.0357515731909,-2.63470970364156,22.5413814539058));
#2922=CARTESIAN_POINT('Ctrl Pts',(-10.192837452599,-2.63470970364155,22.8137766578211));
#2923=CARTESIAN_POINT('Ctrl Pts',(-10.3465731513468,-2.63470970364156,23.0358483496926));
#2924=CARTESIAN_POINT('Ctrl Pts',(-10.5514498701952,-2.63470970364155,23.2728839213476));
#2925=CARTESIAN_POINT('Ctrl Pts',(-10.8778694156374,-2.63470970364155,23.5593404451366));
#2926=CARTESIAN_POINT('Ctrl Pts',(-11.1287984935065,-2.63470970364155,23.7061522037666));
#2927=CARTESIAN_POINT('Ctrl Pts',(-11.3348416395436,-2.63470970364155,23.8100027989691));
#2928=CARTESIAN_POINT('Ctrl Pts',(-11.4342789546979,-2.63470970364155,23.8557417079867));
#2929=CARTESIAN_POINT('Ctrl Pts',(-11.545200675141,-2.63470970364155,23.9024057833215));
#2930=CARTESIAN_POINT('Ctrl Pts',(-11.6375821902051,-2.63470970364155,23.9385630131276));
#2931=CARTESIAN_POINT('Ctrl Pts',(-11.7275059503794,-2.63470970364155,23.9714989721306));
#2932=CARTESIAN_POINT('Ctrl Pts',(-11.8153503662819,-2.63470970364155,24.0016710909815));
#2933=CARTESIAN_POINT('Ctrl Pts',(-11.9013547444705,-2.63470970364155,24.0294703906573));
#2934=CARTESIAN_POINT('Ctrl Pts',(-12.0701152935997,-2.63470970364155,24.0808835868503));
#2935=CARTESIAN_POINT('Ctrl Pts',(-12.2586981456838,-2.63470970364155,24.1303784844686));
#2936=CARTESIAN_POINT('Ctrl Pts',(-12.4668250139459,-2.63470970364155,24.1777737530393));
#2937=CARTESIAN_POINT('Ctrl Pts',(-12.9756119992561,-2.63470970364155,24.2823856549406));
#2938=CARTESIAN_POINT('Ctrl Pts',(-13.7850910027537,-2.63470970364156,24.3860194043199));
#2939=CARTESIAN_POINT('Ctrl Pts',(-14.8801384676431,-2.63470970364156,24.4598245040187));
#2940=CARTESIAN_POINT('Ctrl Pts',(-15.9449358425558,-2.63470970364156,24.4925937401166));
#2941=CARTESIAN_POINT('Ctrl Pts',(-16.6498096701954,-2.63470970364156,24.498254296482));
#2942=CARTESIAN_POINT('Ctrl Pts',(-17.0000003129244,-2.63470970364156,24.498254296482));
#2943=CARTESIAN_POINT('Ctrl Pts',(-10.0735924835258,-3.,13.5381612747006));
#2944=CARTESIAN_POINT('Ctrl Pts',(-10.076067043059,-3.,13.7094547443021));
#2945=CARTESIAN_POINT('Ctrl Pts',(-10.0842566412724,-3.,14.2229470656235));
#2946=CARTESIAN_POINT('Ctrl Pts',(-10.0986944718811,-3.,14.9063735011754));
#2947=CARTESIAN_POINT('Ctrl Pts',(-10.1176468086363,-3.,15.5901613368831));
#2948=CARTESIAN_POINT('Ctrl Pts',(-10.1347156473229,-3.,16.1035684607804));
#2949=CARTESIAN_POINT('Ctrl Pts',(-10.1545807612162,-3.,16.6180938953908));
#2950=CARTESIAN_POINT('Ctrl Pts',(-10.2116308336193,-3.,17.821021411546));
#2951=CARTESIAN_POINT('Ctrl Pts',(-10.2876631870127,-3.,18.9497549829396));
#2952=CARTESIAN_POINT('Ctrl Pts',(-10.4280090282828,-3.,19.9904418821889));
#2953=CARTESIAN_POINT('Ctrl Pts',(-10.4808266127177,-3.,20.3376161243312));
#2954=CARTESIAN_POINT('Ctrl Pts',(-10.5513779300381,-3.,20.7298910471065));
#2955=CARTESIAN_POINT('Ctrl Pts',(-10.6317456061248,-3.,21.0820606703451));
#2956=CARTESIAN_POINT('Ctrl Pts',(-10.7031225285372,-3.,21.3478619404421));
#2957=CARTESIAN_POINT('Ctrl Pts',(-10.7706071862336,-3.,21.5705706115014));
#2958=CARTESIAN_POINT('Ctrl Pts',(-10.8694687567633,-3.,21.8400019865673));
#2959=CARTESIAN_POINT('Ctrl Pts',(-10.9737624099153,-3.,22.0673145048487));
#2960=CARTESIAN_POINT('Ctrl Pts',(-11.0809381038518,-2.99999999999999,22.2525580271927));
#2961=CARTESIAN_POINT('Ctrl Pts',(-11.1784413869673,-2.99999999999999,22.3928958112661));
#2962=CARTESIAN_POINT('Ctrl Pts',(-11.2989677951024,-2.99999999999999,22.531732508704));
#2963=CARTESIAN_POINT('Ctrl Pts',(-11.4866343217944,-2.99999999999999,22.6968384485982));
#2964=CARTESIAN_POINT('Ctrl Pts',(-11.6457174107927,-2.99999999999999,22.7915982411231));
#2965=CARTESIAN_POINT('Ctrl Pts',(-11.7876981223075,-2.99999999999999,22.8630811981975));
#2966=CARTESIAN_POINT('Ctrl Pts',(-11.8582657501699,-2.99999999999999,22.8956142913226));
#2967=CARTESIAN_POINT('Ctrl Pts',(-11.9397695084498,-2.99999999999999,22.9299027104238));
#2968=CARTESIAN_POINT('Ctrl Pts',(-12.0092513639062,-2.99999999999998,22.9571134088679));
#2969=CARTESIAN_POINT('Ctrl Pts',(-12.0783579295441,-2.99999999999998,22.9824296332937));
#2970=CARTESIAN_POINT('Ctrl Pts',(-12.1471554226532,-2.99999999999998,23.0060672607331));
#2971=CARTESIAN_POINT('Ctrl Pts',(-12.2156679378309,-2.99999999999998,23.0282158085807));
#2972=CARTESIAN_POINT('Ctrl Pts',(-12.3521860349492,-2.99999999999998,23.0698189932936));
#2973=CARTESIAN_POINT('Ctrl Pts',(-12.5100798365487,-2.99999999999999,23.1113552412463));
#2974=CARTESIAN_POINT('Ctrl Pts',(-12.6891319567792,-2.99999999999999,23.1521300622444));
#2975=CARTESIAN_POINT('Ctrl Pts',(-13.1342396660769,-2.99999999999999,23.2437687201687));
#2976=CARTESIAN_POINT('Ctrl Pts',(-13.8821035419159,-3.,23.3405630555814));
#2977=CARTESIAN_POINT('Ctrl Pts',(-14.9286166339496,-3.,23.4111825189171));
#2978=CARTESIAN_POINT('Ctrl Pts',(-15.9639076146554,-3.,23.4432595150457));
#2979=CARTESIAN_POINT('Ctrl Pts',(-16.6554457134278,-3.,23.4487993230419));
#2980=CARTESIAN_POINT('Ctrl Pts',(-17.0000003129244,-3.,23.4487993230419));
#2981=CARTESIAN_POINT('Ctrl Pts',(-10.5223446100864,-3.,13.5316784598248));
#2982=CARTESIAN_POINT('Ctrl Pts',(-10.5248126386174,-3.,13.7025198416815));
#2983=CARTESIAN_POINT('Ctrl Pts',(-10.532980277208,-3.,14.214568919893));
#2984=CARTESIAN_POINT('Ctrl Pts',(-10.5473671628161,-3.,14.8956687576766));
#2985=CARTESIAN_POINT('Ctrl Pts',(-10.5662452346782,-3.,15.5765841499323));
#2986=CARTESIAN_POINT('Ctrl Pts',(-10.5832191669679,-3.,16.087429819905));
#2987=CARTESIAN_POINT('Ctrl Pts',(-10.6029963523031,-3.,16.5990785622083));
#2988=CARTESIAN_POINT('Ctrl Pts',(-10.6595331926529,-3.,17.7933789908769));
#2989=CARTESIAN_POINT('Ctrl Pts',(-10.735295775664,-3.,18.9115398046164));
#2990=CARTESIAN_POINT('Ctrl Pts',(-10.8722390845027,-3.,19.9266727748677));
#2991=CARTESIAN_POINT('Ctrl Pts',(-10.9235244958856,-3.,20.2637601806498));
#2992=CARTESIAN_POINT('Ctrl Pts',(-10.9914962713566,-3.,20.6416342617791));
#2993=CARTESIAN_POINT('Ctrl Pts',(-11.0677733308828,-3.,20.9755934003771));
#2994=CARTESIAN_POINT('Ctrl Pts',(-11.1344534123017,-3.,21.2239106349947));
#2995=CARTESIAN_POINT('Ctrl Pts',(-11.1966820364919,-3.,21.4290590974887));
#2996=CARTESIAN_POINT('Ctrl Pts',(-11.2852416275375,-3.,21.6702530743144));
#2997=CARTESIAN_POINT('Ctrl Pts',(-11.3747445670807,-3.,21.8644488012021));
#2998=CARTESIAN_POINT('Ctrl Pts',(-11.4605933070218,-2.99999999999999,22.0124608359335));
#2999=CARTESIAN_POINT('Ctrl Pts',(-11.5340707692432,-2.99999999999999,22.1178837067609));
#3000=CARTESIAN_POINT('Ctrl Pts',(-11.6185590129914,-2.99999999999999,22.214769027036));
#3001=CARTESIAN_POINT('Ctrl Pts',(-11.7469767750499,-2.99999999999999,22.3280573442759));
#3002=CARTESIAN_POINT('Ctrl Pts',(-11.8667839842902,-2.99999999999999,22.4005417440014));
#3003=CARTESIAN_POINT('Ctrl Pts',(-11.9814046430366,-2.99999999999999,22.4581990981556));
#3004=CARTESIAN_POINT('Ctrl Pts',(-12.0396380697219,-2.99999999999999,22.4850879547676));
#3005=CARTESIAN_POINT('Ctrl Pts',(-12.108575937545,-2.99999999999999,22.5140884530216));
#3006=CARTESIAN_POINT('Ctrl Pts',(-12.1682760146942,-2.99999999999998,22.5374763738932));
#3007=CARTESIAN_POINT('Ctrl Pts',(-12.228489954942,-2.99999999999998,22.5595362339846));
#3008=CARTESIAN_POINT('Ctrl Pts',(-12.2891516082238,-2.99999999999998,22.5803817858796));
#3009=CARTESIAN_POINT('Ctrl Pts',(-12.3501924316057,-2.99999999999998,22.600115597876));
#3010=CARTESIAN_POINT('Ctrl Pts',(-12.4729381876609,-2.99999999999998,22.6375269604256));
#3011=CARTESIAN_POINT('Ctrl Pts',(-12.6176928873642,-2.99999999999999,22.6756454762707));
#3012=CARTESIAN_POINT('Ctrl Pts',(-12.7843319617775,-2.99999999999999,22.7135939708062));
#3013=CARTESIAN_POINT('Ctrl Pts',(-13.2022041204353,-2.99999999999999,22.7996727307871));
#3014=CARTESIAN_POINT('Ctrl Pts',(-13.9236046615556,-3.,22.8934818998262));
#3015=CARTESIAN_POINT('Ctrl Pts',(-14.9494002510868,-3.,22.9627513913979));
#3016=CARTESIAN_POINT('Ctrl Pts',(-15.9720159568108,-3.,22.9945093846162));
#3017=CARTESIAN_POINT('Ctrl Pts',(-16.6578521749237,-3.,23.000000372529));
#3018=CARTESIAN_POINT('Ctrl Pts',(-17.0000003129244,-3.,23.000000372529));
#3019=CARTESIAN_POINT('',(-17.0000003129244,-1.,25.000000372529));
#3020=CARTESIAN_POINT('Ctrl Pts',(-8.52862533068051,-1.,13.9495201064431));
#3021=CARTESIAN_POINT('Ctrl Pts',(-8.52935182181943,-1.,13.9927091501991));
#3022=CARTESIAN_POINT('Ctrl Pts',(-8.53605535305212,-1.,14.3815650272098));
#3023=CARTESIAN_POINT('Ctrl Pts',(-8.54792883589973,-1.,14.9433640646114));
#3024=CARTESIAN_POINT('Ctrl Pts',(-8.56713491228714,-1.,15.6370687850277));
#3025=CARTESIAN_POINT('Ctrl Pts',(-8.58453267878257,-1.,16.1593283147977));
#3026=CARTESIAN_POINT('Ctrl Pts',(-8.60469264686335,-1.,16.6837776436636));
#3027=CARTESIAN_POINT('Ctrl Pts',(-8.66354676085631,-1.,17.9166551699175));
#3028=CARTESIAN_POINT('Ctrl Pts',(-8.74034232820655,-1.,19.081424328121));
#3029=CARTESIAN_POINT('Ctrl Pts',(-8.89237826621738,-1.,20.2104722085616));
#3030=CARTESIAN_POINT('Ctrl Pts',(-8.9504990679749,-1.,20.5925998452469));
#3031=CARTESIAN_POINT('Ctrl Pts',(-9.02974033225633,-1.,21.0343499767868));
#3032=CARTESIAN_POINT('Ctrl Pts',(-9.12398175884762,-1.,21.4491381417617));
#3033=CARTESIAN_POINT('Ctrl Pts',(-9.21160719406569,-1.,21.7755156317713));
#3034=CARTESIAN_POINT('Ctrl Pts',(-9.2970438638274,-1.,22.0587150184342));
#3035=CARTESIAN_POINT('Ctrl Pts',(-9.43132372716551,-0.999999999999999,
22.4256438495774));
#3036=CARTESIAN_POINT('Ctrl Pts',(-9.58671898297768,-0.999999999999999,
22.7675611758571));
#3037=CARTESIAN_POINT('Ctrl Pts',(-9.76772863492701,-0.999999999999997,
23.0817637901919));
#3038=CARTESIAN_POINT('Ctrl Pts',(-9.94842817583305,-0.999999999999998,
23.3430514428777));
#3039=CARTESIAN_POINT('Ctrl Pts',(-10.1937561049013,-0.999999999999997,
23.6271920856705));
#3040=CARTESIAN_POINT('Ctrl Pts',(-10.5868338479007,-0.999999999999997,
23.9719470559391));
#3041=CARTESIAN_POINT('Ctrl Pts',(-10.881681899175,-0.999999999999996,24.1435895079097));
#3042=CARTESIAN_POINT('Ctrl Pts',(-11.1184838299915,-0.999999999999996,
24.2629741939692));
#3043=CARTESIAN_POINT('Ctrl Pts',(-11.2317666711003,-0.999999999999996,
24.3150384376188));
#3044=CARTESIAN_POINT('Ctrl Pts',(-11.3568060609519,-0.999999999999995,
24.367635622341));
#3045=CARTESIAN_POINT('Ctrl Pts',(-11.4601764570009,-0.999999999999995,
24.4080817362364));
#3046=CARTESIAN_POINT('Ctrl Pts',(-11.5600883820909,-0.999999999999995,
24.4446686674945));
#3047=CARTESIAN_POINT('Ctrl Pts',(-11.6570736195676,-0.999999999999995,
24.4779735684963));
#3048=CARTESIAN_POINT('Ctrl Pts',(-11.7514722003558,-0.999999999999995,
24.5084810041565));
#3049=CARTESIAN_POINT('Ctrl Pts',(-11.9357060021631,-0.999999999999995,
24.5645967161944));
#3050=CARTESIAN_POINT('Ctrl Pts',(-12.1389075230502,-0.999999999999996,
24.6178454496277));
#3051=CARTESIAN_POINT('Ctrl Pts',(-12.3610098266625,-0.999999999999996,
24.6684236288484));
#3052=CARTESIAN_POINT('Ctrl Pts',(-12.9002306779913,-0.999999999999997,
24.7791952184376));
#3053=CARTESIAN_POINT('Ctrl Pts',(-13.7387586747953,-1.,24.8858817664732));
#3054=CARTESIAN_POINT('Ctrl Pts',(-14.8571480701367,-1.,24.9612544509331));
#3055=CARTESIAN_POINT('Ctrl Pts',(-15.935847662361,-1.,24.9942719381121));
#3056=CARTESIAN_POINT('Ctrl Pts',(-16.6471014206369,-1.,25.000000372529));
#3057=CARTESIAN_POINT('Ctrl Pts',(-17.0000003129244,-1.,25.000000372529));
#3058=CARTESIAN_POINT('Origin',(-17.0000003129244,-1.,23.000000372529));
#3059=CARTESIAN_POINT('Ctrl Pts',(17.0000003129244,0.999999999999998,25.000000372529));
#3060=CARTESIAN_POINT('Ctrl Pts',(21.0000003129244,0.999999999999998,25.000000372529));
#3061=CARTESIAN_POINT('Ctrl Pts',(21.0000003129244,0.999999999999998,21.000000372529));
#3062=CARTESIAN_POINT('Ctrl Pts',(17.0000003129244,3.,25.000000372529));
#3063=CARTESIAN_POINT('Ctrl Pts',(21.0000003129244,3.,25.000000372529));
#3064=CARTESIAN_POINT('Ctrl Pts',(21.0000003129244,3.,21.000000372529));
#3065=CARTESIAN_POINT('Ctrl Pts',(17.0000003129244,3.,23.000000372529));
#3066=CARTESIAN_POINT('Ctrl Pts',(19.0000003129244,3.,23.000000372529));
#3067=CARTESIAN_POINT('Ctrl Pts',(19.0000003129244,3.,21.000000372529));
#3068=CARTESIAN_POINT('Origin',(17.0000003129244,0.999999999999998,21.000000372529));
#3069=CARTESIAN_POINT('Origin',(17.0000003129244,-2.08189959687269E-15,
21.000000372529));
#3070=CARTESIAN_POINT('',(17.0000003129244,-1.,25.000000372529));
#3071=CARTESIAN_POINT('',(17.0000003129244,-2.08189959687269E-15,25.000000372529));
#3072=CARTESIAN_POINT('Origin',(17.0000003129244,-1.,21.000000372529));
#3073=CARTESIAN_POINT('Ctrl Pts',(17.0000003129244,3.,25.000000372529));
#3074=CARTESIAN_POINT('Ctrl Pts',(17.0000003129244,-3.,25.000000372529));
#3075=CARTESIAN_POINT('Ctrl Pts',(8.50000012665987,3.,25.000000372529));
#3076=CARTESIAN_POINT('Ctrl Pts',(8.50000012665987,-3.,25.000000372529));
#3077=CARTESIAN_POINT('Ctrl Pts',(8.50000012665987,3.,9.99716147008124));
#3078=CARTESIAN_POINT('Ctrl Pts',(8.50000012665987,-3.,9.99716147008124));
#3079=CARTESIAN_POINT('Ctrl Pts',(17.0000003129244,-1.,25.000000372529));
#3080=CARTESIAN_POINT('Ctrl Pts',(16.8235508667806,-1.,25.000000372529));
#3081=CARTESIAN_POINT('Ctrl Pts',(16.4691513818828,-1.,24.9986250497393));
#3082=CARTESIAN_POINT('Ctrl Pts',(15.7562546112126,-1.,24.9888136079813));
#3083=CARTESIAN_POINT('Ctrl Pts',(15.0363208296005,-1.,24.9666197602184));
#3084=CARTESIAN_POINT('Ctrl Pts',(14.413362242689,-1.,24.9303164334626));
#3085=CARTESIAN_POINT('Ctrl Pts',(14.1318174177311,-1.00000000000001,24.9091629775043));
#3086=CARTESIAN_POINT('Ctrl Pts',(13.9428459596821,-1.00000000000001,24.893662896011));
#3087=CARTESIAN_POINT('Ctrl Pts',(13.7284318014041,-1.,24.8742759030192));
#3088=CARTESIAN_POINT('Ctrl Pts',(13.4378149904771,-1.,24.8431204434264));
#3089=CARTESIAN_POINT('Ctrl Pts',(13.1417133588956,-1.,24.80580710826));
#3090=CARTESIAN_POINT('Ctrl Pts',(12.8384043413063,-1.,24.7601384528659));
#3091=CARTESIAN_POINT('Ctrl Pts',(12.4210216073868,-1.,24.6862858363656));
#3092=CARTESIAN_POINT('Ctrl Pts',(11.8624281232051,-0.999999999999999,24.5552442626358));
#3093=CARTESIAN_POINT('Ctrl Pts',(11.3233579774283,-0.999999999999998,24.3708026434717));
#3094=CARTESIAN_POINT('Ctrl Pts',(10.9583460796774,-0.999999999999997,24.1807502727237));
#3095=CARTESIAN_POINT('Ctrl Pts',(10.7917712676036,-0.999999999999997,24.0888394229072));
#3096=CARTESIAN_POINT('Ctrl Pts',(10.537279630032,-0.999999999999995,23.9285213080368));
#3097=CARTESIAN_POINT('Ctrl Pts',(10.1938990864674,-0.999999999999994,23.626639811067));
#3098=CARTESIAN_POINT('Ctrl Pts',(9.94822834982149,-0.999999999999993,23.3428113428129));
#3099=CARTESIAN_POINT('Ctrl Pts',(9.81297346268926,-0.999999999999992,23.1468057483699));
#3100=CARTESIAN_POINT('Ctrl Pts',(9.7365520513785,-0.999999999999992,23.0241293780956));
#3101=CARTESIAN_POINT('Ctrl Pts',(9.68906890951907,-0.999999999999991,22.9443874357916));
#3102=CARTESIAN_POINT('Ctrl Pts',(9.61394138917752,-0.999999999999991,22.8099504922401));
#3103=CARTESIAN_POINT('Ctrl Pts',(9.54279414162164,-0.999999999999991,22.6665945875813));
#3104=CARTESIAN_POINT('Ctrl Pts',(9.48127878932728,-0.999999999999991,22.5307055197292));
#3105=CARTESIAN_POINT('Ctrl Pts',(9.34205073172128,-0.999999999999992,22.202392708857));
#3106=CARTESIAN_POINT('Ctrl Pts',(9.18457662124364,-0.999999999999996,21.7098408288164));
#3107=CARTESIAN_POINT('Ctrl Pts',(8.98957815091495,-0.999999999999997,20.8743521763826));
#3108=CARTESIAN_POINT('Ctrl Pts',(8.84484961102618,-1.,19.9219963540303));
#3109=CARTESIAN_POINT('Ctrl Pts',(8.73134050381181,-1.,18.8185060255672));
#3110=CARTESIAN_POINT('Ctrl Pts',(8.65581336643635,-1.,17.7413745869316));
#3111=CARTESIAN_POINT('Ctrl Pts',(8.57478310666101,-1.,16.1089559184773));
#3112=CARTESIAN_POINT('Ctrl Pts',(8.54363624762017,-1.,14.8566310741625));
#3113=CARTESIAN_POINT('Ctrl Pts',(8.52857759966972,-1.,13.949520898153));
#3114=CARTESIAN_POINT('Ctrl Pts',(21.0000003129244,-1.,21.000000372529));
#3115=CARTESIAN_POINT('Ctrl Pts',(21.0000003129244,-1.,25.000000372529));
#3116=CARTESIAN_POINT('Ctrl Pts',(17.0000003129244,-1.,25.000000372529));
#3117=CARTESIAN_POINT('Ctrl Pts',(21.0000003129244,-3.,21.000000372529));
#3118=CARTESIAN_POINT('Ctrl Pts',(21.0000003129244,-3.,25.000000372529));
#3119=CARTESIAN_POINT('Ctrl Pts',(17.0000003129244,-3.,25.000000372529));
#3120=CARTESIAN_POINT('Ctrl Pts',(19.0000003129244,-3.,21.000000372529));
#3121=CARTESIAN_POINT('Ctrl Pts',(19.0000003129244,-3.,23.000000372529));
#3122=CARTESIAN_POINT('Ctrl Pts',(17.0000003129244,-3.,23.000000372529));
#3123=CARTESIAN_POINT('',(17.0000003129244,-3.,23.000000372529));
#3124=CARTESIAN_POINT('Origin',(17.0000003129244,-1.,23.000000372529));
#3125=CARTESIAN_POINT('Origin',(17.0000003129244,-3.,21.000000372529));
#3126=CARTESIAN_POINT('Ctrl Pts',(17.0000003129244,-1.,25.000000372529));
#3127=CARTESIAN_POINT('Ctrl Pts',(16.8235508667806,-1.,25.000000372529));
#3128=CARTESIAN_POINT('Ctrl Pts',(16.4691513818828,-1.,24.9986250497393));
#3129=CARTESIAN_POINT('Ctrl Pts',(15.7562546112126,-1.,24.9888136079813));
#3130=CARTESIAN_POINT('Ctrl Pts',(15.0363208296005,-1.,24.9666197602184));
#3131=CARTESIAN_POINT('Ctrl Pts',(14.413362242689,-1.,24.9303164334626));
#3132=CARTESIAN_POINT('Ctrl Pts',(14.1318174177311,-1.00000000000001,24.9091629775043));
#3133=CARTESIAN_POINT('Ctrl Pts',(13.9428459596821,-1.00000000000001,24.893662896011));
#3134=CARTESIAN_POINT('Ctrl Pts',(13.7284318014041,-1.,24.8742759030192));
#3135=CARTESIAN_POINT('Ctrl Pts',(13.4378149904771,-1.,24.8431204434264));
#3136=CARTESIAN_POINT('Ctrl Pts',(13.1417133588956,-1.,24.80580710826));
#3137=CARTESIAN_POINT('Ctrl Pts',(12.8384043413063,-1.,24.7601384528659));
#3138=CARTESIAN_POINT('Ctrl Pts',(12.4210216073868,-1.,24.6862858363656));
#3139=CARTESIAN_POINT('Ctrl Pts',(11.8624281232051,-0.999999999999999,24.5552442626358));
#3140=CARTESIAN_POINT('Ctrl Pts',(11.3233579774283,-0.999999999999998,24.3708026434717));
#3141=CARTESIAN_POINT('Ctrl Pts',(10.9583460796774,-0.999999999999997,24.1807502727237));
#3142=CARTESIAN_POINT('Ctrl Pts',(10.7917712676036,-0.999999999999997,24.0888394229072));
#3143=CARTESIAN_POINT('Ctrl Pts',(10.537279630032,-0.999999999999995,23.9285213080368));
#3144=CARTESIAN_POINT('Ctrl Pts',(10.1938990864674,-0.999999999999994,23.626639811067));
#3145=CARTESIAN_POINT('Ctrl Pts',(9.94822834982149,-0.999999999999993,23.3428113428129));
#3146=CARTESIAN_POINT('Ctrl Pts',(9.81297346268926,-0.999999999999992,23.1468057483699));
#3147=CARTESIAN_POINT('Ctrl Pts',(9.7365520513785,-0.999999999999992,23.0241293780956));
#3148=CARTESIAN_POINT('Ctrl Pts',(9.68906890951907,-0.999999999999991,22.9443874357916));
#3149=CARTESIAN_POINT('Ctrl Pts',(9.61394138917752,-0.999999999999991,22.8099504922401));
#3150=CARTESIAN_POINT('Ctrl Pts',(9.54279414162164,-0.999999999999991,22.6665945875813));
#3151=CARTESIAN_POINT('Ctrl Pts',(9.48127878932728,-0.999999999999991,22.5307055197292));
#3152=CARTESIAN_POINT('Ctrl Pts',(9.34205073172128,-0.999999999999992,22.202392708857));
#3153=CARTESIAN_POINT('Ctrl Pts',(9.18457662124364,-0.999999999999996,21.7098408288164));
#3154=CARTESIAN_POINT('Ctrl Pts',(8.98957815091495,-0.999999999999997,20.8743521763826));
#3155=CARTESIAN_POINT('Ctrl Pts',(8.84484961102618,-1.,19.9219963540303));
#3156=CARTESIAN_POINT('Ctrl Pts',(8.73134050381181,-1.,18.8185060255672));
#3157=CARTESIAN_POINT('Ctrl Pts',(8.65581336643635,-1.,17.7413745869316));
#3158=CARTESIAN_POINT('Ctrl Pts',(8.56821096272631,-1.,15.97655488113));
#3159=CARTESIAN_POINT('Ctrl Pts',(8.53753650633369,-1.,14.5977344531314));
#3160=CARTESIAN_POINT('Ctrl Pts',(8.52255327346286,-1.,13.5605680767385));
#3161=CARTESIAN_POINT('Ctrl Pts',(17.0000003129244,-1.59839860068377,25.000000372529));
#3162=CARTESIAN_POINT('Ctrl Pts',(16.8235333864531,-1.59839860068377,25.000000372529));
#3163=CARTESIAN_POINT('Ctrl Pts',(16.4692340871884,-1.59839860068377,24.9986438181689));
#3164=CARTESIAN_POINT('Ctrl Pts',(15.7562550400994,-1.59839860068377,24.9888300488306));
#3165=CARTESIAN_POINT('Ctrl Pts',(15.0366810600607,-1.59839860068378,24.9667242360454));
#3166=CARTESIAN_POINT('Ctrl Pts',(14.4137406138787,-1.59839860068378,24.9304591704447));
#3167=CARTESIAN_POINT('Ctrl Pts',(14.1321707230095,-1.59839860068378,24.9093171398261));
#3168=CARTESIAN_POINT('Ctrl Pts',(13.9431469790777,-1.59839860068378,24.8938150081716));
#3169=CARTESIAN_POINT('Ctrl Pts',(13.7287984625364,-1.59839860068378,24.8744756669778));
#3170=CARTESIAN_POINT('Ctrl Pts',(13.4382212525411,-1.59839860068377,24.8433678976192));
#3171=CARTESIAN_POINT('Ctrl Pts',(13.1422264184315,-1.59839860068377,24.8061470626145));
#3172=CARTESIAN_POINT('Ctrl Pts',(12.8389579041495,-1.59839860068377,24.7605456654966));
#3173=CARTESIAN_POINT('Ctrl Pts',(12.4216183163581,-1.59839860068377,24.6868155935149));
#3174=CARTESIAN_POINT('Ctrl Pts',(11.8635983279173,-1.59839860068377,24.5562158582972));
#3175=CARTESIAN_POINT('Ctrl Pts',(11.3244906625341,-1.59839860068377,24.3720122288394));
#3176=CARTESIAN_POINT('Ctrl Pts',(10.9591641627754,-1.59839860068376,24.1818544280946));
#3177=CARTESIAN_POINT('Ctrl Pts',(10.7922841745149,-1.59839860068376,24.0897731436213));
#3178=CARTESIAN_POINT('Ctrl Pts',(10.5376390656551,-1.59839860068376,23.9294316432437));
#3179=CARTESIAN_POINT('Ctrl Pts',(10.1936731148167,-1.59839860068376,23.6270361917379));
#3180=CARTESIAN_POINT('Ctrl Pts',(9.94764845214473,-1.59839860068376,23.3427630514718));
#3181=CARTESIAN_POINT('Ctrl Pts',(9.81224436175837,-1.59839860068376,23.1464893006851));
#3182=CARTESIAN_POINT('Ctrl Pts',(9.73571513847587,-1.59839860068376,23.0236234061726));
#3183=CARTESIAN_POINT('Ctrl Pts',(9.68815621234066,-1.59839860068376,22.943750043186));
#3184=CARTESIAN_POINT('Ctrl Pts',(9.61294382092028,-1.59839860068376,22.8091339262217));
#3185=CARTESIAN_POINT('Ctrl Pts',(9.54175897081914,-1.59839860068376,22.6656494830704));
#3186=CARTESIAN_POINT('Ctrl Pts',(9.48016960988688,-1.59839860068376,22.5295831871156));
#3187=CARTESIAN_POINT('Ctrl Pts',(9.34087061736107,-1.59839860068376,22.2010072096609));
#3188=CARTESIAN_POINT('Ctrl Pts',(9.18385943538295,-1.59839860068376,21.708931356114));
#3189=CARTESIAN_POINT('Ctrl Pts',(8.9889236551239,-1.59839860068377,20.8732525036815));
#3190=CARTESIAN_POINT('Ctrl Pts',(8.84470889837853,-1.59839860068377,19.92176562323));
#3191=CARTESIAN_POINT('Ctrl Pts',(8.73125176462686,-1.59839860068377,18.8182790252648));
#3192=CARTESIAN_POINT('Ctrl Pts',(8.65578221215301,-1.59839860068377,17.7412832299907));
#3193=CARTESIAN_POINT('Ctrl Pts',(8.56821037040088,-1.59839860068377,15.9764913438013));
#3194=CARTESIAN_POINT('Ctrl Pts',(8.5375370756213,-1.59839860068377,14.5977738602452));
#3195=CARTESIAN_POINT('Ctrl Pts',(8.52255327346286,-1.59839860068377,13.5605680767385));
#3196=CARTESIAN_POINT('Ctrl Pts',(17.0000003129244,-2.63470970364156,24.498254296482));
#3197=CARTESIAN_POINT('Ctrl Pts',(16.8249049915599,-2.63470970364156,24.498254296482));
#3198=CARTESIAN_POINT('Ctrl Pts',(16.4734048880565,-2.63470970364157,24.4968776029056));
#3199=CARTESIAN_POINT('Ctrl Pts',(15.7676633491704,-2.63470970364157,24.4871649475991));
#3200=CARTESIAN_POINT('Ctrl Pts',(15.0570592981519,-2.63470970364157,24.4651831678418));
#3201=CARTESIAN_POINT('Ctrl Pts',(14.4458451196683,-2.63470970364157,24.429524697683));
#3202=CARTESIAN_POINT('Ctrl Pts',(14.1706960543976,-2.63470970364157,24.4088414422476));
#3203=CARTESIAN_POINT('Ctrl Pts',(13.9863313221682,-2.63470970364157,24.3937183297326));
#3204=CARTESIAN_POINT('Ctrl Pts',(13.7775367767461,-2.63470970364157,24.3748074470455));
#3205=CARTESIAN_POINT('Ctrl Pts',(13.4957286041109,-2.63470970364157,24.3445750665577));
#3206=CARTESIAN_POINT('Ctrl Pts',(13.2100237667076,-2.63470970364157,24.3084946764474));
#3207=CARTESIAN_POINT('Ctrl Pts',(12.9192725180218,-2.63470970364156,24.2647079333004));
#3208=CARTESIAN_POINT('Ctrl Pts',(12.5223294265144,-2.63470970364156,24.1942538847162));
#3209=CARTESIAN_POINT('Ctrl Pts',(11.9991867021289,-2.63470970364156,24.0715071505475));
#3210=CARTESIAN_POINT('Ctrl Pts',(11.5117944939875,-2.63470970364155,23.9032233270494));
#3211=CARTESIAN_POINT('Ctrl Pts',(11.1956420037716,-2.63470970364155,23.738468881789));
#3212=CARTESIAN_POINT('Ctrl Pts',(11.0521341054652,-2.63470970364155,23.6593124929485));
#3213=CARTESIAN_POINT('Ctrl Pts',(10.8366256174483,-2.63470970364155,23.5231537240825));
#3214=CARTESIAN_POINT('Ctrl Pts',(10.5513981316628,-2.63470970364154,23.2722976853001));
#3215=CARTESIAN_POINT('Ctrl Pts',(10.346267488228,-2.63470970364154,23.0355177306276));
#3216=CARTESIAN_POINT('Ctrl Pts',(10.2311704735575,-2.63470970364154,22.868929068183));
#3217=CARTESIAN_POINT('Ctrl Pts',(10.1654501783942,-2.63470970364154,22.763430359692));
#3218=CARTESIAN_POINT('Ctrl Pts',(10.124412758147,-2.63470970364154,22.6945211436514));
#3219=CARTESIAN_POINT('Ctrl Pts',(10.0589952372649,-2.63470970364154,22.5774915868637));
#3220=CARTESIAN_POINT('Ctrl Pts',(9.99614253483038,-2.63470970364154,22.4509493009201));
#3221=CARTESIAN_POINT('Ctrl Pts',(9.94124125109095,-2.63470970364154,22.3296757233608));
#3222=CARTESIAN_POINT('Ctrl Pts',(9.81599150002274,-2.63470970364154,22.0344563597991));
#3223=CARTESIAN_POINT('Ctrl Pts',(9.66951540919256,-2.63470970364155,21.5782827697869));
#3224=CARTESIAN_POINT('Ctrl Pts',(9.48410416262039,-2.63470970364155,20.7849631465482));
#3225=CARTESIAN_POINT('Ctrl Pts',(9.34291020910188,-2.63470970364156,19.8601397827398));
#3226=CARTESIAN_POINT('Ctrl Pts',(9.23148475596039,-2.63470970364156,18.7766562832109));
#3227=CARTESIAN_POINT('Ctrl Pts',(9.15671120812057,-2.63470970364156,17.7119012819772));
#3228=CARTESIAN_POINT('Ctrl Pts',(9.06980963422887,-2.63470970364156,15.9611295239064));
#3229=CARTESIAN_POINT('Ctrl Pts',(9.03918613413615,-2.63470970364156,14.5874341298268));
#3230=CARTESIAN_POINT('Ctrl Pts',(9.02424700149476,-2.63470970364156,13.553320450776));
#3231=CARTESIAN_POINT('Ctrl Pts',(17.0000003129244,-3.,23.4487993230419));
#3232=CARTESIAN_POINT('Ctrl Pts',(16.8277230131761,-3.,23.4487993230419));
#3233=CARTESIAN_POINT('Ctrl Pts',(16.4823690789398,-3.00000000000001,23.4474350876658));
#3234=CARTESIAN_POINT('Ctrl Pts',(15.7915262811936,-3.,23.4379271540849));
#3235=CARTESIAN_POINT('Ctrl Pts',(15.1007301439275,-3.00000000000001,23.4164608218737));
#3236=CARTESIAN_POINT('Ctrl Pts',(14.5140954503399,-3.00000000000001,23.3821823795898));
#3237=CARTESIAN_POINT('Ctrl Pts',(14.2523033252032,-3.00000000000001,23.3624919276197));
#3238=CARTESIAN_POINT('Ctrl Pts',(14.0775313531533,-3.00000000000001,23.3481556115263));
#3239=CARTESIAN_POINT('Ctrl Pts',(13.8805444219514,-3.00000000000001,23.3302794739224));
#3240=CARTESIAN_POINT('Ctrl Pts',(13.6171927838502,-3.00000000000001,23.3020167524117));
#3241=CARTESIAN_POINT('Ctrl Pts',(13.3533211462304,-3.,23.2685907281901));
#3242=CARTESIAN_POINT('Ctrl Pts',(13.0888688720256,-3.,23.2287951231935));
#3243=CARTESIAN_POINT('Ctrl Pts',(12.7347126848771,-3.,23.1655496024005));
#3244=CARTESIAN_POINT('Ctrl Pts',(12.2861872606933,-2.99999999999999,23.0605131851533));
#3245=CARTESIAN_POINT('Ctrl Pts',(11.9068542870163,-2.99999999999999,22.9262194301378));
#3246=CARTESIAN_POINT('Ctrl Pts',(11.6926395261187,-2.99999999999999,22.8142921822989));
#3247=CARTESIAN_POINT('Ctrl Pts',(11.5971293257252,-2.99999999999999,22.7616739289883));
#3248=CARTESIAN_POINT('Ctrl Pts',(11.4630329002861,-2.99999999999998,22.6760278915196));
#3249=CARTESIAN_POINT('Ctrl Pts',(11.2989606702137,-2.99999999999998,22.531477324895));
#3250=CARTESIAN_POINT('Ctrl Pts',(11.178334920498,-2.99999999999998,22.3927412147971));
#3251=CARTESIAN_POINT('Ctrl Pts',(11.1052783958116,-2.99999999999997,22.2874622133779));
#3252=CARTESIAN_POINT('Ctrl Pts',(11.061852582847,-2.99999999999997,22.217737645039));
#3253=CARTESIAN_POINT('Ctrl Pts',(11.0342351893445,-2.99999999999997,22.1713789099979));
#3254=CARTESIAN_POINT('Ctrl Pts',(10.9890578576727,-2.99999999999997,22.0906124394084));
#3255=CARTESIAN_POINT('Ctrl Pts',(10.9435233691102,-2.99999999999997,21.9991326569057));
#3256=CARTESIAN_POINT('Ctrl Pts',(10.9023956774431,-2.99999999999997,21.9082842072977));
#3257=CARTESIAN_POINT('Ctrl Pts',(10.806325110736,-2.99999999999997,21.6820683996827));
#3258=CARTESIAN_POINT('Ctrl Pts',(10.6832305448279,-2.99999999999999,21.3023725489984));
#3259=CARTESIAN_POINT('Ctrl Pts',(10.5179231800344,-2.99999999999999,20.5970986016867));
#3260=CARTESIAN_POINT('Ctrl Pts',(10.3845417168612,-3.,19.730571820035));
#3261=CARTESIAN_POINT('Ctrl Pts',(10.2775168854297,-3.,18.6889377649091));
#3262=CARTESIAN_POINT('Ctrl Pts',(10.204366570693,-3.,17.650180150679));
#3263=CARTESIAN_POINT('Ctrl Pts',(10.1189558118145,-3.,15.9288138768196));
#3264=CARTESIAN_POINT('Ctrl Pts',(10.0884398407254,-3.,14.5659220923095));
#3265=CARTESIAN_POINT('Ctrl Pts',(10.0735924835258,-3.,13.5381612747006));
#3266=CARTESIAN_POINT('Ctrl Pts',(17.0000003129244,-3.,23.000000372529));
#3267=CARTESIAN_POINT('Ctrl Pts',(16.828926243924,-3.,23.000000372529));
#3268=CARTESIAN_POINT('Ctrl Pts',(16.4862115767506,-3.00000000000001,22.9986434994693));
#3269=CARTESIAN_POINT('Ctrl Pts',(15.8017312999048,-3.,22.989222862724));
#3270=CARTESIAN_POINT('Ctrl Pts',(15.1194450120291,-3.00000000000001,22.9679865047678));
#3271=CARTESIAN_POINT('Ctrl Pts',(14.5433236907029,-3.00000000000001,22.9343023784497));
#3272=CARTESIAN_POINT('Ctrl Pts',(14.2872409378022,-3.00000000000001,22.9150377369903));
#3273=CARTESIAN_POINT('Ctrl Pts',(14.1165656373593,-3.00000000000001,22.9010376717895));
#3274=CARTESIAN_POINT('Ctrl Pts',(13.9246353429289,-3.00000000000001,22.8836092081029));
#3275=CARTESIAN_POINT('Ctrl Pts',(13.6691809264739,-3.00000000000001,22.8561939801851));
#3276=CARTESIAN_POINT('Ctrl Pts',(13.4146578242582,-3.,22.8239131217359));
#3277=CARTESIAN_POINT('Ctrl Pts',(13.1614566854603,-3.,22.7858316162513));
#3278=CARTESIAN_POINT('Ctrl Pts',(12.8256029760565,-3.,22.7256821034616));
#3279=CARTESIAN_POINT('Ctrl Pts',(12.4090497761893,-2.99999999999999,22.6282673923882));
#3280=CARTESIAN_POINT('Ctrl Pts',(12.0759242185771,-2.99999999999999,22.5085352740054));
#3281=CARTESIAN_POINT('Ctrl Pts',(11.9052689779675,-2.99999999999999,22.4191881245099));
#3282=CARTESIAN_POINT('Ctrl Pts',(11.8302518893274,-2.99999999999999,22.377900417206));
#3283=CARTESIAN_POINT('Ctrl Pts',(11.730954659177,-2.99999999999998,22.313853591669));
#3284=CARTESIAN_POINT('Ctrl Pts',(11.6186309595994,-2.99999999999998,22.2147087979978));
#3285=CARTESIAN_POINT('Ctrl Pts',(11.534105322936,-2.99999999999998,22.1178528900101));
#3286=CARTESIAN_POINT('Ctrl Pts',(11.479011220781,-2.99999999999997,22.0387638685203));
#3287=CARTESIAN_POINT('Ctrl Pts',(11.4451079459206,-2.99999999999997,21.9843175500517));
#3288=CARTESIAN_POINT('Ctrl Pts',(11.4232214055423,-2.99999999999997,21.9475882716093));
#3289=CARTESIAN_POINT('Ctrl Pts',(11.3866905813803,-2.99999999999997,21.8823102705189));
#3290=CARTESIAN_POINT('Ctrl Pts',(11.3485581429769,-2.99999999999997,21.8058110178627));
#3291=CARTESIAN_POINT('Ctrl Pts',(11.3133126989745,-2.99999999999997,21.7279546483972));
#3292=CARTESIAN_POINT('Ctrl Pts',(11.2297129077948,-2.99999999999997,21.531219652347));
#3293=CARTESIAN_POINT('Ctrl Pts',(11.1166676238668,-2.99999999999999,21.1842810758859));
#3294=CARTESIAN_POINT('Ctrl Pts',(10.9599644709871,-2.99999999999999,20.5166392041094));
#3295=CARTESIAN_POINT('Ctrl Pts',(10.8299797119594,-3.,19.6751371265351));
#3296=CARTESIAN_POINT('Ctrl Pts',(10.7248424385665,-3.,18.6514003720114));
#3297=CARTESIAN_POINT('Ctrl Pts',(10.6523925411738,-3.,17.6237752329989));
#3298=CARTESIAN_POINT('Ctrl Pts',(10.5676226417077,-3.,15.9149872170815));
#3299=CARTESIAN_POINT('Ctrl Pts',(10.5371527812724,-3.,14.5567267509646));
#3300=CARTESIAN_POINT('Ctrl Pts',(10.5223446100864,-3.,13.5316784598248));
#3301=CARTESIAN_POINT('Ctrl Pts',(10.5223446100864,-3.,13.5316784598248));
#3302=CARTESIAN_POINT('Ctrl Pts',(10.5371527812724,-3.,14.5567267509646));
#3303=CARTESIAN_POINT('Ctrl Pts',(10.5676226417077,-3.,15.9149872170815));
#3304=CARTESIAN_POINT('Ctrl Pts',(10.6523925411738,-3.,17.6237752329989));
#3305=CARTESIAN_POINT('Ctrl Pts',(10.7248424385665,-3.,18.6514003720114));
#3306=CARTESIAN_POINT('Ctrl Pts',(10.8299797119594,-3.,19.6751371265351));
#3307=CARTESIAN_POINT('Ctrl Pts',(10.9599644709871,-2.99999999999999,20.5166392041094));
#3308=CARTESIAN_POINT('Ctrl Pts',(11.1166676238668,-2.99999999999999,21.1842810758859));
#3309=CARTESIAN_POINT('Ctrl Pts',(11.2297129077948,-2.99999999999997,21.531219652347));
#3310=CARTESIAN_POINT('Ctrl Pts',(11.3133126989745,-2.99999999999997,21.7279546483972));
#3311=CARTESIAN_POINT('Ctrl Pts',(11.3485581429769,-2.99999999999997,21.8058110178627));
#3312=CARTESIAN_POINT('Ctrl Pts',(11.3866905813803,-2.99999999999997,21.8823102705189));
#3313=CARTESIAN_POINT('Ctrl Pts',(11.4232214055423,-2.99999999999997,21.9475882716093));
#3314=CARTESIAN_POINT('Ctrl Pts',(11.4451079459206,-2.99999999999997,21.9843175500517));
#3315=CARTESIAN_POINT('Ctrl Pts',(11.479011220781,-2.99999999999997,22.0387638685203));
#3316=CARTESIAN_POINT('Ctrl Pts',(11.534105322936,-2.99999999999998,22.1178528900101));
#3317=CARTESIAN_POINT('Ctrl Pts',(11.6186309595994,-2.99999999999998,22.2147087979978));
#3318=CARTESIAN_POINT('Ctrl Pts',(11.730954659177,-2.99999999999998,22.313853591669));
#3319=CARTESIAN_POINT('Ctrl Pts',(11.8302518893274,-2.99999999999999,22.377900417206));
#3320=CARTESIAN_POINT('Ctrl Pts',(11.9052689779675,-2.99999999999999,22.4191881245099));
#3321=CARTESIAN_POINT('Ctrl Pts',(12.0759242185771,-2.99999999999999,22.5085352740054));
#3322=CARTESIAN_POINT('Ctrl Pts',(12.4090497761893,-2.99999999999999,22.6282673923882));
#3323=CARTESIAN_POINT('Ctrl Pts',(12.8256029760565,-3.,22.7256821034616));
#3324=CARTESIAN_POINT('Ctrl Pts',(13.1614566854603,-3.,22.7858316162513));
#3325=CARTESIAN_POINT('Ctrl Pts',(13.4146578242582,-3.,22.8239131217359));
#3326=CARTESIAN_POINT('Ctrl Pts',(13.6691809264739,-3.00000000000001,22.8561939801851));
#3327=CARTESIAN_POINT('Ctrl Pts',(13.9246353429289,-3.00000000000001,22.8836092081029));
#3328=CARTESIAN_POINT('Ctrl Pts',(14.1165656373593,-3.00000000000001,22.9010376717895));
#3329=CARTESIAN_POINT('Ctrl Pts',(14.2872409378022,-3.00000000000001,22.9150377369903));
#3330=CARTESIAN_POINT('Ctrl Pts',(14.5433236907029,-3.00000000000001,22.9343023784497));
#3331=CARTESIAN_POINT('Ctrl Pts',(15.1194450120291,-3.00000000000001,22.9679865047678));
#3332=CARTESIAN_POINT('Ctrl Pts',(15.8017312999048,-3.,22.989222862724));
#3333=CARTESIAN_POINT('Ctrl Pts',(16.4862115767506,-3.00000000000001,22.9986434994693));
#3334=CARTESIAN_POINT('Ctrl Pts',(16.828926243924,-3.,23.000000372529));
#3335=CARTESIAN_POINT('Ctrl Pts',(17.0000003129244,-3.,23.000000372529));
#3336=CARTESIAN_POINT('Ctrl Pts',(-21.0000003129244,1.,21.000000372529));
#3337=CARTESIAN_POINT('Ctrl Pts',(-21.0000003129244,1.,25.000000372529));
#3338=CARTESIAN_POINT('Ctrl Pts',(-17.0000003129244,1.,25.000000372529));
#3339=CARTESIAN_POINT('Ctrl Pts',(-21.0000003129244,3.,21.000000372529));
#3340=CARTESIAN_POINT('Ctrl Pts',(-21.0000003129244,3.,25.000000372529));
#3341=CARTESIAN_POINT('Ctrl Pts',(-17.0000003129244,3.,25.000000372529));
#3342=CARTESIAN_POINT('Ctrl Pts',(-19.0000003129244,3.,21.000000372529));
#3343=CARTESIAN_POINT('Ctrl Pts',(-19.0000003129244,3.,23.000000372529));
#3344=CARTESIAN_POINT('Ctrl Pts',(-17.0000003129244,3.,23.000000372529));
#3345=CARTESIAN_POINT('',(-17.0000003129244,1.,25.000000372529));
#3346=CARTESIAN_POINT('',(-17.0000003129244,3.,23.000000372529));
#3347=CARTESIAN_POINT('Origin',(-17.0000003129244,1.,23.000000372529));
#3348=CARTESIAN_POINT('Origin',(-17.0000003129244,3.,21.000000372529));
#3349=CARTESIAN_POINT('Origin',(-17.0000003129244,1.,21.000000372529));
#3350=CARTESIAN_POINT('Ctrl Pts',(-17.0000003129244,1.,25.000000372529));
#3351=CARTESIAN_POINT('Ctrl Pts',(-16.8235508667995,1.,25.000000372529));
#3352=CARTESIAN_POINT('Ctrl Pts',(-16.4691513819395,1.,24.9986250497395));
#3353=CARTESIAN_POINT('Ctrl Pts',(-15.756254611346,1.,24.9888136079838));
#3354=CARTESIAN_POINT('Ctrl Pts',(-15.0363208298128,0.999999999999999,24.966619760226));
#3355=CARTESIAN_POINT('Ctrl Pts',(-14.4133622429737,0.999999999999998,24.9303164334804));
#3356=CARTESIAN_POINT('Ctrl Pts',(-14.1318174180498,0.999999999999998,24.9091629775286));
#3357=CARTESIAN_POINT('Ctrl Pts',(-13.942845960024,0.999999999999998,24.8936628960403));
#3358=CARTESIAN_POINT('Ctrl Pts',(-13.7284318017727,0.999999999999999,24.8742759030547));
#3359=CARTESIAN_POINT('Ctrl Pts',(-13.4378149908836,0.999999999999999,24.8431204434729));
#3360=CARTESIAN_POINT('Ctrl Pts',(-13.1417133593424,0.999999999999998,24.8058071083199));
#3361=CARTESIAN_POINT('Ctrl Pts',(-12.8384043417984,0.999999999999998,24.7601384529452));
#3362=CARTESIAN_POINT('Ctrl Pts',(-12.4210216079492,0.999999999999997,24.6862858364764));
#3363=CARTESIAN_POINT('Ctrl Pts',(-11.862428123887,0.999999999999995,24.5552442628261));
#3364=CARTESIAN_POINT('Ctrl Pts',(-11.3233579782865,0.999999999999992,24.3708026437942));
#3365=CARTESIAN_POINT('Ctrl Pts',(-10.958346080741,0.99999999999999,24.1807502732961));
#3366=CARTESIAN_POINT('Ctrl Pts',(-10.7917712687573,0.999999999999991,24.0888394236019));
#3367=CARTESIAN_POINT('Ctrl Pts',(-10.537279631363,0.999999999999989,23.9285213089977));
#3368=CARTESIAN_POINT('Ctrl Pts',(-10.1938990877515,0.999999999999988,23.6266398123643));
#3369=CARTESIAN_POINT('Ctrl Pts',(-9.94822835080764,0.999999999999986,23.3428113441086));
#3370=CARTESIAN_POINT('Ctrl Pts',(-9.81297346349513,0.999999999999985,23.1468057495862));
#3371=CARTESIAN_POINT('Ctrl Pts',(-9.73655205208923,0.999999999999985,23.0241293792657));
#3372=CARTESIAN_POINT('Ctrl Pts',(-9.68906891017262,0.999999999999984,22.9443874369312));
#3373=CARTESIAN_POINT('Ctrl Pts',(-9.61394138974591,0.999999999999985,22.8099504933316));
#3374=CARTESIAN_POINT('Ctrl Pts',(-9.54279414211982,0.999999999999985,22.6665945886298));
#3375=CARTESIAN_POINT('Ctrl Pts',(-9.48127878977112,0.999999999999986,22.5307055207447));
#3376=CARTESIAN_POINT('Ctrl Pts',(-9.34205073205248,0.999999999999987,22.2023927098049));
#3377=CARTESIAN_POINT('Ctrl Pts',(-9.1845766214893,0.999999999999992,21.7098408297259));
#3378=CARTESIAN_POINT('Ctrl Pts',(-8.98957815107712,0.999999999999994,20.874352177284));
#3379=CARTESIAN_POINT('Ctrl Pts',(-8.84484961114666,0.999999999999999,19.9219963549852));
#3380=CARTESIAN_POINT('Ctrl Pts',(-8.73134050390017,1.,18.8185060266136));
#3381=CARTESIAN_POINT('Ctrl Pts',(-8.65581336650414,1.,17.7413745880705));
#3382=CARTESIAN_POINT('Ctrl Pts',(-8.56821096276821,1.,15.9765548824275));
#3383=CARTESIAN_POINT('Ctrl Pts',(-8.53753650636384,1.,14.5977344545683));
#3384=CARTESIAN_POINT('Ctrl Pts',(-8.52255327348524,1.,13.5605680782873));
#3385=CARTESIAN_POINT('Ctrl Pts',(-17.0000003129244,1.59839860068377,25.000000372529));
#3386=CARTESIAN_POINT('Ctrl Pts',(-16.823533386472,1.59839860068377,25.000000372529));
#3387=CARTESIAN_POINT('Ctrl Pts',(-16.4692340872452,1.59839860068377,24.9986438181691));
#3388=CARTESIAN_POINT('Ctrl Pts',(-15.7562550402328,1.59839860068377,24.9888300488331));
#3389=CARTESIAN_POINT('Ctrl Pts',(-15.0366810602729,1.59839860068377,24.9667242360529));
#3390=CARTESIAN_POINT('Ctrl Pts',(-14.4137406141633,1.59839860068377,24.9304591704624));
#3391=CARTESIAN_POINT('Ctrl Pts',(-14.132170723328,1.59839860068377,24.9093171398503));
#3392=CARTESIAN_POINT('Ctrl Pts',(-13.9431469794195,1.59839860068377,24.8938150082007));
#3393=CARTESIAN_POINT('Ctrl Pts',(-13.7287984629049,1.59839860068377,24.8744756670131));
#3394=CARTESIAN_POINT('Ctrl Pts',(-13.4382212529475,1.59839860068377,24.8433678976656));
#3395=CARTESIAN_POINT('Ctrl Pts',(-13.1422264188782,1.59839860068377,24.8061470626742));
#3396=CARTESIAN_POINT('Ctrl Pts',(-12.8389579046415,1.59839860068377,24.7605456655757));
#3397=CARTESIAN_POINT('Ctrl Pts',(-12.4216183169205,1.59839860068377,24.6868155936254));
#3398=CARTESIAN_POINT('Ctrl Pts',(-11.8635983285989,1.59839860068376,24.5562158584871));
#3399=CARTESIAN_POINT('Ctrl Pts',(-11.3244906633924,1.59839860068376,24.3720122291613));
#3400=CARTESIAN_POINT('Ctrl Pts',(-10.9591641638396,1.59839860068375,24.1818544286669));
#3401=CARTESIAN_POINT('Ctrl Pts',(-10.7922841756696,1.59839860068375,24.0897731443161));
#3402=CARTESIAN_POINT('Ctrl Pts',(-10.5376390669876,1.59839860068375,23.9294316442053));
#3403=CARTESIAN_POINT('Ctrl Pts',(-10.1936731161022,1.59839860068375,23.6270361930366));
#3404=CARTESIAN_POINT('Ctrl Pts',(-9.94764845313155,1.59839860068375,23.3427630527687));
#3405=CARTESIAN_POINT('Ctrl Pts',(-9.81224436256444,1.59839860068375,23.1464893019022));
#3406=CARTESIAN_POINT('Ctrl Pts',(-9.73571513918657,1.59839860068375,23.0236234073432));
#3407=CARTESIAN_POINT('Ctrl Pts',(-9.68815621299403,1.59839860068375,22.943750044326));
#3408=CARTESIAN_POINT('Ctrl Pts',(-9.61294382148828,1.59839860068375,22.8091339273134));
#3409=CARTESIAN_POINT('Ctrl Pts',(-9.54175897131679,1.59839860068375,22.6656494841188));
#3410=CARTESIAN_POINT('Ctrl Pts',(-9.48016961033006,1.59839860068375,22.529583188131));
#3411=CARTESIAN_POINT('Ctrl Pts',(-9.34087061769143,1.59839860068375,22.2010072106083));
#3412=CARTESIAN_POINT('Ctrl Pts',(-9.183859435628,1.59839860068376,21.708931357023));
#3413=CARTESIAN_POINT('Ctrl Pts',(-8.98892365528548,1.59839860068376,20.8732525045822));
#3414=CARTESIAN_POINT('Ctrl Pts',(-8.84470889849885,1.59839860068377,19.9217656241847));
#3415=CARTESIAN_POINT('Ctrl Pts',(-8.73125176471513,1.59839860068377,18.8182790263111));
#3416=CARTESIAN_POINT('Ctrl Pts',(-8.65578221222076,1.59839860068377,17.7412832311295));
#3417=CARTESIAN_POINT('Ctrl Pts',(-8.56821037044278,1.59839860068377,15.9764913450988));
#3418=CARTESIAN_POINT('Ctrl Pts',(-8.53753707565144,1.59839860068377,14.5977738616821));
#3419=CARTESIAN_POINT('Ctrl Pts',(-8.52255327348524,1.59839860068377,13.5605680782873));
#3420=CARTESIAN_POINT('Ctrl Pts',(-17.0000003129244,2.63470970364156,24.498254296482));
#3421=CARTESIAN_POINT('Ctrl Pts',(-16.8249049915786,2.63470970364156,24.498254296482));
#3422=CARTESIAN_POINT('Ctrl Pts',(-16.4734048881128,2.63470970364156,24.4968776029058));
#3423=CARTESIAN_POINT('Ctrl Pts',(-15.7676633493024,2.63470970364156,24.4871649476016));
#3424=CARTESIAN_POINT('Ctrl Pts',(-15.0570592983611,2.63470970364156,24.4651831678494));
#3425=CARTESIAN_POINT('Ctrl Pts',(-14.4458451199472,2.63470970364156,24.4295246977005));
#3426=CARTESIAN_POINT('Ctrl Pts',(-14.1706960547088,2.63470970364156,24.4088414422714));
#3427=CARTESIAN_POINT('Ctrl Pts',(-13.9863313225013,2.63470970364156,24.3937183297612));
#3428=CARTESIAN_POINT('Ctrl Pts',(-13.7775367771044,2.63470970364156,24.3748074470801));
#3429=CARTESIAN_POINT('Ctrl Pts',(-13.4957286045042,2.63470970364156,24.3445750666028));
#3430=CARTESIAN_POINT('Ctrl Pts',(-13.2100237671375,2.63470970364156,24.3084946765054));
#3431=CARTESIAN_POINT('Ctrl Pts',(-12.9192725184918,2.63470970364156,24.2647079333763));
#3432=CARTESIAN_POINT('Ctrl Pts',(-12.5223294270455,2.63470970364155,24.1942538848216));
#3433=CARTESIAN_POINT('Ctrl Pts',(-11.9991867027592,2.63470970364155,24.0715071507236));
#3434=CARTESIAN_POINT('Ctrl Pts',(-11.5117944947542,2.63470970364154,23.9032233273408));
#3435=CARTESIAN_POINT('Ctrl Pts',(-11.19564200469,2.63470970364154,23.7384688822833));
#3436=CARTESIAN_POINT('Ctrl Pts',(-11.0521341064496,2.63470970364154,23.6593124935419));
#3437=CARTESIAN_POINT('Ctrl Pts',(-10.8366256185609,2.63470970364153,23.5231537248876));
#3438=CARTESIAN_POINT('Ctrl Pts',(-10.5513981327284,2.63470970364153,23.2722976863764));
#3439=CARTESIAN_POINT('Ctrl Pts',(-10.3462674890593,2.63470970364152,23.0355177317177));
#3440=CARTESIAN_POINT('Ctrl Pts',(-10.2311704742463,2.63470970364152,22.8689290692219));
#3441=CARTESIAN_POINT('Ctrl Pts',(-10.1654501790074,2.63470970364152,22.763430360701));
#3442=CARTESIAN_POINT('Ctrl Pts',(-10.1244127587146,2.63470970364152,22.6945211446406));
#3443=CARTESIAN_POINT('Ctrl Pts',(-10.0589952377643,2.63470970364152,22.5774915878216));
#3444=CARTESIAN_POINT('Ctrl Pts',(-9.9961425352729,2.63470970364152,22.4509493018505));
#3445=CARTESIAN_POINT('Ctrl Pts',(-9.94124125148906,2.63470970364152,22.3296757242708));
#3446=CARTESIAN_POINT('Ctrl Pts',(-9.81599150032809,2.63470970364153,22.0344563606687));
#3447=CARTESIAN_POINT('Ctrl Pts',(-9.66951540942422,2.63470970364154,21.5782827706414));
#3448=CARTESIAN_POINT('Ctrl Pts',(-9.4841041627777,2.63470970364154,20.7849631474168));
#3449=CARTESIAN_POINT('Ctrl Pts',(-9.34291020921968,2.63470970364156,19.8601397836726));
#3450=CARTESIAN_POINT('Ctrl Pts',(-9.23148475604768,2.63470970364156,18.7766562842424));
#3451=CARTESIAN_POINT('Ctrl Pts',(-9.15671120818771,2.63470970364156,17.7119012831051));
#3452=CARTESIAN_POINT('Ctrl Pts',(-9.06980963427064,2.63470970364156,15.9611295251973));
#3453=CARTESIAN_POINT('Ctrl Pts',(-9.03918613416619,2.63470970364156,14.5874341312583));
#3454=CARTESIAN_POINT('Ctrl Pts',(-9.02424700151706,2.63470970364156,13.5533204523203));
#3455=CARTESIAN_POINT('Ctrl Pts',(-17.0000003129244,3.,23.4487993230419));
#3456=CARTESIAN_POINT('Ctrl Pts',(-16.8277230131945,3.,23.4487993230419));
#3457=CARTESIAN_POINT('Ctrl Pts',(-16.4823690789951,3.,23.4474350876661));
#3458=CARTESIAN_POINT('Ctrl Pts',(-15.7915262813225,3.,23.4379271540873));
#3459=CARTESIAN_POINT('Ctrl Pts',(-15.1007301441303,3.,23.4164608218812));
#3460=CARTESIAN_POINT('Ctrl Pts',(-14.5140954506068,2.99999999999999,23.3821823796067));
#3461=CARTESIAN_POINT('Ctrl Pts',(-14.2523033254989,2.99999999999999,23.3624919276425));
#3462=CARTESIAN_POINT('Ctrl Pts',(-14.0775313534682,2.99999999999999,23.3481556115535));
#3463=CARTESIAN_POINT('Ctrl Pts',(-13.880544422288,2.99999999999999,23.3302794739552));
#3464=CARTESIAN_POINT('Ctrl Pts',(-13.6171927842158,2.99999999999999,23.3020167524539));
#3465=CARTESIAN_POINT('Ctrl Pts',(-13.3533211466248,2.99999999999999,23.2685907282438));
#3466=CARTESIAN_POINT('Ctrl Pts',(-13.0888688724495,2.99999999999999,23.2287951232624));
#3467=CARTESIAN_POINT('Ctrl Pts',(-12.7347126853425,2.99999999999999,23.1655496024946));
#3468=CARTESIAN_POINT('Ctrl Pts',(-12.2861872612154,2.99999999999998,23.0605131852992));
#3469=CARTESIAN_POINT('Ctrl Pts',(-11.9068542875916,2.99999999999998,22.9262194303634));
#3470=CARTESIAN_POINT('Ctrl Pts',(-11.6926395267339,2.99999999999997,22.8142921826298));
#3471=CARTESIAN_POINT('Ctrl Pts',(-11.5971293263563,2.99999999999997,22.7616739293699));
#3472=CARTESIAN_POINT('Ctrl Pts',(-11.4630329009432,2.99999999999997,22.6760278919995));
#3473=CARTESIAN_POINT('Ctrl Pts',(-11.2989606708238,2.99999999999996,22.5314773255102));
#3474=CARTESIAN_POINT('Ctrl Pts',(-11.1783349210058,2.99999999999996,22.392741215458));
#3475=CARTESIAN_POINT('Ctrl Pts',(-11.1052783962556,2.99999999999995,22.2874622140463));
#3476=CARTESIAN_POINT('Ctrl Pts',(-11.0618525832561,2.99999999999995,22.2177376457116));
#3477=CARTESIAN_POINT('Ctrl Pts',(-11.0342351897322,2.99999999999995,22.1713789106728));
#3478=CARTESIAN_POINT('Ctrl Pts',(-10.9890578580275,2.99999999999995,22.0906124400872));
#3479=CARTESIAN_POINT('Ctrl Pts',(-10.9435233694359,2.99999999999996,21.9991326575893));
#3480=CARTESIAN_POINT('Ctrl Pts',(-10.9023956777451,2.99999999999996,21.9082842079871));
#3481=CARTESIAN_POINT('Ctrl Pts',(-10.8063251109866,2.99999999999996,21.682068400388));
#3482=CARTESIAN_POINT('Ctrl Pts',(-10.6832305450298,2.99999999999998,21.3023725497375));
#3483=CARTESIAN_POINT('Ctrl Pts',(-10.517923180181,2.99999999999998,20.5970986024864));
#3484=CARTESIAN_POINT('Ctrl Pts',(-10.3845417169732,3.,19.7305718209215));
#3485=CARTESIAN_POINT('Ctrl Pts',(-10.2775168855147,3.,18.6889377659094));
#3486=CARTESIAN_POINT('Ctrl Pts',(-10.2043665707587,3.,17.6501801517839));
#3487=CARTESIAN_POINT('Ctrl Pts',(-10.118955811856,3.,15.9288138780965));
#3488=CARTESIAN_POINT('Ctrl Pts',(-10.0884398407552,3.,14.5659220937299));
#3489=CARTESIAN_POINT('Ctrl Pts',(-10.0735924835479,3.,13.5381612762354));
#3490=CARTESIAN_POINT('Ctrl Pts',(-17.0000003129244,3.,23.000000372529));
#3491=CARTESIAN_POINT('Ctrl Pts',(-16.8289262439423,3.,23.000000372529));
#3492=CARTESIAN_POINT('Ctrl Pts',(-16.4862115768054,3.,22.9986434994696));
#3493=CARTESIAN_POINT('Ctrl Pts',(-15.8017313000324,3.,22.9892228627264));
#3494=CARTESIAN_POINT('Ctrl Pts',(-15.1194450122292,3.,22.9679865047752));
#3495=CARTESIAN_POINT('Ctrl Pts',(-14.5433236909647,2.99999999999999,22.9343023784664));
#3496=CARTESIAN_POINT('Ctrl Pts',(-14.2872409380913,2.99999999999999,22.9150377370126));
#3497=CARTESIAN_POINT('Ctrl Pts',(-14.1165656376664,2.99999999999999,22.9010376718161));
#3498=CARTESIAN_POINT('Ctrl Pts',(-13.9246353432563,2.99999999999999,22.8836092081349));
#3499=CARTESIAN_POINT('Ctrl Pts',(-13.6691809268277,2.99999999999999,22.856193980226));
#3500=CARTESIAN_POINT('Ctrl Pts',(-13.4146578246374,2.99999999999999,22.8239131217878));
#3501=CARTESIAN_POINT('Ctrl Pts',(-13.1614566858644,2.99999999999999,22.7858316163171));
#3502=CARTESIAN_POINT('Ctrl Pts',(-12.8256029764939,2.99999999999999,22.7256821035508));
#3503=CARTESIAN_POINT('Ctrl Pts',(-12.4090497766653,2.99999999999998,22.6282673925212));
#3504=CARTESIAN_POINT('Ctrl Pts',(-12.0759242190707,2.99999999999998,22.5085352742028));
#3505=CARTESIAN_POINT('Ctrl Pts',(-11.9052689784531,2.99999999999997,22.4191881247709));
#3506=CARTESIAN_POINT('Ctrl Pts',(-11.8302518898074,2.99999999999997,22.377900417497));
#3507=CARTESIAN_POINT('Ctrl Pts',(-11.7309546596395,2.99999999999997,22.3138535920099));
#3508=CARTESIAN_POINT('Ctrl Pts',(-11.6186309600148,2.99999999999996,22.214708798416));
#3509=CARTESIAN_POINT('Ctrl Pts',(-11.5341053233056,2.99999999999996,22.1178528904877));
#3510=CARTESIAN_POINT('Ctrl Pts',(-11.4790112211205,2.99999999999995,22.0387638690304));
#3511=CARTESIAN_POINT('Ctrl Pts',(-11.4451079462425,2.99999999999995,21.9843175505805));
#3512=CARTESIAN_POINT('Ctrl Pts',(-11.4232214058531,2.99999999999995,21.9475882721498));
#3513=CARTESIAN_POINT('Ctrl Pts',(-11.3866905816732,2.99999999999995,21.8823102710783));
#3514=CARTESIAN_POINT('Ctrl Pts',(-11.3485581432525,2.99999999999996,21.8058110184406));
#3515=CARTESIAN_POINT('Ctrl Pts',(-11.3133126992353,2.99999999999996,21.7279546489921));
#3516=CARTESIAN_POINT('Ctrl Pts',(-11.2297129080219,2.99999999999996,21.5312196529821));
#3517=CARTESIAN_POINT('Ctrl Pts',(-11.1166676240559,2.99999999999998,21.1842810765756));
#3518=CARTESIAN_POINT('Ctrl Pts',(-10.9599644711292,2.99999999999998,20.5166392048796));
#3519=CARTESIAN_POINT('Ctrl Pts',(-10.829979712069,3.,19.6751371274018));
#3520=CARTESIAN_POINT('Ctrl Pts',(-10.7248424386505,3.,18.6514003729982));
#3521=CARTESIAN_POINT('Ctrl Pts',(-10.652392541239,3.,17.623775234094));
#3522=CARTESIAN_POINT('Ctrl Pts',(-10.5676226417491,3.,15.9149872183524));
#3523=CARTESIAN_POINT('Ctrl Pts',(-10.5371527813021,3.,14.5567267523802));
#3524=CARTESIAN_POINT('Ctrl Pts',(-10.5223446101085,3.,13.5316784613555));
#3525=CARTESIAN_POINT('Ctrl Pts',(-10.5223446101085,3.,13.5316784613555));
#3526=CARTESIAN_POINT('Ctrl Pts',(-10.5371527813021,3.,14.5567267523802));
#3527=CARTESIAN_POINT('Ctrl Pts',(-10.5676226417491,3.,15.9149872183524));
#3528=CARTESIAN_POINT('Ctrl Pts',(-10.652392541239,3.,17.623775234094));
#3529=CARTESIAN_POINT('Ctrl Pts',(-10.7248424386505,3.,18.6514003729982));
#3530=CARTESIAN_POINT('Ctrl Pts',(-10.829979712069,3.,19.6751371274018));
#3531=CARTESIAN_POINT('Ctrl Pts',(-10.9599644711292,2.99999999999998,20.5166392048796));
#3532=CARTESIAN_POINT('Ctrl Pts',(-11.1166676240559,2.99999999999998,21.1842810765756));
#3533=CARTESIAN_POINT('Ctrl Pts',(-11.2297129080219,2.99999999999996,21.5312196529821));
#3534=CARTESIAN_POINT('Ctrl Pts',(-11.3133126992353,2.99999999999996,21.7279546489921));
#3535=CARTESIAN_POINT('Ctrl Pts',(-11.3485581432525,2.99999999999996,21.8058110184406));
#3536=CARTESIAN_POINT('Ctrl Pts',(-11.3866905816732,2.99999999999995,21.8823102710783));
#3537=CARTESIAN_POINT('Ctrl Pts',(-11.4232214058531,2.99999999999995,21.9475882721498));
#3538=CARTESIAN_POINT('Ctrl Pts',(-11.4451079462425,2.99999999999995,21.9843175505805));
#3539=CARTESIAN_POINT('Ctrl Pts',(-11.4790112211205,2.99999999999995,22.0387638690304));
#3540=CARTESIAN_POINT('Ctrl Pts',(-11.5341053233056,2.99999999999996,22.1178528904877));
#3541=CARTESIAN_POINT('Ctrl Pts',(-11.6186309600148,2.99999999999996,22.214708798416));
#3542=CARTESIAN_POINT('Ctrl Pts',(-11.7309546596395,2.99999999999997,22.3138535920099));
#3543=CARTESIAN_POINT('Ctrl Pts',(-11.8302518898074,2.99999999999997,22.377900417497));
#3544=CARTESIAN_POINT('Ctrl Pts',(-11.9052689784531,2.99999999999997,22.4191881247709));
#3545=CARTESIAN_POINT('Ctrl Pts',(-12.0759242190707,2.99999999999998,22.5085352742028));
#3546=CARTESIAN_POINT('Ctrl Pts',(-12.4090497766653,2.99999999999998,22.6282673925212));
#3547=CARTESIAN_POINT('Ctrl Pts',(-12.8256029764939,2.99999999999999,22.7256821035508));
#3548=CARTESIAN_POINT('Ctrl Pts',(-13.1614566858644,2.99999999999999,22.7858316163171));
#3549=CARTESIAN_POINT('Ctrl Pts',(-13.4146578246374,2.99999999999999,22.8239131217878));
#3550=CARTESIAN_POINT('Ctrl Pts',(-13.6691809268277,2.99999999999999,22.856193980226));
#3551=CARTESIAN_POINT('Ctrl Pts',(-13.9246353432563,2.99999999999999,22.8836092081349));
#3552=CARTESIAN_POINT('Ctrl Pts',(-14.1165656376664,2.99999999999999,22.9010376718161));
#3553=CARTESIAN_POINT('Ctrl Pts',(-14.2872409380913,2.99999999999999,22.9150377370126));
#3554=CARTESIAN_POINT('Ctrl Pts',(-14.5433236909647,2.99999999999999,22.9343023784664));
#3555=CARTESIAN_POINT('Ctrl Pts',(-15.1194450122292,3.,22.9679865047752));
#3556=CARTESIAN_POINT('Ctrl Pts',(-15.8017313000324,3.,22.9892228627264));
#3557=CARTESIAN_POINT('Ctrl Pts',(-16.4862115768054,3.,22.9986434994696));
#3558=CARTESIAN_POINT('Ctrl Pts',(-16.8289262439423,3.,23.000000372529));
#3559=CARTESIAN_POINT('Ctrl Pts',(-17.0000003129244,3.,23.000000372529));
#3560=CARTESIAN_POINT('Ctrl Pts',(-17.0000003129244,1.,25.000000372529));
#3561=CARTESIAN_POINT('Ctrl Pts',(-16.8235508667995,1.,25.000000372529));
#3562=CARTESIAN_POINT('Ctrl Pts',(-16.4691513819395,1.,24.9986250497395));
#3563=CARTESIAN_POINT('Ctrl Pts',(-15.756254611346,1.,24.9888136079838));
#3564=CARTESIAN_POINT('Ctrl Pts',(-15.0363208298128,0.999999999999999,24.966619760226));
#3565=CARTESIAN_POINT('Ctrl Pts',(-14.4133622429737,0.999999999999998,24.9303164334804));
#3566=CARTESIAN_POINT('Ctrl Pts',(-14.1318174180498,0.999999999999998,24.9091629775286));
#3567=CARTESIAN_POINT('Ctrl Pts',(-13.942845960024,0.999999999999998,24.8936628960403));
#3568=CARTESIAN_POINT('Ctrl Pts',(-13.7284318017727,0.999999999999999,24.8742759030547));
#3569=CARTESIAN_POINT('Ctrl Pts',(-13.4378149908836,0.999999999999999,24.8431204434729));
#3570=CARTESIAN_POINT('Ctrl Pts',(-13.1417133593424,0.999999999999998,24.8058071083199));
#3571=CARTESIAN_POINT('Ctrl Pts',(-12.8384043417984,0.999999999999998,24.7601384529452));
#3572=CARTESIAN_POINT('Ctrl Pts',(-12.4210216079492,0.999999999999997,24.6862858364764));
#3573=CARTESIAN_POINT('Ctrl Pts',(-11.862428123887,0.999999999999995,24.5552442628261));
#3574=CARTESIAN_POINT('Ctrl Pts',(-11.3233579782865,0.999999999999992,24.3708026437942));
#3575=CARTESIAN_POINT('Ctrl Pts',(-10.958346080741,0.99999999999999,24.1807502732961));
#3576=CARTESIAN_POINT('Ctrl Pts',(-10.7917712687573,0.999999999999991,24.0888394236019));
#3577=CARTESIAN_POINT('Ctrl Pts',(-10.537279631363,0.999999999999989,23.9285213089977));
#3578=CARTESIAN_POINT('Ctrl Pts',(-10.1938990877515,0.999999999999988,23.6266398123643));
#3579=CARTESIAN_POINT('Ctrl Pts',(-9.94822835080764,0.999999999999986,23.3428113441086));
#3580=CARTESIAN_POINT('Ctrl Pts',(-9.81297346349513,0.999999999999985,23.1468057495862));
#3581=CARTESIAN_POINT('Ctrl Pts',(-9.73655205208923,0.999999999999985,23.0241293792657));
#3582=CARTESIAN_POINT('Ctrl Pts',(-9.68906891017262,0.999999999999984,22.9443874369312));
#3583=CARTESIAN_POINT('Ctrl Pts',(-9.61394138974591,0.999999999999985,22.8099504933316));
#3584=CARTESIAN_POINT('Ctrl Pts',(-9.54279414211982,0.999999999999985,22.6665945886298));
#3585=CARTESIAN_POINT('Ctrl Pts',(-9.48127878977112,0.999999999999986,22.5307055207447));
#3586=CARTESIAN_POINT('Ctrl Pts',(-9.34205073205248,0.999999999999987,22.2023927098049));
#3587=CARTESIAN_POINT('Ctrl Pts',(-9.1845766214893,0.999999999999992,21.7098408297259));
#3588=CARTESIAN_POINT('Ctrl Pts',(-8.98957815107712,0.999999999999994,20.874352177284));
#3589=CARTESIAN_POINT('Ctrl Pts',(-8.84484961114666,0.999999999999999,19.9219963549852));
#3590=CARTESIAN_POINT('Ctrl Pts',(-8.73134050390017,1.,18.8185060266136));
#3591=CARTESIAN_POINT('Ctrl Pts',(-8.65581336650414,1.,17.7413745880705));
#3592=CARTESIAN_POINT('Ctrl Pts',(-8.57478310667939,1.,16.1089559192498));
#3593=CARTESIAN_POINT('Ctrl Pts',(-8.54363624762762,1.,14.8566310745688));
#3594=CARTESIAN_POINT('Ctrl Pts',(-8.52857759967004,1.,13.949520898153));
#3595=CARTESIAN_POINT('Ctrl Pts',(-17.0000003129244,-3.,25.000000372529));
#3596=CARTESIAN_POINT('Ctrl Pts',(-17.0000003129244,3.,25.000000372529));
#3597=CARTESIAN_POINT('Ctrl Pts',(-8.50000012665987,-3.,25.000000372529));
#3598=CARTESIAN_POINT('Ctrl Pts',(-8.50000012665987,3.,25.000000372529));
#3599=CARTESIAN_POINT('Ctrl Pts',(-8.50000012665987,-3.,9.99716147008124));
#3600=CARTESIAN_POINT('Ctrl Pts',(-8.50000012665987,3.,9.99716147008124));
#3601=CARTESIAN_POINT('',(-17.0000003129244,0.,25.000000372529));
#3602=CARTESIAN_POINT('Origin',(-17.0000003129244,0.,21.000000372529));
#3603=CARTESIAN_POINT('Origin',(-17.0000003129244,-1.,21.000000372529));
#3604=CARTESIAN_POINT('Ctrl Pts',(-17.0000003129244,-1.,25.000000372529));
#3605=CARTESIAN_POINT('Ctrl Pts',(-21.0000003129244,-1.,25.000000372529));
#3606=CARTESIAN_POINT('Ctrl Pts',(-21.0000003129244,-1.,21.000000372529));
#3607=CARTESIAN_POINT('Ctrl Pts',(-17.0000003129244,-3.,25.000000372529));
#3608=CARTESIAN_POINT('Ctrl Pts',(-21.0000003129244,-3.,25.000000372529));
#3609=CARTESIAN_POINT('Ctrl Pts',(-21.0000003129244,-3.,21.000000372529));
#3610=CARTESIAN_POINT('Ctrl Pts',(-17.0000003129244,-3.,23.000000372529));
#3611=CARTESIAN_POINT('Ctrl Pts',(-19.0000003129244,-3.,23.000000372529));
#3612=CARTESIAN_POINT('Ctrl Pts',(-19.0000003129244,-3.,21.000000372529));
#3613=CARTESIAN_POINT('Origin',(0.,0.,-2.));
#3614=CARTESIAN_POINT('',(-6.00000007450581,7.34788088612742E-16,-3.));
#3615=CARTESIAN_POINT('Origin',(0.,0.,-3.));
#3616=CARTESIAN_POINT('',(-5.00000007450581,-6.12323408698006E-16,-2.));
#3617=CARTESIAN_POINT('Origin',(-6.00000007450581,-7.34788088612742E-16,
-2.));
#3618=CARTESIAN_POINT('Origin',(0.,0.,-2.));
#3619=CARTESIAN_POINT('Origin',(0.,0.,-3.));
#3620=CARTESIAN_POINT('',(10.0000001788139,-1.22464682104574E-15,-3.));
#3621=CARTESIAN_POINT('Origin',(0.,0.,-3.));
#3622=CARTESIAN_POINT('Origin',(0.,0.,0.));
#3623=CARTESIAN_POINT('',(-5.00000007450581,6.12323408698006E-16,0.));
#3624=CARTESIAN_POINT('',(-5.00000007450581,6.12323408698006E-16,0.));
#3625=CARTESIAN_POINT('Origin',(0.,0.,0.));
#3626=CARTESIAN_POINT('Origin',(0.,0.,-1.));
#3627=CARTESIAN_POINT('Origin',(10.0000001788139,-1.22464682104574E-15,
-1.));
#3628=CARTESIAN_POINT('Origin',(14.7500002197921,-3.,14.4995379411056));
#3629=CARTESIAN_POINT('Origin',(0.,0.,11.));
#3630=CARTESIAN_POINT('',(-4.21465696508427,7.3,11.));
#3631=CARTESIAN_POINT('',(-8.42931393016853,-2.22044604925031E-15,11.));
#3632=CARTESIAN_POINT('',(4.21465696508426,7.3,11.));
#3633=CARTESIAN_POINT('',(-4.21465696508427,7.3,11.));
#3634=CARTESIAN_POINT('',(4.21465696508426,7.3,11.));
#3635=CARTESIAN_POINT('Origin',(-14.7500002197921,3.,14.4995379411056));
#3636=CARTESIAN_POINT('Origin',(8.42931393016853,4.9960036108132E-15,0.));
#3637=CARTESIAN_POINT('',(4.21465696508427,-7.3,0.));
#3638=CARTESIAN_POINT('',(8.42931393016853,4.9960036108132E-15,0.));
#3639=CARTESIAN_POINT('',(7.37564968889747,-1.825,0.));
#3640=CARTESIAN_POINT('',(4.21465696508427,-7.3,0.));
#3641=CARTESIAN_POINT('',(8.42931393016853,4.9960036108132E-15,0.));
#3642=CARTESIAN_POINT('Origin',(4.21465696508426,7.3,0.));
#3643=CARTESIAN_POINT('',(4.21465696508426,7.3,0.));
#3644=CARTESIAN_POINT('',(5.26832120635533,5.475,0.));
#3645=CARTESIAN_POINT('',(4.21465696508426,7.3,0.));
#3646=CARTESIAN_POINT('Origin',(-4.21465696508427,7.3,0.));
#3647=CARTESIAN_POINT('',(-4.21465696508427,7.3,0.));
#3648=CARTESIAN_POINT('',(-2.10732848254214,7.3,0.));
#3649=CARTESIAN_POINT('',(-4.21465696508427,7.3,0.));
#3650=CARTESIAN_POINT('Origin',(-8.42931393016853,-2.22044604925031E-15,
0.));
#3651=CARTESIAN_POINT('',(-8.42931393016853,-2.22044604925031E-15,0.));
#3652=CARTESIAN_POINT('',(-7.37564968889747,1.825,0.));
#3653=CARTESIAN_POINT('',(-8.42931393016853,-2.22044604925031E-15,0.));
#3654=CARTESIAN_POINT('Origin',(-4.21465696508427,-7.3,0.));
#3655=CARTESIAN_POINT('',(-4.21465696508427,-7.3,0.));
#3656=CARTESIAN_POINT('',(-5.26832120635533,-5.475,0.));
#3657=CARTESIAN_POINT('',(-4.21465696508427,-7.3,0.));
#3658=CARTESIAN_POINT('Origin',(4.21465696508427,-7.3,0.));
#3659=CARTESIAN_POINT('',(2.10732848254214,-7.3,0.));
#3660=CARTESIAN_POINT('Origin',(0.,0.,0.));
#3661=UNCERTAINTY_MEASURE_WITH_UNIT(LENGTH_MEASURE(0.01),#3665,
'DISTANCE_ACCURACY_VALUE',
'Maximum model space distance between geometric entities at asserted c
onnectivities');
#3662=UNCERTAINTY_MEASURE_WITH_UNIT(LENGTH_MEASURE(0.01),#3665,
'DISTANCE_ACCURACY_VALUE',
'Maximum model space distance between geometric entities at asserted c
onnectivities');
#3663=(
GEOMETRIC_REPRESENTATION_CONTEXT(3)
GLOBAL_UNCERTAINTY_ASSIGNED_CONTEXT((#3661))
GLOBAL_UNIT_ASSIGNED_CONTEXT((#3665,#3667,#3668))
REPRESENTATION_CONTEXT('','3D')
);
#3664=(
GEOMETRIC_REPRESENTATION_CONTEXT(3)
GLOBAL_UNCERTAINTY_ASSIGNED_CONTEXT((#3662))
GLOBAL_UNIT_ASSIGNED_CONTEXT((#3665,#3667,#3668))
REPRESENTATION_CONTEXT('','3D')
);
#3665=(
LENGTH_UNIT()
NAMED_UNIT(*)
SI_UNIT(.MILLI.,.METRE.)
);
#3666=(
LENGTH_UNIT()
NAMED_UNIT(*)
SI_UNIT($,.METRE.)
);
#3667=(
NAMED_UNIT(*)
PLANE_ANGLE_UNIT()
SI_UNIT($,.RADIAN.)
);
#3668=(
NAMED_UNIT(*)
SI_UNIT($,.STERADIAN.)
SOLID_ANGLE_UNIT()
);
#3669=SHAPE_DEFINITION_REPRESENTATION(#3670,#3671);
#3670=PRODUCT_DEFINITION_SHAPE('',$,#3673);
#3671=SHAPE_REPRESENTATION('',(#1031),#3663);
#3672=PRODUCT_DEFINITION_CONTEXT('part definition',#3677,'design');
#3673=PRODUCT_DEFINITION('NutHolder','NutHolder v1',#3674,#3672);
#3674=PRODUCT_DEFINITION_FORMATION('',$,#3679);
#3675=PRODUCT_RELATED_PRODUCT_CATEGORY('NutHolder v1','NutHolder v1',(#3679));
#3676=APPLICATION_PROTOCOL_DEFINITION('international standard',
'automotive_design',2009,#3677);
#3677=APPLICATION_CONTEXT(
'Core Data for Automotive Mechanical Design Process');
#3678=PRODUCT_CONTEXT('part definition',#3677,'mechanical');
#3679=PRODUCT('NutHolder','NutHolder v1',$,(#3678));
#3680=PRESENTATION_STYLE_ASSIGNMENT((#3681));
#3681=SURFACE_STYLE_USAGE(.BOTH.,#3682);
#3682=SURFACE_SIDE_STYLE('',(#3683));
#3683=SURFACE_STYLE_FILL_AREA(#3684);
#3684=FILL_AREA_STYLE('Acciaio - Satinato',(#3685));
#3685=FILL_AREA_STYLE_COLOUR('Acciaio - Satinato',#3686);
#3686=COLOUR_RGB('Acciaio - Satinato',0.627450980392157,0.627450980392157,
0.627450980392157);
ENDSEC;
END-ISO-10303-21;
