ISO-10303-21;
HEADER;
/* Generated by software containing ST-Developer
 * from STEP Tools, Inc. (www.steptools.com) 
 */

FILE_DESCRIPTION(
/* description */ (''),
/* implementation_level */ '2;1');

FILE_NAME(
/* name */ 'TopLid.step',
/* time_stamp */ '2026-07-21T21:55:28+02:00',
/* author */ (''),
/* organization */ (''),
/* preprocessor_version */ 'ST-DEVELOPER v20.1',
/* originating_system */ 'Autodesk Translation Framework v15.8.0.0',
/* authorisation */ '');

FILE_SCHEMA (('AUTOMOTIVE_DESIGN { 1 0 10303 214 3 1 1 }'));
ENDSEC;

DATA;
#10=MECHANICAL_DESIGN_GEOMETRIC_PRESENTATION_REPRESENTATION('',(#13),#3909);
#11=SHAPE_REPRESENTATION_RELATIONSHIP('SRR','None',#3915,#12);
#12=ADVANCED_BREP_SHAPE_REPRESENTATION('',(#14),#3908);
#13=STYLED_ITEM('',(#3924),#14);
#14=MANIFOLD_SOLID_BREP('TopLid',#2109);
#15=(
BOUNDED_SURFACE()
B_SPLINE_SURFACE(2,2,((#3734,#3735,#3736),(#3737,#3738,#3739),(#3740,#3741,
#3742)),.UNSPECIFIED.,.F.,.F.,.F.)
B_SPLINE_SURFACE_WITH_KNOTS((3,3),(3,3),(0.,1.5707963267949),(-1.57079632679489,
-5.55111512312577E-16),.UNSPECIFIED.)
GEOMETRIC_REPRESENTATION_ITEM()
RATIONAL_B_SPLINE_SURFACE(((1.,0.707106781186548,1.),(0.707106781186546,
0.5,0.707106781186546),(1.,0.707106781186548,1.)))
REPRESENTATION_ITEM('')
SURFACE()
);
#16=(
BOUNDED_SURFACE()
B_SPLINE_SURFACE(2,2,((#3752,#3753,#3754),(#3755,#3756,#3757),(#3758,#3759,
#3760)),.UNSPECIFIED.,.F.,.F.,.F.)
B_SPLINE_SURFACE_WITH_KNOTS((3,3),(3,3),(0.,1.57079632679493),(-3.14159265358979,
-1.57079632679489),.UNSPECIFIED.)
GEOMETRIC_REPRESENTATION_ITEM()
RATIONAL_B_SPLINE_SURFACE(((1.,0.707106781186546,1.),(0.707106781186537,
0.499999999999992,0.707106781186537),(1.,0.707106781186546,1.)))
REPRESENTATION_ITEM('')
SURFACE()
);
#17=(
BOUNDED_SURFACE()
B_SPLINE_SURFACE(2,2,((#3768,#3769,#3770),(#3771,#3772,#3773),(#3774,#3775,
#3776)),.UNSPECIFIED.,.F.,.F.,.F.)
B_SPLINE_SURFACE_WITH_KNOTS((3,3),(3,3),(0.,1.5707963267949),(1.57079632679489,
3.14159265358979),.UNSPECIFIED.)
GEOMETRIC_REPRESENTATION_ITEM()
RATIONAL_B_SPLINE_SURFACE(((1.,0.707106781186544,1.),(0.707106781186547,
0.499999999999997,0.707106781186547),(1.,0.707106781186544,1.)))
REPRESENTATION_ITEM('')
SURFACE()
);
#18=(
BOUNDED_SURFACE()
B_SPLINE_SURFACE(2,2,((#3784,#3785,#3786),(#3787,#3788,#3789),(#3790,#3791,
#3792)),.UNSPECIFIED.,.F.,.F.,.F.)
B_SPLINE_SURFACE_WITH_KNOTS((3,3),(3,3),(0.,1.5707963267949),(5.55111512312577E-16,
1.5707963267949),.UNSPECIFIED.)
GEOMETRIC_REPRESENTATION_ITEM()
RATIONAL_B_SPLINE_SURFACE(((1.,0.707106781186548,1.),(0.707106781186549,
0.500000000000002,0.707106781186549),(1.,0.707106781186548,1.)))
REPRESENTATION_ITEM('')
SURFACE()
);
#19=CYLINDRICAL_SURFACE('',#2152,2.5);
#20=CYLINDRICAL_SURFACE('',#2167,2.);
#21=CYLINDRICAL_SURFACE('',#2171,2.);
#22=CYLINDRICAL_SURFACE('',#2175,2.);
#23=CYLINDRICAL_SURFACE('',#2179,2.);
#24=CYLINDRICAL_SURFACE('',#2184,4.);
#25=CYLINDRICAL_SURFACE('',#2187,4.00000000000001);
#26=CYLINDRICAL_SURFACE('',#2190,4.00000000000001);
#27=CYLINDRICAL_SURFACE('',#2193,4.);
#28=CYLINDRICAL_SURFACE('',#2197,2.50000000000001);
#29=CYLINDRICAL_SURFACE('',#2200,2.5);
#30=CYLINDRICAL_SURFACE('',#2208,2.50000000000001);
#31=CYLINDRICAL_SURFACE('',#2209,3.50000000000001);
#32=CYLINDRICAL_SURFACE('',#2212,3.5);
#33=CYLINDRICAL_SURFACE('',#2215,3.50000000000001);
#34=CYLINDRICAL_SURFACE('',#2218,3.5);
#35=CIRCLE('',#2149,2.5);
#36=CIRCLE('',#2150,2.5);
#37=CIRCLE('',#2153,2.5);
#38=CIRCLE('',#2157,2.50000000000001);
#39=CIRCLE('',#2158,2.50000000000001);
#40=CIRCLE('',#2160,2.00000000000001);
#41=CIRCLE('',#2161,2.);
#42=CIRCLE('',#2162,2.);
#43=CIRCLE('',#2163,2.00000000000001);
#44=CIRCLE('',#2164,2.);
#45=CIRCLE('',#2165,2.);
#46=CIRCLE('',#2166,4.00000000000001);
#47=CIRCLE('',#2168,2.);
#48=CIRCLE('',#2169,2.00000000000007);
#49=CIRCLE('',#2170,4.);
#50=CIRCLE('',#2172,2.);
#51=CIRCLE('',#2173,2.);
#52=CIRCLE('',#2174,4.);
#53=CIRCLE('',#2176,2.);
#54=CIRCLE('',#2177,2.);
#55=CIRCLE('',#2178,4.00000000000001);
#56=CIRCLE('',#2185,4.);
#57=CIRCLE('',#2188,4.00000000000001);
#58=CIRCLE('',#2191,4.00000000000001);
#59=CIRCLE('',#2194,4.);
#60=CIRCLE('',#2198,2.50000000000001);
#61=CIRCLE('',#2201,2.5);
#62=CIRCLE('',#2203,3.50000000000001);
#63=CIRCLE('',#2204,3.5);
#64=CIRCLE('',#2205,3.5);
#65=CIRCLE('',#2206,3.50000000000001);
#66=CIRCLE('',#2207,2.50000000000001);
#67=CIRCLE('',#2210,3.50000000000001);
#68=CIRCLE('',#2213,3.5);
#69=CIRCLE('',#2216,3.50000000000001);
#70=CIRCLE('',#2219,3.5);
#71=FACE_BOUND('',#346,.T.);
#72=FACE_BOUND('',#377,.T.);
#73=FACE_BOUND('',#386,.T.);
#74=FACE_BOUND('',#388,.T.);
#75=FACE_BOUND('',#389,.T.);
#76=FACE_BOUND('',#390,.T.);
#77=FACE_BOUND('',#391,.T.);
#78=FACE_BOUND('',#392,.T.);
#79=FACE_BOUND('',#393,.T.);
#80=FACE_BOUND('',#419,.T.);
#81=FACE_BOUND('',#430,.T.);
#82=B_SPLINE_CURVE_WITH_KNOTS('',3,(#2777,#2778,#2779,#2780,#2781),
 .UNSPECIFIED.,.F.,.F.,(4,1,4),(0.,0.0295890098292369,0.0577870950686815),
 .UNSPECIFIED.);
#83=B_SPLINE_CURVE_WITH_KNOTS('',3,(#2785,#2786,#2787,#2788,#2789),
 .UNSPECIFIED.,.F.,.F.,(4,1,4),(0.,0.0295890098292369,0.0577870950686815),
 .UNSPECIFIED.);
#84=B_SPLINE_CURVE_WITH_KNOTS('',3,(#2802,#2803,#2804,#2805,#2806),
 .UNSPECIFIED.,.F.,.F.,(4,1,4),(0.,0.0279217213509675,0.05743364858454),
 .UNSPECIFIED.);
#85=B_SPLINE_CURVE_WITH_KNOTS('',3,(#2809,#2810,#2811,#2812,#2813),
 .UNSPECIFIED.,.F.,.F.,(4,1,4),(0.,0.0279217213509675,0.05743364858454),
 .UNSPECIFIED.);
#86=B_SPLINE_CURVE_WITH_KNOTS('',3,(#2825,#2826,#2827,#2828,#2829),
 .UNSPECIFIED.,.F.,.F.,(4,1,4),(0.,0.0390048663084329,0.0700794855271545),
 .UNSPECIFIED.);
#87=B_SPLINE_CURVE_WITH_KNOTS('',3,(#2832,#2833,#2834,#2835,#2836),
 .UNSPECIFIED.,.F.,.F.,(4,1,4),(0.,0.0390048663084329,0.0700794855271545),
 .UNSPECIFIED.);
#88=B_SPLINE_CURVE_WITH_KNOTS('',3,(#2848,#2849,#2850,#2851,#2852),
 .UNSPECIFIED.,.F.,.F.,(4,1,4),(0.,0.0317847174321793,0.0713514914500014),
 .UNSPECIFIED.);
#89=B_SPLINE_CURVE_WITH_KNOTS('',3,(#2855,#2856,#2857,#2858,#2859),
 .UNSPECIFIED.,.F.,.F.,(4,1,4),(0.,0.0317847174321793,0.0713514914500014),
 .UNSPECIFIED.);
#90=B_SPLINE_CURVE_WITH_KNOTS('',3,(#2871,#2872,#2873,#2874,#2875),
 .UNSPECIFIED.,.F.,.F.,(4,1,4),(0.,0.028893347874199,0.0571941046749492),
 .UNSPECIFIED.);
#91=B_SPLINE_CURVE_WITH_KNOTS('',3,(#2878,#2879,#2880,#2881,#2882),
 .UNSPECIFIED.,.F.,.F.,(4,1,4),(0.,0.028893347874199,0.0571941046749492),
 .UNSPECIFIED.);
#92=B_SPLINE_CURVE_WITH_KNOTS('',3,(#2894,#2895,#2896,#2897,#2898),
 .UNSPECIFIED.,.F.,.F.,(4,1,4),(0.,0.0285383283728167,0.0575049567128526),
 .UNSPECIFIED.);
#93=B_SPLINE_CURVE_WITH_KNOTS('',3,(#2901,#2902,#2903,#2904,#2905),
 .UNSPECIFIED.,.F.,.F.,(4,1,4),(0.,0.0285383283728167,0.0575049567128526),
 .UNSPECIFIED.);
#94=B_SPLINE_CURVE_WITH_KNOTS('',3,(#2917,#2918,#2919,#2920,#2921),
 .UNSPECIFIED.,.F.,.F.,(4,1,4),(0.,0.0388337620020507,0.0705962233802096),
 .UNSPECIFIED.);
#95=B_SPLINE_CURVE_WITH_KNOTS('',3,(#2924,#2925,#2926,#2927,#2928),
 .UNSPECIFIED.,.F.,.F.,(4,1,4),(0.,0.0388337620020507,0.0705962233802096),
 .UNSPECIFIED.);
#96=B_SPLINE_CURVE_WITH_KNOTS('',3,(#2939,#2940,#2941,#2942,#2943),
 .UNSPECIFIED.,.F.,.F.,(4,1,4),(0.,0.0313811301719935,0.0705905969113265),
 .UNSPECIFIED.);
#97=B_SPLINE_CURVE_WITH_KNOTS('',3,(#2944,#2945,#2946,#2947,#2948),
 .UNSPECIFIED.,.F.,.F.,(4,1,4),(0.,0.0313811301719935,0.0705905969113265),
 .UNSPECIFIED.);
#98=B_SPLINE_CURVE_WITH_KNOTS('',3,(#2961,#2962,#2963,#2964,#2965),
 .UNSPECIFIED.,.F.,.F.,(4,1,4),(0.,0.0523707455576915,0.100123990283879),
 .UNSPECIFIED.);
#99=B_SPLINE_CURVE_WITH_KNOTS('',3,(#2969,#2970,#2971,#2972,#2973),
 .UNSPECIFIED.,.F.,.F.,(4,1,4),(0.,0.0523707455576915,0.100123990283879),
 .UNSPECIFIED.);
#100=B_SPLINE_CURVE_WITH_KNOTS('',3,(#2986,#2987,#2988,#2989,#2990),
 .UNSPECIFIED.,.F.,.F.,(4,1,4),(0.,0.0476796243615206,0.0995376110816803),
 .UNSPECIFIED.);
#101=B_SPLINE_CURVE_WITH_KNOTS('',3,(#2993,#2994,#2995,#2996,#2997),
 .UNSPECIFIED.,.F.,.F.,(4,1,4),(0.,0.0476796243615206,0.0995376110816803),
 .UNSPECIFIED.);
#102=B_SPLINE_CURVE_WITH_KNOTS('',3,(#3009,#3010,#3011,#3012,#3013),
 .UNSPECIFIED.,.F.,.F.,(4,1,4),(0.,0.0562981286367351,0.105470038625692),
 .UNSPECIFIED.);
#103=B_SPLINE_CURVE_WITH_KNOTS('',3,(#3016,#3017,#3018,#3019,#3020),
 .UNSPECIFIED.,.F.,.F.,(4,1,4),(0.,0.0562981286367351,0.105470038625692),
 .UNSPECIFIED.);
#104=B_SPLINE_CURVE_WITH_KNOTS('',3,(#3032,#3033,#3034,#3035,#3036),
 .UNSPECIFIED.,.F.,.F.,(4,1,4),(0.,0.0494437305676957,0.106164800779672),
 .UNSPECIFIED.);
#105=B_SPLINE_CURVE_WITH_KNOTS('',3,(#3039,#3040,#3041,#3042,#3043),
 .UNSPECIFIED.,.F.,.F.,(4,1,4),(0.,0.0494437305676957,0.106164800779672),
 .UNSPECIFIED.);
#106=B_SPLINE_CURVE_WITH_KNOTS('',3,(#3055,#3056,#3057,#3058,#3059),
 .UNSPECIFIED.,.F.,.F.,(4,1,4),(0.,0.0520567458096004,0.0999742787925842),
 .UNSPECIFIED.);
#107=B_SPLINE_CURVE_WITH_KNOTS('',3,(#3062,#3063,#3064,#3065,#3066),
 .UNSPECIFIED.,.F.,.F.,(4,1,4),(0.,0.0520567458096004,0.0999742787925842),
 .UNSPECIFIED.);
#108=B_SPLINE_CURVE_WITH_KNOTS('',3,(#3078,#3079,#3080,#3081,#3082),
 .UNSPECIFIED.,.F.,.F.,(4,1,4),(0.,0.027052084527506,0.0568030443377393),
 .UNSPECIFIED.);
#109=B_SPLINE_CURVE_WITH_KNOTS('',3,(#3085,#3086,#3087,#3088,#3089),
 .UNSPECIFIED.,.F.,.F.,(4,1,4),(0.,0.027052084527506,0.0568030443377393),
 .UNSPECIFIED.);
#110=B_SPLINE_CURVE_WITH_KNOTS('',3,(#3101,#3102,#3103,#3104,#3105),
 .UNSPECIFIED.,.F.,.F.,(4,1,4),(0.,0.0209766246798967,0.0408373256394627),
 .UNSPECIFIED.);
#111=B_SPLINE_CURVE_WITH_KNOTS('',3,(#3108,#3109,#3110,#3111,#3112),
 .UNSPECIFIED.,.F.,.F.,(4,1,4),(0.,0.0209766246798967,0.0408373256394627),
 .UNSPECIFIED.);
#112=B_SPLINE_CURVE_WITH_KNOTS('',3,(#3124,#3125,#3126,#3127,#3128),
 .UNSPECIFIED.,.F.,.F.,(4,1,4),(0.,0.0213898245371835,0.0429091771053533),
 .UNSPECIFIED.);
#113=B_SPLINE_CURVE_WITH_KNOTS('',3,(#3131,#3132,#3133,#3134,#3135),
 .UNSPECIFIED.,.F.,.F.,(4,1,4),(0.,0.0213898245371835,0.0429091771053533),
 .UNSPECIFIED.);
#114=B_SPLINE_CURVE_WITH_KNOTS('',3,(#3147,#3148,#3149,#3150,#3151),
 .UNSPECIFIED.,.F.,.F.,(4,1,4),(0.,0.0363577592149026,0.067542127480767),
 .UNSPECIFIED.);
#115=B_SPLINE_CURVE_WITH_KNOTS('',3,(#3154,#3155,#3156,#3157,#3158),
 .UNSPECIFIED.,.F.,.F.,(4,1,4),(0.,0.0363577592149026,0.067542127480767),
 .UNSPECIFIED.);
#116=B_SPLINE_CURVE_WITH_KNOTS('',3,(#3169,#3170,#3171,#3172,#3173),
 .UNSPECIFIED.,.F.,.F.,(4,1,4),(0.,0.0488712543270125,0.104473864723571),
 .UNSPECIFIED.);
#117=B_SPLINE_CURVE_WITH_KNOTS('',3,(#3174,#3175,#3176,#3177,#3178),
 .UNSPECIFIED.,.F.,.F.,(4,1,4),(0.,0.0488712543270125,0.104473864723571),
 .UNSPECIFIED.);
#118=B_SPLINE_CURVE_WITH_KNOTS('',3,(#3253,#3254,#3255,#3256,#3257),
 .UNSPECIFIED.,.F.,.F.,(4,1,4),(0.,0.0295890098292369,0.0577870950686815),
 .UNSPECIFIED.);
#119=B_SPLINE_CURVE_WITH_KNOTS('',3,(#3261,#3262,#3263,#3264,#3265),
 .UNSPECIFIED.,.F.,.F.,(4,1,4),(0.,0.0295890098292369,0.0577870950686815),
 .UNSPECIFIED.);
#120=B_SPLINE_CURVE_WITH_KNOTS('',3,(#3278,#3279,#3280,#3281,#3282),
 .UNSPECIFIED.,.F.,.F.,(4,1,4),(0.,0.0279217213509675,0.05743364858454),
 .UNSPECIFIED.);
#121=B_SPLINE_CURVE_WITH_KNOTS('',3,(#3285,#3286,#3287,#3288,#3289),
 .UNSPECIFIED.,.F.,.F.,(4,1,4),(0.,0.0279217213509675,0.05743364858454),
 .UNSPECIFIED.);
#122=B_SPLINE_CURVE_WITH_KNOTS('',3,(#3301,#3302,#3303,#3304,#3305),
 .UNSPECIFIED.,.F.,.F.,(4,1,4),(0.,0.0390048663084329,0.0700794855271545),
 .UNSPECIFIED.);
#123=B_SPLINE_CURVE_WITH_KNOTS('',3,(#3308,#3309,#3310,#3311,#3312),
 .UNSPECIFIED.,.F.,.F.,(4,1,4),(0.,0.0390048663084329,0.0700794855271545),
 .UNSPECIFIED.);
#124=B_SPLINE_CURVE_WITH_KNOTS('',3,(#3324,#3325,#3326,#3327,#3328),
 .UNSPECIFIED.,.F.,.F.,(4,1,4),(0.,0.0317847174321793,0.0713514914500014),
 .UNSPECIFIED.);
#125=B_SPLINE_CURVE_WITH_KNOTS('',3,(#3331,#3332,#3333,#3334,#3335),
 .UNSPECIFIED.,.F.,.F.,(4,1,4),(0.,0.0317847174321793,0.0713514914500014),
 .UNSPECIFIED.);
#126=B_SPLINE_CURVE_WITH_KNOTS('',3,(#3347,#3348,#3349,#3350,#3351),
 .UNSPECIFIED.,.F.,.F.,(4,1,4),(0.,0.028893347874199,0.0571941046749492),
 .UNSPECIFIED.);
#127=B_SPLINE_CURVE_WITH_KNOTS('',3,(#3354,#3355,#3356,#3357,#3358),
 .UNSPECIFIED.,.F.,.F.,(4,1,4),(0.,0.028893347874199,0.0571941046749492),
 .UNSPECIFIED.);
#128=B_SPLINE_CURVE_WITH_KNOTS('',3,(#3370,#3371,#3372,#3373,#3374),
 .UNSPECIFIED.,.F.,.F.,(4,1,4),(0.,0.0285383283728167,0.0575049567128526),
 .UNSPECIFIED.);
#129=B_SPLINE_CURVE_WITH_KNOTS('',3,(#3377,#3378,#3379,#3380,#3381),
 .UNSPECIFIED.,.F.,.F.,(4,1,4),(0.,0.0285383283728167,0.0575049567128526),
 .UNSPECIFIED.);
#130=B_SPLINE_CURVE_WITH_KNOTS('',3,(#3393,#3394,#3395,#3396,#3397),
 .UNSPECIFIED.,.F.,.F.,(4,1,4),(0.,0.0388337620020507,0.0705962233802096),
 .UNSPECIFIED.);
#131=B_SPLINE_CURVE_WITH_KNOTS('',3,(#3400,#3401,#3402,#3403,#3404),
 .UNSPECIFIED.,.F.,.F.,(4,1,4),(0.,0.0388337620020507,0.0705962233802096),
 .UNSPECIFIED.);
#132=B_SPLINE_CURVE_WITH_KNOTS('',3,(#3415,#3416,#3417,#3418,#3419),
 .UNSPECIFIED.,.F.,.F.,(4,1,4),(0.,0.0313811301719935,0.0705905969113265),
 .UNSPECIFIED.);
#133=B_SPLINE_CURVE_WITH_KNOTS('',3,(#3420,#3421,#3422,#3423,#3424),
 .UNSPECIFIED.,.F.,.F.,(4,1,4),(0.,0.0313811301719935,0.0705905969113265),
 .UNSPECIFIED.);
#134=B_SPLINE_CURVE_WITH_KNOTS('',3,(#3437,#3438,#3439,#3440,#3441),
 .UNSPECIFIED.,.F.,.F.,(4,1,4),(0.,0.0523707455576915,0.100123990283879),
 .UNSPECIFIED.);
#135=B_SPLINE_CURVE_WITH_KNOTS('',3,(#3445,#3446,#3447,#3448,#3449),
 .UNSPECIFIED.,.F.,.F.,(4,1,4),(0.,0.0523707455576915,0.100123990283879),
 .UNSPECIFIED.);
#136=B_SPLINE_CURVE_WITH_KNOTS('',3,(#3462,#3463,#3464,#3465,#3466),
 .UNSPECIFIED.,.F.,.F.,(4,1,4),(0.,0.0476796243615206,0.0995376110816803),
 .UNSPECIFIED.);
#137=B_SPLINE_CURVE_WITH_KNOTS('',3,(#3469,#3470,#3471,#3472,#3473),
 .UNSPECIFIED.,.F.,.F.,(4,1,4),(0.,0.0476796243615206,0.0995376110816803),
 .UNSPECIFIED.);
#138=B_SPLINE_CURVE_WITH_KNOTS('',3,(#3485,#3486,#3487,#3488,#3489),
 .UNSPECIFIED.,.F.,.F.,(4,1,4),(0.,0.0562981286367351,0.105470038625692),
 .UNSPECIFIED.);
#139=B_SPLINE_CURVE_WITH_KNOTS('',3,(#3492,#3493,#3494,#3495,#3496),
 .UNSPECIFIED.,.F.,.F.,(4,1,4),(0.,0.0562981286367351,0.105470038625692),
 .UNSPECIFIED.);
#140=B_SPLINE_CURVE_WITH_KNOTS('',3,(#3508,#3509,#3510,#3511,#3512),
 .UNSPECIFIED.,.F.,.F.,(4,1,4),(0.,0.0494437305676957,0.106164800779672),
 .UNSPECIFIED.);
#141=B_SPLINE_CURVE_WITH_KNOTS('',3,(#3515,#3516,#3517,#3518,#3519),
 .UNSPECIFIED.,.F.,.F.,(4,1,4),(0.,0.0494437305676957,0.106164800779672),
 .UNSPECIFIED.);
#142=B_SPLINE_CURVE_WITH_KNOTS('',3,(#3531,#3532,#3533,#3534,#3535),
 .UNSPECIFIED.,.F.,.F.,(4,1,4),(0.,0.0520567458096004,0.0999742787925842),
 .UNSPECIFIED.);
#143=B_SPLINE_CURVE_WITH_KNOTS('',3,(#3538,#3539,#3540,#3541,#3542),
 .UNSPECIFIED.,.F.,.F.,(4,1,4),(0.,0.0520567458096004,0.0999742787925842),
 .UNSPECIFIED.);
#144=B_SPLINE_CURVE_WITH_KNOTS('',3,(#3554,#3555,#3556,#3557,#3558),
 .UNSPECIFIED.,.F.,.F.,(4,1,4),(0.,0.027052084527506,0.0568030443377393),
 .UNSPECIFIED.);
#145=B_SPLINE_CURVE_WITH_KNOTS('',3,(#3561,#3562,#3563,#3564,#3565),
 .UNSPECIFIED.,.F.,.F.,(4,1,4),(0.,0.027052084527506,0.0568030443377393),
 .UNSPECIFIED.);
#146=B_SPLINE_CURVE_WITH_KNOTS('',3,(#3577,#3578,#3579,#3580,#3581),
 .UNSPECIFIED.,.F.,.F.,(4,1,4),(0.,0.0209766246798967,0.0408373256394627),
 .UNSPECIFIED.);
#147=B_SPLINE_CURVE_WITH_KNOTS('',3,(#3584,#3585,#3586,#3587,#3588),
 .UNSPECIFIED.,.F.,.F.,(4,1,4),(0.,0.0209766246798967,0.0408373256394627),
 .UNSPECIFIED.);
#148=B_SPLINE_CURVE_WITH_KNOTS('',3,(#3600,#3601,#3602,#3603,#3604),
 .UNSPECIFIED.,.F.,.F.,(4,1,4),(0.,0.0213898245371835,0.0429091771053533),
 .UNSPECIFIED.);
#149=B_SPLINE_CURVE_WITH_KNOTS('',3,(#3607,#3608,#3609,#3610,#3611),
 .UNSPECIFIED.,.F.,.F.,(4,1,4),(0.,0.0213898245371835,0.0429091771053533),
 .UNSPECIFIED.);
#150=B_SPLINE_CURVE_WITH_KNOTS('',3,(#3623,#3624,#3625,#3626,#3627),
 .UNSPECIFIED.,.F.,.F.,(4,1,4),(0.,0.0363577592149026,0.067542127480767),
 .UNSPECIFIED.);
#151=B_SPLINE_CURVE_WITH_KNOTS('',3,(#3630,#3631,#3632,#3633,#3634),
 .UNSPECIFIED.,.F.,.F.,(4,1,4),(0.,0.0363577592149026,0.067542127480767),
 .UNSPECIFIED.);
#152=B_SPLINE_CURVE_WITH_KNOTS('',3,(#3645,#3646,#3647,#3648,#3649),
 .UNSPECIFIED.,.F.,.F.,(4,1,4),(0.,0.0488712543270125,0.104473864723571),
 .UNSPECIFIED.);
#153=B_SPLINE_CURVE_WITH_KNOTS('',3,(#3650,#3651,#3652,#3653,#3654),
 .UNSPECIFIED.,.F.,.F.,(4,1,4),(0.,0.0488712543270125,0.104473864723571),
 .UNSPECIFIED.);
#154=B_SPLINE_SURFACE_WITH_KNOTS('',3,1,((#2765,#2766),(#2767,#2768),(#2769,
#2770),(#2771,#2772),(#2773,#2774)),.UNSPECIFIED.,.F.,.F.,.F.,(4,1,4),(2,
2),(0.,0.0295890098292369,0.0577870950686815),(0.,0.0700000000000001),
 .UNSPECIFIED.);
#155=B_SPLINE_SURFACE_WITH_KNOTS('',3,1,((#2791,#2792),(#2793,#2794),(#2795,
#2796),(#2797,#2798),(#2799,#2800)),.UNSPECIFIED.,.F.,.F.,.F.,(4,1,4),(2,
2),(0.,0.0279217213509675,0.05743364858454),(0.,0.0700000000000001),
 .UNSPECIFIED.);
#156=B_SPLINE_SURFACE_WITH_KNOTS('',3,1,((#2814,#2815),(#2816,#2817),(#2818,
#2819),(#2820,#2821),(#2822,#2823)),.UNSPECIFIED.,.F.,.F.,.F.,(4,1,4),(2,
2),(0.,0.0390048663084329,0.0700794855271545),(0.,0.0700000000000001),
 .UNSPECIFIED.);
#157=B_SPLINE_SURFACE_WITH_KNOTS('',3,1,((#2837,#2838),(#2839,#2840),(#2841,
#2842),(#2843,#2844),(#2845,#2846)),.UNSPECIFIED.,.F.,.F.,.F.,(4,1,4),(2,
2),(0.,0.0317847174321793,0.0713514914500014),(0.,0.0700000000000001),
 .UNSPECIFIED.);
#158=B_SPLINE_SURFACE_WITH_KNOTS('',3,1,((#2860,#2861),(#2862,#2863),(#2864,
#2865),(#2866,#2867),(#2868,#2869)),.UNSPECIFIED.,.F.,.F.,.F.,(4,1,4),(2,
2),(0.,0.028893347874199,0.0571941046749492),(0.,0.0700000000000001),
 .UNSPECIFIED.);
#159=B_SPLINE_SURFACE_WITH_KNOTS('',3,1,((#2883,#2884),(#2885,#2886),(#2887,
#2888),(#2889,#2890),(#2891,#2892)),.UNSPECIFIED.,.F.,.F.,.F.,(4,1,4),(2,
2),(0.,0.0285383283728167,0.0575049567128526),(0.,0.0700000000000001),
 .UNSPECIFIED.);
#160=B_SPLINE_SURFACE_WITH_KNOTS('',3,1,((#2906,#2907),(#2908,#2909),(#2910,
#2911),(#2912,#2913),(#2914,#2915)),.UNSPECIFIED.,.F.,.F.,.F.,(4,1,4),(2,
2),(0.,0.0388337620020507,0.0705962233802096),(0.,0.0700000000000001),
 .UNSPECIFIED.);
#161=B_SPLINE_SURFACE_WITH_KNOTS('',3,1,((#2929,#2930),(#2931,#2932),(#2933,
#2934),(#2935,#2936),(#2937,#2938)),.UNSPECIFIED.,.F.,.F.,.F.,(4,1,4),(2,
2),(0.,0.0313811301719935,0.0705905969113265),(0.,0.0700000000000001),
 .UNSPECIFIED.);
#162=B_SPLINE_SURFACE_WITH_KNOTS('',3,1,((#2949,#2950),(#2951,#2952),(#2953,
#2954),(#2955,#2956),(#2957,#2958)),.UNSPECIFIED.,.F.,.F.,.F.,(4,1,4),(2,
2),(0.,0.0523707455576915,0.100123990283879),(0.,0.0700000000000001),
 .UNSPECIFIED.);
#163=B_SPLINE_SURFACE_WITH_KNOTS('',3,1,((#2975,#2976),(#2977,#2978),(#2979,
#2980),(#2981,#2982),(#2983,#2984)),.UNSPECIFIED.,.F.,.F.,.F.,(4,1,4),(2,
2),(0.,0.0476796243615206,0.0995376110816803),(0.,0.0700000000000001),
 .UNSPECIFIED.);
#164=B_SPLINE_SURFACE_WITH_KNOTS('',3,1,((#2998,#2999),(#3000,#3001),(#3002,
#3003),(#3004,#3005),(#3006,#3007)),.UNSPECIFIED.,.F.,.F.,.F.,(4,1,4),(2,
2),(0.,0.0562981286367351,0.105470038625692),(0.,0.0700000000000001),
 .UNSPECIFIED.);
#165=B_SPLINE_SURFACE_WITH_KNOTS('',3,1,((#3021,#3022),(#3023,#3024),(#3025,
#3026),(#3027,#3028),(#3029,#3030)),.UNSPECIFIED.,.F.,.F.,.F.,(4,1,4),(2,
2),(0.,0.0494437305676957,0.106164800779672),(0.,0.0700000000000001),
 .UNSPECIFIED.);
#166=B_SPLINE_SURFACE_WITH_KNOTS('',3,1,((#3044,#3045),(#3046,#3047),(#3048,
#3049),(#3050,#3051),(#3052,#3053)),.UNSPECIFIED.,.F.,.F.,.F.,(4,1,4),(2,
2),(0.,0.0520567458096004,0.0999742787925842),(0.,0.0700000000000001),
 .UNSPECIFIED.);
#167=B_SPLINE_SURFACE_WITH_KNOTS('',3,1,((#3067,#3068),(#3069,#3070),(#3071,
#3072),(#3073,#3074),(#3075,#3076)),.UNSPECIFIED.,.F.,.F.,.F.,(4,1,4),(2,
2),(0.,0.027052084527506,0.0568030443377393),(0.,0.0700000000000001),
 .UNSPECIFIED.);
#168=B_SPLINE_SURFACE_WITH_KNOTS('',3,1,((#3090,#3091),(#3092,#3093),(#3094,
#3095),(#3096,#3097),(#3098,#3099)),.UNSPECIFIED.,.F.,.F.,.F.,(4,1,4),(2,
2),(0.,0.0209766246798967,0.0408373256394627),(0.,0.0700000000000001),
 .UNSPECIFIED.);
#169=B_SPLINE_SURFACE_WITH_KNOTS('',3,1,((#3113,#3114),(#3115,#3116),(#3117,
#3118),(#3119,#3120),(#3121,#3122)),.UNSPECIFIED.,.F.,.F.,.F.,(4,1,4),(2,
2),(0.,0.0213898245371835,0.0429091771053533),(0.,0.0700000000000001),
 .UNSPECIFIED.);
#170=B_SPLINE_SURFACE_WITH_KNOTS('',3,1,((#3136,#3137),(#3138,#3139),(#3140,
#3141),(#3142,#3143),(#3144,#3145)),.UNSPECIFIED.,.F.,.F.,.F.,(4,1,4),(2,
2),(0.,0.0363577592149026,0.067542127480767),(0.,0.0700000000000001),
 .UNSPECIFIED.);
#171=B_SPLINE_SURFACE_WITH_KNOTS('',3,1,((#3159,#3160),(#3161,#3162),(#3163,
#3164),(#3165,#3166),(#3167,#3168)),.UNSPECIFIED.,.F.,.F.,.F.,(4,1,4),(2,
2),(0.,0.0488712543270125,0.104473864723571),(0.,0.0700000000000001),
 .UNSPECIFIED.);
#172=B_SPLINE_SURFACE_WITH_KNOTS('',3,1,((#3241,#3242),(#3243,#3244),(#3245,
#3246),(#3247,#3248),(#3249,#3250)),.UNSPECIFIED.,.F.,.F.,.F.,(4,1,4),(2,
2),(0.,0.0295890098292369,0.0577870950686815),(0.,0.0700000000000001),
 .UNSPECIFIED.);
#173=B_SPLINE_SURFACE_WITH_KNOTS('',3,1,((#3267,#3268),(#3269,#3270),(#3271,
#3272),(#3273,#3274),(#3275,#3276)),.UNSPECIFIED.,.F.,.F.,.F.,(4,1,4),(2,
2),(0.,0.0279217213509675,0.05743364858454),(0.,0.0700000000000001),
 .UNSPECIFIED.);
#174=B_SPLINE_SURFACE_WITH_KNOTS('',3,1,((#3290,#3291),(#3292,#3293),(#3294,
#3295),(#3296,#3297),(#3298,#3299)),.UNSPECIFIED.,.F.,.F.,.F.,(4,1,4),(2,
2),(0.,0.0390048663084329,0.0700794855271545),(0.,0.0700000000000001),
 .UNSPECIFIED.);
#175=B_SPLINE_SURFACE_WITH_KNOTS('',3,1,((#3313,#3314),(#3315,#3316),(#3317,
#3318),(#3319,#3320),(#3321,#3322)),.UNSPECIFIED.,.F.,.F.,.F.,(4,1,4),(2,
2),(0.,0.0317847174321793,0.0713514914500014),(0.,0.0700000000000001),
 .UNSPECIFIED.);
#176=B_SPLINE_SURFACE_WITH_KNOTS('',3,1,((#3336,#3337),(#3338,#3339),(#3340,
#3341),(#3342,#3343),(#3344,#3345)),.UNSPECIFIED.,.F.,.F.,.F.,(4,1,4),(2,
2),(0.,0.028893347874199,0.0571941046749492),(0.,0.0700000000000001),
 .UNSPECIFIED.);
#177=B_SPLINE_SURFACE_WITH_KNOTS('',3,1,((#3359,#3360),(#3361,#3362),(#3363,
#3364),(#3365,#3366),(#3367,#3368)),.UNSPECIFIED.,.F.,.F.,.F.,(4,1,4),(2,
2),(0.,0.0285383283728167,0.0575049567128526),(0.,0.0700000000000001),
 .UNSPECIFIED.);
#178=B_SPLINE_SURFACE_WITH_KNOTS('',3,1,((#3382,#3383),(#3384,#3385),(#3386,
#3387),(#3388,#3389),(#3390,#3391)),.UNSPECIFIED.,.F.,.F.,.F.,(4,1,4),(2,
2),(0.,0.0388337620020507,0.0705962233802096),(0.,0.0700000000000001),
 .UNSPECIFIED.);
#179=B_SPLINE_SURFACE_WITH_KNOTS('',3,1,((#3405,#3406),(#3407,#3408),(#3409,
#3410),(#3411,#3412),(#3413,#3414)),.UNSPECIFIED.,.F.,.F.,.F.,(4,1,4),(2,
2),(0.,0.0313811301719935,0.0705905969113265),(0.,0.0700000000000001),
 .UNSPECIFIED.);
#180=B_SPLINE_SURFACE_WITH_KNOTS('',3,1,((#3425,#3426),(#3427,#3428),(#3429,
#3430),(#3431,#3432),(#3433,#3434)),.UNSPECIFIED.,.F.,.F.,.F.,(4,1,4),(2,
2),(0.,0.0523707455576915,0.100123990283879),(0.,0.0700000000000001),
 .UNSPECIFIED.);
#181=B_SPLINE_SURFACE_WITH_KNOTS('',3,1,((#3451,#3452),(#3453,#3454),(#3455,
#3456),(#3457,#3458),(#3459,#3460)),.UNSPECIFIED.,.F.,.F.,.F.,(4,1,4),(2,
2),(0.,0.0476796243615206,0.0995376110816803),(0.,0.0700000000000001),
 .UNSPECIFIED.);
#182=B_SPLINE_SURFACE_WITH_KNOTS('',3,1,((#3474,#3475),(#3476,#3477),(#3478,
#3479),(#3480,#3481),(#3482,#3483)),.UNSPECIFIED.,.F.,.F.,.F.,(4,1,4),(2,
2),(0.,0.0562981286367351,0.105470038625692),(0.,0.0700000000000001),
 .UNSPECIFIED.);
#183=B_SPLINE_SURFACE_WITH_KNOTS('',3,1,((#3497,#3498),(#3499,#3500),(#3501,
#3502),(#3503,#3504),(#3505,#3506)),.UNSPECIFIED.,.F.,.F.,.F.,(4,1,4),(2,
2),(0.,0.0494437305676957,0.106164800779672),(0.,0.0700000000000001),
 .UNSPECIFIED.);
#184=B_SPLINE_SURFACE_WITH_KNOTS('',3,1,((#3520,#3521),(#3522,#3523),(#3524,
#3525),(#3526,#3527),(#3528,#3529)),.UNSPECIFIED.,.F.,.F.,.F.,(4,1,4),(2,
2),(0.,0.0520567458096004,0.0999742787925842),(0.,0.0700000000000001),
 .UNSPECIFIED.);
#185=B_SPLINE_SURFACE_WITH_KNOTS('',3,1,((#3543,#3544),(#3545,#3546),(#3547,
#3548),(#3549,#3550),(#3551,#3552)),.UNSPECIFIED.,.F.,.F.,.F.,(4,1,4),(2,
2),(0.,0.027052084527506,0.0568030443377393),(0.,0.0700000000000001),
 .UNSPECIFIED.);
#186=B_SPLINE_SURFACE_WITH_KNOTS('',3,1,((#3566,#3567),(#3568,#3569),(#3570,
#3571),(#3572,#3573),(#3574,#3575)),.UNSPECIFIED.,.F.,.F.,.F.,(4,1,4),(2,
2),(0.,0.0209766246798967,0.0408373256394627),(0.,0.0700000000000001),
 .UNSPECIFIED.);
#187=B_SPLINE_SURFACE_WITH_KNOTS('',3,1,((#3589,#3590),(#3591,#3592),(#3593,
#3594),(#3595,#3596),(#3597,#3598)),.UNSPECIFIED.,.F.,.F.,.F.,(4,1,4),(2,
2),(0.,0.0213898245371835,0.0429091771053533),(0.,0.0700000000000001),
 .UNSPECIFIED.);
#188=B_SPLINE_SURFACE_WITH_KNOTS('',3,1,((#3612,#3613),(#3614,#3615),(#3616,
#3617),(#3618,#3619),(#3620,#3621)),.UNSPECIFIED.,.F.,.F.,.F.,(4,1,4),(2,
2),(0.,0.0363577592149026,0.067542127480767),(0.,0.0700000000000001),
 .UNSPECIFIED.);
#189=B_SPLINE_SURFACE_WITH_KNOTS('',3,1,((#3635,#3636),(#3637,#3638),(#3639,
#3640),(#3641,#3642),(#3643,#3644)),.UNSPECIFIED.,.F.,.F.,.F.,(4,1,4),(2,
2),(0.,0.0488712543270125,0.104473864723571),(0.,0.0700000000000001),
 .UNSPECIFIED.);
#190=FACE_OUTER_BOUND('',#305,.T.);
#191=FACE_OUTER_BOUND('',#306,.T.);
#192=FACE_OUTER_BOUND('',#307,.T.);
#193=FACE_OUTER_BOUND('',#308,.T.);
#194=FACE_OUTER_BOUND('',#309,.T.);
#195=FACE_OUTER_BOUND('',#310,.T.);
#196=FACE_OUTER_BOUND('',#311,.T.);
#197=FACE_OUTER_BOUND('',#312,.T.);
#198=FACE_OUTER_BOUND('',#313,.T.);
#199=FACE_OUTER_BOUND('',#314,.T.);
#200=FACE_OUTER_BOUND('',#315,.T.);
#201=FACE_OUTER_BOUND('',#316,.T.);
#202=FACE_OUTER_BOUND('',#317,.T.);
#203=FACE_OUTER_BOUND('',#318,.T.);
#204=FACE_OUTER_BOUND('',#319,.T.);
#205=FACE_OUTER_BOUND('',#320,.T.);
#206=FACE_OUTER_BOUND('',#321,.T.);
#207=FACE_OUTER_BOUND('',#322,.T.);
#208=FACE_OUTER_BOUND('',#323,.T.);
#209=FACE_OUTER_BOUND('',#324,.T.);
#210=FACE_OUTER_BOUND('',#325,.T.);
#211=FACE_OUTER_BOUND('',#326,.T.);
#212=FACE_OUTER_BOUND('',#327,.T.);
#213=FACE_OUTER_BOUND('',#328,.T.);
#214=FACE_OUTER_BOUND('',#329,.T.);
#215=FACE_OUTER_BOUND('',#330,.T.);
#216=FACE_OUTER_BOUND('',#331,.T.);
#217=FACE_OUTER_BOUND('',#332,.T.);
#218=FACE_OUTER_BOUND('',#333,.T.);
#219=FACE_OUTER_BOUND('',#334,.T.);
#220=FACE_OUTER_BOUND('',#335,.T.);
#221=FACE_OUTER_BOUND('',#336,.T.);
#222=FACE_OUTER_BOUND('',#337,.T.);
#223=FACE_OUTER_BOUND('',#338,.T.);
#224=FACE_OUTER_BOUND('',#339,.T.);
#225=FACE_OUTER_BOUND('',#340,.T.);
#226=FACE_OUTER_BOUND('',#341,.T.);
#227=FACE_OUTER_BOUND('',#342,.T.);
#228=FACE_OUTER_BOUND('',#343,.T.);
#229=FACE_OUTER_BOUND('',#344,.T.);
#230=FACE_OUTER_BOUND('',#345,.T.);
#231=FACE_OUTER_BOUND('',#347,.T.);
#232=FACE_OUTER_BOUND('',#348,.T.);
#233=FACE_OUTER_BOUND('',#349,.T.);
#234=FACE_OUTER_BOUND('',#350,.T.);
#235=FACE_OUTER_BOUND('',#351,.T.);
#236=FACE_OUTER_BOUND('',#352,.T.);
#237=FACE_OUTER_BOUND('',#353,.T.);
#238=FACE_OUTER_BOUND('',#354,.T.);
#239=FACE_OUTER_BOUND('',#355,.T.);
#240=FACE_OUTER_BOUND('',#356,.T.);
#241=FACE_OUTER_BOUND('',#357,.T.);
#242=FACE_OUTER_BOUND('',#358,.T.);
#243=FACE_OUTER_BOUND('',#359,.T.);
#244=FACE_OUTER_BOUND('',#360,.T.);
#245=FACE_OUTER_BOUND('',#361,.T.);
#246=FACE_OUTER_BOUND('',#362,.T.);
#247=FACE_OUTER_BOUND('',#363,.T.);
#248=FACE_OUTER_BOUND('',#364,.T.);
#249=FACE_OUTER_BOUND('',#365,.T.);
#250=FACE_OUTER_BOUND('',#366,.T.);
#251=FACE_OUTER_BOUND('',#367,.T.);
#252=FACE_OUTER_BOUND('',#368,.T.);
#253=FACE_OUTER_BOUND('',#369,.T.);
#254=FACE_OUTER_BOUND('',#370,.T.);
#255=FACE_OUTER_BOUND('',#371,.T.);
#256=FACE_OUTER_BOUND('',#372,.T.);
#257=FACE_OUTER_BOUND('',#373,.T.);
#258=FACE_OUTER_BOUND('',#374,.T.);
#259=FACE_OUTER_BOUND('',#375,.T.);
#260=FACE_OUTER_BOUND('',#376,.T.);
#261=FACE_OUTER_BOUND('',#378,.T.);
#262=FACE_OUTER_BOUND('',#379,.T.);
#263=FACE_OUTER_BOUND('',#380,.T.);
#264=FACE_OUTER_BOUND('',#381,.T.);
#265=FACE_OUTER_BOUND('',#382,.T.);
#266=FACE_OUTER_BOUND('',#383,.T.);
#267=FACE_OUTER_BOUND('',#384,.T.);
#268=FACE_OUTER_BOUND('',#385,.T.);
#269=FACE_OUTER_BOUND('',#387,.T.);
#270=FACE_OUTER_BOUND('',#394,.T.);
#271=FACE_OUTER_BOUND('',#395,.T.);
#272=FACE_OUTER_BOUND('',#396,.T.);
#273=FACE_OUTER_BOUND('',#397,.T.);
#274=FACE_OUTER_BOUND('',#398,.T.);
#275=FACE_OUTER_BOUND('',#399,.T.);
#276=FACE_OUTER_BOUND('',#400,.T.);
#277=FACE_OUTER_BOUND('',#401,.T.);
#278=FACE_OUTER_BOUND('',#402,.T.);
#279=FACE_OUTER_BOUND('',#403,.T.);
#280=FACE_OUTER_BOUND('',#404,.T.);
#281=FACE_OUTER_BOUND('',#405,.T.);
#282=FACE_OUTER_BOUND('',#406,.T.);
#283=FACE_OUTER_BOUND('',#407,.T.);
#284=FACE_OUTER_BOUND('',#408,.T.);
#285=FACE_OUTER_BOUND('',#409,.T.);
#286=FACE_OUTER_BOUND('',#410,.T.);
#287=FACE_OUTER_BOUND('',#411,.T.);
#288=FACE_OUTER_BOUND('',#412,.T.);
#289=FACE_OUTER_BOUND('',#413,.T.);
#290=FACE_OUTER_BOUND('',#414,.T.);
#291=FACE_OUTER_BOUND('',#415,.T.);
#292=FACE_OUTER_BOUND('',#416,.T.);
#293=FACE_OUTER_BOUND('',#417,.T.);
#294=FACE_OUTER_BOUND('',#418,.T.);
#295=FACE_OUTER_BOUND('',#420,.T.);
#296=FACE_OUTER_BOUND('',#421,.T.);
#297=FACE_OUTER_BOUND('',#422,.T.);
#298=FACE_OUTER_BOUND('',#423,.T.);
#299=FACE_OUTER_BOUND('',#424,.T.);
#300=FACE_OUTER_BOUND('',#425,.T.);
#301=FACE_OUTER_BOUND('',#426,.T.);
#302=FACE_OUTER_BOUND('',#427,.T.);
#303=FACE_OUTER_BOUND('',#428,.T.);
#304=FACE_OUTER_BOUND('',#429,.T.);
#305=EDGE_LOOP('',(#1327,#1328,#1329,#1330));
#306=EDGE_LOOP('',(#1331,#1332,#1333,#1334));
#307=EDGE_LOOP('',(#1335,#1336,#1337,#1338));
#308=EDGE_LOOP('',(#1339,#1340,#1341,#1342));
#309=EDGE_LOOP('',(#1343,#1344,#1345,#1346));
#310=EDGE_LOOP('',(#1347,#1348,#1349,#1350));
#311=EDGE_LOOP('',(#1351,#1352,#1353,#1354));
#312=EDGE_LOOP('',(#1355,#1356,#1357,#1358));
#313=EDGE_LOOP('',(#1359,#1360,#1361,#1362));
#314=EDGE_LOOP('',(#1363,#1364,#1365,#1366));
#315=EDGE_LOOP('',(#1367,#1368,#1369,#1370,#1371,#1372,#1373,#1374,#1375,
#1376));
#316=EDGE_LOOP('',(#1377,#1378,#1379,#1380));
#317=EDGE_LOOP('',(#1381,#1382,#1383,#1384));
#318=EDGE_LOOP('',(#1385,#1386,#1387,#1388));
#319=EDGE_LOOP('',(#1389,#1390,#1391,#1392));
#320=EDGE_LOOP('',(#1393,#1394,#1395,#1396));
#321=EDGE_LOOP('',(#1397,#1398,#1399,#1400));
#322=EDGE_LOOP('',(#1401,#1402,#1403,#1404));
#323=EDGE_LOOP('',(#1405,#1406,#1407,#1408));
#324=EDGE_LOOP('',(#1409,#1410,#1411,#1412));
#325=EDGE_LOOP('',(#1413,#1414,#1415,#1416));
#326=EDGE_LOOP('',(#1417,#1418,#1419,#1420,#1421,#1422,#1423,#1424,#1425,
#1426));
#327=EDGE_LOOP('',(#1427,#1428,#1429,#1430));
#328=EDGE_LOOP('',(#1431,#1432,#1433,#1434));
#329=EDGE_LOOP('',(#1435,#1436,#1437,#1438));
#330=EDGE_LOOP('',(#1439,#1440,#1441,#1442));
#331=EDGE_LOOP('',(#1443,#1444,#1445,#1446));
#332=EDGE_LOOP('',(#1447,#1448,#1449,#1450));
#333=EDGE_LOOP('',(#1451,#1452,#1453,#1454));
#334=EDGE_LOOP('',(#1455,#1456,#1457,#1458));
#335=EDGE_LOOP('',(#1459,#1460,#1461,#1462));
#336=EDGE_LOOP('',(#1463,#1464,#1465,#1466));
#337=EDGE_LOOP('',(#1467,#1468,#1469,#1470));
#338=EDGE_LOOP('',(#1471,#1472,#1473,#1474));
#339=EDGE_LOOP('',(#1475,#1476,#1477,#1478));
#340=EDGE_LOOP('',(#1479,#1480,#1481,#1482));
#341=EDGE_LOOP('',(#1483,#1484,#1485,#1486));
#342=EDGE_LOOP('',(#1487,#1488,#1489,#1490));
#343=EDGE_LOOP('',(#1491,#1492,#1493,#1494));
#344=EDGE_LOOP('',(#1495,#1496,#1497,#1498));
#345=EDGE_LOOP('',(#1499,#1500,#1501,#1502,#1503,#1504,#1505,#1506,#1507,
#1508));
#346=EDGE_LOOP('',(#1509,#1510,#1511,#1512,#1513,#1514,#1515,#1516));
#347=EDGE_LOOP('',(#1517,#1518,#1519,#1520));
#348=EDGE_LOOP('',(#1521,#1522,#1523,#1524));
#349=EDGE_LOOP('',(#1525,#1526,#1527,#1528));
#350=EDGE_LOOP('',(#1529,#1530,#1531,#1532));
#351=EDGE_LOOP('',(#1533,#1534,#1535,#1536));
#352=EDGE_LOOP('',(#1537,#1538,#1539,#1540));
#353=EDGE_LOOP('',(#1541,#1542,#1543,#1544));
#354=EDGE_LOOP('',(#1545,#1546,#1547,#1548));
#355=EDGE_LOOP('',(#1549,#1550,#1551,#1552));
#356=EDGE_LOOP('',(#1553,#1554,#1555,#1556));
#357=EDGE_LOOP('',(#1557,#1558,#1559,#1560,#1561,#1562,#1563,#1564,#1565,
#1566));
#358=EDGE_LOOP('',(#1567,#1568,#1569,#1570));
#359=EDGE_LOOP('',(#1571,#1572,#1573,#1574));
#360=EDGE_LOOP('',(#1575,#1576,#1577,#1578));
#361=EDGE_LOOP('',(#1579,#1580,#1581,#1582));
#362=EDGE_LOOP('',(#1583,#1584,#1585,#1586));
#363=EDGE_LOOP('',(#1587,#1588,#1589,#1590));
#364=EDGE_LOOP('',(#1591,#1592,#1593,#1594));
#365=EDGE_LOOP('',(#1595,#1596,#1597,#1598));
#366=EDGE_LOOP('',(#1599,#1600,#1601,#1602));
#367=EDGE_LOOP('',(#1603,#1604,#1605,#1606));
#368=EDGE_LOOP('',(#1607,#1608,#1609,#1610));
#369=EDGE_LOOP('',(#1611,#1612,#1613,#1614));
#370=EDGE_LOOP('',(#1615,#1616,#1617,#1618));
#371=EDGE_LOOP('',(#1619,#1620,#1621,#1622));
#372=EDGE_LOOP('',(#1623,#1624,#1625,#1626));
#373=EDGE_LOOP('',(#1627,#1628,#1629,#1630));
#374=EDGE_LOOP('',(#1631,#1632,#1633,#1634));
#375=EDGE_LOOP('',(#1635,#1636,#1637,#1638));
#376=EDGE_LOOP('',(#1639,#1640,#1641,#1642,#1643,#1644,#1645,#1646,#1647,
#1648));
#377=EDGE_LOOP('',(#1649,#1650,#1651,#1652,#1653,#1654,#1655,#1656));
#378=EDGE_LOOP('',(#1657,#1658,#1659,#1660,#1661,#1662,#1663,#1664));
#379=EDGE_LOOP('',(#1665,#1666,#1667,#1668,#1669,#1670,#1671,#1672));
#380=EDGE_LOOP('',(#1673,#1674,#1675,#1676,#1677,#1678));
#381=EDGE_LOOP('',(#1679,#1680,#1681,#1682));
#382=EDGE_LOOP('',(#1683,#1684,#1685,#1686));
#383=EDGE_LOOP('',(#1687,#1688,#1689,#1690,#1691,#1692));
#384=EDGE_LOOP('',(#1693,#1694,#1695,#1696));
#385=EDGE_LOOP('',(#1697,#1698,#1699,#1700,#1701,#1702));
#386=EDGE_LOOP('',(#1703,#1704,#1705,#1706));
#387=EDGE_LOOP('',(#1707,#1708,#1709,#1710,#1711,#1712,#1713,#1714));
#388=EDGE_LOOP('',(#1715,#1716,#1717,#1718));
#389=EDGE_LOOP('',(#1719,#1720,#1721,#1722,#1723,#1724,#1725,#1726,#1727,
#1728));
#390=EDGE_LOOP('',(#1729,#1730,#1731,#1732,#1733,#1734,#1735,#1736,#1737,
#1738));
#391=EDGE_LOOP('',(#1739,#1740,#1741,#1742,#1743,#1744,#1745,#1746,#1747,
#1748));
#392=EDGE_LOOP('',(#1749,#1750,#1751,#1752,#1753,#1754,#1755,#1756,#1757,
#1758));
#393=EDGE_LOOP('',(#1759,#1760,#1761,#1762,#1763,#1764,#1765,#1766,#1767,
#1768));
#394=EDGE_LOOP('',(#1769,#1770,#1771,#1772));
#395=EDGE_LOOP('',(#1773,#1774,#1775,#1776));
#396=EDGE_LOOP('',(#1777,#1778,#1779,#1780));
#397=EDGE_LOOP('',(#1781,#1782,#1783,#1784));
#398=EDGE_LOOP('',(#1785,#1786,#1787,#1788));
#399=EDGE_LOOP('',(#1789,#1790,#1791,#1792));
#400=EDGE_LOOP('',(#1793,#1794,#1795,#1796));
#401=EDGE_LOOP('',(#1797,#1798,#1799,#1800));
#402=EDGE_LOOP('',(#1801,#1802,#1803,#1804));
#403=EDGE_LOOP('',(#1805,#1806,#1807,#1808));
#404=EDGE_LOOP('',(#1809,#1810,#1811,#1812));
#405=EDGE_LOOP('',(#1813,#1814,#1815,#1816));
#406=EDGE_LOOP('',(#1817,#1818,#1819,#1820));
#407=EDGE_LOOP('',(#1821,#1822,#1823,#1824));
#408=EDGE_LOOP('',(#1825,#1826,#1827,#1828));
#409=EDGE_LOOP('',(#1829,#1830,#1831,#1832));
#410=EDGE_LOOP('',(#1833,#1834,#1835,#1836));
#411=EDGE_LOOP('',(#1837,#1838,#1839,#1840));
#412=EDGE_LOOP('',(#1841,#1842,#1843,#1844));
#413=EDGE_LOOP('',(#1845,#1846,#1847,#1848));
#414=EDGE_LOOP('',(#1849,#1850,#1851,#1852));
#415=EDGE_LOOP('',(#1853,#1854,#1855,#1856));
#416=EDGE_LOOP('',(#1857,#1858,#1859,#1860,#1861,#1862));
#417=EDGE_LOOP('',(#1863,#1864,#1865,#1866));
#418=EDGE_LOOP('',(#1867,#1868,#1869,#1870,#1871,#1872,#1873,#1874));
#419=EDGE_LOOP('',(#1875,#1876,#1877,#1878,#1879,#1880,#1881,#1882));
#420=EDGE_LOOP('',(#1883,#1884,#1885,#1886));
#421=EDGE_LOOP('',(#1887,#1888,#1889,#1890));
#422=EDGE_LOOP('',(#1891,#1892,#1893,#1894));
#423=EDGE_LOOP('',(#1895,#1896,#1897,#1898));
#424=EDGE_LOOP('',(#1899,#1900,#1901,#1902));
#425=EDGE_LOOP('',(#1903,#1904,#1905,#1906));
#426=EDGE_LOOP('',(#1907,#1908,#1909,#1910));
#427=EDGE_LOOP('',(#1911,#1912,#1913,#1914));
#428=EDGE_LOOP('',(#1915,#1916,#1917,#1918));
#429=EDGE_LOOP('',(#1919,#1920,#1921,#1922,#1923,#1924,#1925,#1926));
#430=EDGE_LOOP('',(#1927,#1928,#1929,#1930,#1931,#1932,#1933,#1934));
#431=LINE('',#2646,#627);
#432=LINE('',#2648,#628);
#433=LINE('',#2650,#629);
#434=LINE('',#2651,#630);
#435=LINE('',#2654,#631);
#436=LINE('',#2656,#632);
#437=LINE('',#2657,#633);
#438=LINE('',#2660,#634);
#439=LINE('',#2662,#635);
#440=LINE('',#2663,#636);
#441=LINE('',#2666,#637);
#442=LINE('',#2668,#638);
#443=LINE('',#2669,#639);
#444=LINE('',#2672,#640);
#445=LINE('',#2674,#641);
#446=LINE('',#2675,#642);
#447=LINE('',#2678,#643);
#448=LINE('',#2680,#644);
#449=LINE('',#2681,#645);
#450=LINE('',#2684,#646);
#451=LINE('',#2686,#647);
#452=LINE('',#2687,#648);
#453=LINE('',#2690,#649);
#454=LINE('',#2692,#650);
#455=LINE('',#2693,#651);
#456=LINE('',#2696,#652);
#457=LINE('',#2698,#653);
#458=LINE('',#2699,#654);
#459=LINE('',#2701,#655);
#460=LINE('',#2702,#656);
#461=LINE('',#2707,#657);
#462=LINE('',#2709,#658);
#463=LINE('',#2711,#659);
#464=LINE('',#2712,#660);
#465=LINE('',#2715,#661);
#466=LINE('',#2717,#662);
#467=LINE('',#2718,#663);
#468=LINE('',#2721,#664);
#469=LINE('',#2723,#665);
#470=LINE('',#2724,#666);
#471=LINE('',#2727,#667);
#472=LINE('',#2729,#668);
#473=LINE('',#2730,#669);
#474=LINE('',#2733,#670);
#475=LINE('',#2735,#671);
#476=LINE('',#2736,#672);
#477=LINE('',#2739,#673);
#478=LINE('',#2741,#674);
#479=LINE('',#2742,#675);
#480=LINE('',#2745,#676);
#481=LINE('',#2747,#677);
#482=LINE('',#2748,#678);
#483=LINE('',#2751,#679);
#484=LINE('',#2753,#680);
#485=LINE('',#2754,#681);
#486=LINE('',#2757,#682);
#487=LINE('',#2759,#683);
#488=LINE('',#2760,#684);
#489=LINE('',#2762,#685);
#490=LINE('',#2763,#686);
#491=LINE('',#2783,#687);
#492=LINE('',#2790,#688);
#493=LINE('',#2808,#689);
#494=LINE('',#2831,#690);
#495=LINE('',#2854,#691);
#496=LINE('',#2877,#692);
#497=LINE('',#2900,#693);
#498=LINE('',#2923,#694);
#499=LINE('',#2967,#695);
#500=LINE('',#2974,#696);
#501=LINE('',#2992,#697);
#502=LINE('',#3015,#698);
#503=LINE('',#3038,#699);
#504=LINE('',#3061,#700);
#505=LINE('',#3084,#701);
#506=LINE('',#3107,#702);
#507=LINE('',#3130,#703);
#508=LINE('',#3153,#704);
#509=LINE('',#3183,#705);
#510=LINE('',#3185,#706);
#511=LINE('',#3187,#707);
#512=LINE('',#3188,#708);
#513=LINE('',#3191,#709);
#514=LINE('',#3193,#710);
#515=LINE('',#3194,#711);
#516=LINE('',#3197,#712);
#517=LINE('',#3199,#713);
#518=LINE('',#3200,#714);
#519=LINE('',#3203,#715);
#520=LINE('',#3205,#716);
#521=LINE('',#3206,#717);
#522=LINE('',#3209,#718);
#523=LINE('',#3211,#719);
#524=LINE('',#3212,#720);
#525=LINE('',#3215,#721);
#526=LINE('',#3217,#722);
#527=LINE('',#3218,#723);
#528=LINE('',#3221,#724);
#529=LINE('',#3223,#725);
#530=LINE('',#3224,#726);
#531=LINE('',#3227,#727);
#532=LINE('',#3229,#728);
#533=LINE('',#3230,#729);
#534=LINE('',#3233,#730);
#535=LINE('',#3235,#731);
#536=LINE('',#3236,#732);
#537=LINE('',#3238,#733);
#538=LINE('',#3239,#734);
#539=LINE('',#3259,#735);
#540=LINE('',#3266,#736);
#541=LINE('',#3284,#737);
#542=LINE('',#3307,#738);
#543=LINE('',#3330,#739);
#544=LINE('',#3353,#740);
#545=LINE('',#3376,#741);
#546=LINE('',#3399,#742);
#547=LINE('',#3443,#743);
#548=LINE('',#3450,#744);
#549=LINE('',#3468,#745);
#550=LINE('',#3491,#746);
#551=LINE('',#3514,#747);
#552=LINE('',#3537,#748);
#553=LINE('',#3560,#749);
#554=LINE('',#3583,#750);
#555=LINE('',#3606,#751);
#556=LINE('',#3629,#752);
#557=LINE('',#3661,#753);
#558=LINE('',#3665,#754);
#559=LINE('',#3669,#755);
#560=LINE('',#3670,#756);
#561=LINE('',#3673,#757);
#562=LINE('',#3675,#758);
#563=LINE('',#3676,#759);
#564=LINE('',#3679,#760);
#565=LINE('',#3683,#761);
#566=LINE('',#3685,#762);
#567=LINE('',#3687,#763);
#568=LINE('',#3688,#764);
#569=LINE('',#3691,#765);
#570=LINE('',#3692,#766);
#571=LINE('',#3695,#767);
#572=LINE('',#3699,#768);
#573=LINE('',#3703,#769);
#574=LINE('',#3705,#770);
#575=LINE('',#3707,#771);
#576=LINE('',#3708,#772);
#577=LINE('',#3712,#773);
#578=LINE('',#3716,#774);
#579=LINE('',#3720,#775);
#580=LINE('',#3724,#776);
#581=LINE('',#3728,#777);
#582=LINE('',#3730,#778);
#583=LINE('',#3732,#779);
#584=LINE('',#3733,#780);
#585=LINE('',#3751,#781);
#586=LINE('',#3767,#782);
#587=LINE('',#3783,#783);
#588=LINE('',#3797,#784);
#589=LINE('',#3799,#785);
#590=LINE('',#3800,#786);
#591=LINE('',#3802,#787);
#592=LINE('',#3804,#788);
#593=LINE('',#3808,#789);
#594=LINE('',#3811,#790);
#595=LINE('',#3814,#791);
#596=LINE('',#3815,#792);
#597=LINE('',#3818,#793);
#598=LINE('',#3822,#794);
#599=LINE('',#3823,#795);
#600=LINE('',#3826,#796);
#601=LINE('',#3830,#797);
#602=LINE('',#3831,#798);
#603=LINE('',#3834,#799);
#604=LINE('',#3837,#800);
#605=LINE('',#3840,#801);
#606=LINE('',#3842,#802);
#607=LINE('',#3843,#803);
#608=LINE('',#3846,#804);
#609=LINE('',#3850,#805);
#610=LINE('',#3851,#806);
#611=LINE('',#3859,#807);
#612=LINE('',#3863,#808);
#613=LINE('',#3867,#809);
#614=LINE('',#3870,#810);
#615=LINE('',#3877,#811);
#616=LINE('',#3878,#812);
#617=LINE('',#3881,#813);
#618=LINE('',#3882,#814);
#619=LINE('',#3886,#815);
#620=LINE('',#3889,#816);
#621=LINE('',#3890,#817);
#622=LINE('',#3894,#818);
#623=LINE('',#3897,#819);
#624=LINE('',#3898,#820);
#625=LINE('',#3902,#821);
#626=LINE('',#3904,#822);
#627=VECTOR('',#2226,10.);
#628=VECTOR('',#2227,10.);
#629=VECTOR('',#2228,10.);
#630=VECTOR('',#2229,10.);
#631=VECTOR('',#2232,10.);
#632=VECTOR('',#2233,10.);
#633=VECTOR('',#2234,10.);
#634=VECTOR('',#2237,10.);
#635=VECTOR('',#2238,10.);
#636=VECTOR('',#2239,10.);
#637=VECTOR('',#2242,10.);
#638=VECTOR('',#2243,10.);
#639=VECTOR('',#2244,10.);
#640=VECTOR('',#2247,10.);
#641=VECTOR('',#2248,10.);
#642=VECTOR('',#2249,10.);
#643=VECTOR('',#2252,10.);
#644=VECTOR('',#2253,10.);
#645=VECTOR('',#2254,10.);
#646=VECTOR('',#2257,10.);
#647=VECTOR('',#2258,10.);
#648=VECTOR('',#2259,10.);
#649=VECTOR('',#2262,10.);
#650=VECTOR('',#2263,10.);
#651=VECTOR('',#2264,10.);
#652=VECTOR('',#2267,10.);
#653=VECTOR('',#2268,10.);
#654=VECTOR('',#2269,10.);
#655=VECTOR('',#2272,10.);
#656=VECTOR('',#2273,10.);
#657=VECTOR('',#2278,10.);
#658=VECTOR('',#2279,10.);
#659=VECTOR('',#2280,10.);
#660=VECTOR('',#2281,10.);
#661=VECTOR('',#2284,10.);
#662=VECTOR('',#2285,10.);
#663=VECTOR('',#2286,10.);
#664=VECTOR('',#2289,10.);
#665=VECTOR('',#2290,10.);
#666=VECTOR('',#2291,10.);
#667=VECTOR('',#2294,10.);
#668=VECTOR('',#2295,10.);
#669=VECTOR('',#2296,10.);
#670=VECTOR('',#2299,10.);
#671=VECTOR('',#2300,10.);
#672=VECTOR('',#2301,10.);
#673=VECTOR('',#2304,10.);
#674=VECTOR('',#2305,10.);
#675=VECTOR('',#2306,10.);
#676=VECTOR('',#2309,10.);
#677=VECTOR('',#2310,10.);
#678=VECTOR('',#2311,10.);
#679=VECTOR('',#2314,10.);
#680=VECTOR('',#2315,10.);
#681=VECTOR('',#2316,10.);
#682=VECTOR('',#2319,10.);
#683=VECTOR('',#2320,10.);
#684=VECTOR('',#2321,10.);
#685=VECTOR('',#2324,10.);
#686=VECTOR('',#2325,10.);
#687=VECTOR('',#2328,10.);
#688=VECTOR('',#2329,10.);
#689=VECTOR('',#2330,10.);
#690=VECTOR('',#2331,10.);
#691=VECTOR('',#2332,10.);
#692=VECTOR('',#2333,10.);
#693=VECTOR('',#2334,10.);
#694=VECTOR('',#2335,10.);
#695=VECTOR('',#2336,10.);
#696=VECTOR('',#2337,10.);
#697=VECTOR('',#2338,10.);
#698=VECTOR('',#2339,10.);
#699=VECTOR('',#2340,10.);
#700=VECTOR('',#2341,10.);
#701=VECTOR('',#2342,10.);
#702=VECTOR('',#2343,10.);
#703=VECTOR('',#2344,10.);
#704=VECTOR('',#2345,10.);
#705=VECTOR('',#2350,10.);
#706=VECTOR('',#2351,10.);
#707=VECTOR('',#2352,10.);
#708=VECTOR('',#2353,10.);
#709=VECTOR('',#2356,10.);
#710=VECTOR('',#2357,10.);
#711=VECTOR('',#2358,10.);
#712=VECTOR('',#2361,10.);
#713=VECTOR('',#2362,10.);
#714=VECTOR('',#2363,10.);
#715=VECTOR('',#2366,10.);
#716=VECTOR('',#2367,10.);
#717=VECTOR('',#2368,10.);
#718=VECTOR('',#2371,10.);
#719=VECTOR('',#2372,10.);
#720=VECTOR('',#2373,10.);
#721=VECTOR('',#2376,10.);
#722=VECTOR('',#2377,10.);
#723=VECTOR('',#2378,10.);
#724=VECTOR('',#2381,10.);
#725=VECTOR('',#2382,10.);
#726=VECTOR('',#2383,10.);
#727=VECTOR('',#2386,10.);
#728=VECTOR('',#2387,10.);
#729=VECTOR('',#2388,10.);
#730=VECTOR('',#2391,10.);
#731=VECTOR('',#2392,10.);
#732=VECTOR('',#2393,10.);
#733=VECTOR('',#2396,10.);
#734=VECTOR('',#2397,10.);
#735=VECTOR('',#2400,10.);
#736=VECTOR('',#2401,10.);
#737=VECTOR('',#2402,10.);
#738=VECTOR('',#2403,10.);
#739=VECTOR('',#2404,10.);
#740=VECTOR('',#2405,10.);
#741=VECTOR('',#2406,10.);
#742=VECTOR('',#2407,10.);
#743=VECTOR('',#2408,10.);
#744=VECTOR('',#2409,10.);
#745=VECTOR('',#2410,10.);
#746=VECTOR('',#2411,10.);
#747=VECTOR('',#2412,10.);
#748=VECTOR('',#2413,10.);
#749=VECTOR('',#2414,10.);
#750=VECTOR('',#2415,10.);
#751=VECTOR('',#2416,10.);
#752=VECTOR('',#2417,10.);
#753=VECTOR('',#2426,10.);
#754=VECTOR('',#2429,10.);
#755=VECTOR('',#2432,10.);
#756=VECTOR('',#2433,10.);
#757=VECTOR('',#2436,10.);
#758=VECTOR('',#2437,10.);
#759=VECTOR('',#2438,10.);
#760=VECTOR('',#2441,10.);
#761=VECTOR('',#2446,10.);
#762=VECTOR('',#2447,10.);
#763=VECTOR('',#2448,10.);
#764=VECTOR('',#2449,10.);
#765=VECTOR('',#2452,10.);
#766=VECTOR('',#2453,10.);
#767=VECTOR('',#2456,10.);
#768=VECTOR('',#2459,10.);
#769=VECTOR('',#2462,10.);
#770=VECTOR('',#2463,10.);
#771=VECTOR('',#2464,10.);
#772=VECTOR('',#2465,10.);
#773=VECTOR('',#2468,10.);
#774=VECTOR('',#2471,10.);
#775=VECTOR('',#2474,10.);
#776=VECTOR('',#2477,10.);
#777=VECTOR('',#2480,10.);
#778=VECTOR('',#2481,10.);
#779=VECTOR('',#2482,10.);
#780=VECTOR('',#2483,10.);
#781=VECTOR('',#2494,10.);
#782=VECTOR('',#2503,10.);
#783=VECTOR('',#2512,10.);
#784=VECTOR('',#2519,10.);
#785=VECTOR('',#2522,10.);
#786=VECTOR('',#2523,10.);
#787=VECTOR('',#2526,10.);
#788=VECTOR('',#2529,10.);
#789=VECTOR('',#2534,10.);
#790=VECTOR('',#2537,10.);
#791=VECTOR('',#2540,10.);
#792=VECTOR('',#2541,10.);
#793=VECTOR('',#2544,10.);
#794=VECTOR('',#2549,10.);
#795=VECTOR('',#2550,10.);
#796=VECTOR('',#2553,10.);
#797=VECTOR('',#2558,10.);
#798=VECTOR('',#2559,10.);
#799=VECTOR('',#2562,10.);
#800=VECTOR('',#2567,10.);
#801=VECTOR('',#2570,10.);
#802=VECTOR('',#2571,10.);
#803=VECTOR('',#2572,10.);
#804=VECTOR('',#2575,10.);
#805=VECTOR('',#2580,10.);
#806=VECTOR('',#2581,10.);
#807=VECTOR('',#2590,10.);
#808=VECTOR('',#2593,10.);
#809=VECTOR('',#2596,10.);
#810=VECTOR('',#2599,10.);
#811=VECTOR('',#2608,10.);
#812=VECTOR('',#2609,10.);
#813=VECTOR('',#2612,10.);
#814=VECTOR('',#2613,10.);
#815=VECTOR('',#2618,10.);
#816=VECTOR('',#2621,10.);
#817=VECTOR('',#2622,10.);
#818=VECTOR('',#2627,10.);
#819=VECTOR('',#2630,10.);
#820=VECTOR('',#2631,10.);
#821=VECTOR('',#2636,10.);
#822=VECTOR('',#2639,10.);
#823=VERTEX_POINT('',#2644);
#824=VERTEX_POINT('',#2645);
#825=VERTEX_POINT('',#2647);
#826=VERTEX_POINT('',#2649);
#827=VERTEX_POINT('',#2653);
#828=VERTEX_POINT('',#2655);
#829=VERTEX_POINT('',#2659);
#830=VERTEX_POINT('',#2661);
#831=VERTEX_POINT('',#2665);
#832=VERTEX_POINT('',#2667);
#833=VERTEX_POINT('',#2671);
#834=VERTEX_POINT('',#2673);
#835=VERTEX_POINT('',#2677);
#836=VERTEX_POINT('',#2679);
#837=VERTEX_POINT('',#2683);
#838=VERTEX_POINT('',#2685);
#839=VERTEX_POINT('',#2689);
#840=VERTEX_POINT('',#2691);
#841=VERTEX_POINT('',#2695);
#842=VERTEX_POINT('',#2697);
#843=VERTEX_POINT('',#2705);
#844=VERTEX_POINT('',#2706);
#845=VERTEX_POINT('',#2708);
#846=VERTEX_POINT('',#2710);
#847=VERTEX_POINT('',#2714);
#848=VERTEX_POINT('',#2716);
#849=VERTEX_POINT('',#2720);
#850=VERTEX_POINT('',#2722);
#851=VERTEX_POINT('',#2726);
#852=VERTEX_POINT('',#2728);
#853=VERTEX_POINT('',#2732);
#854=VERTEX_POINT('',#2734);
#855=VERTEX_POINT('',#2738);
#856=VERTEX_POINT('',#2740);
#857=VERTEX_POINT('',#2744);
#858=VERTEX_POINT('',#2746);
#859=VERTEX_POINT('',#2750);
#860=VERTEX_POINT('',#2752);
#861=VERTEX_POINT('',#2756);
#862=VERTEX_POINT('',#2758);
#863=VERTEX_POINT('',#2775);
#864=VERTEX_POINT('',#2776);
#865=VERTEX_POINT('',#2782);
#866=VERTEX_POINT('',#2784);
#867=VERTEX_POINT('',#2801);
#868=VERTEX_POINT('',#2807);
#869=VERTEX_POINT('',#2824);
#870=VERTEX_POINT('',#2830);
#871=VERTEX_POINT('',#2847);
#872=VERTEX_POINT('',#2853);
#873=VERTEX_POINT('',#2870);
#874=VERTEX_POINT('',#2876);
#875=VERTEX_POINT('',#2893);
#876=VERTEX_POINT('',#2899);
#877=VERTEX_POINT('',#2916);
#878=VERTEX_POINT('',#2922);
#879=VERTEX_POINT('',#2959);
#880=VERTEX_POINT('',#2960);
#881=VERTEX_POINT('',#2966);
#882=VERTEX_POINT('',#2968);
#883=VERTEX_POINT('',#2985);
#884=VERTEX_POINT('',#2991);
#885=VERTEX_POINT('',#3008);
#886=VERTEX_POINT('',#3014);
#887=VERTEX_POINT('',#3031);
#888=VERTEX_POINT('',#3037);
#889=VERTEX_POINT('',#3054);
#890=VERTEX_POINT('',#3060);
#891=VERTEX_POINT('',#3077);
#892=VERTEX_POINT('',#3083);
#893=VERTEX_POINT('',#3100);
#894=VERTEX_POINT('',#3106);
#895=VERTEX_POINT('',#3123);
#896=VERTEX_POINT('',#3129);
#897=VERTEX_POINT('',#3146);
#898=VERTEX_POINT('',#3152);
#899=VERTEX_POINT('',#3181);
#900=VERTEX_POINT('',#3182);
#901=VERTEX_POINT('',#3184);
#902=VERTEX_POINT('',#3186);
#903=VERTEX_POINT('',#3190);
#904=VERTEX_POINT('',#3192);
#905=VERTEX_POINT('',#3196);
#906=VERTEX_POINT('',#3198);
#907=VERTEX_POINT('',#3202);
#908=VERTEX_POINT('',#3204);
#909=VERTEX_POINT('',#3208);
#910=VERTEX_POINT('',#3210);
#911=VERTEX_POINT('',#3214);
#912=VERTEX_POINT('',#3216);
#913=VERTEX_POINT('',#3220);
#914=VERTEX_POINT('',#3222);
#915=VERTEX_POINT('',#3226);
#916=VERTEX_POINT('',#3228);
#917=VERTEX_POINT('',#3232);
#918=VERTEX_POINT('',#3234);
#919=VERTEX_POINT('',#3251);
#920=VERTEX_POINT('',#3252);
#921=VERTEX_POINT('',#3258);
#922=VERTEX_POINT('',#3260);
#923=VERTEX_POINT('',#3277);
#924=VERTEX_POINT('',#3283);
#925=VERTEX_POINT('',#3300);
#926=VERTEX_POINT('',#3306);
#927=VERTEX_POINT('',#3323);
#928=VERTEX_POINT('',#3329);
#929=VERTEX_POINT('',#3346);
#930=VERTEX_POINT('',#3352);
#931=VERTEX_POINT('',#3369);
#932=VERTEX_POINT('',#3375);
#933=VERTEX_POINT('',#3392);
#934=VERTEX_POINT('',#3398);
#935=VERTEX_POINT('',#3435);
#936=VERTEX_POINT('',#3436);
#937=VERTEX_POINT('',#3442);
#938=VERTEX_POINT('',#3444);
#939=VERTEX_POINT('',#3461);
#940=VERTEX_POINT('',#3467);
#941=VERTEX_POINT('',#3484);
#942=VERTEX_POINT('',#3490);
#943=VERTEX_POINT('',#3507);
#944=VERTEX_POINT('',#3513);
#945=VERTEX_POINT('',#3530);
#946=VERTEX_POINT('',#3536);
#947=VERTEX_POINT('',#3553);
#948=VERTEX_POINT('',#3559);
#949=VERTEX_POINT('',#3576);
#950=VERTEX_POINT('',#3582);
#951=VERTEX_POINT('',#3599);
#952=VERTEX_POINT('',#3605);
#953=VERTEX_POINT('',#3622);
#954=VERTEX_POINT('',#3628);
#955=VERTEX_POINT('',#3659);
#956=VERTEX_POINT('',#3660);
#957=VERTEX_POINT('',#3662);
#958=VERTEX_POINT('',#3664);
#959=VERTEX_POINT('',#3666);
#960=VERTEX_POINT('',#3668);
#961=VERTEX_POINT('',#3672);
#962=VERTEX_POINT('',#3674);
#963=VERTEX_POINT('',#3678);
#964=VERTEX_POINT('',#3682);
#965=VERTEX_POINT('',#3684);
#966=VERTEX_POINT('',#3686);
#967=VERTEX_POINT('',#3690);
#968=VERTEX_POINT('',#3694);
#969=VERTEX_POINT('',#3696);
#970=VERTEX_POINT('',#3698);
#971=VERTEX_POINT('',#3701);
#972=VERTEX_POINT('',#3702);
#973=VERTEX_POINT('',#3704);
#974=VERTEX_POINT('',#3706);
#975=VERTEX_POINT('',#3710);
#976=VERTEX_POINT('',#3711);
#977=VERTEX_POINT('',#3713);
#978=VERTEX_POINT('',#3715);
#979=VERTEX_POINT('',#3717);
#980=VERTEX_POINT('',#3719);
#981=VERTEX_POINT('',#3721);
#982=VERTEX_POINT('',#3723);
#983=VERTEX_POINT('',#3726);
#984=VERTEX_POINT('',#3727);
#985=VERTEX_POINT('',#3729);
#986=VERTEX_POINT('',#3731);
#987=VERTEX_POINT('',#3743);
#988=VERTEX_POINT('',#3745);
#989=VERTEX_POINT('',#3749);
#990=VERTEX_POINT('',#3761);
#991=VERTEX_POINT('',#3765);
#992=VERTEX_POINT('',#3777);
#993=VERTEX_POINT('',#3781);
#994=VERTEX_POINT('',#3793);
#995=VERTEX_POINT('',#3807);
#996=VERTEX_POINT('',#3809);
#997=VERTEX_POINT('',#3813);
#998=VERTEX_POINT('',#3817);
#999=VERTEX_POINT('',#3821);
#1000=VERTEX_POINT('',#3825);
#1001=VERTEX_POINT('',#3829);
#1002=VERTEX_POINT('',#3833);
#1003=VERTEX_POINT('',#3839);
#1004=VERTEX_POINT('',#3841);
#1005=VERTEX_POINT('',#3845);
#1006=VERTEX_POINT('',#3849);
#1007=VERTEX_POINT('',#3855);
#1008=VERTEX_POINT('',#3856);
#1009=VERTEX_POINT('',#3858);
#1010=VERTEX_POINT('',#3860);
#1011=VERTEX_POINT('',#3862);
#1012=VERTEX_POINT('',#3864);
#1013=VERTEX_POINT('',#3866);
#1014=VERTEX_POINT('',#3868);
#1015=VERTEX_POINT('',#3874);
#1016=VERTEX_POINT('',#3875);
#1017=VERTEX_POINT('',#3880);
#1018=VERTEX_POINT('',#3884);
#1019=VERTEX_POINT('',#3888);
#1020=VERTEX_POINT('',#3892);
#1021=VERTEX_POINT('',#3896);
#1022=VERTEX_POINT('',#3900);
#1023=EDGE_CURVE('',#823,#824,#431,.T.);
#1024=EDGE_CURVE('',#823,#825,#432,.T.);
#1025=EDGE_CURVE('',#825,#826,#433,.T.);
#1026=EDGE_CURVE('',#824,#826,#434,.T.);
#1027=EDGE_CURVE('',#827,#823,#435,.T.);
#1028=EDGE_CURVE('',#827,#828,#436,.T.);
#1029=EDGE_CURVE('',#828,#825,#437,.T.);
#1030=EDGE_CURVE('',#829,#827,#438,.T.);
#1031=EDGE_CURVE('',#829,#830,#439,.T.);
#1032=EDGE_CURVE('',#830,#828,#440,.T.);
#1033=EDGE_CURVE('',#831,#829,#441,.T.);
#1034=EDGE_CURVE('',#831,#832,#442,.T.);
#1035=EDGE_CURVE('',#832,#830,#443,.T.);
#1036=EDGE_CURVE('',#833,#831,#444,.T.);
#1037=EDGE_CURVE('',#833,#834,#445,.T.);
#1038=EDGE_CURVE('',#834,#832,#446,.T.);
#1039=EDGE_CURVE('',#835,#833,#447,.T.);
#1040=EDGE_CURVE('',#835,#836,#448,.T.);
#1041=EDGE_CURVE('',#836,#834,#449,.T.);
#1042=EDGE_CURVE('',#837,#835,#450,.T.);
#1043=EDGE_CURVE('',#837,#838,#451,.T.);
#1044=EDGE_CURVE('',#838,#836,#452,.T.);
#1045=EDGE_CURVE('',#839,#837,#453,.T.);
#1046=EDGE_CURVE('',#839,#840,#454,.T.);
#1047=EDGE_CURVE('',#840,#838,#455,.T.);
#1048=EDGE_CURVE('',#841,#839,#456,.T.);
#1049=EDGE_CURVE('',#841,#842,#457,.T.);
#1050=EDGE_CURVE('',#842,#840,#458,.T.);
#1051=EDGE_CURVE('',#824,#841,#459,.T.);
#1052=EDGE_CURVE('',#826,#842,#460,.T.);
#1053=EDGE_CURVE('',#843,#844,#461,.T.);
#1054=EDGE_CURVE('',#843,#845,#462,.T.);
#1055=EDGE_CURVE('',#845,#846,#463,.T.);
#1056=EDGE_CURVE('',#844,#846,#464,.T.);
#1057=EDGE_CURVE('',#847,#843,#465,.T.);
#1058=EDGE_CURVE('',#847,#848,#466,.T.);
#1059=EDGE_CURVE('',#848,#845,#467,.T.);
#1060=EDGE_CURVE('',#849,#847,#468,.T.);
#1061=EDGE_CURVE('',#849,#850,#469,.T.);
#1062=EDGE_CURVE('',#850,#848,#470,.T.);
#1063=EDGE_CURVE('',#851,#849,#471,.T.);
#1064=EDGE_CURVE('',#851,#852,#472,.T.);
#1065=EDGE_CURVE('',#852,#850,#473,.T.);
#1066=EDGE_CURVE('',#853,#851,#474,.T.);
#1067=EDGE_CURVE('',#853,#854,#475,.T.);
#1068=EDGE_CURVE('',#854,#852,#476,.T.);
#1069=EDGE_CURVE('',#855,#853,#477,.T.);
#1070=EDGE_CURVE('',#855,#856,#478,.T.);
#1071=EDGE_CURVE('',#856,#854,#479,.T.);
#1072=EDGE_CURVE('',#857,#855,#480,.T.);
#1073=EDGE_CURVE('',#857,#858,#481,.T.);
#1074=EDGE_CURVE('',#858,#856,#482,.T.);
#1075=EDGE_CURVE('',#859,#857,#483,.T.);
#1076=EDGE_CURVE('',#859,#860,#484,.T.);
#1077=EDGE_CURVE('',#860,#858,#485,.T.);
#1078=EDGE_CURVE('',#861,#859,#486,.T.);
#1079=EDGE_CURVE('',#861,#862,#487,.T.);
#1080=EDGE_CURVE('',#862,#860,#488,.T.);
#1081=EDGE_CURVE('',#844,#861,#489,.T.);
#1082=EDGE_CURVE('',#846,#862,#490,.T.);
#1083=EDGE_CURVE('',#863,#864,#82,.T.);
#1084=EDGE_CURVE('',#863,#865,#491,.T.);
#1085=EDGE_CURVE('',#865,#866,#83,.T.);
#1086=EDGE_CURVE('',#864,#866,#492,.T.);
#1087=EDGE_CURVE('',#867,#863,#84,.T.);
#1088=EDGE_CURVE('',#867,#868,#493,.T.);
#1089=EDGE_CURVE('',#868,#865,#85,.T.);
#1090=EDGE_CURVE('',#869,#867,#86,.T.);
#1091=EDGE_CURVE('',#869,#870,#494,.T.);
#1092=EDGE_CURVE('',#870,#868,#87,.T.);
#1093=EDGE_CURVE('',#871,#869,#88,.T.);
#1094=EDGE_CURVE('',#871,#872,#495,.T.);
#1095=EDGE_CURVE('',#872,#870,#89,.T.);
#1096=EDGE_CURVE('',#873,#871,#90,.T.);
#1097=EDGE_CURVE('',#873,#874,#496,.T.);
#1098=EDGE_CURVE('',#874,#872,#91,.T.);
#1099=EDGE_CURVE('',#875,#873,#92,.T.);
#1100=EDGE_CURVE('',#875,#876,#497,.T.);
#1101=EDGE_CURVE('',#876,#874,#93,.T.);
#1102=EDGE_CURVE('',#877,#875,#94,.T.);
#1103=EDGE_CURVE('',#877,#878,#498,.T.);
#1104=EDGE_CURVE('',#878,#876,#95,.T.);
#1105=EDGE_CURVE('',#864,#877,#96,.T.);
#1106=EDGE_CURVE('',#866,#878,#97,.T.);
#1107=EDGE_CURVE('',#879,#880,#98,.T.);
#1108=EDGE_CURVE('',#879,#881,#499,.T.);
#1109=EDGE_CURVE('',#881,#882,#99,.T.);
#1110=EDGE_CURVE('',#880,#882,#500,.T.);
#1111=EDGE_CURVE('',#883,#879,#100,.T.);
#1112=EDGE_CURVE('',#883,#884,#501,.T.);
#1113=EDGE_CURVE('',#884,#881,#101,.T.);
#1114=EDGE_CURVE('',#885,#883,#102,.T.);
#1115=EDGE_CURVE('',#885,#886,#502,.T.);
#1116=EDGE_CURVE('',#886,#884,#103,.T.);
#1117=EDGE_CURVE('',#887,#885,#104,.T.);
#1118=EDGE_CURVE('',#887,#888,#503,.T.);
#1119=EDGE_CURVE('',#888,#886,#105,.T.);
#1120=EDGE_CURVE('',#889,#887,#106,.T.);
#1121=EDGE_CURVE('',#889,#890,#504,.T.);
#1122=EDGE_CURVE('',#890,#888,#107,.T.);
#1123=EDGE_CURVE('',#891,#889,#108,.T.);
#1124=EDGE_CURVE('',#891,#892,#505,.T.);
#1125=EDGE_CURVE('',#892,#890,#109,.T.);
#1126=EDGE_CURVE('',#893,#891,#110,.T.);
#1127=EDGE_CURVE('',#893,#894,#506,.T.);
#1128=EDGE_CURVE('',#894,#892,#111,.T.);
#1129=EDGE_CURVE('',#895,#893,#112,.T.);
#1130=EDGE_CURVE('',#895,#896,#507,.T.);
#1131=EDGE_CURVE('',#896,#894,#113,.T.);
#1132=EDGE_CURVE('',#897,#895,#114,.T.);
#1133=EDGE_CURVE('',#897,#898,#508,.T.);
#1134=EDGE_CURVE('',#898,#896,#115,.T.);
#1135=EDGE_CURVE('',#880,#897,#116,.T.);
#1136=EDGE_CURVE('',#882,#898,#117,.T.);
#1137=EDGE_CURVE('',#899,#900,#509,.T.);
#1138=EDGE_CURVE('',#899,#901,#510,.T.);
#1139=EDGE_CURVE('',#901,#902,#511,.T.);
#1140=EDGE_CURVE('',#900,#902,#512,.T.);
#1141=EDGE_CURVE('',#903,#899,#513,.T.);
#1142=EDGE_CURVE('',#903,#904,#514,.T.);
#1143=EDGE_CURVE('',#904,#901,#515,.T.);
#1144=EDGE_CURVE('',#905,#903,#516,.T.);
#1145=EDGE_CURVE('',#905,#906,#517,.T.);
#1146=EDGE_CURVE('',#906,#904,#518,.T.);
#1147=EDGE_CURVE('',#907,#905,#519,.T.);
#1148=EDGE_CURVE('',#907,#908,#520,.T.);
#1149=EDGE_CURVE('',#908,#906,#521,.T.);
#1150=EDGE_CURVE('',#909,#907,#522,.T.);
#1151=EDGE_CURVE('',#909,#910,#523,.T.);
#1152=EDGE_CURVE('',#910,#908,#524,.T.);
#1153=EDGE_CURVE('',#911,#909,#525,.T.);
#1154=EDGE_CURVE('',#911,#912,#526,.T.);
#1155=EDGE_CURVE('',#912,#910,#527,.T.);
#1156=EDGE_CURVE('',#913,#911,#528,.T.);
#1157=EDGE_CURVE('',#913,#914,#529,.T.);
#1158=EDGE_CURVE('',#914,#912,#530,.T.);
#1159=EDGE_CURVE('',#915,#913,#531,.T.);
#1160=EDGE_CURVE('',#915,#916,#532,.T.);
#1161=EDGE_CURVE('',#916,#914,#533,.T.);
#1162=EDGE_CURVE('',#917,#915,#534,.T.);
#1163=EDGE_CURVE('',#917,#918,#535,.T.);
#1164=EDGE_CURVE('',#918,#916,#536,.T.);
#1165=EDGE_CURVE('',#900,#917,#537,.T.);
#1166=EDGE_CURVE('',#902,#918,#538,.T.);
#1167=EDGE_CURVE('',#919,#920,#118,.T.);
#1168=EDGE_CURVE('',#919,#921,#539,.T.);
#1169=EDGE_CURVE('',#921,#922,#119,.T.);
#1170=EDGE_CURVE('',#920,#922,#540,.T.);
#1171=EDGE_CURVE('',#923,#919,#120,.T.);
#1172=EDGE_CURVE('',#923,#924,#541,.T.);
#1173=EDGE_CURVE('',#924,#921,#121,.T.);
#1174=EDGE_CURVE('',#925,#923,#122,.T.);
#1175=EDGE_CURVE('',#925,#926,#542,.T.);
#1176=EDGE_CURVE('',#926,#924,#123,.T.);
#1177=EDGE_CURVE('',#927,#925,#124,.T.);
#1178=EDGE_CURVE('',#927,#928,#543,.T.);
#1179=EDGE_CURVE('',#928,#926,#125,.T.);
#1180=EDGE_CURVE('',#929,#927,#126,.T.);
#1181=EDGE_CURVE('',#929,#930,#544,.T.);
#1182=EDGE_CURVE('',#930,#928,#127,.T.);
#1183=EDGE_CURVE('',#931,#929,#128,.T.);
#1184=EDGE_CURVE('',#931,#932,#545,.T.);
#1185=EDGE_CURVE('',#932,#930,#129,.T.);
#1186=EDGE_CURVE('',#933,#931,#130,.T.);
#1187=EDGE_CURVE('',#933,#934,#546,.T.);
#1188=EDGE_CURVE('',#934,#932,#131,.T.);
#1189=EDGE_CURVE('',#920,#933,#132,.T.);
#1190=EDGE_CURVE('',#922,#934,#133,.T.);
#1191=EDGE_CURVE('',#935,#936,#134,.T.);
#1192=EDGE_CURVE('',#935,#937,#547,.T.);
#1193=EDGE_CURVE('',#937,#938,#135,.T.);
#1194=EDGE_CURVE('',#936,#938,#548,.T.);
#1195=EDGE_CURVE('',#939,#935,#136,.T.);
#1196=EDGE_CURVE('',#939,#940,#549,.T.);
#1197=EDGE_CURVE('',#940,#937,#137,.T.);
#1198=EDGE_CURVE('',#941,#939,#138,.T.);
#1199=EDGE_CURVE('',#941,#942,#550,.T.);
#1200=EDGE_CURVE('',#942,#940,#139,.T.);
#1201=EDGE_CURVE('',#943,#941,#140,.T.);
#1202=EDGE_CURVE('',#943,#944,#551,.T.);
#1203=EDGE_CURVE('',#944,#942,#141,.T.);
#1204=EDGE_CURVE('',#945,#943,#142,.T.);
#1205=EDGE_CURVE('',#945,#946,#552,.T.);
#1206=EDGE_CURVE('',#946,#944,#143,.T.);
#1207=EDGE_CURVE('',#947,#945,#144,.T.);
#1208=EDGE_CURVE('',#947,#948,#553,.T.);
#1209=EDGE_CURVE('',#948,#946,#145,.T.);
#1210=EDGE_CURVE('',#949,#947,#146,.T.);
#1211=EDGE_CURVE('',#949,#950,#554,.T.);
#1212=EDGE_CURVE('',#950,#948,#147,.T.);
#1213=EDGE_CURVE('',#951,#949,#148,.T.);
#1214=EDGE_CURVE('',#951,#952,#555,.T.);
#1215=EDGE_CURVE('',#952,#950,#149,.T.);
#1216=EDGE_CURVE('',#953,#951,#150,.T.);
#1217=EDGE_CURVE('',#953,#954,#556,.T.);
#1218=EDGE_CURVE('',#954,#952,#151,.T.);
#1219=EDGE_CURVE('',#936,#953,#152,.T.);
#1220=EDGE_CURVE('',#938,#954,#153,.T.);
#1221=EDGE_CURVE('',#955,#956,#557,.T.);
#1222=EDGE_CURVE('',#957,#955,#35,.T.);
#1223=EDGE_CURVE('',#958,#957,#558,.T.);
#1224=EDGE_CURVE('',#959,#958,#36,.T.);
#1225=EDGE_CURVE('',#960,#959,#559,.T.);
#1226=EDGE_CURVE('',#960,#956,#560,.T.);
#1227=EDGE_CURVE('',#961,#957,#561,.T.);
#1228=EDGE_CURVE('',#961,#962,#562,.T.);
#1229=EDGE_CURVE('',#962,#958,#563,.T.);
#1230=EDGE_CURVE('',#963,#955,#564,.T.);
#1231=EDGE_CURVE('',#963,#961,#37,.T.);
#1232=EDGE_CURVE('',#956,#964,#565,.T.);
#1233=EDGE_CURVE('',#965,#964,#566,.T.);
#1234=EDGE_CURVE('',#966,#965,#567,.T.);
#1235=EDGE_CURVE('',#966,#963,#568,.T.);
#1236=EDGE_CURVE('',#964,#967,#569,.T.);
#1237=EDGE_CURVE('',#967,#960,#570,.T.);
#1238=EDGE_CURVE('',#967,#968,#571,.T.);
#1239=EDGE_CURVE('',#968,#969,#38,.T.);
#1240=EDGE_CURVE('',#969,#970,#572,.T.);
#1241=EDGE_CURVE('',#970,#965,#39,.T.);
#1242=EDGE_CURVE('',#971,#972,#573,.T.);
#1243=EDGE_CURVE('',#972,#973,#574,.T.);
#1244=EDGE_CURVE('',#973,#974,#575,.T.);
#1245=EDGE_CURVE('',#974,#971,#576,.T.);
#1246=EDGE_CURVE('',#975,#976,#577,.T.);
#1247=EDGE_CURVE('',#977,#975,#40,.T.);
#1248=EDGE_CURVE('',#978,#977,#578,.T.);
#1249=EDGE_CURVE('',#979,#978,#41,.T.);
#1250=EDGE_CURVE('',#980,#979,#579,.T.);
#1251=EDGE_CURVE('',#981,#980,#42,.T.);
#1252=EDGE_CURVE('',#982,#981,#580,.T.);
#1253=EDGE_CURVE('',#976,#982,#43,.T.);
#1254=EDGE_CURVE('',#983,#984,#581,.T.);
#1255=EDGE_CURVE('',#984,#985,#582,.T.);
#1256=EDGE_CURVE('',#985,#986,#583,.T.);
#1257=EDGE_CURVE('',#986,#983,#584,.T.);
#1258=EDGE_CURVE('',#976,#987,#44,.T.);
#1259=EDGE_CURVE('',#988,#982,#45,.T.);
#1260=EDGE_CURVE('',#988,#987,#46,.T.);
#1261=EDGE_CURVE('',#989,#981,#47,.T.);
#1262=EDGE_CURVE('',#989,#988,#585,.T.);
#1263=EDGE_CURVE('',#990,#980,#48,.T.);
#1264=EDGE_CURVE('',#990,#989,#49,.T.);
#1265=EDGE_CURVE('',#991,#979,#50,.T.);
#1266=EDGE_CURVE('',#991,#990,#586,.T.);
#1267=EDGE_CURVE('',#992,#978,#51,.T.);
#1268=EDGE_CURVE('',#992,#991,#52,.T.);
#1269=EDGE_CURVE('',#993,#977,#53,.T.);
#1270=EDGE_CURVE('',#993,#992,#587,.T.);
#1271=EDGE_CURVE('',#994,#975,#54,.T.);
#1272=EDGE_CURVE('',#994,#993,#55,.T.);
#1273=EDGE_CURVE('',#987,#994,#588,.T.);
#1274=EDGE_CURVE('',#971,#984,#589,.T.);
#1275=EDGE_CURVE('',#974,#985,#590,.T.);
#1276=EDGE_CURVE('',#972,#983,#591,.T.);
#1277=EDGE_CURVE('',#973,#986,#592,.T.);
#1278=EDGE_CURVE('',#995,#992,#593,.T.);
#1279=EDGE_CURVE('',#995,#996,#56,.T.);
#1280=EDGE_CURVE('',#996,#991,#594,.T.);
#1281=EDGE_CURVE('',#997,#993,#595,.T.);
#1282=EDGE_CURVE('',#997,#995,#596,.T.);
#1283=EDGE_CURVE('',#998,#994,#597,.T.);
#1284=EDGE_CURVE('',#998,#997,#57,.T.);
#1285=EDGE_CURVE('',#999,#987,#598,.T.);
#1286=EDGE_CURVE('',#998,#999,#599,.T.);
#1287=EDGE_CURVE('',#1000,#988,#600,.T.);
#1288=EDGE_CURVE('',#999,#1000,#58,.T.);
#1289=EDGE_CURVE('',#1001,#989,#601,.T.);
#1290=EDGE_CURVE('',#1000,#1001,#602,.T.);
#1291=EDGE_CURVE('',#1002,#990,#603,.T.);
#1292=EDGE_CURVE('',#1001,#1002,#59,.T.);
#1293=EDGE_CURVE('',#996,#1002,#604,.T.);
#1294=EDGE_CURVE('',#1003,#969,#605,.T.);
#1295=EDGE_CURVE('',#1003,#1004,#606,.T.);
#1296=EDGE_CURVE('',#1004,#970,#607,.T.);
#1297=EDGE_CURVE('',#1005,#968,#608,.T.);
#1298=EDGE_CURVE('',#1005,#1003,#60,.T.);
#1299=EDGE_CURVE('',#1006,#959,#609,.T.);
#1300=EDGE_CURVE('',#1006,#1005,#610,.T.);
#1301=EDGE_CURVE('',#962,#1006,#61,.T.);
#1302=EDGE_CURVE('',#1007,#1008,#62,.T.);
#1303=EDGE_CURVE('',#1009,#1007,#611,.T.);
#1304=EDGE_CURVE('',#1010,#1009,#63,.T.);
#1305=EDGE_CURVE('',#1011,#1010,#612,.T.);
#1306=EDGE_CURVE('',#1011,#1012,#64,.T.);
#1307=EDGE_CURVE('',#1012,#1013,#613,.T.);
#1308=EDGE_CURVE('',#1013,#1014,#65,.T.);
#1309=EDGE_CURVE('',#1014,#1008,#614,.T.);
#1310=EDGE_CURVE('',#1004,#966,#66,.T.);
#1311=EDGE_CURVE('',#1015,#1016,#67,.T.);
#1312=EDGE_CURVE('',#1016,#1007,#615,.T.);
#1313=EDGE_CURVE('',#1015,#1008,#616,.T.);
#1314=EDGE_CURVE('',#1017,#1016,#617,.T.);
#1315=EDGE_CURVE('',#1017,#1009,#618,.T.);
#1316=EDGE_CURVE('',#1017,#1018,#68,.T.);
#1317=EDGE_CURVE('',#1018,#1010,#619,.T.);
#1318=EDGE_CURVE('',#1019,#1015,#620,.T.);
#1319=EDGE_CURVE('',#1019,#1014,#621,.T.);
#1320=EDGE_CURVE('',#1019,#1020,#69,.T.);
#1321=EDGE_CURVE('',#1020,#1013,#622,.T.);
#1322=EDGE_CURVE('',#1021,#1020,#623,.T.);
#1323=EDGE_CURVE('',#1021,#1012,#624,.T.);
#1324=EDGE_CURVE('',#1021,#1022,#70,.T.);
#1325=EDGE_CURVE('',#1022,#1011,#625,.T.);
#1326=EDGE_CURVE('',#1022,#1018,#626,.T.);
#1327=ORIENTED_EDGE('',*,*,#1023,.F.);
#1328=ORIENTED_EDGE('',*,*,#1024,.T.);
#1329=ORIENTED_EDGE('',*,*,#1025,.T.);
#1330=ORIENTED_EDGE('',*,*,#1026,.F.);
#1331=ORIENTED_EDGE('',*,*,#1027,.F.);
#1332=ORIENTED_EDGE('',*,*,#1028,.T.);
#1333=ORIENTED_EDGE('',*,*,#1029,.T.);
#1334=ORIENTED_EDGE('',*,*,#1024,.F.);
#1335=ORIENTED_EDGE('',*,*,#1030,.F.);
#1336=ORIENTED_EDGE('',*,*,#1031,.T.);
#1337=ORIENTED_EDGE('',*,*,#1032,.T.);
#1338=ORIENTED_EDGE('',*,*,#1028,.F.);
#1339=ORIENTED_EDGE('',*,*,#1033,.F.);
#1340=ORIENTED_EDGE('',*,*,#1034,.T.);
#1341=ORIENTED_EDGE('',*,*,#1035,.T.);
#1342=ORIENTED_EDGE('',*,*,#1031,.F.);
#1343=ORIENTED_EDGE('',*,*,#1036,.F.);
#1344=ORIENTED_EDGE('',*,*,#1037,.T.);
#1345=ORIENTED_EDGE('',*,*,#1038,.T.);
#1346=ORIENTED_EDGE('',*,*,#1034,.F.);
#1347=ORIENTED_EDGE('',*,*,#1039,.F.);
#1348=ORIENTED_EDGE('',*,*,#1040,.T.);
#1349=ORIENTED_EDGE('',*,*,#1041,.T.);
#1350=ORIENTED_EDGE('',*,*,#1037,.F.);
#1351=ORIENTED_EDGE('',*,*,#1042,.F.);
#1352=ORIENTED_EDGE('',*,*,#1043,.T.);
#1353=ORIENTED_EDGE('',*,*,#1044,.T.);
#1354=ORIENTED_EDGE('',*,*,#1040,.F.);
#1355=ORIENTED_EDGE('',*,*,#1045,.F.);
#1356=ORIENTED_EDGE('',*,*,#1046,.T.);
#1357=ORIENTED_EDGE('',*,*,#1047,.T.);
#1358=ORIENTED_EDGE('',*,*,#1043,.F.);
#1359=ORIENTED_EDGE('',*,*,#1048,.F.);
#1360=ORIENTED_EDGE('',*,*,#1049,.T.);
#1361=ORIENTED_EDGE('',*,*,#1050,.T.);
#1362=ORIENTED_EDGE('',*,*,#1046,.F.);
#1363=ORIENTED_EDGE('',*,*,#1051,.F.);
#1364=ORIENTED_EDGE('',*,*,#1026,.T.);
#1365=ORIENTED_EDGE('',*,*,#1052,.T.);
#1366=ORIENTED_EDGE('',*,*,#1049,.F.);
#1367=ORIENTED_EDGE('',*,*,#1052,.F.);
#1368=ORIENTED_EDGE('',*,*,#1025,.F.);
#1369=ORIENTED_EDGE('',*,*,#1029,.F.);
#1370=ORIENTED_EDGE('',*,*,#1032,.F.);
#1371=ORIENTED_EDGE('',*,*,#1035,.F.);
#1372=ORIENTED_EDGE('',*,*,#1038,.F.);
#1373=ORIENTED_EDGE('',*,*,#1041,.F.);
#1374=ORIENTED_EDGE('',*,*,#1044,.F.);
#1375=ORIENTED_EDGE('',*,*,#1047,.F.);
#1376=ORIENTED_EDGE('',*,*,#1050,.F.);
#1377=ORIENTED_EDGE('',*,*,#1053,.F.);
#1378=ORIENTED_EDGE('',*,*,#1054,.T.);
#1379=ORIENTED_EDGE('',*,*,#1055,.T.);
#1380=ORIENTED_EDGE('',*,*,#1056,.F.);
#1381=ORIENTED_EDGE('',*,*,#1057,.F.);
#1382=ORIENTED_EDGE('',*,*,#1058,.T.);
#1383=ORIENTED_EDGE('',*,*,#1059,.T.);
#1384=ORIENTED_EDGE('',*,*,#1054,.F.);
#1385=ORIENTED_EDGE('',*,*,#1060,.F.);
#1386=ORIENTED_EDGE('',*,*,#1061,.T.);
#1387=ORIENTED_EDGE('',*,*,#1062,.T.);
#1388=ORIENTED_EDGE('',*,*,#1058,.F.);
#1389=ORIENTED_EDGE('',*,*,#1063,.F.);
#1390=ORIENTED_EDGE('',*,*,#1064,.T.);
#1391=ORIENTED_EDGE('',*,*,#1065,.T.);
#1392=ORIENTED_EDGE('',*,*,#1061,.F.);
#1393=ORIENTED_EDGE('',*,*,#1066,.F.);
#1394=ORIENTED_EDGE('',*,*,#1067,.T.);
#1395=ORIENTED_EDGE('',*,*,#1068,.T.);
#1396=ORIENTED_EDGE('',*,*,#1064,.F.);
#1397=ORIENTED_EDGE('',*,*,#1069,.F.);
#1398=ORIENTED_EDGE('',*,*,#1070,.T.);
#1399=ORIENTED_EDGE('',*,*,#1071,.T.);
#1400=ORIENTED_EDGE('',*,*,#1067,.F.);
#1401=ORIENTED_EDGE('',*,*,#1072,.F.);
#1402=ORIENTED_EDGE('',*,*,#1073,.T.);
#1403=ORIENTED_EDGE('',*,*,#1074,.T.);
#1404=ORIENTED_EDGE('',*,*,#1070,.F.);
#1405=ORIENTED_EDGE('',*,*,#1075,.F.);
#1406=ORIENTED_EDGE('',*,*,#1076,.T.);
#1407=ORIENTED_EDGE('',*,*,#1077,.T.);
#1408=ORIENTED_EDGE('',*,*,#1073,.F.);
#1409=ORIENTED_EDGE('',*,*,#1078,.F.);
#1410=ORIENTED_EDGE('',*,*,#1079,.T.);
#1411=ORIENTED_EDGE('',*,*,#1080,.T.);
#1412=ORIENTED_EDGE('',*,*,#1076,.F.);
#1413=ORIENTED_EDGE('',*,*,#1081,.F.);
#1414=ORIENTED_EDGE('',*,*,#1056,.T.);
#1415=ORIENTED_EDGE('',*,*,#1082,.T.);
#1416=ORIENTED_EDGE('',*,*,#1079,.F.);
#1417=ORIENTED_EDGE('',*,*,#1082,.F.);
#1418=ORIENTED_EDGE('',*,*,#1055,.F.);
#1419=ORIENTED_EDGE('',*,*,#1059,.F.);
#1420=ORIENTED_EDGE('',*,*,#1062,.F.);
#1421=ORIENTED_EDGE('',*,*,#1065,.F.);
#1422=ORIENTED_EDGE('',*,*,#1068,.F.);
#1423=ORIENTED_EDGE('',*,*,#1071,.F.);
#1424=ORIENTED_EDGE('',*,*,#1074,.F.);
#1425=ORIENTED_EDGE('',*,*,#1077,.F.);
#1426=ORIENTED_EDGE('',*,*,#1080,.F.);
#1427=ORIENTED_EDGE('',*,*,#1083,.F.);
#1428=ORIENTED_EDGE('',*,*,#1084,.T.);
#1429=ORIENTED_EDGE('',*,*,#1085,.T.);
#1430=ORIENTED_EDGE('',*,*,#1086,.F.);
#1431=ORIENTED_EDGE('',*,*,#1087,.F.);
#1432=ORIENTED_EDGE('',*,*,#1088,.T.);
#1433=ORIENTED_EDGE('',*,*,#1089,.T.);
#1434=ORIENTED_EDGE('',*,*,#1084,.F.);
#1435=ORIENTED_EDGE('',*,*,#1090,.F.);
#1436=ORIENTED_EDGE('',*,*,#1091,.T.);
#1437=ORIENTED_EDGE('',*,*,#1092,.T.);
#1438=ORIENTED_EDGE('',*,*,#1088,.F.);
#1439=ORIENTED_EDGE('',*,*,#1093,.F.);
#1440=ORIENTED_EDGE('',*,*,#1094,.T.);
#1441=ORIENTED_EDGE('',*,*,#1095,.T.);
#1442=ORIENTED_EDGE('',*,*,#1091,.F.);
#1443=ORIENTED_EDGE('',*,*,#1096,.F.);
#1444=ORIENTED_EDGE('',*,*,#1097,.T.);
#1445=ORIENTED_EDGE('',*,*,#1098,.T.);
#1446=ORIENTED_EDGE('',*,*,#1094,.F.);
#1447=ORIENTED_EDGE('',*,*,#1099,.F.);
#1448=ORIENTED_EDGE('',*,*,#1100,.T.);
#1449=ORIENTED_EDGE('',*,*,#1101,.T.);
#1450=ORIENTED_EDGE('',*,*,#1097,.F.);
#1451=ORIENTED_EDGE('',*,*,#1102,.F.);
#1452=ORIENTED_EDGE('',*,*,#1103,.T.);
#1453=ORIENTED_EDGE('',*,*,#1104,.T.);
#1454=ORIENTED_EDGE('',*,*,#1100,.F.);
#1455=ORIENTED_EDGE('',*,*,#1105,.F.);
#1456=ORIENTED_EDGE('',*,*,#1086,.T.);
#1457=ORIENTED_EDGE('',*,*,#1106,.T.);
#1458=ORIENTED_EDGE('',*,*,#1103,.F.);
#1459=ORIENTED_EDGE('',*,*,#1107,.F.);
#1460=ORIENTED_EDGE('',*,*,#1108,.T.);
#1461=ORIENTED_EDGE('',*,*,#1109,.T.);
#1462=ORIENTED_EDGE('',*,*,#1110,.F.);
#1463=ORIENTED_EDGE('',*,*,#1111,.F.);
#1464=ORIENTED_EDGE('',*,*,#1112,.T.);
#1465=ORIENTED_EDGE('',*,*,#1113,.T.);
#1466=ORIENTED_EDGE('',*,*,#1108,.F.);
#1467=ORIENTED_EDGE('',*,*,#1114,.F.);
#1468=ORIENTED_EDGE('',*,*,#1115,.T.);
#1469=ORIENTED_EDGE('',*,*,#1116,.T.);
#1470=ORIENTED_EDGE('',*,*,#1112,.F.);
#1471=ORIENTED_EDGE('',*,*,#1117,.F.);
#1472=ORIENTED_EDGE('',*,*,#1118,.T.);
#1473=ORIENTED_EDGE('',*,*,#1119,.T.);
#1474=ORIENTED_EDGE('',*,*,#1115,.F.);
#1475=ORIENTED_EDGE('',*,*,#1120,.F.);
#1476=ORIENTED_EDGE('',*,*,#1121,.T.);
#1477=ORIENTED_EDGE('',*,*,#1122,.T.);
#1478=ORIENTED_EDGE('',*,*,#1118,.F.);
#1479=ORIENTED_EDGE('',*,*,#1123,.F.);
#1480=ORIENTED_EDGE('',*,*,#1124,.T.);
#1481=ORIENTED_EDGE('',*,*,#1125,.T.);
#1482=ORIENTED_EDGE('',*,*,#1121,.F.);
#1483=ORIENTED_EDGE('',*,*,#1126,.F.);
#1484=ORIENTED_EDGE('',*,*,#1127,.T.);
#1485=ORIENTED_EDGE('',*,*,#1128,.T.);
#1486=ORIENTED_EDGE('',*,*,#1124,.F.);
#1487=ORIENTED_EDGE('',*,*,#1129,.F.);
#1488=ORIENTED_EDGE('',*,*,#1130,.T.);
#1489=ORIENTED_EDGE('',*,*,#1131,.T.);
#1490=ORIENTED_EDGE('',*,*,#1127,.F.);
#1491=ORIENTED_EDGE('',*,*,#1132,.F.);
#1492=ORIENTED_EDGE('',*,*,#1133,.T.);
#1493=ORIENTED_EDGE('',*,*,#1134,.T.);
#1494=ORIENTED_EDGE('',*,*,#1130,.F.);
#1495=ORIENTED_EDGE('',*,*,#1135,.F.);
#1496=ORIENTED_EDGE('',*,*,#1110,.T.);
#1497=ORIENTED_EDGE('',*,*,#1136,.T.);
#1498=ORIENTED_EDGE('',*,*,#1133,.F.);
#1499=ORIENTED_EDGE('',*,*,#1136,.F.);
#1500=ORIENTED_EDGE('',*,*,#1109,.F.);
#1501=ORIENTED_EDGE('',*,*,#1113,.F.);
#1502=ORIENTED_EDGE('',*,*,#1116,.F.);
#1503=ORIENTED_EDGE('',*,*,#1119,.F.);
#1504=ORIENTED_EDGE('',*,*,#1122,.F.);
#1505=ORIENTED_EDGE('',*,*,#1125,.F.);
#1506=ORIENTED_EDGE('',*,*,#1128,.F.);
#1507=ORIENTED_EDGE('',*,*,#1131,.F.);
#1508=ORIENTED_EDGE('',*,*,#1134,.F.);
#1509=ORIENTED_EDGE('',*,*,#1106,.F.);
#1510=ORIENTED_EDGE('',*,*,#1085,.F.);
#1511=ORIENTED_EDGE('',*,*,#1089,.F.);
#1512=ORIENTED_EDGE('',*,*,#1092,.F.);
#1513=ORIENTED_EDGE('',*,*,#1095,.F.);
#1514=ORIENTED_EDGE('',*,*,#1098,.F.);
#1515=ORIENTED_EDGE('',*,*,#1101,.F.);
#1516=ORIENTED_EDGE('',*,*,#1104,.F.);
#1517=ORIENTED_EDGE('',*,*,#1137,.F.);
#1518=ORIENTED_EDGE('',*,*,#1138,.T.);
#1519=ORIENTED_EDGE('',*,*,#1139,.T.);
#1520=ORIENTED_EDGE('',*,*,#1140,.F.);
#1521=ORIENTED_EDGE('',*,*,#1141,.F.);
#1522=ORIENTED_EDGE('',*,*,#1142,.T.);
#1523=ORIENTED_EDGE('',*,*,#1143,.T.);
#1524=ORIENTED_EDGE('',*,*,#1138,.F.);
#1525=ORIENTED_EDGE('',*,*,#1144,.F.);
#1526=ORIENTED_EDGE('',*,*,#1145,.T.);
#1527=ORIENTED_EDGE('',*,*,#1146,.T.);
#1528=ORIENTED_EDGE('',*,*,#1142,.F.);
#1529=ORIENTED_EDGE('',*,*,#1147,.F.);
#1530=ORIENTED_EDGE('',*,*,#1148,.T.);
#1531=ORIENTED_EDGE('',*,*,#1149,.T.);
#1532=ORIENTED_EDGE('',*,*,#1145,.F.);
#1533=ORIENTED_EDGE('',*,*,#1150,.F.);
#1534=ORIENTED_EDGE('',*,*,#1151,.T.);
#1535=ORIENTED_EDGE('',*,*,#1152,.T.);
#1536=ORIENTED_EDGE('',*,*,#1148,.F.);
#1537=ORIENTED_EDGE('',*,*,#1153,.F.);
#1538=ORIENTED_EDGE('',*,*,#1154,.T.);
#1539=ORIENTED_EDGE('',*,*,#1155,.T.);
#1540=ORIENTED_EDGE('',*,*,#1151,.F.);
#1541=ORIENTED_EDGE('',*,*,#1156,.F.);
#1542=ORIENTED_EDGE('',*,*,#1157,.T.);
#1543=ORIENTED_EDGE('',*,*,#1158,.T.);
#1544=ORIENTED_EDGE('',*,*,#1154,.F.);
#1545=ORIENTED_EDGE('',*,*,#1159,.F.);
#1546=ORIENTED_EDGE('',*,*,#1160,.T.);
#1547=ORIENTED_EDGE('',*,*,#1161,.T.);
#1548=ORIENTED_EDGE('',*,*,#1157,.F.);
#1549=ORIENTED_EDGE('',*,*,#1162,.F.);
#1550=ORIENTED_EDGE('',*,*,#1163,.T.);
#1551=ORIENTED_EDGE('',*,*,#1164,.T.);
#1552=ORIENTED_EDGE('',*,*,#1160,.F.);
#1553=ORIENTED_EDGE('',*,*,#1165,.F.);
#1554=ORIENTED_EDGE('',*,*,#1140,.T.);
#1555=ORIENTED_EDGE('',*,*,#1166,.T.);
#1556=ORIENTED_EDGE('',*,*,#1163,.F.);
#1557=ORIENTED_EDGE('',*,*,#1166,.F.);
#1558=ORIENTED_EDGE('',*,*,#1139,.F.);
#1559=ORIENTED_EDGE('',*,*,#1143,.F.);
#1560=ORIENTED_EDGE('',*,*,#1146,.F.);
#1561=ORIENTED_EDGE('',*,*,#1149,.F.);
#1562=ORIENTED_EDGE('',*,*,#1152,.F.);
#1563=ORIENTED_EDGE('',*,*,#1155,.F.);
#1564=ORIENTED_EDGE('',*,*,#1158,.F.);
#1565=ORIENTED_EDGE('',*,*,#1161,.F.);
#1566=ORIENTED_EDGE('',*,*,#1164,.F.);
#1567=ORIENTED_EDGE('',*,*,#1167,.F.);
#1568=ORIENTED_EDGE('',*,*,#1168,.T.);
#1569=ORIENTED_EDGE('',*,*,#1169,.T.);
#1570=ORIENTED_EDGE('',*,*,#1170,.F.);
#1571=ORIENTED_EDGE('',*,*,#1171,.F.);
#1572=ORIENTED_EDGE('',*,*,#1172,.T.);
#1573=ORIENTED_EDGE('',*,*,#1173,.T.);
#1574=ORIENTED_EDGE('',*,*,#1168,.F.);
#1575=ORIENTED_EDGE('',*,*,#1174,.F.);
#1576=ORIENTED_EDGE('',*,*,#1175,.T.);
#1577=ORIENTED_EDGE('',*,*,#1176,.T.);
#1578=ORIENTED_EDGE('',*,*,#1172,.F.);
#1579=ORIENTED_EDGE('',*,*,#1177,.F.);
#1580=ORIENTED_EDGE('',*,*,#1178,.T.);
#1581=ORIENTED_EDGE('',*,*,#1179,.T.);
#1582=ORIENTED_EDGE('',*,*,#1175,.F.);
#1583=ORIENTED_EDGE('',*,*,#1180,.F.);
#1584=ORIENTED_EDGE('',*,*,#1181,.T.);
#1585=ORIENTED_EDGE('',*,*,#1182,.T.);
#1586=ORIENTED_EDGE('',*,*,#1178,.F.);
#1587=ORIENTED_EDGE('',*,*,#1183,.F.);
#1588=ORIENTED_EDGE('',*,*,#1184,.T.);
#1589=ORIENTED_EDGE('',*,*,#1185,.T.);
#1590=ORIENTED_EDGE('',*,*,#1181,.F.);
#1591=ORIENTED_EDGE('',*,*,#1186,.F.);
#1592=ORIENTED_EDGE('',*,*,#1187,.T.);
#1593=ORIENTED_EDGE('',*,*,#1188,.T.);
#1594=ORIENTED_EDGE('',*,*,#1184,.F.);
#1595=ORIENTED_EDGE('',*,*,#1189,.F.);
#1596=ORIENTED_EDGE('',*,*,#1170,.T.);
#1597=ORIENTED_EDGE('',*,*,#1190,.T.);
#1598=ORIENTED_EDGE('',*,*,#1187,.F.);
#1599=ORIENTED_EDGE('',*,*,#1191,.F.);
#1600=ORIENTED_EDGE('',*,*,#1192,.T.);
#1601=ORIENTED_EDGE('',*,*,#1193,.T.);
#1602=ORIENTED_EDGE('',*,*,#1194,.F.);
#1603=ORIENTED_EDGE('',*,*,#1195,.F.);
#1604=ORIENTED_EDGE('',*,*,#1196,.T.);
#1605=ORIENTED_EDGE('',*,*,#1197,.T.);
#1606=ORIENTED_EDGE('',*,*,#1192,.F.);
#1607=ORIENTED_EDGE('',*,*,#1198,.F.);
#1608=ORIENTED_EDGE('',*,*,#1199,.T.);
#1609=ORIENTED_EDGE('',*,*,#1200,.T.);
#1610=ORIENTED_EDGE('',*,*,#1196,.F.);
#1611=ORIENTED_EDGE('',*,*,#1201,.F.);
#1612=ORIENTED_EDGE('',*,*,#1202,.T.);
#1613=ORIENTED_EDGE('',*,*,#1203,.T.);
#1614=ORIENTED_EDGE('',*,*,#1199,.F.);
#1615=ORIENTED_EDGE('',*,*,#1204,.F.);
#1616=ORIENTED_EDGE('',*,*,#1205,.T.);
#1617=ORIENTED_EDGE('',*,*,#1206,.T.);
#1618=ORIENTED_EDGE('',*,*,#1202,.F.);
#1619=ORIENTED_EDGE('',*,*,#1207,.F.);
#1620=ORIENTED_EDGE('',*,*,#1208,.T.);
#1621=ORIENTED_EDGE('',*,*,#1209,.T.);
#1622=ORIENTED_EDGE('',*,*,#1205,.F.);
#1623=ORIENTED_EDGE('',*,*,#1210,.F.);
#1624=ORIENTED_EDGE('',*,*,#1211,.T.);
#1625=ORIENTED_EDGE('',*,*,#1212,.T.);
#1626=ORIENTED_EDGE('',*,*,#1208,.F.);
#1627=ORIENTED_EDGE('',*,*,#1213,.F.);
#1628=ORIENTED_EDGE('',*,*,#1214,.T.);
#1629=ORIENTED_EDGE('',*,*,#1215,.T.);
#1630=ORIENTED_EDGE('',*,*,#1211,.F.);
#1631=ORIENTED_EDGE('',*,*,#1216,.F.);
#1632=ORIENTED_EDGE('',*,*,#1217,.T.);
#1633=ORIENTED_EDGE('',*,*,#1218,.T.);
#1634=ORIENTED_EDGE('',*,*,#1214,.F.);
#1635=ORIENTED_EDGE('',*,*,#1219,.F.);
#1636=ORIENTED_EDGE('',*,*,#1194,.T.);
#1637=ORIENTED_EDGE('',*,*,#1220,.T.);
#1638=ORIENTED_EDGE('',*,*,#1217,.F.);
#1639=ORIENTED_EDGE('',*,*,#1220,.F.);
#1640=ORIENTED_EDGE('',*,*,#1193,.F.);
#1641=ORIENTED_EDGE('',*,*,#1197,.F.);
#1642=ORIENTED_EDGE('',*,*,#1200,.F.);
#1643=ORIENTED_EDGE('',*,*,#1203,.F.);
#1644=ORIENTED_EDGE('',*,*,#1206,.F.);
#1645=ORIENTED_EDGE('',*,*,#1209,.F.);
#1646=ORIENTED_EDGE('',*,*,#1212,.F.);
#1647=ORIENTED_EDGE('',*,*,#1215,.F.);
#1648=ORIENTED_EDGE('',*,*,#1218,.F.);
#1649=ORIENTED_EDGE('',*,*,#1190,.F.);
#1650=ORIENTED_EDGE('',*,*,#1169,.F.);
#1651=ORIENTED_EDGE('',*,*,#1173,.F.);
#1652=ORIENTED_EDGE('',*,*,#1176,.F.);
#1653=ORIENTED_EDGE('',*,*,#1179,.F.);
#1654=ORIENTED_EDGE('',*,*,#1182,.F.);
#1655=ORIENTED_EDGE('',*,*,#1185,.F.);
#1656=ORIENTED_EDGE('',*,*,#1188,.F.);
#1657=ORIENTED_EDGE('',*,*,#1167,.T.);
#1658=ORIENTED_EDGE('',*,*,#1189,.T.);
#1659=ORIENTED_EDGE('',*,*,#1186,.T.);
#1660=ORIENTED_EDGE('',*,*,#1183,.T.);
#1661=ORIENTED_EDGE('',*,*,#1180,.T.);
#1662=ORIENTED_EDGE('',*,*,#1177,.T.);
#1663=ORIENTED_EDGE('',*,*,#1174,.T.);
#1664=ORIENTED_EDGE('',*,*,#1171,.T.);
#1665=ORIENTED_EDGE('',*,*,#1083,.T.);
#1666=ORIENTED_EDGE('',*,*,#1105,.T.);
#1667=ORIENTED_EDGE('',*,*,#1102,.T.);
#1668=ORIENTED_EDGE('',*,*,#1099,.T.);
#1669=ORIENTED_EDGE('',*,*,#1096,.T.);
#1670=ORIENTED_EDGE('',*,*,#1093,.T.);
#1671=ORIENTED_EDGE('',*,*,#1090,.T.);
#1672=ORIENTED_EDGE('',*,*,#1087,.T.);
#1673=ORIENTED_EDGE('',*,*,#1221,.F.);
#1674=ORIENTED_EDGE('',*,*,#1222,.F.);
#1675=ORIENTED_EDGE('',*,*,#1223,.F.);
#1676=ORIENTED_EDGE('',*,*,#1224,.F.);
#1677=ORIENTED_EDGE('',*,*,#1225,.F.);
#1678=ORIENTED_EDGE('',*,*,#1226,.T.);
#1679=ORIENTED_EDGE('',*,*,#1223,.T.);
#1680=ORIENTED_EDGE('',*,*,#1227,.F.);
#1681=ORIENTED_EDGE('',*,*,#1228,.T.);
#1682=ORIENTED_EDGE('',*,*,#1229,.T.);
#1683=ORIENTED_EDGE('',*,*,#1222,.T.);
#1684=ORIENTED_EDGE('',*,*,#1230,.F.);
#1685=ORIENTED_EDGE('',*,*,#1231,.T.);
#1686=ORIENTED_EDGE('',*,*,#1227,.T.);
#1687=ORIENTED_EDGE('',*,*,#1221,.T.);
#1688=ORIENTED_EDGE('',*,*,#1232,.T.);
#1689=ORIENTED_EDGE('',*,*,#1233,.F.);
#1690=ORIENTED_EDGE('',*,*,#1234,.F.);
#1691=ORIENTED_EDGE('',*,*,#1235,.T.);
#1692=ORIENTED_EDGE('',*,*,#1230,.T.);
#1693=ORIENTED_EDGE('',*,*,#1236,.F.);
#1694=ORIENTED_EDGE('',*,*,#1232,.F.);
#1695=ORIENTED_EDGE('',*,*,#1226,.F.);
#1696=ORIENTED_EDGE('',*,*,#1237,.F.);
#1697=ORIENTED_EDGE('',*,*,#1236,.T.);
#1698=ORIENTED_EDGE('',*,*,#1238,.T.);
#1699=ORIENTED_EDGE('',*,*,#1239,.T.);
#1700=ORIENTED_EDGE('',*,*,#1240,.T.);
#1701=ORIENTED_EDGE('',*,*,#1241,.T.);
#1702=ORIENTED_EDGE('',*,*,#1233,.T.);
#1703=ORIENTED_EDGE('',*,*,#1242,.T.);
#1704=ORIENTED_EDGE('',*,*,#1243,.T.);
#1705=ORIENTED_EDGE('',*,*,#1244,.T.);
#1706=ORIENTED_EDGE('',*,*,#1245,.T.);
#1707=ORIENTED_EDGE('',*,*,#1246,.F.);
#1708=ORIENTED_EDGE('',*,*,#1247,.F.);
#1709=ORIENTED_EDGE('',*,*,#1248,.F.);
#1710=ORIENTED_EDGE('',*,*,#1249,.F.);
#1711=ORIENTED_EDGE('',*,*,#1250,.F.);
#1712=ORIENTED_EDGE('',*,*,#1251,.F.);
#1713=ORIENTED_EDGE('',*,*,#1252,.F.);
#1714=ORIENTED_EDGE('',*,*,#1253,.F.);
#1715=ORIENTED_EDGE('',*,*,#1254,.T.);
#1716=ORIENTED_EDGE('',*,*,#1255,.T.);
#1717=ORIENTED_EDGE('',*,*,#1256,.T.);
#1718=ORIENTED_EDGE('',*,*,#1257,.T.);
#1719=ORIENTED_EDGE('',*,*,#1191,.T.);
#1720=ORIENTED_EDGE('',*,*,#1219,.T.);
#1721=ORIENTED_EDGE('',*,*,#1216,.T.);
#1722=ORIENTED_EDGE('',*,*,#1213,.T.);
#1723=ORIENTED_EDGE('',*,*,#1210,.T.);
#1724=ORIENTED_EDGE('',*,*,#1207,.T.);
#1725=ORIENTED_EDGE('',*,*,#1204,.T.);
#1726=ORIENTED_EDGE('',*,*,#1201,.T.);
#1727=ORIENTED_EDGE('',*,*,#1198,.T.);
#1728=ORIENTED_EDGE('',*,*,#1195,.T.);
#1729=ORIENTED_EDGE('',*,*,#1137,.T.);
#1730=ORIENTED_EDGE('',*,*,#1165,.T.);
#1731=ORIENTED_EDGE('',*,*,#1162,.T.);
#1732=ORIENTED_EDGE('',*,*,#1159,.T.);
#1733=ORIENTED_EDGE('',*,*,#1156,.T.);
#1734=ORIENTED_EDGE('',*,*,#1153,.T.);
#1735=ORIENTED_EDGE('',*,*,#1150,.T.);
#1736=ORIENTED_EDGE('',*,*,#1147,.T.);
#1737=ORIENTED_EDGE('',*,*,#1144,.T.);
#1738=ORIENTED_EDGE('',*,*,#1141,.T.);
#1739=ORIENTED_EDGE('',*,*,#1107,.T.);
#1740=ORIENTED_EDGE('',*,*,#1135,.T.);
#1741=ORIENTED_EDGE('',*,*,#1132,.T.);
#1742=ORIENTED_EDGE('',*,*,#1129,.T.);
#1743=ORIENTED_EDGE('',*,*,#1126,.T.);
#1744=ORIENTED_EDGE('',*,*,#1123,.T.);
#1745=ORIENTED_EDGE('',*,*,#1120,.T.);
#1746=ORIENTED_EDGE('',*,*,#1117,.T.);
#1747=ORIENTED_EDGE('',*,*,#1114,.T.);
#1748=ORIENTED_EDGE('',*,*,#1111,.T.);
#1749=ORIENTED_EDGE('',*,*,#1053,.T.);
#1750=ORIENTED_EDGE('',*,*,#1081,.T.);
#1751=ORIENTED_EDGE('',*,*,#1078,.T.);
#1752=ORIENTED_EDGE('',*,*,#1075,.T.);
#1753=ORIENTED_EDGE('',*,*,#1072,.T.);
#1754=ORIENTED_EDGE('',*,*,#1069,.T.);
#1755=ORIENTED_EDGE('',*,*,#1066,.T.);
#1756=ORIENTED_EDGE('',*,*,#1063,.T.);
#1757=ORIENTED_EDGE('',*,*,#1060,.T.);
#1758=ORIENTED_EDGE('',*,*,#1057,.T.);
#1759=ORIENTED_EDGE('',*,*,#1023,.T.);
#1760=ORIENTED_EDGE('',*,*,#1051,.T.);
#1761=ORIENTED_EDGE('',*,*,#1048,.T.);
#1762=ORIENTED_EDGE('',*,*,#1045,.T.);
#1763=ORIENTED_EDGE('',*,*,#1042,.T.);
#1764=ORIENTED_EDGE('',*,*,#1039,.T.);
#1765=ORIENTED_EDGE('',*,*,#1036,.T.);
#1766=ORIENTED_EDGE('',*,*,#1033,.T.);
#1767=ORIENTED_EDGE('',*,*,#1030,.T.);
#1768=ORIENTED_EDGE('',*,*,#1027,.T.);
#1769=ORIENTED_EDGE('',*,*,#1258,.F.);
#1770=ORIENTED_EDGE('',*,*,#1253,.T.);
#1771=ORIENTED_EDGE('',*,*,#1259,.F.);
#1772=ORIENTED_EDGE('',*,*,#1260,.T.);
#1773=ORIENTED_EDGE('',*,*,#1259,.T.);
#1774=ORIENTED_EDGE('',*,*,#1252,.T.);
#1775=ORIENTED_EDGE('',*,*,#1261,.F.);
#1776=ORIENTED_EDGE('',*,*,#1262,.T.);
#1777=ORIENTED_EDGE('',*,*,#1261,.T.);
#1778=ORIENTED_EDGE('',*,*,#1251,.T.);
#1779=ORIENTED_EDGE('',*,*,#1263,.F.);
#1780=ORIENTED_EDGE('',*,*,#1264,.T.);
#1781=ORIENTED_EDGE('',*,*,#1263,.T.);
#1782=ORIENTED_EDGE('',*,*,#1250,.T.);
#1783=ORIENTED_EDGE('',*,*,#1265,.F.);
#1784=ORIENTED_EDGE('',*,*,#1266,.T.);
#1785=ORIENTED_EDGE('',*,*,#1265,.T.);
#1786=ORIENTED_EDGE('',*,*,#1249,.T.);
#1787=ORIENTED_EDGE('',*,*,#1267,.F.);
#1788=ORIENTED_EDGE('',*,*,#1268,.T.);
#1789=ORIENTED_EDGE('',*,*,#1267,.T.);
#1790=ORIENTED_EDGE('',*,*,#1248,.T.);
#1791=ORIENTED_EDGE('',*,*,#1269,.F.);
#1792=ORIENTED_EDGE('',*,*,#1270,.T.);
#1793=ORIENTED_EDGE('',*,*,#1269,.T.);
#1794=ORIENTED_EDGE('',*,*,#1247,.T.);
#1795=ORIENTED_EDGE('',*,*,#1271,.F.);
#1796=ORIENTED_EDGE('',*,*,#1272,.T.);
#1797=ORIENTED_EDGE('',*,*,#1258,.T.);
#1798=ORIENTED_EDGE('',*,*,#1273,.T.);
#1799=ORIENTED_EDGE('',*,*,#1271,.T.);
#1800=ORIENTED_EDGE('',*,*,#1246,.T.);
#1801=ORIENTED_EDGE('',*,*,#1255,.F.);
#1802=ORIENTED_EDGE('',*,*,#1274,.F.);
#1803=ORIENTED_EDGE('',*,*,#1245,.F.);
#1804=ORIENTED_EDGE('',*,*,#1275,.T.);
#1805=ORIENTED_EDGE('',*,*,#1254,.F.);
#1806=ORIENTED_EDGE('',*,*,#1276,.F.);
#1807=ORIENTED_EDGE('',*,*,#1242,.F.);
#1808=ORIENTED_EDGE('',*,*,#1274,.T.);
#1809=ORIENTED_EDGE('',*,*,#1257,.F.);
#1810=ORIENTED_EDGE('',*,*,#1277,.F.);
#1811=ORIENTED_EDGE('',*,*,#1243,.F.);
#1812=ORIENTED_EDGE('',*,*,#1276,.T.);
#1813=ORIENTED_EDGE('',*,*,#1256,.F.);
#1814=ORIENTED_EDGE('',*,*,#1275,.F.);
#1815=ORIENTED_EDGE('',*,*,#1244,.F.);
#1816=ORIENTED_EDGE('',*,*,#1277,.T.);
#1817=ORIENTED_EDGE('',*,*,#1278,.F.);
#1818=ORIENTED_EDGE('',*,*,#1279,.T.);
#1819=ORIENTED_EDGE('',*,*,#1280,.T.);
#1820=ORIENTED_EDGE('',*,*,#1268,.F.);
#1821=ORIENTED_EDGE('',*,*,#1281,.F.);
#1822=ORIENTED_EDGE('',*,*,#1282,.T.);
#1823=ORIENTED_EDGE('',*,*,#1278,.T.);
#1824=ORIENTED_EDGE('',*,*,#1270,.F.);
#1825=ORIENTED_EDGE('',*,*,#1283,.F.);
#1826=ORIENTED_EDGE('',*,*,#1284,.T.);
#1827=ORIENTED_EDGE('',*,*,#1281,.T.);
#1828=ORIENTED_EDGE('',*,*,#1272,.F.);
#1829=ORIENTED_EDGE('',*,*,#1285,.F.);
#1830=ORIENTED_EDGE('',*,*,#1286,.F.);
#1831=ORIENTED_EDGE('',*,*,#1283,.T.);
#1832=ORIENTED_EDGE('',*,*,#1273,.F.);
#1833=ORIENTED_EDGE('',*,*,#1287,.F.);
#1834=ORIENTED_EDGE('',*,*,#1288,.F.);
#1835=ORIENTED_EDGE('',*,*,#1285,.T.);
#1836=ORIENTED_EDGE('',*,*,#1260,.F.);
#1837=ORIENTED_EDGE('',*,*,#1289,.F.);
#1838=ORIENTED_EDGE('',*,*,#1290,.F.);
#1839=ORIENTED_EDGE('',*,*,#1287,.T.);
#1840=ORIENTED_EDGE('',*,*,#1262,.F.);
#1841=ORIENTED_EDGE('',*,*,#1291,.F.);
#1842=ORIENTED_EDGE('',*,*,#1292,.F.);
#1843=ORIENTED_EDGE('',*,*,#1289,.T.);
#1844=ORIENTED_EDGE('',*,*,#1264,.F.);
#1845=ORIENTED_EDGE('',*,*,#1280,.F.);
#1846=ORIENTED_EDGE('',*,*,#1293,.T.);
#1847=ORIENTED_EDGE('',*,*,#1291,.T.);
#1848=ORIENTED_EDGE('',*,*,#1266,.F.);
#1849=ORIENTED_EDGE('',*,*,#1294,.F.);
#1850=ORIENTED_EDGE('',*,*,#1295,.T.);
#1851=ORIENTED_EDGE('',*,*,#1296,.T.);
#1852=ORIENTED_EDGE('',*,*,#1240,.F.);
#1853=ORIENTED_EDGE('',*,*,#1297,.F.);
#1854=ORIENTED_EDGE('',*,*,#1298,.T.);
#1855=ORIENTED_EDGE('',*,*,#1294,.T.);
#1856=ORIENTED_EDGE('',*,*,#1239,.F.);
#1857=ORIENTED_EDGE('',*,*,#1225,.T.);
#1858=ORIENTED_EDGE('',*,*,#1299,.F.);
#1859=ORIENTED_EDGE('',*,*,#1300,.T.);
#1860=ORIENTED_EDGE('',*,*,#1297,.T.);
#1861=ORIENTED_EDGE('',*,*,#1238,.F.);
#1862=ORIENTED_EDGE('',*,*,#1237,.T.);
#1863=ORIENTED_EDGE('',*,*,#1224,.T.);
#1864=ORIENTED_EDGE('',*,*,#1229,.F.);
#1865=ORIENTED_EDGE('',*,*,#1301,.T.);
#1866=ORIENTED_EDGE('',*,*,#1299,.T.);
#1867=ORIENTED_EDGE('',*,*,#1302,.F.);
#1868=ORIENTED_EDGE('',*,*,#1303,.F.);
#1869=ORIENTED_EDGE('',*,*,#1304,.F.);
#1870=ORIENTED_EDGE('',*,*,#1305,.F.);
#1871=ORIENTED_EDGE('',*,*,#1306,.T.);
#1872=ORIENTED_EDGE('',*,*,#1307,.T.);
#1873=ORIENTED_EDGE('',*,*,#1308,.T.);
#1874=ORIENTED_EDGE('',*,*,#1309,.T.);
#1875=ORIENTED_EDGE('',*,*,#1301,.F.);
#1876=ORIENTED_EDGE('',*,*,#1228,.F.);
#1877=ORIENTED_EDGE('',*,*,#1231,.F.);
#1878=ORIENTED_EDGE('',*,*,#1235,.F.);
#1879=ORIENTED_EDGE('',*,*,#1310,.F.);
#1880=ORIENTED_EDGE('',*,*,#1295,.F.);
#1881=ORIENTED_EDGE('',*,*,#1298,.F.);
#1882=ORIENTED_EDGE('',*,*,#1300,.F.);
#1883=ORIENTED_EDGE('',*,*,#1296,.F.);
#1884=ORIENTED_EDGE('',*,*,#1310,.T.);
#1885=ORIENTED_EDGE('',*,*,#1234,.T.);
#1886=ORIENTED_EDGE('',*,*,#1241,.F.);
#1887=ORIENTED_EDGE('',*,*,#1311,.T.);
#1888=ORIENTED_EDGE('',*,*,#1312,.T.);
#1889=ORIENTED_EDGE('',*,*,#1302,.T.);
#1890=ORIENTED_EDGE('',*,*,#1313,.F.);
#1891=ORIENTED_EDGE('',*,*,#1314,.F.);
#1892=ORIENTED_EDGE('',*,*,#1315,.T.);
#1893=ORIENTED_EDGE('',*,*,#1303,.T.);
#1894=ORIENTED_EDGE('',*,*,#1312,.F.);
#1895=ORIENTED_EDGE('',*,*,#1316,.T.);
#1896=ORIENTED_EDGE('',*,*,#1317,.T.);
#1897=ORIENTED_EDGE('',*,*,#1304,.T.);
#1898=ORIENTED_EDGE('',*,*,#1315,.F.);
#1899=ORIENTED_EDGE('',*,*,#1318,.T.);
#1900=ORIENTED_EDGE('',*,*,#1313,.T.);
#1901=ORIENTED_EDGE('',*,*,#1309,.F.);
#1902=ORIENTED_EDGE('',*,*,#1319,.F.);
#1903=ORIENTED_EDGE('',*,*,#1320,.F.);
#1904=ORIENTED_EDGE('',*,*,#1319,.T.);
#1905=ORIENTED_EDGE('',*,*,#1308,.F.);
#1906=ORIENTED_EDGE('',*,*,#1321,.F.);
#1907=ORIENTED_EDGE('',*,*,#1322,.T.);
#1908=ORIENTED_EDGE('',*,*,#1321,.T.);
#1909=ORIENTED_EDGE('',*,*,#1307,.F.);
#1910=ORIENTED_EDGE('',*,*,#1323,.F.);
#1911=ORIENTED_EDGE('',*,*,#1324,.F.);
#1912=ORIENTED_EDGE('',*,*,#1323,.T.);
#1913=ORIENTED_EDGE('',*,*,#1306,.F.);
#1914=ORIENTED_EDGE('',*,*,#1325,.F.);
#1915=ORIENTED_EDGE('',*,*,#1326,.F.);
#1916=ORIENTED_EDGE('',*,*,#1325,.T.);
#1917=ORIENTED_EDGE('',*,*,#1305,.T.);
#1918=ORIENTED_EDGE('',*,*,#1317,.F.);
#1919=ORIENTED_EDGE('',*,*,#1293,.F.);
#1920=ORIENTED_EDGE('',*,*,#1279,.F.);
#1921=ORIENTED_EDGE('',*,*,#1282,.F.);
#1922=ORIENTED_EDGE('',*,*,#1284,.F.);
#1923=ORIENTED_EDGE('',*,*,#1286,.T.);
#1924=ORIENTED_EDGE('',*,*,#1288,.T.);
#1925=ORIENTED_EDGE('',*,*,#1290,.T.);
#1926=ORIENTED_EDGE('',*,*,#1292,.T.);
#1927=ORIENTED_EDGE('',*,*,#1326,.T.);
#1928=ORIENTED_EDGE('',*,*,#1316,.F.);
#1929=ORIENTED_EDGE('',*,*,#1314,.T.);
#1930=ORIENTED_EDGE('',*,*,#1311,.F.);
#1931=ORIENTED_EDGE('',*,*,#1318,.F.);
#1932=ORIENTED_EDGE('',*,*,#1320,.T.);
#1933=ORIENTED_EDGE('',*,*,#1322,.F.);
#1934=ORIENTED_EDGE('',*,*,#1324,.T.);
#1935=PLANE('',#2111);
#1936=PLANE('',#2112);
#1937=PLANE('',#2113);
#1938=PLANE('',#2114);
#1939=PLANE('',#2115);
#1940=PLANE('',#2116);
#1941=PLANE('',#2117);
#1942=PLANE('',#2118);
#1943=PLANE('',#2119);
#1944=PLANE('',#2120);
#1945=PLANE('',#2121);
#1946=PLANE('',#2122);
#1947=PLANE('',#2123);
#1948=PLANE('',#2124);
#1949=PLANE('',#2125);
#1950=PLANE('',#2126);
#1951=PLANE('',#2127);
#1952=PLANE('',#2128);
#1953=PLANE('',#2129);
#1954=PLANE('',#2130);
#1955=PLANE('',#2131);
#1956=PLANE('',#2132);
#1957=PLANE('',#2133);
#1958=PLANE('',#2134);
#1959=PLANE('',#2135);
#1960=PLANE('',#2136);
#1961=PLANE('',#2137);
#1962=PLANE('',#2138);
#1963=PLANE('',#2139);
#1964=PLANE('',#2140);
#1965=PLANE('',#2141);
#1966=PLANE('',#2142);
#1967=PLANE('',#2143);
#1968=PLANE('',#2144);
#1969=PLANE('',#2145);
#1970=PLANE('',#2146);
#1971=PLANE('',#2147);
#1972=PLANE('',#2148);
#1973=PLANE('',#2151);
#1974=PLANE('',#2154);
#1975=PLANE('',#2155);
#1976=PLANE('',#2156);
#1977=PLANE('',#2159);
#1978=PLANE('',#2180);
#1979=PLANE('',#2181);
#1980=PLANE('',#2182);
#1981=PLANE('',#2183);
#1982=PLANE('',#2186);
#1983=PLANE('',#2189);
#1984=PLANE('',#2192);
#1985=PLANE('',#2195);
#1986=PLANE('',#2196);
#1987=PLANE('',#2199);
#1988=PLANE('',#2202);
#1989=PLANE('',#2211);
#1990=PLANE('',#2214);
#1991=PLANE('',#2217);
#1992=PLANE('',#2220);
#1993=PLANE('',#2221);
#1994=ADVANCED_FACE('',(#190),#1935,.F.);
#1995=ADVANCED_FACE('',(#191),#1936,.F.);
#1996=ADVANCED_FACE('',(#192),#1937,.F.);
#1997=ADVANCED_FACE('',(#193),#1938,.F.);
#1998=ADVANCED_FACE('',(#194),#1939,.F.);
#1999=ADVANCED_FACE('',(#195),#1940,.F.);
#2000=ADVANCED_FACE('',(#196),#1941,.F.);
#2001=ADVANCED_FACE('',(#197),#1942,.F.);
#2002=ADVANCED_FACE('',(#198),#1943,.F.);
#2003=ADVANCED_FACE('',(#199),#1944,.F.);
#2004=ADVANCED_FACE('',(#200),#1945,.F.);
#2005=ADVANCED_FACE('',(#201),#1946,.F.);
#2006=ADVANCED_FACE('',(#202),#1947,.F.);
#2007=ADVANCED_FACE('',(#203),#1948,.F.);
#2008=ADVANCED_FACE('',(#204),#1949,.F.);
#2009=ADVANCED_FACE('',(#205),#1950,.F.);
#2010=ADVANCED_FACE('',(#206),#1951,.F.);
#2011=ADVANCED_FACE('',(#207),#1952,.F.);
#2012=ADVANCED_FACE('',(#208),#1953,.F.);
#2013=ADVANCED_FACE('',(#209),#1954,.F.);
#2014=ADVANCED_FACE('',(#210),#1955,.F.);
#2015=ADVANCED_FACE('',(#211),#1956,.F.);
#2016=ADVANCED_FACE('',(#212),#154,.F.);
#2017=ADVANCED_FACE('',(#213),#155,.F.);
#2018=ADVANCED_FACE('',(#214),#156,.F.);
#2019=ADVANCED_FACE('',(#215),#157,.F.);
#2020=ADVANCED_FACE('',(#216),#158,.F.);
#2021=ADVANCED_FACE('',(#217),#159,.F.);
#2022=ADVANCED_FACE('',(#218),#160,.F.);
#2023=ADVANCED_FACE('',(#219),#161,.F.);
#2024=ADVANCED_FACE('',(#220),#162,.F.);
#2025=ADVANCED_FACE('',(#221),#163,.F.);
#2026=ADVANCED_FACE('',(#222),#164,.F.);
#2027=ADVANCED_FACE('',(#223),#165,.F.);
#2028=ADVANCED_FACE('',(#224),#166,.F.);
#2029=ADVANCED_FACE('',(#225),#167,.F.);
#2030=ADVANCED_FACE('',(#226),#168,.F.);
#2031=ADVANCED_FACE('',(#227),#169,.F.);
#2032=ADVANCED_FACE('',(#228),#170,.F.);
#2033=ADVANCED_FACE('',(#229),#171,.F.);
#2034=ADVANCED_FACE('',(#230,#71),#1957,.T.);
#2035=ADVANCED_FACE('',(#231),#1958,.F.);
#2036=ADVANCED_FACE('',(#232),#1959,.F.);
#2037=ADVANCED_FACE('',(#233),#1960,.F.);
#2038=ADVANCED_FACE('',(#234),#1961,.F.);
#2039=ADVANCED_FACE('',(#235),#1962,.F.);
#2040=ADVANCED_FACE('',(#236),#1963,.F.);
#2041=ADVANCED_FACE('',(#237),#1964,.F.);
#2042=ADVANCED_FACE('',(#238),#1965,.F.);
#2043=ADVANCED_FACE('',(#239),#1966,.F.);
#2044=ADVANCED_FACE('',(#240),#1967,.F.);
#2045=ADVANCED_FACE('',(#241),#1968,.F.);
#2046=ADVANCED_FACE('',(#242),#172,.F.);
#2047=ADVANCED_FACE('',(#243),#173,.F.);
#2048=ADVANCED_FACE('',(#244),#174,.F.);
#2049=ADVANCED_FACE('',(#245),#175,.F.);
#2050=ADVANCED_FACE('',(#246),#176,.F.);
#2051=ADVANCED_FACE('',(#247),#177,.F.);
#2052=ADVANCED_FACE('',(#248),#178,.F.);
#2053=ADVANCED_FACE('',(#249),#179,.F.);
#2054=ADVANCED_FACE('',(#250),#180,.F.);
#2055=ADVANCED_FACE('',(#251),#181,.F.);
#2056=ADVANCED_FACE('',(#252),#182,.F.);
#2057=ADVANCED_FACE('',(#253),#183,.F.);
#2058=ADVANCED_FACE('',(#254),#184,.F.);
#2059=ADVANCED_FACE('',(#255),#185,.F.);
#2060=ADVANCED_FACE('',(#256),#186,.F.);
#2061=ADVANCED_FACE('',(#257),#187,.F.);
#2062=ADVANCED_FACE('',(#258),#188,.F.);
#2063=ADVANCED_FACE('',(#259),#189,.F.);
#2064=ADVANCED_FACE('',(#260,#72),#1969,.T.);
#2065=ADVANCED_FACE('',(#261),#1970,.T.);
#2066=ADVANCED_FACE('',(#262),#1971,.T.);
#2067=ADVANCED_FACE('',(#263),#1972,.T.);
#2068=ADVANCED_FACE('',(#264),#1973,.T.);
#2069=ADVANCED_FACE('',(#265),#19,.F.);
#2070=ADVANCED_FACE('',(#266),#1974,.T.);
#2071=ADVANCED_FACE('',(#267),#1975,.T.);
#2072=ADVANCED_FACE('',(#268,#73),#1976,.F.);
#2073=ADVANCED_FACE('',(#269,#74,#75,#76,#77,#78,#79),#1977,.T.);
#2074=ADVANCED_FACE('',(#270),#15,.F.);
#2075=ADVANCED_FACE('',(#271),#20,.T.);
#2076=ADVANCED_FACE('',(#272),#16,.F.);
#2077=ADVANCED_FACE('',(#273),#21,.T.);
#2078=ADVANCED_FACE('',(#274),#17,.F.);
#2079=ADVANCED_FACE('',(#275),#22,.T.);
#2080=ADVANCED_FACE('',(#276),#18,.F.);
#2081=ADVANCED_FACE('',(#277),#23,.T.);
#2082=ADVANCED_FACE('',(#278),#1978,.F.);
#2083=ADVANCED_FACE('',(#279),#1979,.F.);
#2084=ADVANCED_FACE('',(#280),#1980,.F.);
#2085=ADVANCED_FACE('',(#281),#1981,.F.);
#2086=ADVANCED_FACE('',(#282),#24,.T.);
#2087=ADVANCED_FACE('',(#283),#1982,.T.);
#2088=ADVANCED_FACE('',(#284),#25,.T.);
#2089=ADVANCED_FACE('',(#285),#1983,.T.);
#2090=ADVANCED_FACE('',(#286),#26,.T.);
#2091=ADVANCED_FACE('',(#287),#1984,.F.);
#2092=ADVANCED_FACE('',(#288),#27,.T.);
#2093=ADVANCED_FACE('',(#289),#1985,.T.);
#2094=ADVANCED_FACE('',(#290),#1986,.T.);
#2095=ADVANCED_FACE('',(#291),#28,.F.);
#2096=ADVANCED_FACE('',(#292),#1987,.T.);
#2097=ADVANCED_FACE('',(#293),#29,.F.);
#2098=ADVANCED_FACE('',(#294,#80),#1988,.F.);
#2099=ADVANCED_FACE('',(#295),#30,.F.);
#2100=ADVANCED_FACE('',(#296),#31,.F.);
#2101=ADVANCED_FACE('',(#297),#1989,.F.);
#2102=ADVANCED_FACE('',(#298),#32,.F.);
#2103=ADVANCED_FACE('',(#299),#1990,.T.);
#2104=ADVANCED_FACE('',(#300),#33,.F.);
#2105=ADVANCED_FACE('',(#301),#1991,.T.);
#2106=ADVANCED_FACE('',(#302),#34,.F.);
#2107=ADVANCED_FACE('',(#303),#1992,.T.);
#2108=ADVANCED_FACE('',(#304,#81),#1993,.F.);
#2109=CLOSED_SHELL('',(#1994,#1995,#1996,#1997,#1998,#1999,#2000,#2001,
#2002,#2003,#2004,#2005,#2006,#2007,#2008,#2009,#2010,#2011,#2012,#2013,
#2014,#2015,#2016,#2017,#2018,#2019,#2020,#2021,#2022,#2023,#2024,#2025,
#2026,#2027,#2028,#2029,#2030,#2031,#2032,#2033,#2034,#2035,#2036,#2037,
#2038,#2039,#2040,#2041,#2042,#2043,#2044,#2045,#2046,#2047,#2048,#2049,
#2050,#2051,#2052,#2053,#2054,#2055,#2056,#2057,#2058,#2059,#2060,#2061,
#2062,#2063,#2064,#2065,#2066,#2067,#2068,#2069,#2070,#2071,#2072,#2073,
#2074,#2075,#2076,#2077,#2078,#2079,#2080,#2081,#2082,#2083,#2084,#2085,
#2086,#2087,#2088,#2089,#2090,#2091,#2092,#2093,#2094,#2095,#2096,#2097,
#2098,#2099,#2100,#2101,#2102,#2103,#2104,#2105,#2106,#2107,#2108));
#2110=AXIS2_PLACEMENT_3D('',#2642,#2222,#2223);
#2111=AXIS2_PLACEMENT_3D('',#2643,#2224,#2225);
#2112=AXIS2_PLACEMENT_3D('',#2652,#2230,#2231);
#2113=AXIS2_PLACEMENT_3D('',#2658,#2235,#2236);
#2114=AXIS2_PLACEMENT_3D('',#2664,#2240,#2241);
#2115=AXIS2_PLACEMENT_3D('',#2670,#2245,#2246);
#2116=AXIS2_PLACEMENT_3D('',#2676,#2250,#2251);
#2117=AXIS2_PLACEMENT_3D('',#2682,#2255,#2256);
#2118=AXIS2_PLACEMENT_3D('',#2688,#2260,#2261);
#2119=AXIS2_PLACEMENT_3D('',#2694,#2265,#2266);
#2120=AXIS2_PLACEMENT_3D('',#2700,#2270,#2271);
#2121=AXIS2_PLACEMENT_3D('',#2703,#2274,#2275);
#2122=AXIS2_PLACEMENT_3D('',#2704,#2276,#2277);
#2123=AXIS2_PLACEMENT_3D('',#2713,#2282,#2283);
#2124=AXIS2_PLACEMENT_3D('',#2719,#2287,#2288);
#2125=AXIS2_PLACEMENT_3D('',#2725,#2292,#2293);
#2126=AXIS2_PLACEMENT_3D('',#2731,#2297,#2298);
#2127=AXIS2_PLACEMENT_3D('',#2737,#2302,#2303);
#2128=AXIS2_PLACEMENT_3D('',#2743,#2307,#2308);
#2129=AXIS2_PLACEMENT_3D('',#2749,#2312,#2313);
#2130=AXIS2_PLACEMENT_3D('',#2755,#2317,#2318);
#2131=AXIS2_PLACEMENT_3D('',#2761,#2322,#2323);
#2132=AXIS2_PLACEMENT_3D('',#2764,#2326,#2327);
#2133=AXIS2_PLACEMENT_3D('',#3179,#2346,#2347);
#2134=AXIS2_PLACEMENT_3D('',#3180,#2348,#2349);
#2135=AXIS2_PLACEMENT_3D('',#3189,#2354,#2355);
#2136=AXIS2_PLACEMENT_3D('',#3195,#2359,#2360);
#2137=AXIS2_PLACEMENT_3D('',#3201,#2364,#2365);
#2138=AXIS2_PLACEMENT_3D('',#3207,#2369,#2370);
#2139=AXIS2_PLACEMENT_3D('',#3213,#2374,#2375);
#2140=AXIS2_PLACEMENT_3D('',#3219,#2379,#2380);
#2141=AXIS2_PLACEMENT_3D('',#3225,#2384,#2385);
#2142=AXIS2_PLACEMENT_3D('',#3231,#2389,#2390);
#2143=AXIS2_PLACEMENT_3D('',#3237,#2394,#2395);
#2144=AXIS2_PLACEMENT_3D('',#3240,#2398,#2399);
#2145=AXIS2_PLACEMENT_3D('',#3655,#2418,#2419);
#2146=AXIS2_PLACEMENT_3D('',#3656,#2420,#2421);
#2147=AXIS2_PLACEMENT_3D('',#3657,#2422,#2423);
#2148=AXIS2_PLACEMENT_3D('',#3658,#2424,#2425);
#2149=AXIS2_PLACEMENT_3D('',#3663,#2427,#2428);
#2150=AXIS2_PLACEMENT_3D('',#3667,#2430,#2431);
#2151=AXIS2_PLACEMENT_3D('',#3671,#2434,#2435);
#2152=AXIS2_PLACEMENT_3D('',#3677,#2439,#2440);
#2153=AXIS2_PLACEMENT_3D('',#3680,#2442,#2443);
#2154=AXIS2_PLACEMENT_3D('',#3681,#2444,#2445);
#2155=AXIS2_PLACEMENT_3D('',#3689,#2450,#2451);
#2156=AXIS2_PLACEMENT_3D('',#3693,#2454,#2455);
#2157=AXIS2_PLACEMENT_3D('',#3697,#2457,#2458);
#2158=AXIS2_PLACEMENT_3D('',#3700,#2460,#2461);
#2159=AXIS2_PLACEMENT_3D('',#3709,#2466,#2467);
#2160=AXIS2_PLACEMENT_3D('',#3714,#2469,#2470);
#2161=AXIS2_PLACEMENT_3D('',#3718,#2472,#2473);
#2162=AXIS2_PLACEMENT_3D('',#3722,#2475,#2476);
#2163=AXIS2_PLACEMENT_3D('',#3725,#2478,#2479);
#2164=AXIS2_PLACEMENT_3D('',#3744,#2484,#2485);
#2165=AXIS2_PLACEMENT_3D('',#3746,#2486,#2487);
#2166=AXIS2_PLACEMENT_3D('',#3747,#2488,#2489);
#2167=AXIS2_PLACEMENT_3D('',#3748,#2490,#2491);
#2168=AXIS2_PLACEMENT_3D('',#3750,#2492,#2493);
#2169=AXIS2_PLACEMENT_3D('',#3762,#2495,#2496);
#2170=AXIS2_PLACEMENT_3D('',#3763,#2497,#2498);
#2171=AXIS2_PLACEMENT_3D('',#3764,#2499,#2500);
#2172=AXIS2_PLACEMENT_3D('',#3766,#2501,#2502);
#2173=AXIS2_PLACEMENT_3D('',#3778,#2504,#2505);
#2174=AXIS2_PLACEMENT_3D('',#3779,#2506,#2507);
#2175=AXIS2_PLACEMENT_3D('',#3780,#2508,#2509);
#2176=AXIS2_PLACEMENT_3D('',#3782,#2510,#2511);
#2177=AXIS2_PLACEMENT_3D('',#3794,#2513,#2514);
#2178=AXIS2_PLACEMENT_3D('',#3795,#2515,#2516);
#2179=AXIS2_PLACEMENT_3D('',#3796,#2517,#2518);
#2180=AXIS2_PLACEMENT_3D('',#3798,#2520,#2521);
#2181=AXIS2_PLACEMENT_3D('',#3801,#2524,#2525);
#2182=AXIS2_PLACEMENT_3D('',#3803,#2527,#2528);
#2183=AXIS2_PLACEMENT_3D('',#3805,#2530,#2531);
#2184=AXIS2_PLACEMENT_3D('',#3806,#2532,#2533);
#2185=AXIS2_PLACEMENT_3D('',#3810,#2535,#2536);
#2186=AXIS2_PLACEMENT_3D('',#3812,#2538,#2539);
#2187=AXIS2_PLACEMENT_3D('',#3816,#2542,#2543);
#2188=AXIS2_PLACEMENT_3D('',#3819,#2545,#2546);
#2189=AXIS2_PLACEMENT_3D('',#3820,#2547,#2548);
#2190=AXIS2_PLACEMENT_3D('',#3824,#2551,#2552);
#2191=AXIS2_PLACEMENT_3D('',#3827,#2554,#2555);
#2192=AXIS2_PLACEMENT_3D('',#3828,#2556,#2557);
#2193=AXIS2_PLACEMENT_3D('',#3832,#2560,#2561);
#2194=AXIS2_PLACEMENT_3D('',#3835,#2563,#2564);
#2195=AXIS2_PLACEMENT_3D('',#3836,#2565,#2566);
#2196=AXIS2_PLACEMENT_3D('',#3838,#2568,#2569);
#2197=AXIS2_PLACEMENT_3D('',#3844,#2573,#2574);
#2198=AXIS2_PLACEMENT_3D('',#3847,#2576,#2577);
#2199=AXIS2_PLACEMENT_3D('',#3848,#2578,#2579);
#2200=AXIS2_PLACEMENT_3D('',#3852,#2582,#2583);
#2201=AXIS2_PLACEMENT_3D('',#3853,#2584,#2585);
#2202=AXIS2_PLACEMENT_3D('',#3854,#2586,#2587);
#2203=AXIS2_PLACEMENT_3D('',#3857,#2588,#2589);
#2204=AXIS2_PLACEMENT_3D('',#3861,#2591,#2592);
#2205=AXIS2_PLACEMENT_3D('',#3865,#2594,#2595);
#2206=AXIS2_PLACEMENT_3D('',#3869,#2597,#2598);
#2207=AXIS2_PLACEMENT_3D('',#3871,#2600,#2601);
#2208=AXIS2_PLACEMENT_3D('',#3872,#2602,#2603);
#2209=AXIS2_PLACEMENT_3D('',#3873,#2604,#2605);
#2210=AXIS2_PLACEMENT_3D('',#3876,#2606,#2607);
#2211=AXIS2_PLACEMENT_3D('',#3879,#2610,#2611);
#2212=AXIS2_PLACEMENT_3D('',#3883,#2614,#2615);
#2213=AXIS2_PLACEMENT_3D('',#3885,#2616,#2617);
#2214=AXIS2_PLACEMENT_3D('',#3887,#2619,#2620);
#2215=AXIS2_PLACEMENT_3D('',#3891,#2623,#2624);
#2216=AXIS2_PLACEMENT_3D('',#3893,#2625,#2626);
#2217=AXIS2_PLACEMENT_3D('',#3895,#2628,#2629);
#2218=AXIS2_PLACEMENT_3D('',#3899,#2632,#2633);
#2219=AXIS2_PLACEMENT_3D('',#3901,#2634,#2635);
#2220=AXIS2_PLACEMENT_3D('',#3903,#2637,#2638);
#2221=AXIS2_PLACEMENT_3D('',#3905,#2640,#2641);
#2222=DIRECTION('axis',(0.,0.,1.));
#2223=DIRECTION('refdir',(1.,0.,0.));
#2224=DIRECTION('center_axis',(1.,0.,0.));
#2225=DIRECTION('ref_axis',(0.,-1.,0.));
#2226=DIRECTION('',(0.,-1.,0.));
#2227=DIRECTION('',(0.,0.,-1.));
#2228=DIRECTION('',(0.,-1.,0.));
#2229=DIRECTION('',(0.,0.,-1.));
#2230=DIRECTION('center_axis',(0.,-1.,0.));
#2231=DIRECTION('ref_axis',(-1.,0.,0.));
#2232=DIRECTION('',(-1.,0.,0.));
#2233=DIRECTION('',(0.,0.,-1.));
#2234=DIRECTION('',(-1.,0.,0.));
#2235=DIRECTION('center_axis',(1.,0.,0.));
#2236=DIRECTION('ref_axis',(0.,-1.,0.));
#2237=DIRECTION('',(0.,-1.,0.));
#2238=DIRECTION('',(0.,0.,-1.));
#2239=DIRECTION('',(0.,-1.,0.));
#2240=DIRECTION('center_axis',(0.,1.,0.));
#2241=DIRECTION('ref_axis',(1.,0.,0.));
#2242=DIRECTION('',(1.,0.,0.));
#2243=DIRECTION('',(0.,0.,-1.));
#2244=DIRECTION('',(1.,0.,0.));
#2245=DIRECTION('center_axis',(1.,0.,0.));
#2246=DIRECTION('ref_axis',(0.,-1.,0.));
#2247=DIRECTION('',(0.,-1.,0.));
#2248=DIRECTION('',(0.,0.,-1.));
#2249=DIRECTION('',(0.,-1.,0.));
#2250=DIRECTION('center_axis',(0.,-1.,0.));
#2251=DIRECTION('ref_axis',(-1.,0.,0.));
#2252=DIRECTION('',(-1.,0.,0.));
#2253=DIRECTION('',(0.,0.,-1.));
#2254=DIRECTION('',(-1.,0.,0.));
#2255=DIRECTION('center_axis',(1.,0.,0.));
#2256=DIRECTION('ref_axis',(0.,-1.,0.));
#2257=DIRECTION('',(0.,-1.,0.));
#2258=DIRECTION('',(0.,0.,-1.));
#2259=DIRECTION('',(0.,-1.,0.));
#2260=DIRECTION('center_axis',(0.,1.,0.));
#2261=DIRECTION('ref_axis',(1.,0.,0.));
#2262=DIRECTION('',(1.,0.,0.));
#2263=DIRECTION('',(0.,0.,-1.));
#2264=DIRECTION('',(1.,0.,0.));
#2265=DIRECTION('center_axis',(-1.,0.,0.));
#2266=DIRECTION('ref_axis',(0.,1.,0.));
#2267=DIRECTION('',(0.,1.,0.));
#2268=DIRECTION('',(0.,0.,-1.));
#2269=DIRECTION('',(0.,1.,0.));
#2270=DIRECTION('center_axis',(0.,-1.,0.));
#2271=DIRECTION('ref_axis',(-1.,0.,0.));
#2272=DIRECTION('',(-1.,0.,0.));
#2273=DIRECTION('',(-1.,0.,0.));
#2274=DIRECTION('center_axis',(0.,0.,-1.));
#2275=DIRECTION('ref_axis',(-1.,0.,0.));
#2276=DIRECTION('center_axis',(1.,0.,0.));
#2277=DIRECTION('ref_axis',(0.,-1.,0.));
#2278=DIRECTION('',(0.,-1.,0.));
#2279=DIRECTION('',(0.,0.,-1.));
#2280=DIRECTION('',(0.,-1.,0.));
#2281=DIRECTION('',(0.,0.,-1.));
#2282=DIRECTION('center_axis',(-0.850587274873684,-0.525833897559829,0.));
#2283=DIRECTION('ref_axis',(-0.525833897559829,0.850587274873684,0.));
#2284=DIRECTION('',(-0.525833897559829,0.850587274873684,0.));
#2285=DIRECTION('',(0.,0.,-1.));
#2286=DIRECTION('',(-0.525833897559829,0.850587274873684,0.));
#2287=DIRECTION('center_axis',(0.,-1.,0.));
#2288=DIRECTION('ref_axis',(-1.,0.,0.));
#2289=DIRECTION('',(-1.,0.,0.));
#2290=DIRECTION('',(0.,0.,-1.));
#2291=DIRECTION('',(-1.,0.,0.));
#2292=DIRECTION('center_axis',(1.,0.,0.));
#2293=DIRECTION('ref_axis',(0.,-1.,0.));
#2294=DIRECTION('',(0.,-1.,0.));
#2295=DIRECTION('',(0.,0.,-1.));
#2296=DIRECTION('',(0.,-1.,0.));
#2297=DIRECTION('center_axis',(0.,1.,0.));
#2298=DIRECTION('ref_axis',(1.,0.,0.));
#2299=DIRECTION('',(1.,0.,0.));
#2300=DIRECTION('',(0.,0.,-1.));
#2301=DIRECTION('',(1.,0.,0.));
#2302=DIRECTION('center_axis',(-1.,0.,0.));
#2303=DIRECTION('ref_axis',(0.,1.,0.));
#2304=DIRECTION('',(0.,1.,0.));
#2305=DIRECTION('',(0.,0.,-1.));
#2306=DIRECTION('',(0.,1.,0.));
#2307=DIRECTION('center_axis',(0.852613801420646,0.522541582677432,0.));
#2308=DIRECTION('ref_axis',(0.522541582677432,-0.852613801420646,0.));
#2309=DIRECTION('',(0.522541582677432,-0.852613801420646,0.));
#2310=DIRECTION('',(0.,0.,-1.));
#2311=DIRECTION('',(0.522541582677432,-0.852613801420646,0.));
#2312=DIRECTION('center_axis',(0.,1.,0.));
#2313=DIRECTION('ref_axis',(1.,0.,0.));
#2314=DIRECTION('',(1.,0.,0.));
#2315=DIRECTION('',(0.,0.,-1.));
#2316=DIRECTION('',(1.,0.,0.));
#2317=DIRECTION('center_axis',(-1.,0.,0.));
#2318=DIRECTION('ref_axis',(0.,1.,0.));
#2319=DIRECTION('',(0.,1.,0.));
#2320=DIRECTION('',(0.,0.,-1.));
#2321=DIRECTION('',(0.,1.,0.));
#2322=DIRECTION('center_axis',(0.,-1.,0.));
#2323=DIRECTION('ref_axis',(-1.,0.,0.));
#2324=DIRECTION('',(-1.,0.,0.));
#2325=DIRECTION('',(-1.,0.,0.));
#2326=DIRECTION('center_axis',(0.,0.,-1.));
#2327=DIRECTION('ref_axis',(-1.,0.,0.));
#2328=DIRECTION('',(0.,0.,-1.));
#2329=DIRECTION('',(0.,0.,-1.));
#2330=DIRECTION('',(0.,0.,-1.));
#2331=DIRECTION('',(0.,0.,-1.));
#2332=DIRECTION('',(0.,0.,-1.));
#2333=DIRECTION('',(0.,0.,-1.));
#2334=DIRECTION('',(0.,0.,-1.));
#2335=DIRECTION('',(0.,0.,-1.));
#2336=DIRECTION('',(0.,0.,-1.));
#2337=DIRECTION('',(0.,0.,-1.));
#2338=DIRECTION('',(0.,0.,-1.));
#2339=DIRECTION('',(0.,0.,-1.));
#2340=DIRECTION('',(0.,0.,-1.));
#2341=DIRECTION('',(0.,0.,-1.));
#2342=DIRECTION('',(0.,0.,-1.));
#2343=DIRECTION('',(0.,0.,-1.));
#2344=DIRECTION('',(0.,0.,-1.));
#2345=DIRECTION('',(0.,0.,-1.));
#2346=DIRECTION('center_axis',(0.,0.,1.));
#2347=DIRECTION('ref_axis',(-1.,0.,0.));
#2348=DIRECTION('center_axis',(1.,0.,0.));
#2349=DIRECTION('ref_axis',(0.,-1.,0.));
#2350=DIRECTION('',(0.,-1.,0.));
#2351=DIRECTION('',(0.,0.,-1.));
#2352=DIRECTION('',(0.,-1.,0.));
#2353=DIRECTION('',(0.,0.,-1.));
#2354=DIRECTION('center_axis',(0.,-1.,0.));
#2355=DIRECTION('ref_axis',(-1.,0.,0.));
#2356=DIRECTION('',(-1.,0.,0.));
#2357=DIRECTION('',(0.,0.,-1.));
#2358=DIRECTION('',(-1.,0.,0.));
#2359=DIRECTION('center_axis',(1.,0.,0.));
#2360=DIRECTION('ref_axis',(0.,-1.,0.));
#2361=DIRECTION('',(0.,-1.,0.));
#2362=DIRECTION('',(0.,0.,-1.));
#2363=DIRECTION('',(0.,-1.,0.));
#2364=DIRECTION('center_axis',(0.,1.,0.));
#2365=DIRECTION('ref_axis',(1.,0.,0.));
#2366=DIRECTION('',(1.,0.,0.));
#2367=DIRECTION('',(0.,0.,-1.));
#2368=DIRECTION('',(1.,0.,0.));
#2369=DIRECTION('center_axis',(1.,0.,0.));
#2370=DIRECTION('ref_axis',(0.,-1.,0.));
#2371=DIRECTION('',(0.,-1.,0.));
#2372=DIRECTION('',(0.,0.,-1.));
#2373=DIRECTION('',(0.,-1.,0.));
#2374=DIRECTION('center_axis',(0.,-1.,0.));
#2375=DIRECTION('ref_axis',(-1.,0.,0.));
#2376=DIRECTION('',(-1.,0.,0.));
#2377=DIRECTION('',(0.,0.,-1.));
#2378=DIRECTION('',(-1.,0.,0.));
#2379=DIRECTION('center_axis',(1.,0.,0.));
#2380=DIRECTION('ref_axis',(0.,-1.,0.));
#2381=DIRECTION('',(0.,-1.,0.));
#2382=DIRECTION('',(0.,0.,-1.));
#2383=DIRECTION('',(0.,-1.,0.));
#2384=DIRECTION('center_axis',(0.,1.,0.));
#2385=DIRECTION('ref_axis',(1.,0.,0.));
#2386=DIRECTION('',(1.,0.,0.));
#2387=DIRECTION('',(0.,0.,-1.));
#2388=DIRECTION('',(1.,0.,0.));
#2389=DIRECTION('center_axis',(-1.,0.,0.));
#2390=DIRECTION('ref_axis',(0.,1.,0.));
#2391=DIRECTION('',(0.,1.,0.));
#2392=DIRECTION('',(0.,0.,-1.));
#2393=DIRECTION('',(0.,1.,0.));
#2394=DIRECTION('center_axis',(0.,-1.,0.));
#2395=DIRECTION('ref_axis',(-1.,0.,0.));
#2396=DIRECTION('',(-1.,0.,0.));
#2397=DIRECTION('',(-1.,0.,0.));
#2398=DIRECTION('center_axis',(0.,0.,-1.));
#2399=DIRECTION('ref_axis',(-1.,0.,0.));
#2400=DIRECTION('',(0.,0.,-1.));
#2401=DIRECTION('',(0.,0.,-1.));
#2402=DIRECTION('',(0.,0.,-1.));
#2403=DIRECTION('',(0.,0.,-1.));
#2404=DIRECTION('',(0.,0.,-1.));
#2405=DIRECTION('',(0.,0.,-1.));
#2406=DIRECTION('',(0.,0.,-1.));
#2407=DIRECTION('',(0.,0.,-1.));
#2408=DIRECTION('',(0.,0.,-1.));
#2409=DIRECTION('',(0.,0.,-1.));
#2410=DIRECTION('',(0.,0.,-1.));
#2411=DIRECTION('',(0.,0.,-1.));
#2412=DIRECTION('',(0.,0.,-1.));
#2413=DIRECTION('',(0.,0.,-1.));
#2414=DIRECTION('',(0.,0.,-1.));
#2415=DIRECTION('',(0.,0.,-1.));
#2416=DIRECTION('',(0.,0.,-1.));
#2417=DIRECTION('',(0.,0.,-1.));
#2418=DIRECTION('center_axis',(0.,0.,1.));
#2419=DIRECTION('ref_axis',(-1.,0.,0.));
#2420=DIRECTION('center_axis',(0.,0.,1.));
#2421=DIRECTION('ref_axis',(-1.,0.,0.));
#2422=DIRECTION('center_axis',(0.,0.,1.));
#2423=DIRECTION('ref_axis',(-1.,0.,0.));
#2424=DIRECTION('center_axis',(0.,0.,-1.));
#2425=DIRECTION('ref_axis',(1.,0.,0.));
#2426=DIRECTION('',(1.,-1.38345548239895E-16,0.));
#2427=DIRECTION('center_axis',(0.,0.,1.));
#2428=DIRECTION('ref_axis',(-1.,1.77635683940025E-15,0.));
#2429=DIRECTION('',(0.,-1.,0.));
#2430=DIRECTION('center_axis',(0.,0.,1.));
#2431=DIRECTION('ref_axis',(3.5527136788005E-15,1.,0.));
#2432=DIRECTION('',(-1.,-1.38345548239895E-16,0.));
#2433=DIRECTION('',(0.,-1.,0.));
#2434=DIRECTION('center_axis',(1.,0.,0.));
#2435=DIRECTION('ref_axis',(0.,1.,0.));
#2436=DIRECTION('',(0.,0.,1.));
#2437=DIRECTION('',(0.,1.,0.));
#2438=DIRECTION('',(0.,0.,1.));
#2439=DIRECTION('center_axis',(0.,0.,1.));
#2440=DIRECTION('ref_axis',(-1.,1.77635683940025E-15,0.));
#2441=DIRECTION('',(0.,0.,1.));
#2442=DIRECTION('center_axis',(0.,0.,-1.));
#2443=DIRECTION('ref_axis',(-1.,1.77635683940025E-15,0.));
#2444=DIRECTION('center_axis',(1.38345548239895E-16,1.,0.));
#2445=DIRECTION('ref_axis',(-1.,1.38345548239895E-16,0.));
#2446=DIRECTION('',(0.,0.,1.));
#2447=DIRECTION('',(-1.,1.38345548239895E-16,0.));
#2448=DIRECTION('',(0.,0.,1.));
#2449=DIRECTION('',(-1.,1.38345548239895E-16,0.));
#2450=DIRECTION('center_axis',(1.,0.,0.));
#2451=DIRECTION('ref_axis',(0.,-1.,0.));
#2452=DIRECTION('',(0.,1.,0.));
#2453=DIRECTION('',(0.,0.,-1.));
#2454=DIRECTION('center_axis',(0.,0.,1.));
#2455=DIRECTION('ref_axis',(-1.,0.,0.));
#2456=DIRECTION('',(1.,1.38345548239895E-16,0.));
#2457=DIRECTION('center_axis',(0.,0.,-1.));
#2458=DIRECTION('ref_axis',(1.,8.8817841970012E-16,0.));
#2459=DIRECTION('',(0.,-1.,0.));
#2460=DIRECTION('center_axis',(0.,0.,-1.));
#2461=DIRECTION('ref_axis',(1.77635683940024E-15,-1.,0.));
#2462=DIRECTION('',(1.,0.,0.));
#2463=DIRECTION('',(0.,1.,0.));
#2464=DIRECTION('',(-1.,0.,0.));
#2465=DIRECTION('',(0.,-1.,0.));
#2466=DIRECTION('center_axis',(0.,0.,1.));
#2467=DIRECTION('ref_axis',(-1.,0.,0.));
#2468=DIRECTION('',(0.,-1.,0.));
#2469=DIRECTION('center_axis',(0.,0.,-1.));
#2470=DIRECTION('ref_axis',(0.707106781186548,0.707106781186547,0.));
#2471=DIRECTION('',(1.,9.22303654932633E-17,0.));
#2472=DIRECTION('center_axis',(0.,0.,-1.));
#2473=DIRECTION('ref_axis',(-0.707106781186546,0.707106781186549,0.));
#2474=DIRECTION('',(-5.55111538161973E-15,1.,0.));
#2475=DIRECTION('center_axis',(0.,0.,-1.));
#2476=DIRECTION('ref_axis',(-0.707106781186547,-0.707106781186548,0.));
#2477=DIRECTION('',(-1.,9.22303654932633E-17,0.));
#2478=DIRECTION('center_axis',(0.,0.,-1.));
#2479=DIRECTION('ref_axis',(0.707106781186548,-0.707106781186547,0.));
#2480=DIRECTION('',(-1.,0.,0.));
#2481=DIRECTION('',(0.,1.,0.));
#2482=DIRECTION('',(1.,0.,0.));
#2483=DIRECTION('',(0.,-1.,0.));
#2484=DIRECTION('center_axis',(0.,1.,0.));
#2485=DIRECTION('ref_axis',(0.,0.,1.));
#2486=DIRECTION('center_axis',(-1.,0.,0.));
#2487=DIRECTION('ref_axis',(0.,-1.,0.));
#2488=DIRECTION('center_axis',(0.,0.,1.));
#2489=DIRECTION('ref_axis',(0.707106781186548,-0.707106781186547,0.));
#2490=DIRECTION('center_axis',(1.,-9.22303654932633E-17,0.));
#2491=DIRECTION('ref_axis',(0.,-0.707106781186547,0.707106781186548));
#2492=DIRECTION('center_axis',(-1.,-3.33066907387547E-15,0.));
#2493=DIRECTION('ref_axis',(3.33066907387547E-15,-1.,0.));
#2494=DIRECTION('',(1.,-9.22303654932633E-17,0.));
#2495=DIRECTION('center_axis',(-6.10622663543815E-15,1.,0.));
#2496=DIRECTION('ref_axis',(-1.,-6.10622663543815E-15,0.));
#2497=DIRECTION('center_axis',(0.,0.,1.));
#2498=DIRECTION('ref_axis',(-0.707106781186547,-0.707106781186548,0.));
#2499=DIRECTION('center_axis',(5.55111538161973E-15,-1.,0.));
#2500=DIRECTION('ref_axis',(-0.707106781186547,-3.92523114670944E-15,0.707106781186548));
#2501=DIRECTION('center_axis',(-1.66533453693774E-15,1.,0.));
#2502=DIRECTION('ref_axis',(-1.,-1.66533453693774E-15,0.));
#2503=DIRECTION('',(5.55111538161973E-15,-1.,0.));
#2504=DIRECTION('center_axis',(1.,1.11022302462516E-15,0.));
#2505=DIRECTION('ref_axis',(-1.11022302462516E-15,1.,0.));
#2506=DIRECTION('center_axis',(0.,0.,1.));
#2507=DIRECTION('ref_axis',(-0.707106781186546,0.707106781186549,0.));
#2508=DIRECTION('center_axis',(-1.,-9.22303654932633E-17,0.));
#2509=DIRECTION('ref_axis',(0.,0.707106781186547,0.707106781186548));
#2510=DIRECTION('center_axis',(1.,-2.22044604925031E-15,0.));
#2511=DIRECTION('ref_axis',(2.22044604925031E-15,1.,0.));
#2512=DIRECTION('',(-1.,-9.22303654932633E-17,0.));
#2513=DIRECTION('center_axis',(0.,-1.,0.));
#2514=DIRECTION('ref_axis',(1.,0.,0.));
#2515=DIRECTION('center_axis',(0.,0.,1.));
#2516=DIRECTION('ref_axis',(0.707106781186548,0.707106781186547,0.));
#2517=DIRECTION('center_axis',(0.,1.,0.));
#2518=DIRECTION('ref_axis',(0.707106781186548,0.,0.707106781186548));
#2519=DIRECTION('',(0.,1.,0.));
#2520=DIRECTION('center_axis',(-1.,0.,0.));
#2521=DIRECTION('ref_axis',(0.,-1.,0.));
#2522=DIRECTION('',(0.,0.,1.));
#2523=DIRECTION('',(0.,0.,1.));
#2524=DIRECTION('center_axis',(0.,-1.,0.));
#2525=DIRECTION('ref_axis',(1.,0.,0.));
#2526=DIRECTION('',(0.,0.,1.));
#2527=DIRECTION('center_axis',(1.,0.,0.));
#2528=DIRECTION('ref_axis',(0.,1.,0.));
#2529=DIRECTION('',(0.,0.,1.));
#2530=DIRECTION('center_axis',(0.,1.,0.));
#2531=DIRECTION('ref_axis',(-1.,0.,0.));
#2532=DIRECTION('center_axis',(0.,0.,1.));
#2533=DIRECTION('ref_axis',(3.33066907387547E-15,1.,0.));
#2534=DIRECTION('',(0.,0.,1.));
#2535=DIRECTION('center_axis',(0.,0.,1.));
#2536=DIRECTION('ref_axis',(3.33066907387547E-15,1.,0.));
#2537=DIRECTION('',(0.,0.,1.));
#2538=DIRECTION('center_axis',(-9.22303654932633E-17,1.,0.));
#2539=DIRECTION('ref_axis',(-1.,-9.22303654932633E-17,0.));
#2540=DIRECTION('',(0.,0.,1.));
#2541=DIRECTION('',(-1.,-9.22303654932633E-17,0.));
#2542=DIRECTION('center_axis',(0.,0.,1.));
#2543=DIRECTION('ref_axis',(1.,5.55111512312577E-16,0.));
#2544=DIRECTION('',(0.,0.,1.));
#2545=DIRECTION('center_axis',(0.,0.,1.));
#2546=DIRECTION('ref_axis',(1.,5.55111512312577E-16,0.));
#2547=DIRECTION('center_axis',(1.,0.,0.));
#2548=DIRECTION('ref_axis',(0.,1.,0.));
#2549=DIRECTION('',(0.,0.,1.));
#2550=DIRECTION('',(0.,-1.,0.));
#2551=DIRECTION('center_axis',(0.,0.,-1.));
#2552=DIRECTION('ref_axis',(1.,-5.55111512312577E-16,0.));
#2553=DIRECTION('',(0.,0.,1.));
#2554=DIRECTION('center_axis',(0.,0.,-1.));
#2555=DIRECTION('ref_axis',(1.,-5.55111512312577E-16,0.));
#2556=DIRECTION('center_axis',(9.22303654932633E-17,1.,0.));
#2557=DIRECTION('ref_axis',(-1.,9.22303654932633E-17,0.));
#2558=DIRECTION('',(0.,0.,1.));
#2559=DIRECTION('',(-1.,9.22303654932633E-17,0.));
#2560=DIRECTION('center_axis',(0.,0.,-1.));
#2561=DIRECTION('ref_axis',(3.33066907387547E-15,-1.,0.));
#2562=DIRECTION('',(0.,0.,1.));
#2563=DIRECTION('center_axis',(0.,0.,-1.));
#2564=DIRECTION('ref_axis',(3.33066907387547E-15,-1.,0.));
#2565=DIRECTION('center_axis',(-1.,-5.55111538161973E-15,0.));
#2566=DIRECTION('ref_axis',(5.55111538161973E-15,-1.,0.));
#2567=DIRECTION('',(5.55111538161973E-15,-1.,0.));
#2568=DIRECTION('center_axis',(-1.,0.,0.));
#2569=DIRECTION('ref_axis',(0.,-1.,0.));
#2570=DIRECTION('',(0.,0.,1.));
#2571=DIRECTION('',(0.,-1.,0.));
#2572=DIRECTION('',(0.,0.,1.));
#2573=DIRECTION('center_axis',(0.,0.,1.));
#2574=DIRECTION('ref_axis',(1.,8.8817841970012E-16,0.));
#2575=DIRECTION('',(0.,0.,1.));
#2576=DIRECTION('center_axis',(0.,0.,-1.));
#2577=DIRECTION('ref_axis',(1.,8.8817841970012E-16,0.));
#2578=DIRECTION('center_axis',(1.38345548239895E-16,-1.,0.));
#2579=DIRECTION('ref_axis',(1.,1.38345548239895E-16,0.));
#2580=DIRECTION('',(0.,0.,1.));
#2581=DIRECTION('',(1.,1.38345548239895E-16,0.));
#2582=DIRECTION('center_axis',(0.,0.,1.));
#2583=DIRECTION('ref_axis',(3.5527136788005E-15,1.,0.));
#2584=DIRECTION('center_axis',(0.,0.,-1.));
#2585=DIRECTION('ref_axis',(3.5527136788005E-15,1.,0.));
#2586=DIRECTION('center_axis',(0.,0.,1.));
#2587=DIRECTION('ref_axis',(-1.,0.,0.));
#2588=DIRECTION('center_axis',(0.,0.,1.));
#2589=DIRECTION('ref_axis',(1.,-3.1720657846433E-16,0.));
#2590=DIRECTION('',(1.,-1.38345548239895E-16,0.));
#2591=DIRECTION('center_axis',(0.,0.,1.));
#2592=DIRECTION('ref_axis',(3.80647894157197E-15,-1.,0.));
#2593=DIRECTION('',(0.,-1.,0.));
#2594=DIRECTION('center_axis',(0.,0.,-1.));
#2595=DIRECTION('ref_axis',(3.80647894157197E-15,1.,0.));
#2596=DIRECTION('',(1.,1.38345548239895E-16,0.));
#2597=DIRECTION('center_axis',(0.,0.,-1.));
#2598=DIRECTION('ref_axis',(1.,3.1720657846433E-16,0.));
#2599=DIRECTION('',(0.,-1.,0.));
#2600=DIRECTION('center_axis',(0.,0.,-1.));
#2601=DIRECTION('ref_axis',(1.77635683940024E-15,-1.,0.));
#2602=DIRECTION('center_axis',(0.,0.,1.));
#2603=DIRECTION('ref_axis',(1.77635683940024E-15,-1.,0.));
#2604=DIRECTION('center_axis',(0.,0.,-1.));
#2605=DIRECTION('ref_axis',(1.,-3.1720657846433E-16,0.));
#2606=DIRECTION('center_axis',(0.,0.,-1.));
#2607=DIRECTION('ref_axis',(1.,-3.1720657846433E-16,0.));
#2608=DIRECTION('',(0.,0.,1.));
#2609=DIRECTION('',(0.,0.,1.));
#2610=DIRECTION('center_axis',(-1.38345548239895E-16,-1.,0.));
#2611=DIRECTION('ref_axis',(1.,-1.38345548239895E-16,0.));
#2612=DIRECTION('',(1.,-1.38345548239895E-16,0.));
#2613=DIRECTION('',(0.,0.,1.));
#2614=DIRECTION('center_axis',(0.,0.,-1.));
#2615=DIRECTION('ref_axis',(3.80647894157197E-15,-1.,0.));
#2616=DIRECTION('center_axis',(0.,0.,-1.));
#2617=DIRECTION('ref_axis',(3.80647894157197E-15,-1.,0.));
#2618=DIRECTION('',(0.,0.,1.));
#2619=DIRECTION('center_axis',(-1.,0.,0.));
#2620=DIRECTION('ref_axis',(0.,-1.,0.));
#2621=DIRECTION('',(0.,-1.,0.));
#2622=DIRECTION('',(0.,0.,1.));
#2623=DIRECTION('center_axis',(0.,0.,1.));
#2624=DIRECTION('ref_axis',(1.,3.1720657846433E-16,0.));
#2625=DIRECTION('center_axis',(0.,0.,1.));
#2626=DIRECTION('ref_axis',(1.,3.1720657846433E-16,0.));
#2627=DIRECTION('',(0.,0.,1.));
#2628=DIRECTION('center_axis',(1.38345548239895E-16,-1.,0.));
#2629=DIRECTION('ref_axis',(1.,1.38345548239895E-16,0.));
#2630=DIRECTION('',(1.,1.38345548239895E-16,0.));
#2631=DIRECTION('',(0.,0.,1.));
#2632=DIRECTION('center_axis',(0.,0.,1.));
#2633=DIRECTION('ref_axis',(3.80647894157197E-15,1.,0.));
#2634=DIRECTION('center_axis',(0.,0.,1.));
#2635=DIRECTION('ref_axis',(3.80647894157197E-15,1.,0.));
#2636=DIRECTION('',(0.,0.,1.));
#2637=DIRECTION('center_axis',(1.,0.,0.));
#2638=DIRECTION('ref_axis',(0.,1.,0.));
#2639=DIRECTION('',(0.,-1.,0.));
#2640=DIRECTION('center_axis',(0.,0.,1.));
#2641=DIRECTION('ref_axis',(-1.,0.,0.));
#2642=CARTESIAN_POINT('',(0.,0.,0.));
#2643=CARTESIAN_POINT('Origin',(24.169892296195,-6.70405961573124,12.5));
#2644=CARTESIAN_POINT('',(24.169892296195,-6.70405961573124,12.5));
#2645=CARTESIAN_POINT('',(24.169892296195,-7.80000008642673,12.5));
#2646=CARTESIAN_POINT('',(24.169892296195,-3.35202980786562,12.5));
#2647=CARTESIAN_POINT('',(24.169892296195,-6.70405961573124,11.8));
#2648=CARTESIAN_POINT('',(24.169892296195,-6.70405961573124,12.5));
#2649=CARTESIAN_POINT('',(24.169892296195,-7.80000008642673,11.8));
#2650=CARTESIAN_POINT('',(24.169892296195,-6.70405961573124,11.8));
#2651=CARTESIAN_POINT('',(24.169892296195,-7.80000008642673,12.5));
#2652=CARTESIAN_POINT('Origin',(25.2464821189642,-6.70405961573124,12.5));
#2653=CARTESIAN_POINT('',(25.2464821189642,-6.70405961573124,12.5));
#2654=CARTESIAN_POINT('',(16.3732410594821,-6.70405961573124,12.5));
#2655=CARTESIAN_POINT('',(25.2464821189642,-6.70405961573124,11.8));
#2656=CARTESIAN_POINT('',(25.2464821189642,-6.70405961573124,12.5));
#2657=CARTESIAN_POINT('',(25.2464821189642,-6.70405961573124,11.8));
#2658=CARTESIAN_POINT('Origin',(25.2464821189642,-6.26779444515705,12.5));
#2659=CARTESIAN_POINT('',(25.2464821189642,-6.26779444515705,12.5));
#2660=CARTESIAN_POINT('',(25.2464821189642,-3.13389722257852,12.5));
#2661=CARTESIAN_POINT('',(25.2464821189642,-6.26779444515705,11.8));
#2662=CARTESIAN_POINT('',(25.2464821189642,-6.26779444515705,12.5));
#2663=CARTESIAN_POINT('',(25.2464821189642,-6.26779444515705,11.8));
#2664=CARTESIAN_POINT('Origin',(24.169892296195,-6.26779444515705,12.5));
#2665=CARTESIAN_POINT('',(24.169892296195,-6.26779444515705,12.5));
#2666=CARTESIAN_POINT('',(15.8349461480975,-6.26779444515705,12.5));
#2667=CARTESIAN_POINT('',(24.169892296195,-6.26779444515705,11.8));
#2668=CARTESIAN_POINT('',(24.169892296195,-6.26779444515705,12.5));
#2669=CARTESIAN_POINT('',(24.169892296195,-6.26779444515705,11.8));
#2670=CARTESIAN_POINT('Origin',(24.169892296195,-5.65737508237362,12.5));
#2671=CARTESIAN_POINT('',(24.169892296195,-5.65737508237362,12.5));
#2672=CARTESIAN_POINT('',(24.169892296195,-2.82868754118681,12.5));
#2673=CARTESIAN_POINT('',(24.169892296195,-5.65737508237362,11.8));
#2674=CARTESIAN_POINT('',(24.169892296195,-5.65737508237362,12.5));
#2675=CARTESIAN_POINT('',(24.169892296195,-5.65737508237362,11.8));
#2676=CARTESIAN_POINT('Origin',(25.4171176999807,-5.65737508237362,12.5));
#2677=CARTESIAN_POINT('',(25.4171176999807,-5.65737508237362,12.5));
#2678=CARTESIAN_POINT('',(16.4585588499904,-5.65737508237362,12.5));
#2679=CARTESIAN_POINT('',(25.4171176999807,-5.65737508237362,11.8));
#2680=CARTESIAN_POINT('',(25.4171176999807,-5.65737508237362,12.5));
#2681=CARTESIAN_POINT('',(25.4171176999807,-5.65737508237362,11.8));
#2682=CARTESIAN_POINT('Origin',(25.4171176999807,-5.22110976278782,12.5));
#2683=CARTESIAN_POINT('',(25.4171176999807,-5.22110976278782,12.5));
#2684=CARTESIAN_POINT('',(25.4171176999807,-2.61055488139391,12.5));
#2685=CARTESIAN_POINT('',(25.4171176999807,-5.22110976278782,11.8));
#2686=CARTESIAN_POINT('',(25.4171176999807,-5.22110976278782,12.5));
#2687=CARTESIAN_POINT('',(25.4171176999807,-5.22110976278782,11.8));
#2688=CARTESIAN_POINT('Origin',(23.649188503623,-5.22110976278782,12.5));
#2689=CARTESIAN_POINT('',(23.649188503623,-5.22110976278782,12.5));
#2690=CARTESIAN_POINT('',(15.5745942518115,-5.22110976278782,12.5));
#2691=CARTESIAN_POINT('',(23.649188503623,-5.22110976278782,11.8));
#2692=CARTESIAN_POINT('',(23.649188503623,-5.22110976278782,12.5));
#2693=CARTESIAN_POINT('',(23.649188503623,-5.22110976278782,11.8));
#2694=CARTESIAN_POINT('Origin',(23.649188503623,-7.80000008642673,12.5));
#2695=CARTESIAN_POINT('',(23.649188503623,-7.80000008642673,12.5));
#2696=CARTESIAN_POINT('',(23.649188503623,-3.90000004321337,12.5));
#2697=CARTESIAN_POINT('',(23.649188503623,-7.80000008642673,11.8));
#2698=CARTESIAN_POINT('',(23.649188503623,-7.80000008642673,12.5));
#2699=CARTESIAN_POINT('',(23.649188503623,-7.80000008642673,11.8));
#2700=CARTESIAN_POINT('Origin',(24.169892296195,-7.80000008642673,12.5));
#2701=CARTESIAN_POINT('',(15.8349461480975,-7.80000008642673,12.5));
#2702=CARTESIAN_POINT('',(24.169892296195,-7.80000008642673,11.8));
#2703=CARTESIAN_POINT('Origin',(21.9753723591566,-6.51055492460728,11.8));
#2704=CARTESIAN_POINT('Origin',(22.9015561938286,6.88173204660416,12.5));
#2705=CARTESIAN_POINT('',(22.9015561938286,6.88173204660416,12.5));
#2706=CARTESIAN_POINT('',(22.9015561938286,5.20000010728836,12.5));
#2707=CARTESIAN_POINT('',(22.9015561938286,3.44086602330208,12.5));
#2708=CARTESIAN_POINT('',(22.9015561938286,6.88173204660416,11.8));
#2709=CARTESIAN_POINT('',(22.9015561938286,6.88173204660416,12.5));
#2710=CARTESIAN_POINT('',(22.9015561938286,5.20000010728836,11.8));
#2711=CARTESIAN_POINT('',(22.9015561938286,6.88173204660416,11.8));
#2712=CARTESIAN_POINT('',(22.9015561938286,5.20000010728836,12.5));
#2713=CARTESIAN_POINT('Origin',(23.9412045478821,5.20000010728836,12.5));
#2714=CARTESIAN_POINT('',(23.9412045478821,5.20000010728836,12.5));
#2715=CARTESIAN_POINT('',(22.8310932735505,6.99571264697448,12.5));
#2716=CARTESIAN_POINT('',(23.9412045478821,5.20000010728836,11.8));
#2717=CARTESIAN_POINT('',(23.9412045478821,5.20000010728836,12.5));
#2718=CARTESIAN_POINT('',(23.9412045478821,5.20000010728836,11.8));
#2719=CARTESIAN_POINT('Origin',(24.4636672735214,5.20000010728836,12.5));
#2720=CARTESIAN_POINT('',(24.4636672735214,5.20000010728836,12.5));
#2721=CARTESIAN_POINT('',(15.9818336367607,5.20000010728836,12.5));
#2722=CARTESIAN_POINT('',(24.4636672735214,5.20000010728836,11.8));
#2723=CARTESIAN_POINT('',(24.4636672735214,5.20000010728836,12.5));
#2724=CARTESIAN_POINT('',(24.4636672735214,5.20000010728836,11.8));
#2725=CARTESIAN_POINT('Origin',(24.4636672735214,7.77889043092728,12.5));
#2726=CARTESIAN_POINT('',(24.4636672735214,7.77889043092728,12.5));
#2727=CARTESIAN_POINT('',(24.4636672735214,3.88944521546364,12.5));
#2728=CARTESIAN_POINT('',(24.4636672735214,7.77889043092728,11.8));
#2729=CARTESIAN_POINT('',(24.4636672735214,7.77889043092728,12.5));
#2730=CARTESIAN_POINT('',(24.4636672735214,7.77889043092728,11.8));
#2731=CARTESIAN_POINT('Origin',(23.9799052476883,7.77889043092728,12.5));
#2732=CARTESIAN_POINT('',(23.9799052476883,7.77889043092728,12.5));
#2733=CARTESIAN_POINT('',(15.7399526238441,7.77889043092728,12.5));
#2734=CARTESIAN_POINT('',(23.9799052476883,7.77889043092728,11.8));
#2735=CARTESIAN_POINT('',(23.9799052476883,7.77889043092728,12.5));
#2736=CARTESIAN_POINT('',(23.9799052476883,7.77889043092728,11.8));
#2737=CARTESIAN_POINT('Origin',(23.9799052476883,6.0566982626915,12.5));
#2738=CARTESIAN_POINT('',(23.9799052476883,6.0566982626915,12.5));
#2739=CARTESIAN_POINT('',(23.9799052476883,3.02834913134575,12.5));
#2740=CARTESIAN_POINT('',(23.9799052476883,6.0566982626915,11.8));
#2741=CARTESIAN_POINT('',(23.9799052476883,6.0566982626915,12.5));
#2742=CARTESIAN_POINT('',(23.9799052476883,6.0566982626915,11.8));
#2743=CARTESIAN_POINT('Origin',(22.9244250059128,7.77889043092728,12.5));
#2744=CARTESIAN_POINT('',(22.9244250059128,7.77889043092728,12.5));
#2745=CARTESIAN_POINT('',(22.5514572638755,8.38744954830184,12.5));
#2746=CARTESIAN_POINT('',(22.9244250059128,7.77889043092728,11.8));
#2747=CARTESIAN_POINT('',(22.9244250059128,7.77889043092728,12.5));
#2748=CARTESIAN_POINT('',(22.9244250059128,7.77889043092728,11.8));
#2749=CARTESIAN_POINT('Origin',(22.4177944660187,7.77889043092728,12.5));
#2750=CARTESIAN_POINT('',(22.4177944660187,7.77889043092728,12.5));
#2751=CARTESIAN_POINT('',(14.9588972330093,7.77889043092728,12.5));
#2752=CARTESIAN_POINT('',(22.4177944660187,7.77889043092728,11.8));
#2753=CARTESIAN_POINT('',(22.4177944660187,7.77889043092728,12.5));
#2754=CARTESIAN_POINT('',(22.4177944660187,7.77889043092728,11.8));
#2755=CARTESIAN_POINT('Origin',(22.4177944660187,5.20000010728836,12.5));
#2756=CARTESIAN_POINT('',(22.4177944660187,5.20000010728836,12.5));
#2757=CARTESIAN_POINT('',(22.4177944660187,2.60000005364418,12.5));
#2758=CARTESIAN_POINT('',(22.4177944660187,5.20000010728836,11.8));
#2759=CARTESIAN_POINT('',(22.4177944660187,5.20000010728836,12.5));
#2760=CARTESIAN_POINT('',(22.4177944660187,5.20000010728836,11.8));
#2761=CARTESIAN_POINT('Origin',(22.9015561938286,5.20000010728836,12.5));
#2762=CARTESIAN_POINT('',(15.2007780969143,5.20000010728836,12.5));
#2763=CARTESIAN_POINT('',(22.9015561938286,5.20000010728836,11.8));
#2764=CARTESIAN_POINT('Origin',(21.983288526535,6.48944526910782,11.8));
#2765=CARTESIAN_POINT('Ctrl Pts',(20.7554131746292,7.37780794501305,12.5));
#2766=CARTESIAN_POINT('Ctrl Pts',(20.7554131746292,7.37780794501305,11.8));
#2767=CARTESIAN_POINT('Ctrl Pts',(20.6541456457701,7.36952754148569,12.5));
#2768=CARTESIAN_POINT('Ctrl Pts',(20.6541456457701,7.36952754148569,11.8));
#2769=CARTESIAN_POINT('Ctrl Pts',(20.4563709871611,7.35335598087574,12.5));
#2770=CARTESIAN_POINT('Ctrl Pts',(20.4563709871611,7.35335598087574,11.8));
#2771=CARTESIAN_POINT('Ctrl Pts',(20.3085836667484,7.22141785971163,12.5));
#2772=CARTESIAN_POINT('Ctrl Pts',(20.3085836667484,7.22141785971163,11.8));
#2773=CARTESIAN_POINT('Ctrl Pts',(20.2364686131477,7.15703666210175,12.5));
#2774=CARTESIAN_POINT('Ctrl Pts',(20.2364686131477,7.15703666210175,11.8));
#2775=CARTESIAN_POINT('',(20.7554131746292,7.37780794501305,12.5));
#2776=CARTESIAN_POINT('',(20.2364686131477,7.15703666210175,12.5));
#2777=CARTESIAN_POINT('Ctrl Pts',(20.7554131746292,7.37780794501305,12.5));
#2778=CARTESIAN_POINT('Ctrl Pts',(20.6541456457701,7.36952754148569,12.5));
#2779=CARTESIAN_POINT('Ctrl Pts',(20.4563709871611,7.35335598087574,12.5));
#2780=CARTESIAN_POINT('Ctrl Pts',(20.3085836667484,7.22141785971163,12.5));
#2781=CARTESIAN_POINT('Ctrl Pts',(20.2364686131477,7.15703666210175,12.5));
#2782=CARTESIAN_POINT('',(20.7554131746292,7.37780794501305,11.8));
#2783=CARTESIAN_POINT('',(20.7554131746292,7.37780794501305,12.5));
#2784=CARTESIAN_POINT('',(20.2364686131477,7.15703666210175,11.8));
#2785=CARTESIAN_POINT('Ctrl Pts',(20.7554131746292,7.37780794501305,11.8));
#2786=CARTESIAN_POINT('Ctrl Pts',(20.6541456457701,7.36952754148569,11.8));
#2787=CARTESIAN_POINT('Ctrl Pts',(20.4563709871611,7.35335598087574,11.8));
#2788=CARTESIAN_POINT('Ctrl Pts',(20.3085836667484,7.22141785971163,11.8));
#2789=CARTESIAN_POINT('Ctrl Pts',(20.2364686131477,7.15703666210175,11.8));
#2790=CARTESIAN_POINT('',(20.2364686131477,7.15703666210175,12.5));
#2791=CARTESIAN_POINT('Ctrl Pts',(21.2717188894749,7.15967535972595,12.5));
#2792=CARTESIAN_POINT('Ctrl Pts',(21.2717188894749,7.15967535972595,11.8));
#2793=CARTESIAN_POINT('Ctrl Pts',(21.2001966305019,7.22328378571501,12.5));
#2794=CARTESIAN_POINT('Ctrl Pts',(21.2001966305019,7.22328378571501,11.8));
#2795=CARTESIAN_POINT('Ctrl Pts',(21.0530787563495,7.35412328301359,12.5));
#2796=CARTESIAN_POINT('Ctrl Pts',(21.0530787563495,7.35412328301359,11.8));
#2797=CARTESIAN_POINT('Ctrl Pts',(20.8564497702812,7.36976866279653,12.5));
#2798=CARTESIAN_POINT('Ctrl Pts',(20.8564497702812,7.36976866279653,11.8));
#2799=CARTESIAN_POINT('Ctrl Pts',(20.7554131746292,7.37780794501305,12.5));
#2800=CARTESIAN_POINT('Ctrl Pts',(20.7554131746292,7.37780794501305,11.8));
#2801=CARTESIAN_POINT('',(21.2717188894749,7.15967535972595,12.5));
#2802=CARTESIAN_POINT('Ctrl Pts',(21.2717188894749,7.15967535972595,12.5));
#2803=CARTESIAN_POINT('Ctrl Pts',(21.2001966305019,7.22328378571501,12.5));
#2804=CARTESIAN_POINT('Ctrl Pts',(21.0530787563495,7.35412328301359,12.5));
#2805=CARTESIAN_POINT('Ctrl Pts',(20.8564497702812,7.36976866279653,12.5));
#2806=CARTESIAN_POINT('Ctrl Pts',(20.7554131746292,7.37780794501305,12.5));
#2807=CARTESIAN_POINT('',(21.2717188894749,7.15967535972595,11.8));
#2808=CARTESIAN_POINT('',(21.2717188894749,7.15967535972595,12.5));
#2809=CARTESIAN_POINT('Ctrl Pts',(21.2717188894749,7.15967535972595,11.8));
#2810=CARTESIAN_POINT('Ctrl Pts',(21.2001966305019,7.22328378571501,11.8));
#2811=CARTESIAN_POINT('Ctrl Pts',(21.0530787563495,7.35412328301359,11.8));
#2812=CARTESIAN_POINT('Ctrl Pts',(20.8564497702812,7.36976866279653,11.8));
#2813=CARTESIAN_POINT('Ctrl Pts',(20.7554131746292,7.37780794501305,11.8));
#2814=CARTESIAN_POINT('Ctrl Pts',(21.4661031961441,6.49824097752571,12.5));
#2815=CARTESIAN_POINT('Ctrl Pts',(21.4661031961441,6.49824097752571,11.8));
#2816=CARTESIAN_POINT('Ctrl Pts',(21.4623716363908,6.6311913688906,12.5));
#2817=CARTESIAN_POINT('Ctrl Pts',(21.4623716363908,6.6311913688906,11.8));
#2818=CARTESIAN_POINT('Ctrl Pts',(21.4556671963434,6.87006143586661,12.5));
#2819=CARTESIAN_POINT('Ctrl Pts',(21.4556671963434,6.87006143586661,11.8));
#2820=CARTESIAN_POINT('Ctrl Pts',(21.3282279516254,7.07070573830547,12.5));
#2821=CARTESIAN_POINT('Ctrl Pts',(21.3282279516254,7.07070573830547,11.8));
#2822=CARTESIAN_POINT('Ctrl Pts',(21.2717188894749,7.15967535972595,12.5));
#2823=CARTESIAN_POINT('Ctrl Pts',(21.2717188894749,7.15967535972595,11.8));
#2824=CARTESIAN_POINT('',(21.4661031961441,6.49824097752571,12.5));
#2825=CARTESIAN_POINT('Ctrl Pts',(21.4661031961441,6.49824097752571,12.5));
#2826=CARTESIAN_POINT('Ctrl Pts',(21.4623716363908,6.6311913688906,12.5));
#2827=CARTESIAN_POINT('Ctrl Pts',(21.4556671963434,6.87006143586661,12.5));
#2828=CARTESIAN_POINT('Ctrl Pts',(21.3282279516254,7.07070573830547,12.5));
#2829=CARTESIAN_POINT('Ctrl Pts',(21.2717188894749,7.15967535972595,12.5));
#2830=CARTESIAN_POINT('',(21.4661031961441,6.49824097752571,11.8));
#2831=CARTESIAN_POINT('',(21.4661031961441,6.49824097752571,12.5));
#2832=CARTESIAN_POINT('Ctrl Pts',(21.4661031961441,6.49824097752571,11.8));
#2833=CARTESIAN_POINT('Ctrl Pts',(21.4623716363908,6.6311913688906,11.8));
#2834=CARTESIAN_POINT('Ctrl Pts',(21.4556671963434,6.87006143586661,11.8));
#2835=CARTESIAN_POINT('Ctrl Pts',(21.3282279516254,7.07070573830547,11.8));
#2836=CARTESIAN_POINT('Ctrl Pts',(21.2717188894749,7.15967535972595,11.8));
#2837=CARTESIAN_POINT('Ctrl Pts',(21.2664414942265,5.82537233829498,12.5));
#2838=CARTESIAN_POINT('Ctrl Pts',(21.2664414942265,5.82537233829498,11.8));
#2839=CARTESIAN_POINT('Ctrl Pts',(21.3244976808219,5.91623183850905,12.5));
#2840=CARTESIAN_POINT('Ctrl Pts',(21.3244976808219,5.91623183850905,11.8));
#2841=CARTESIAN_POINT('Ctrl Pts',(21.4548243231878,6.12019655414661,12.5));
#2842=CARTESIAN_POINT('Ctrl Pts',(21.4548243231878,6.12019655414661,11.8));
#2843=CARTESIAN_POINT('Ctrl Pts',(21.4620797955296,6.3633849355073,12.5));
#2844=CARTESIAN_POINT('Ctrl Pts',(21.4620797955296,6.3633849355073,11.8));
#2845=CARTESIAN_POINT('Ctrl Pts',(21.4661031961441,6.49824097752571,12.5));
#2846=CARTESIAN_POINT('Ctrl Pts',(21.4661031961441,6.49824097752571,11.8));
#2847=CARTESIAN_POINT('',(21.2664414942265,5.82537233829498,12.5));
#2848=CARTESIAN_POINT('Ctrl Pts',(21.2664414942265,5.82537233829498,12.5));
#2849=CARTESIAN_POINT('Ctrl Pts',(21.3244976808219,5.91623183850905,12.5));
#2850=CARTESIAN_POINT('Ctrl Pts',(21.4548243231878,6.12019655414661,12.5));
#2851=CARTESIAN_POINT('Ctrl Pts',(21.4620797955296,6.3633849355073,12.5));
#2852=CARTESIAN_POINT('Ctrl Pts',(21.4661031961441,6.49824097752571,12.5));
#2853=CARTESIAN_POINT('',(21.2664414942265,5.82537233829498,11.8));
#2854=CARTESIAN_POINT('',(21.2664414942265,5.82537233829498,12.5));
#2855=CARTESIAN_POINT('Ctrl Pts',(21.2664414942265,5.82537233829498,11.8));
#2856=CARTESIAN_POINT('Ctrl Pts',(21.3244976808219,5.91623183850905,11.8));
#2857=CARTESIAN_POINT('Ctrl Pts',(21.4548243231878,6.12019655414661,11.8));
#2858=CARTESIAN_POINT('Ctrl Pts',(21.4620797955296,6.3633849355073,11.8));
#2859=CARTESIAN_POINT('Ctrl Pts',(21.4661031961441,6.49824097752571,11.8));
#2860=CARTESIAN_POINT('Ctrl Pts',(20.7554131746292,5.6010827422142,12.5));
#2861=CARTESIAN_POINT('Ctrl Pts',(20.7554131746292,5.6010827422142,11.8));
#2862=CARTESIAN_POINT('Ctrl Pts',(20.8541946435173,5.61003478441082,12.5));
#2863=CARTESIAN_POINT('Ctrl Pts',(20.8541946435173,5.61003478441082,11.8));
#2864=CARTESIAN_POINT('Ctrl Pts',(21.0497316126538,5.62775526597901,12.5));
#2865=CARTESIAN_POINT('Ctrl Pts',(21.0497316126538,5.62775526597901,11.8));
#2866=CARTESIAN_POINT('Ctrl Pts',(21.194705561226,5.75995656234358,12.5));
#2867=CARTESIAN_POINT('Ctrl Pts',(21.194705561226,5.75995656234358,11.8));
#2868=CARTESIAN_POINT('Ctrl Pts',(21.2664414942265,5.82537233829498,12.5));
#2869=CARTESIAN_POINT('Ctrl Pts',(21.2664414942265,5.82537233829498,11.8));
#2870=CARTESIAN_POINT('',(20.7554131746292,5.6010827422142,12.5));
#2871=CARTESIAN_POINT('Ctrl Pts',(20.7554131746292,5.6010827422142,12.5));
#2872=CARTESIAN_POINT('Ctrl Pts',(20.8541946435173,5.61003478441082,12.5));
#2873=CARTESIAN_POINT('Ctrl Pts',(21.0497316126538,5.62775526597901,12.5));
#2874=CARTESIAN_POINT('Ctrl Pts',(21.194705561226,5.75995656234358,12.5));
#2875=CARTESIAN_POINT('Ctrl Pts',(21.2664414942265,5.82537233829498,12.5));
#2876=CARTESIAN_POINT('',(20.7554131746292,5.6010827422142,11.8));
#2877=CARTESIAN_POINT('',(20.7554131746292,5.6010827422142,12.5));
#2878=CARTESIAN_POINT('Ctrl Pts',(20.7554131746292,5.6010827422142,11.8));
#2879=CARTESIAN_POINT('Ctrl Pts',(20.8541946435173,5.61003478441082,11.8));
#2880=CARTESIAN_POINT('Ctrl Pts',(21.0497316126538,5.62775526597901,11.8));
#2881=CARTESIAN_POINT('Ctrl Pts',(21.194705561226,5.75995656234358,11.8));
#2882=CARTESIAN_POINT('Ctrl Pts',(21.2664414942265,5.82537233829498,11.8));
#2883=CARTESIAN_POINT('Ctrl Pts',(20.2417460083961,5.82713156938553,12.5));
#2884=CARTESIAN_POINT('Ctrl Pts',(20.2417460083961,5.82713156938553,11.8));
#2885=CARTESIAN_POINT('Ctrl Pts',(20.3141052050679,5.76120177285017,12.5));
#2886=CARTESIAN_POINT('Ctrl Pts',(20.3141052050679,5.76120177285017,11.8));
#2887=CARTESIAN_POINT('Ctrl Pts',(20.4599095569567,5.62835271293592,12.5));
#2888=CARTESIAN_POINT('Ctrl Pts',(20.4599095569567,5.62835271293592,11.8));
#2889=CARTESIAN_POINT('Ctrl Pts',(20.6564240851957,5.61021775582887,12.5));
#2890=CARTESIAN_POINT('Ctrl Pts',(20.6564240851957,5.61021775582887,11.8));
#2891=CARTESIAN_POINT('Ctrl Pts',(20.7554131746292,5.6010827422142,12.5));
#2892=CARTESIAN_POINT('Ctrl Pts',(20.7554131746292,5.6010827422142,11.8));
#2893=CARTESIAN_POINT('',(20.2417460083961,5.82713156938553,12.5));
#2894=CARTESIAN_POINT('Ctrl Pts',(20.2417460083961,5.82713156938553,12.5));
#2895=CARTESIAN_POINT('Ctrl Pts',(20.3141052050679,5.76120177285017,12.5));
#2896=CARTESIAN_POINT('Ctrl Pts',(20.4599095569567,5.62835271293592,12.5));
#2897=CARTESIAN_POINT('Ctrl Pts',(20.6564240851957,5.61021775582887,12.5));
#2898=CARTESIAN_POINT('Ctrl Pts',(20.7554131746292,5.6010827422142,12.5));
#2899=CARTESIAN_POINT('',(20.2417460083961,5.82713156938553,11.8));
#2900=CARTESIAN_POINT('',(20.2417460083961,5.82713156938553,12.5));
#2901=CARTESIAN_POINT('Ctrl Pts',(20.2417460083961,5.82713156938553,11.8));
#2902=CARTESIAN_POINT('Ctrl Pts',(20.3141052050679,5.76120177285017,11.8));
#2903=CARTESIAN_POINT('Ctrl Pts',(20.4599095569567,5.62835271293592,11.8));
#2904=CARTESIAN_POINT('Ctrl Pts',(20.6564240851957,5.61021775582887,11.8));
#2905=CARTESIAN_POINT('Ctrl Pts',(20.7554131746292,5.6010827422142,11.8));
#2906=CARTESIAN_POINT('Ctrl Pts',(20.0394456088543,6.49120450019836,12.5));
#2907=CARTESIAN_POINT('Ctrl Pts',(20.0394456088543,6.49120450019836,11.8));
#2908=CARTESIAN_POINT('Ctrl Pts',(20.0439336513832,6.35883962562484,12.5));
#2909=CARTESIAN_POINT('Ctrl Pts',(20.0439336513832,6.35883962562484,11.8));
#2910=CARTESIAN_POINT('Ctrl Pts',(20.0520925017386,6.11821240406973,12.5));
#2911=CARTESIAN_POINT('Ctrl Pts',(20.0520925017386,6.11821240406973,11.8));
#2912=CARTESIAN_POINT('Ctrl Pts',(20.1828954849192,5.91745554913775,12.5));
#2913=CARTESIAN_POINT('Ctrl Pts',(20.1828954849192,5.91745554913775,11.8));
#2914=CARTESIAN_POINT('Ctrl Pts',(20.2417460083961,5.82713156938553,12.5));
#2915=CARTESIAN_POINT('Ctrl Pts',(20.2417460083961,5.82713156938553,11.8));
#2916=CARTESIAN_POINT('',(20.0394456088543,6.49120450019836,12.5));
#2917=CARTESIAN_POINT('Ctrl Pts',(20.0394456088543,6.49120450019836,12.5));
#2918=CARTESIAN_POINT('Ctrl Pts',(20.0439336513832,6.35883962562484,12.5));
#2919=CARTESIAN_POINT('Ctrl Pts',(20.0520925017386,6.11821240406973,12.5));
#2920=CARTESIAN_POINT('Ctrl Pts',(20.1828954849192,5.91745554913775,12.5));
#2921=CARTESIAN_POINT('Ctrl Pts',(20.2417460083961,5.82713156938553,12.5));
#2922=CARTESIAN_POINT('',(20.0394456088543,6.49120450019836,11.8));
#2923=CARTESIAN_POINT('',(20.0394456088543,6.49120450019836,12.5));
#2924=CARTESIAN_POINT('Ctrl Pts',(20.0394456088543,6.49120450019836,11.8));
#2925=CARTESIAN_POINT('Ctrl Pts',(20.0439336513832,6.35883962562484,11.8));
#2926=CARTESIAN_POINT('Ctrl Pts',(20.0520925017386,6.11821240406973,11.8));
#2927=CARTESIAN_POINT('Ctrl Pts',(20.1828954849192,5.91745554913775,11.8));
#2928=CARTESIAN_POINT('Ctrl Pts',(20.2417460083961,5.82713156938553,11.8));
#2929=CARTESIAN_POINT('Ctrl Pts',(20.2364686131477,7.15703666210175,12.5));
#2930=CARTESIAN_POINT('Ctrl Pts',(20.2364686131477,7.15703666210175,11.8));
#2931=CARTESIAN_POINT('Ctrl Pts',(20.1791853512023,7.0673102750115,12.5));
#2932=CARTESIAN_POINT('Ctrl Pts',(20.1791853512023,7.0673102750115,11.8));
#2933=CARTESIAN_POINT('Ctrl Pts',(20.0503289450882,6.8654743567803,12.5));
#2934=CARTESIAN_POINT('Ctrl Pts',(20.0503289450882,6.8654743567803,11.8));
#2935=CARTESIAN_POINT('Ctrl Pts',(20.0433320347441,6.62485580244054,12.5));
#2936=CARTESIAN_POINT('Ctrl Pts',(20.0433320347441,6.62485580244054,11.8));
#2937=CARTESIAN_POINT('Ctrl Pts',(20.0394456088543,6.49120450019836,12.5));
#2938=CARTESIAN_POINT('Ctrl Pts',(20.0394456088543,6.49120450019836,11.8));
#2939=CARTESIAN_POINT('Ctrl Pts',(20.2364686131477,7.15703666210175,12.5));
#2940=CARTESIAN_POINT('Ctrl Pts',(20.1791853512023,7.0673102750115,12.5));
#2941=CARTESIAN_POINT('Ctrl Pts',(20.0503289450882,6.8654743567803,12.5));
#2942=CARTESIAN_POINT('Ctrl Pts',(20.0433320347441,6.62485580244054,12.5));
#2943=CARTESIAN_POINT('Ctrl Pts',(20.0394456088543,6.49120450019836,12.5));
#2944=CARTESIAN_POINT('Ctrl Pts',(20.2364686131477,7.15703666210175,11.8));
#2945=CARTESIAN_POINT('Ctrl Pts',(20.1791853512023,7.0673102750115,11.8));
#2946=CARTESIAN_POINT('Ctrl Pts',(20.0503289450882,6.8654743567803,11.8));
#2947=CARTESIAN_POINT('Ctrl Pts',(20.0433320347441,6.62485580244054,11.8));
#2948=CARTESIAN_POINT('Ctrl Pts',(20.0394456088543,6.49120450019836,11.8));
#2949=CARTESIAN_POINT('Ctrl Pts',(20.7571722567081,5.15602171421051,12.5));
#2950=CARTESIAN_POINT('Ctrl Pts',(20.7571722567081,5.15602171421051,11.8));
#2951=CARTESIAN_POINT('Ctrl Pts',(20.578154195141,5.16775140803815,12.5));
#2952=CARTESIAN_POINT('Ctrl Pts',(20.578154195141,5.16775140803815,11.8));
#2953=CARTESIAN_POINT('Ctrl Pts',(20.2359019994519,5.19017659481609,12.5));
#2954=CARTESIAN_POINT('Ctrl Pts',(20.2359019994519,5.19017659481609,11.8));
#2955=CARTESIAN_POINT('Ctrl Pts',(19.9694869078504,5.40466890078742,12.5));
#2956=CARTESIAN_POINT('Ctrl Pts',(19.9694869078504,5.40466890078742,11.8));
#2957=CARTESIAN_POINT('Ctrl Pts',(19.8424226045609,5.50696909427643,12.5));
#2958=CARTESIAN_POINT('Ctrl Pts',(19.8424226045609,5.50696909427643,11.8));
#2959=CARTESIAN_POINT('',(20.7571722567081,5.15602171421051,12.5));
#2960=CARTESIAN_POINT('',(19.8424226045609,5.50696909427643,12.5));
#2961=CARTESIAN_POINT('Ctrl Pts',(20.7571722567081,5.15602171421051,12.5));
#2962=CARTESIAN_POINT('Ctrl Pts',(20.578154195141,5.16775140803815,12.5));
#2963=CARTESIAN_POINT('Ctrl Pts',(20.2359019994519,5.19017659481609,12.5));
#2964=CARTESIAN_POINT('Ctrl Pts',(19.9694869078504,5.40466890078742,12.5));
#2965=CARTESIAN_POINT('Ctrl Pts',(19.8424226045609,5.50696909427643,12.5));
#2966=CARTESIAN_POINT('',(20.7571722567081,5.15602171421051,11.8));
#2967=CARTESIAN_POINT('',(20.7571722567081,5.15602171421051,12.5));
#2968=CARTESIAN_POINT('',(19.8424226045609,5.50696909427643,11.8));
#2969=CARTESIAN_POINT('Ctrl Pts',(20.7571722567081,5.15602171421051,11.8));
#2970=CARTESIAN_POINT('Ctrl Pts',(20.578154195141,5.16775140803815,11.8));
#2971=CARTESIAN_POINT('Ctrl Pts',(20.2359019994519,5.19017659481609,11.8));
#2972=CARTESIAN_POINT('Ctrl Pts',(19.9694869078504,5.40466890078742,11.8));
#2973=CARTESIAN_POINT('Ctrl Pts',(19.8424226045609,5.50696909427643,11.8));
#2974=CARTESIAN_POINT('',(19.8424226045609,5.50696909427643,12.5));
#2975=CARTESIAN_POINT('Ctrl Pts',(21.6648852825165,5.50872802734375,12.5));
#2976=CARTESIAN_POINT('Ctrl Pts',(21.6648852825165,5.50872802734375,11.8));
#2977=CARTESIAN_POINT('Ctrl Pts',(21.5384984635519,5.40590513147207,12.5));
#2978=CARTESIAN_POINT('Ctrl Pts',(21.5384984635519,5.40590513147207,11.8));
#2979=CARTESIAN_POINT('Ctrl Pts',(21.2746490268082,5.19124854479335,12.5));
#2980=CARTESIAN_POINT('Ctrl Pts',(21.2746490268082,5.19124854479335,11.8));
#2981=CARTESIAN_POINT('Ctrl Pts',(20.9344251217945,5.16808806580251,12.5));
#2982=CARTESIAN_POINT('Ctrl Pts',(20.9344251217945,5.16808806580251,11.8));
#2983=CARTESIAN_POINT('Ctrl Pts',(20.7571722567081,5.15602171421051,12.5));
#2984=CARTESIAN_POINT('Ctrl Pts',(20.7571722567081,5.15602171421051,11.8));
#2985=CARTESIAN_POINT('',(21.6648852825165,5.50872802734375,12.5));
#2986=CARTESIAN_POINT('Ctrl Pts',(21.6648852825165,5.50872802734375,12.5));
#2987=CARTESIAN_POINT('Ctrl Pts',(21.5384984635519,5.40590513147207,12.5));
#2988=CARTESIAN_POINT('Ctrl Pts',(21.2746490268082,5.19124854479335,12.5));
#2989=CARTESIAN_POINT('Ctrl Pts',(20.9344251217945,5.16808806580251,12.5));
#2990=CARTESIAN_POINT('Ctrl Pts',(20.7571722567081,5.15602171421051,12.5));
#2991=CARTESIAN_POINT('',(21.6648852825165,5.50872802734375,11.8));
#2992=CARTESIAN_POINT('',(21.6648852825165,5.50872802734375,12.5));
#2993=CARTESIAN_POINT('Ctrl Pts',(21.6648852825165,5.50872802734375,11.8));
#2994=CARTESIAN_POINT('Ctrl Pts',(21.5384984635519,5.40590513147207,11.8));
#2995=CARTESIAN_POINT('Ctrl Pts',(21.2746490268082,5.19124854479335,11.8));
#2996=CARTESIAN_POINT('Ctrl Pts',(20.9344251217945,5.16808806580251,11.8));
#2997=CARTESIAN_POINT('Ctrl Pts',(20.7571722567081,5.15602171421051,11.8));
#2998=CARTESIAN_POINT('Ctrl Pts',(22.0043981075287,6.48592710494995,12.5));
#2999=CARTESIAN_POINT('Ctrl Pts',(22.0043981075287,6.48592710494995,11.8));
#3000=CARTESIAN_POINT('Ctrl Pts',(21.9944905742137,6.29374563480084,12.5));
#3001=CARTESIAN_POINT('Ctrl Pts',(21.9944905742137,6.29374563480084,11.8));
#3002=CARTESIAN_POINT('Ctrl Pts',(21.975929603419,5.93370903019968,12.5));
#3003=CARTESIAN_POINT('Ctrl Pts',(21.975929603419,5.93370903019968,11.8));
#3004=CARTESIAN_POINT('Ctrl Pts',(21.7637888690725,5.64386036243558,12.5));
#3005=CARTESIAN_POINT('Ctrl Pts',(21.7637888690725,5.64386036243558,11.8));
#3006=CARTESIAN_POINT('Ctrl Pts',(21.6648852825165,5.50872802734375,12.5));
#3007=CARTESIAN_POINT('Ctrl Pts',(21.6648852825165,5.50872802734375,11.8));
#3008=CARTESIAN_POINT('',(22.0043981075287,6.48592710494995,12.5));
#3009=CARTESIAN_POINT('Ctrl Pts',(22.0043981075287,6.48592710494995,12.5));
#3010=CARTESIAN_POINT('Ctrl Pts',(21.9944905742137,6.29374563480084,12.5));
#3011=CARTESIAN_POINT('Ctrl Pts',(21.975929603419,5.93370903019968,12.5));
#3012=CARTESIAN_POINT('Ctrl Pts',(21.7637888690725,5.64386036243558,12.5));
#3013=CARTESIAN_POINT('Ctrl Pts',(21.6648852825165,5.50872802734375,12.5));
#3014=CARTESIAN_POINT('',(22.0043981075287,6.48592710494995,11.8));
#3015=CARTESIAN_POINT('',(22.0043981075287,6.48592710494995,12.5));
#3016=CARTESIAN_POINT('Ctrl Pts',(22.0043981075287,6.48592710494995,11.8));
#3017=CARTESIAN_POINT('Ctrl Pts',(21.9944905742137,6.29374563480084,11.8));
#3018=CARTESIAN_POINT('Ctrl Pts',(21.975929603419,5.93370903019968,11.8));
#3019=CARTESIAN_POINT('Ctrl Pts',(21.7637888690725,5.64386036243558,11.8));
#3020=CARTESIAN_POINT('Ctrl Pts',(21.6648852825165,5.50872802734375,11.8));
#3021=CARTESIAN_POINT('Ctrl Pts',(21.6622465848923,7.46928289532661,12.5));
#3022=CARTESIAN_POINT('Ctrl Pts',(21.6622465848923,7.46928289532661,11.8));
#3023=CARTESIAN_POINT('Ctrl Pts',(21.7619153278792,7.33354026963564,12.5));
#3024=CARTESIAN_POINT('Ctrl Pts',(21.7619153278792,7.33354026963564,11.8));
#3025=CARTESIAN_POINT('Ctrl Pts',(21.9759224855445,7.04207583828452,12.5));
#3026=CARTESIAN_POINT('Ctrl Pts',(21.9759224855445,7.04207583828452,11.8));
#3027=CARTESIAN_POINT('Ctrl Pts',(21.9944821599756,6.67959246806416,12.5));
#3028=CARTESIAN_POINT('Ctrl Pts',(21.9944821599756,6.67959246806416,11.8));
#3029=CARTESIAN_POINT('Ctrl Pts',(22.0043981075287,6.48592710494995,12.5));
#3030=CARTESIAN_POINT('Ctrl Pts',(22.0043981075287,6.48592710494995,11.8));
#3031=CARTESIAN_POINT('',(21.6622465848923,7.46928289532661,12.5));
#3032=CARTESIAN_POINT('Ctrl Pts',(21.6622465848923,7.46928289532661,12.5));
#3033=CARTESIAN_POINT('Ctrl Pts',(21.7619153278792,7.33354026963564,12.5));
#3034=CARTESIAN_POINT('Ctrl Pts',(21.9759224855445,7.04207583828452,12.5));
#3035=CARTESIAN_POINT('Ctrl Pts',(21.9944821599756,6.67959246806416,12.5));
#3036=CARTESIAN_POINT('Ctrl Pts',(22.0043981075287,6.48592710494995,12.5));
#3037=CARTESIAN_POINT('',(21.6622465848923,7.46928289532661,11.8));
#3038=CARTESIAN_POINT('',(21.6622465848923,7.46928289532661,12.5));
#3039=CARTESIAN_POINT('Ctrl Pts',(21.6622465848923,7.46928289532661,11.8));
#3040=CARTESIAN_POINT('Ctrl Pts',(21.7619153278792,7.33354026963564,11.8));
#3041=CARTESIAN_POINT('Ctrl Pts',(21.9759224855445,7.04207583828452,11.8));
#3042=CARTESIAN_POINT('Ctrl Pts',(21.9944821599756,6.67959246806416,11.8));
#3043=CARTESIAN_POINT('Ctrl Pts',(22.0043981075287,6.48592710494995,11.8));
#3044=CARTESIAN_POINT('Ctrl Pts',(20.7501357793808,7.82286882400513,12.5));
#3045=CARTESIAN_POINT('Ctrl Pts',(20.7501357793808,7.82286882400513,11.8));
#3046=CARTESIAN_POINT('Ctrl Pts',(20.9280313171591,7.81073403743359,12.5));
#3047=CARTESIAN_POINT('Ctrl Pts',(20.9280313171591,7.81073403743359,11.8));
#3048=CARTESIAN_POINT('Ctrl Pts',(21.2696773000803,7.78742934335553,12.5));
#3049=CARTESIAN_POINT('Ctrl Pts',(21.2696773000803,7.78742934335553,11.8));
#3050=CARTESIAN_POINT('Ctrl Pts',(21.5350525811997,7.57236360502797,12.5));
#3051=CARTESIAN_POINT('Ctrl Pts',(21.5350525811997,7.57236360502797,11.8));
#3052=CARTESIAN_POINT('Ctrl Pts',(21.6622465848923,7.46928289532661,12.5));
#3053=CARTESIAN_POINT('Ctrl Pts',(21.6622465848923,7.46928289532661,11.8));
#3054=CARTESIAN_POINT('',(20.7501357793808,7.82286882400513,12.5));
#3055=CARTESIAN_POINT('Ctrl Pts',(20.7501357793808,7.82286882400513,12.5));
#3056=CARTESIAN_POINT('Ctrl Pts',(20.9280313171591,7.81073403743359,12.5));
#3057=CARTESIAN_POINT('Ctrl Pts',(21.2696773000803,7.78742934335553,12.5));
#3058=CARTESIAN_POINT('Ctrl Pts',(21.5350525811997,7.57236360502797,12.5));
#3059=CARTESIAN_POINT('Ctrl Pts',(21.6622465848923,7.46928289532661,12.5));
#3060=CARTESIAN_POINT('',(20.7501357793808,7.82286882400513,11.8));
#3061=CARTESIAN_POINT('',(20.7501357793808,7.82286882400513,12.5));
#3062=CARTESIAN_POINT('Ctrl Pts',(20.7501357793808,7.82286882400513,11.8));
#3063=CARTESIAN_POINT('Ctrl Pts',(20.9280313171591,7.81073403743359,11.8));
#3064=CARTESIAN_POINT('Ctrl Pts',(21.2696773000803,7.78742934335553,11.8));
#3065=CARTESIAN_POINT('Ctrl Pts',(21.5350525811997,7.57236360502797,11.8));
#3066=CARTESIAN_POINT('Ctrl Pts',(21.6622465848923,7.46928289532661,11.8));
#3067=CARTESIAN_POINT('Ctrl Pts',(20.1942493766546,7.72083908319473,12.5));
#3068=CARTESIAN_POINT('Ctrl Pts',(20.1942493766546,7.72083908319473,11.8));
#3069=CARTESIAN_POINT('Ctrl Pts',(20.2799422332553,7.75057943409154,12.5));
#3070=CARTESIAN_POINT('Ctrl Pts',(20.2799422332553,7.75057943409154,11.8));
#3071=CARTESIAN_POINT('Ctrl Pts',(20.4598771705415,7.81302720845412,12.5));
#3072=CARTESIAN_POINT('Ctrl Pts',(20.4598771705415,7.81302720845412,11.8));
#3073=CARTESIAN_POINT('Ctrl Pts',(20.650366019551,7.81948599369464,12.5));
#3074=CARTESIAN_POINT('Ctrl Pts',(20.650366019551,7.81948599369464,11.8));
#3075=CARTESIAN_POINT('Ctrl Pts',(20.7501357793808,7.82286882400513,12.5));
#3076=CARTESIAN_POINT('Ctrl Pts',(20.7501357793808,7.82286882400513,11.8));
#3077=CARTESIAN_POINT('',(20.1942493766546,7.72083908319473,12.5));
#3078=CARTESIAN_POINT('Ctrl Pts',(20.1942493766546,7.72083908319473,12.5));
#3079=CARTESIAN_POINT('Ctrl Pts',(20.2799422332553,7.75057943409154,12.5));
#3080=CARTESIAN_POINT('Ctrl Pts',(20.4598771705415,7.81302720845412,12.5));
#3081=CARTESIAN_POINT('Ctrl Pts',(20.650366019551,7.81948599369464,12.5));
#3082=CARTESIAN_POINT('Ctrl Pts',(20.7501357793808,7.82286882400513,12.5));
#3083=CARTESIAN_POINT('',(20.1942493766546,7.72083908319473,11.8));
#3084=CARTESIAN_POINT('',(20.1942493766546,7.72083908319473,12.5));
#3085=CARTESIAN_POINT('Ctrl Pts',(20.1942493766546,7.72083908319473,11.8));
#3086=CARTESIAN_POINT('Ctrl Pts',(20.2799422332553,7.75057943409154,11.8));
#3087=CARTESIAN_POINT('Ctrl Pts',(20.4598771705415,7.81302720845412,11.8));
#3088=CARTESIAN_POINT('Ctrl Pts',(20.650366019551,7.81948599369464,11.8));
#3089=CARTESIAN_POINT('Ctrl Pts',(20.7501357793808,7.82286882400513,11.8));
#3090=CARTESIAN_POINT('Ctrl Pts',(19.8608935251832,7.48863339424133,12.5));
#3091=CARTESIAN_POINT('Ctrl Pts',(19.8608935251832,7.48863339424133,11.8));
#3092=CARTESIAN_POINT('Ctrl Pts',(19.9119549193478,7.53708032549641,12.5));
#3093=CARTESIAN_POINT('Ctrl Pts',(19.9119549193478,7.53708032549641,11.8));
#3094=CARTESIAN_POINT('Ctrl Pts',(20.0113613211367,7.63139688681584,12.5));
#3095=CARTESIAN_POINT('Ctrl Pts',(20.0113613211367,7.63139688681584,11.8));
#3096=CARTESIAN_POINT('Ctrl Pts',(20.1344074809088,7.69157314466295,12.5));
#3097=CARTESIAN_POINT('Ctrl Pts',(20.1344074809088,7.69157314466295,11.8));
#3098=CARTESIAN_POINT('Ctrl Pts',(20.1942493766546,7.72083908319473,12.5));
#3099=CARTESIAN_POINT('Ctrl Pts',(20.1942493766546,7.72083908319473,11.8));
#3100=CARTESIAN_POINT('',(19.8608935251832,7.48863339424133,12.5));
#3101=CARTESIAN_POINT('Ctrl Pts',(19.8608935251832,7.48863339424133,12.5));
#3102=CARTESIAN_POINT('Ctrl Pts',(19.9119549193478,7.53708032549641,12.5));
#3103=CARTESIAN_POINT('Ctrl Pts',(20.0113613211367,7.63139688681584,12.5));
#3104=CARTESIAN_POINT('Ctrl Pts',(20.1344074809088,7.69157314466295,12.5));
#3105=CARTESIAN_POINT('Ctrl Pts',(20.1942493766546,7.72083908319473,12.5));
#3106=CARTESIAN_POINT('',(19.8608935251832,7.48863339424133,11.8));
#3107=CARTESIAN_POINT('',(19.8608935251832,7.48863339424133,12.5));
#3108=CARTESIAN_POINT('Ctrl Pts',(19.8608935251832,7.48863339424133,11.8));
#3109=CARTESIAN_POINT('Ctrl Pts',(19.9119549193478,7.53708032549641,11.8));
#3110=CARTESIAN_POINT('Ctrl Pts',(20.0113613211367,7.63139688681584,11.8));
#3111=CARTESIAN_POINT('Ctrl Pts',(20.1344074809088,7.69157314466295,11.8));
#3112=CARTESIAN_POINT('Ctrl Pts',(20.1942493766546,7.72083908319473,11.8));
#3113=CARTESIAN_POINT('Ctrl Pts',(19.6207717433572,7.13504746556282,12.5));
#3114=CARTESIAN_POINT('Ctrl Pts',(19.6207717433572,7.13504746556282,11.8));
#3115=CARTESIAN_POINT('Ctrl Pts',(19.6528421203931,7.19911428294324,12.5));
#3116=CARTESIAN_POINT('Ctrl Pts',(19.6528421203931,7.19911428294324,11.8));
#3117=CARTESIAN_POINT('Ctrl Pts',(19.7171770795544,7.32763588015288,12.5));
#3118=CARTESIAN_POINT('Ctrl Pts',(19.7171770795544,7.32763588015288,11.8));
#3119=CARTESIAN_POINT('Ctrl Pts',(19.8128917334459,7.43485966564898,12.5));
#3120=CARTESIAN_POINT('Ctrl Pts',(19.8128917334459,7.43485966564898,11.8));
#3121=CARTESIAN_POINT('Ctrl Pts',(19.8608935251832,7.48863339424133,12.5));
#3122=CARTESIAN_POINT('Ctrl Pts',(19.8608935251832,7.48863339424133,11.8));
#3123=CARTESIAN_POINT('',(19.6207717433572,7.13504746556282,12.5));
#3124=CARTESIAN_POINT('Ctrl Pts',(19.6207717433572,7.13504746556282,12.5));
#3125=CARTESIAN_POINT('Ctrl Pts',(19.6528421203931,7.19911428294324,12.5));
#3126=CARTESIAN_POINT('Ctrl Pts',(19.7171770795544,7.32763588015288,12.5));
#3127=CARTESIAN_POINT('Ctrl Pts',(19.8128917334459,7.43485966564898,12.5));
#3128=CARTESIAN_POINT('Ctrl Pts',(19.8608935251832,7.48863339424133,12.5));
#3129=CARTESIAN_POINT('',(19.6207717433572,7.13504746556282,11.8));
#3130=CARTESIAN_POINT('',(19.6207717433572,7.13504746556282,12.5));
#3131=CARTESIAN_POINT('Ctrl Pts',(19.6207717433572,7.13504746556282,11.8));
#3132=CARTESIAN_POINT('Ctrl Pts',(19.6528421203931,7.19911428294324,11.8));
#3133=CARTESIAN_POINT('Ctrl Pts',(19.7171770795544,7.32763588015288,11.8));
#3134=CARTESIAN_POINT('Ctrl Pts',(19.8128917334459,7.43485966564898,11.8));
#3135=CARTESIAN_POINT('Ctrl Pts',(19.8608935251832,7.48863339424133,11.8));
#3136=CARTESIAN_POINT('Ctrl Pts',(19.5029097795486,6.47361308336258,12.5));
#3137=CARTESIAN_POINT('Ctrl Pts',(19.5029097795486,6.47361308336258,11.8));
#3138=CARTESIAN_POINT('Ctrl Pts',(19.5061288758927,6.59563759661537,12.5));
#3139=CARTESIAN_POINT('Ctrl Pts',(19.5061288758927,6.59563759661537,11.8));
#3140=CARTESIAN_POINT('Ctrl Pts',(19.5121090193432,6.82232360279038,12.5));
#3141=CARTESIAN_POINT('Ctrl Pts',(19.5121090193432,6.82232360279038,11.8));
#3142=CARTESIAN_POINT('Ctrl Pts',(19.5864488559013,7.03626855086046,12.5));
#3143=CARTESIAN_POINT('Ctrl Pts',(19.5864488559013,7.03626855086046,11.8));
#3144=CARTESIAN_POINT('Ctrl Pts',(19.6207717433572,7.13504746556282,12.5));
#3145=CARTESIAN_POINT('Ctrl Pts',(19.6207717433572,7.13504746556282,11.8));
#3146=CARTESIAN_POINT('',(19.5029097795486,6.47361308336258,12.5));
#3147=CARTESIAN_POINT('Ctrl Pts',(19.5029097795486,6.47361308336258,12.5));
#3148=CARTESIAN_POINT('Ctrl Pts',(19.5061288758927,6.59563759661537,12.5));
#3149=CARTESIAN_POINT('Ctrl Pts',(19.5121090193432,6.82232360279038,12.5));
#3150=CARTESIAN_POINT('Ctrl Pts',(19.5864488559013,7.03626855086046,12.5));
#3151=CARTESIAN_POINT('Ctrl Pts',(19.6207717433572,7.13504746556282,12.5));
#3152=CARTESIAN_POINT('',(19.5029097795486,6.47361308336258,11.8));
#3153=CARTESIAN_POINT('',(19.5029097795486,6.47361308336258,12.5));
#3154=CARTESIAN_POINT('Ctrl Pts',(19.5029097795486,6.47361308336258,11.8));
#3155=CARTESIAN_POINT('Ctrl Pts',(19.5061288758927,6.59563759661537,11.8));
#3156=CARTESIAN_POINT('Ctrl Pts',(19.5121090193432,6.82232360279038,11.8));
#3157=CARTESIAN_POINT('Ctrl Pts',(19.5864488559013,7.03626855086046,11.8));
#3158=CARTESIAN_POINT('Ctrl Pts',(19.6207717433572,7.13504746556282,11.8));
#3159=CARTESIAN_POINT('Ctrl Pts',(19.8424226045609,5.50696909427643,12.5));
#3160=CARTESIAN_POINT('Ctrl Pts',(19.8424226045609,5.50696909427643,11.8));
#3161=CARTESIAN_POINT('Ctrl Pts',(19.7435083742194,5.64087994870988,12.5));
#3162=CARTESIAN_POINT('Ctrl Pts',(19.7435083742194,5.64087994870988,11.8));
#3163=CARTESIAN_POINT('Ctrl Pts',(19.53205581254,5.92714607147983,12.5));
#3164=CARTESIAN_POINT('Ctrl Pts',(19.53205581254,5.92714607147983,11.8));
#3165=CARTESIAN_POINT('Ctrl Pts',(19.5130336626227,6.28379760714419,12.5));
#3166=CARTESIAN_POINT('Ctrl Pts',(19.5130336626227,6.28379760714419,11.8));
#3167=CARTESIAN_POINT('Ctrl Pts',(19.5029097795486,6.47361308336258,12.5));
#3168=CARTESIAN_POINT('Ctrl Pts',(19.5029097795486,6.47361308336258,11.8));
#3169=CARTESIAN_POINT('Ctrl Pts',(19.8424226045609,5.50696909427643,12.5));
#3170=CARTESIAN_POINT('Ctrl Pts',(19.7435083742194,5.64087994870988,12.5));
#3171=CARTESIAN_POINT('Ctrl Pts',(19.53205581254,5.92714607147983,12.5));
#3172=CARTESIAN_POINT('Ctrl Pts',(19.5130336626227,6.28379760714419,12.5));
#3173=CARTESIAN_POINT('Ctrl Pts',(19.5029097795486,6.47361308336258,12.5));
#3174=CARTESIAN_POINT('Ctrl Pts',(19.8424226045609,5.50696909427643,11.8));
#3175=CARTESIAN_POINT('Ctrl Pts',(19.7435083742194,5.64087994870988,11.8));
#3176=CARTESIAN_POINT('Ctrl Pts',(19.53205581254,5.92714607147983,11.8));
#3177=CARTESIAN_POINT('Ctrl Pts',(19.5130336626227,6.28379760714419,11.8));
#3178=CARTESIAN_POINT('Ctrl Pts',(19.5029097795486,6.47361308336258,11.8));
#3179=CARTESIAN_POINT('Origin',(21.983288526535,6.48944526910782,11.8));
#3180=CARTESIAN_POINT('Origin',(21.9674565643072,-6.70405961573124,12.5));
#3181=CARTESIAN_POINT('',(21.9674565643072,-6.70405961573124,12.5));
#3182=CARTESIAN_POINT('',(21.9674565643072,-7.80000008642673,12.5));
#3183=CARTESIAN_POINT('',(21.9674565643072,-3.35202980786562,12.5));
#3184=CARTESIAN_POINT('',(21.9674565643072,-6.70405961573124,11.8));
#3185=CARTESIAN_POINT('',(21.9674565643072,-6.70405961573124,12.5));
#3186=CARTESIAN_POINT('',(21.9674565643072,-7.80000008642673,11.8));
#3187=CARTESIAN_POINT('',(21.9674565643072,-6.70405961573124,11.8));
#3188=CARTESIAN_POINT('',(21.9674565643072,-7.80000008642673,12.5));
#3189=CARTESIAN_POINT('Origin',(23.0440463870764,-6.70405961573124,12.5));
#3190=CARTESIAN_POINT('',(23.0440463870764,-6.70405961573124,12.5));
#3191=CARTESIAN_POINT('',(15.2720231935382,-6.70405961573124,12.5));
#3192=CARTESIAN_POINT('',(23.0440463870764,-6.70405961573124,11.8));
#3193=CARTESIAN_POINT('',(23.0440463870764,-6.70405961573124,12.5));
#3194=CARTESIAN_POINT('',(23.0440463870764,-6.70405961573124,11.8));
#3195=CARTESIAN_POINT('Origin',(23.0440463870764,-6.26779444515705,12.5));
#3196=CARTESIAN_POINT('',(23.0440463870764,-6.26779444515705,12.5));
#3197=CARTESIAN_POINT('',(23.0440463870764,-3.13389722257852,12.5));
#3198=CARTESIAN_POINT('',(23.0440463870764,-6.26779444515705,11.8));
#3199=CARTESIAN_POINT('',(23.0440463870764,-6.26779444515705,12.5));
#3200=CARTESIAN_POINT('',(23.0440463870764,-6.26779444515705,11.8));
#3201=CARTESIAN_POINT('Origin',(21.9674565643072,-6.26779444515705,12.5));
#3202=CARTESIAN_POINT('',(21.9674565643072,-6.26779444515705,12.5));
#3203=CARTESIAN_POINT('',(14.7337282821536,-6.26779444515705,12.5));
#3204=CARTESIAN_POINT('',(21.9674565643072,-6.26779444515705,11.8));
#3205=CARTESIAN_POINT('',(21.9674565643072,-6.26779444515705,12.5));
#3206=CARTESIAN_POINT('',(21.9674565643072,-6.26779444515705,11.8));
#3207=CARTESIAN_POINT('Origin',(21.9674565643072,-5.65737508237362,12.5));
#3208=CARTESIAN_POINT('',(21.9674565643072,-5.65737508237362,12.5));
#3209=CARTESIAN_POINT('',(21.9674565643072,-2.82868754118681,12.5));
#3210=CARTESIAN_POINT('',(21.9674565643072,-5.65737508237362,11.8));
#3211=CARTESIAN_POINT('',(21.9674565643072,-5.65737508237362,12.5));
#3212=CARTESIAN_POINT('',(21.9674565643072,-5.65737508237362,11.8));
#3213=CARTESIAN_POINT('Origin',(23.2146822661161,-5.65737508237362,12.5));
#3214=CARTESIAN_POINT('',(23.2146822661161,-5.65737508237362,12.5));
#3215=CARTESIAN_POINT('',(15.3573411330581,-5.65737508237362,12.5));
#3216=CARTESIAN_POINT('',(23.2146822661161,-5.65737508237362,11.8));
#3217=CARTESIAN_POINT('',(23.2146822661161,-5.65737508237362,12.5));
#3218=CARTESIAN_POINT('',(23.2146822661161,-5.65737508237362,11.8));
#3219=CARTESIAN_POINT('Origin',(23.2146822661161,-5.22110976278782,12.5));
#3220=CARTESIAN_POINT('',(23.2146822661161,-5.22110976278782,12.5));
#3221=CARTESIAN_POINT('',(23.2146822661161,-2.61055488139391,12.5));
#3222=CARTESIAN_POINT('',(23.2146822661161,-5.22110976278782,11.8));
#3223=CARTESIAN_POINT('',(23.2146822661161,-5.22110976278782,12.5));
#3224=CARTESIAN_POINT('',(23.2146822661161,-5.22110976278782,11.8));
#3225=CARTESIAN_POINT('Origin',(21.4467527717352,-5.22110976278782,12.5));
#3226=CARTESIAN_POINT('',(21.4467527717352,-5.22110976278782,12.5));
#3227=CARTESIAN_POINT('',(14.4733763858676,-5.22110976278782,12.5));
#3228=CARTESIAN_POINT('',(21.4467527717352,-5.22110976278782,11.8));
#3229=CARTESIAN_POINT('',(21.4467527717352,-5.22110976278782,12.5));
#3230=CARTESIAN_POINT('',(21.4467527717352,-5.22110976278782,11.8));
#3231=CARTESIAN_POINT('Origin',(21.4467527717352,-7.80000008642673,12.5));
#3232=CARTESIAN_POINT('',(21.4467527717352,-7.80000008642673,12.5));
#3233=CARTESIAN_POINT('',(21.4467527717352,-3.90000004321337,12.5));
#3234=CARTESIAN_POINT('',(21.4467527717352,-7.80000008642673,11.8));
#3235=CARTESIAN_POINT('',(21.4467527717352,-7.80000008642673,12.5));
#3236=CARTESIAN_POINT('',(21.4467527717352,-7.80000008642673,11.8));
#3237=CARTESIAN_POINT('Origin',(21.9674565643072,-7.80000008642673,12.5));
#3238=CARTESIAN_POINT('',(14.7337282821536,-7.80000008642673,12.5));
#3239=CARTESIAN_POINT('',(21.9674565643072,-7.80000008642673,11.8));
#3240=CARTESIAN_POINT('Origin',(21.9753723591566,-6.51055492460728,11.8));
#3241=CARTESIAN_POINT('Ctrl Pts',(19.786130413413,-5.62219224870205,12.5));
#3242=CARTESIAN_POINT('Ctrl Pts',(19.786130413413,-5.62219224870205,11.8));
#3243=CARTESIAN_POINT('Ctrl Pts',(19.6848628845539,-5.6304726522294,12.5));
#3244=CARTESIAN_POINT('Ctrl Pts',(19.6848628845539,-5.6304726522294,11.8));
#3245=CARTESIAN_POINT('Ctrl Pts',(19.4870882259449,-5.64664421283936,12.5));
#3246=CARTESIAN_POINT('Ctrl Pts',(19.4870882259449,-5.64664421283936,11.8));
#3247=CARTESIAN_POINT('Ctrl Pts',(19.3393009055323,-5.77858233400347,12.5));
#3248=CARTESIAN_POINT('Ctrl Pts',(19.3393009055323,-5.77858233400347,11.8));
#3249=CARTESIAN_POINT('Ctrl Pts',(19.2671858519316,-5.84296353161335,12.5));
#3250=CARTESIAN_POINT('Ctrl Pts',(19.2671858519316,-5.84296353161335,11.8));
#3251=CARTESIAN_POINT('',(19.786130413413,-5.62219224870205,12.5));
#3252=CARTESIAN_POINT('',(19.2671858519316,-5.84296353161335,12.5));
#3253=CARTESIAN_POINT('Ctrl Pts',(19.786130413413,-5.62219224870205,12.5));
#3254=CARTESIAN_POINT('Ctrl Pts',(19.6848628845539,-5.6304726522294,12.5));
#3255=CARTESIAN_POINT('Ctrl Pts',(19.4870882259449,-5.64664421283936,12.5));
#3256=CARTESIAN_POINT('Ctrl Pts',(19.3393009055323,-5.77858233400347,12.5));
#3257=CARTESIAN_POINT('Ctrl Pts',(19.2671858519316,-5.84296353161335,12.5));
#3258=CARTESIAN_POINT('',(19.786130413413,-5.62219224870205,11.8));
#3259=CARTESIAN_POINT('',(19.786130413413,-5.62219224870205,12.5));
#3260=CARTESIAN_POINT('',(19.2671858519316,-5.84296353161335,11.8));
#3261=CARTESIAN_POINT('Ctrl Pts',(19.786130413413,-5.62219224870205,11.8));
#3262=CARTESIAN_POINT('Ctrl Pts',(19.6848628845539,-5.6304726522294,11.8));
#3263=CARTESIAN_POINT('Ctrl Pts',(19.4870882259449,-5.64664421283936,11.8));
#3264=CARTESIAN_POINT('Ctrl Pts',(19.3393009055323,-5.77858233400347,11.8));
#3265=CARTESIAN_POINT('Ctrl Pts',(19.2671858519316,-5.84296353161335,11.8));
#3266=CARTESIAN_POINT('',(19.2671858519316,-5.84296353161335,12.5));
#3267=CARTESIAN_POINT('Ctrl Pts',(20.3024361282587,-5.84032483398914,12.5));
#3268=CARTESIAN_POINT('Ctrl Pts',(20.3024361282587,-5.84032483398914,11.8));
#3269=CARTESIAN_POINT('Ctrl Pts',(20.2309138692857,-5.77671640800008,12.5));
#3270=CARTESIAN_POINT('Ctrl Pts',(20.2309138692857,-5.77671640800008,11.8));
#3271=CARTESIAN_POINT('Ctrl Pts',(20.0837959951333,-5.64587691070151,12.5));
#3272=CARTESIAN_POINT('Ctrl Pts',(20.0837959951333,-5.64587691070151,11.8));
#3273=CARTESIAN_POINT('Ctrl Pts',(19.8871670090651,-5.63023153091857,12.5));
#3274=CARTESIAN_POINT('Ctrl Pts',(19.8871670090651,-5.63023153091857,11.8));
#3275=CARTESIAN_POINT('Ctrl Pts',(19.786130413413,-5.62219224870205,12.5));
#3276=CARTESIAN_POINT('Ctrl Pts',(19.786130413413,-5.62219224870205,11.8));
#3277=CARTESIAN_POINT('',(20.3024361282587,-5.84032483398914,12.5));
#3278=CARTESIAN_POINT('Ctrl Pts',(20.3024361282587,-5.84032483398914,12.5));
#3279=CARTESIAN_POINT('Ctrl Pts',(20.2309138692857,-5.77671640800008,12.5));
#3280=CARTESIAN_POINT('Ctrl Pts',(20.0837959951333,-5.64587691070151,12.5));
#3281=CARTESIAN_POINT('Ctrl Pts',(19.8871670090651,-5.63023153091857,12.5));
#3282=CARTESIAN_POINT('Ctrl Pts',(19.786130413413,-5.62219224870205,12.5));
#3283=CARTESIAN_POINT('',(20.3024361282587,-5.84032483398914,11.8));
#3284=CARTESIAN_POINT('',(20.3024361282587,-5.84032483398914,12.5));
#3285=CARTESIAN_POINT('Ctrl Pts',(20.3024361282587,-5.84032483398914,11.8));
#3286=CARTESIAN_POINT('Ctrl Pts',(20.2309138692857,-5.77671640800008,11.8));
#3287=CARTESIAN_POINT('Ctrl Pts',(20.0837959951333,-5.64587691070151,11.8));
#3288=CARTESIAN_POINT('Ctrl Pts',(19.8871670090651,-5.63023153091857,11.8));
#3289=CARTESIAN_POINT('Ctrl Pts',(19.786130413413,-5.62219224870205,11.8));
#3290=CARTESIAN_POINT('Ctrl Pts',(20.4968204349279,-6.50175921618938,12.5));
#3291=CARTESIAN_POINT('Ctrl Pts',(20.4968204349279,-6.50175921618938,11.8));
#3292=CARTESIAN_POINT('Ctrl Pts',(20.4930888751747,-6.36880882482449,12.5));
#3293=CARTESIAN_POINT('Ctrl Pts',(20.4930888751747,-6.36880882482449,11.8));
#3294=CARTESIAN_POINT('Ctrl Pts',(20.4863844351272,-6.12993875784848,12.5));
#3295=CARTESIAN_POINT('Ctrl Pts',(20.4863844351272,-6.12993875784848,11.8));
#3296=CARTESIAN_POINT('Ctrl Pts',(20.3589451904092,-5.92929445540963,12.5));
#3297=CARTESIAN_POINT('Ctrl Pts',(20.3589451904092,-5.92929445540963,11.8));
#3298=CARTESIAN_POINT('Ctrl Pts',(20.3024361282587,-5.84032483398914,12.5));
#3299=CARTESIAN_POINT('Ctrl Pts',(20.3024361282587,-5.84032483398914,11.8));
#3300=CARTESIAN_POINT('',(20.4968204349279,-6.50175921618938,12.5));
#3301=CARTESIAN_POINT('Ctrl Pts',(20.4968204349279,-6.50175921618938,12.5));
#3302=CARTESIAN_POINT('Ctrl Pts',(20.4930888751747,-6.36880882482449,12.5));
#3303=CARTESIAN_POINT('Ctrl Pts',(20.4863844351272,-6.12993875784848,12.5));
#3304=CARTESIAN_POINT('Ctrl Pts',(20.3589451904092,-5.92929445540963,12.5));
#3305=CARTESIAN_POINT('Ctrl Pts',(20.3024361282587,-5.84032483398914,12.5));
#3306=CARTESIAN_POINT('',(20.4968204349279,-6.50175921618938,11.8));
#3307=CARTESIAN_POINT('',(20.4968204349279,-6.50175921618938,12.5));
#3308=CARTESIAN_POINT('Ctrl Pts',(20.4968204349279,-6.50175921618938,11.8));
#3309=CARTESIAN_POINT('Ctrl Pts',(20.4930888751747,-6.36880882482449,11.8));
#3310=CARTESIAN_POINT('Ctrl Pts',(20.4863844351272,-6.12993875784848,11.8));
#3311=CARTESIAN_POINT('Ctrl Pts',(20.3589451904092,-5.92929445540963,11.8));
#3312=CARTESIAN_POINT('Ctrl Pts',(20.3024361282587,-5.84032483398914,11.8));
#3313=CARTESIAN_POINT('Ctrl Pts',(20.2971587330103,-7.17462785542011,12.5));
#3314=CARTESIAN_POINT('Ctrl Pts',(20.2971587330103,-7.17462785542011,11.8));
#3315=CARTESIAN_POINT('Ctrl Pts',(20.3552149196057,-7.08376835520605,12.5));
#3316=CARTESIAN_POINT('Ctrl Pts',(20.3552149196057,-7.08376835520605,11.8));
#3317=CARTESIAN_POINT('Ctrl Pts',(20.4855415619716,-6.87980363956848,12.5));
#3318=CARTESIAN_POINT('Ctrl Pts',(20.4855415619716,-6.87980363956848,11.8));
#3319=CARTESIAN_POINT('Ctrl Pts',(20.4927970343135,-6.6366152582078,12.5));
#3320=CARTESIAN_POINT('Ctrl Pts',(20.4927970343135,-6.6366152582078,11.8));
#3321=CARTESIAN_POINT('Ctrl Pts',(20.4968204349279,-6.50175921618938,12.5));
#3322=CARTESIAN_POINT('Ctrl Pts',(20.4968204349279,-6.50175921618938,11.8));
#3323=CARTESIAN_POINT('',(20.2971587330103,-7.17462785542011,12.5));
#3324=CARTESIAN_POINT('Ctrl Pts',(20.2971587330103,-7.17462785542011,12.5));
#3325=CARTESIAN_POINT('Ctrl Pts',(20.3552149196057,-7.08376835520605,12.5));
#3326=CARTESIAN_POINT('Ctrl Pts',(20.4855415619716,-6.87980363956848,12.5));
#3327=CARTESIAN_POINT('Ctrl Pts',(20.4927970343135,-6.6366152582078,12.5));
#3328=CARTESIAN_POINT('Ctrl Pts',(20.4968204349279,-6.50175921618938,12.5));
#3329=CARTESIAN_POINT('',(20.2971587330103,-7.17462785542011,11.8));
#3330=CARTESIAN_POINT('',(20.2971587330103,-7.17462785542011,12.5));
#3331=CARTESIAN_POINT('Ctrl Pts',(20.2971587330103,-7.17462785542011,11.8));
#3332=CARTESIAN_POINT('Ctrl Pts',(20.3552149196057,-7.08376835520605,11.8));
#3333=CARTESIAN_POINT('Ctrl Pts',(20.4855415619716,-6.87980363956848,11.8));
#3334=CARTESIAN_POINT('Ctrl Pts',(20.4927970343135,-6.6366152582078,11.8));
#3335=CARTESIAN_POINT('Ctrl Pts',(20.4968204349279,-6.50175921618938,11.8));
#3336=CARTESIAN_POINT('Ctrl Pts',(19.786130413413,-7.39891745150089,12.5));
#3337=CARTESIAN_POINT('Ctrl Pts',(19.786130413413,-7.39891745150089,11.8));
#3338=CARTESIAN_POINT('Ctrl Pts',(19.8849118823011,-7.38996540930428,12.5));
#3339=CARTESIAN_POINT('Ctrl Pts',(19.8849118823011,-7.38996540930428,11.8));
#3340=CARTESIAN_POINT('Ctrl Pts',(20.0804488514376,-7.37224492773609,12.5));
#3341=CARTESIAN_POINT('Ctrl Pts',(20.0804488514376,-7.37224492773609,11.8));
#3342=CARTESIAN_POINT('Ctrl Pts',(20.2254228000098,-7.24004363137152,12.5));
#3343=CARTESIAN_POINT('Ctrl Pts',(20.2254228000098,-7.24004363137152,11.8));
#3344=CARTESIAN_POINT('Ctrl Pts',(20.2971587330103,-7.17462785542011,12.5));
#3345=CARTESIAN_POINT('Ctrl Pts',(20.2971587330103,-7.17462785542011,11.8));
#3346=CARTESIAN_POINT('',(19.786130413413,-7.39891745150089,12.5));
#3347=CARTESIAN_POINT('Ctrl Pts',(19.786130413413,-7.39891745150089,12.5));
#3348=CARTESIAN_POINT('Ctrl Pts',(19.8849118823011,-7.38996540930428,12.5));
#3349=CARTESIAN_POINT('Ctrl Pts',(20.0804488514376,-7.37224492773609,12.5));
#3350=CARTESIAN_POINT('Ctrl Pts',(20.2254228000098,-7.24004363137152,12.5));
#3351=CARTESIAN_POINT('Ctrl Pts',(20.2971587330103,-7.17462785542011,12.5));
#3352=CARTESIAN_POINT('',(19.786130413413,-7.39891745150089,11.8));
#3353=CARTESIAN_POINT('',(19.786130413413,-7.39891745150089,12.5));
#3354=CARTESIAN_POINT('Ctrl Pts',(19.786130413413,-7.39891745150089,11.8));
#3355=CARTESIAN_POINT('Ctrl Pts',(19.8849118823011,-7.38996540930428,11.8));
#3356=CARTESIAN_POINT('Ctrl Pts',(20.0804488514376,-7.37224492773609,11.8));
#3357=CARTESIAN_POINT('Ctrl Pts',(20.2254228000098,-7.24004363137152,11.8));
#3358=CARTESIAN_POINT('Ctrl Pts',(20.2971587330103,-7.17462785542011,11.8));
#3359=CARTESIAN_POINT('Ctrl Pts',(19.27246324718,-7.17286862432957,12.5));
#3360=CARTESIAN_POINT('Ctrl Pts',(19.27246324718,-7.17286862432957,11.8));
#3361=CARTESIAN_POINT('Ctrl Pts',(19.3448224438518,-7.23879842086492,12.5));
#3362=CARTESIAN_POINT('Ctrl Pts',(19.3448224438518,-7.23879842086492,11.8));
#3363=CARTESIAN_POINT('Ctrl Pts',(19.4906267957405,-7.37164748077918,12.5));
#3364=CARTESIAN_POINT('Ctrl Pts',(19.4906267957405,-7.37164748077918,11.8));
#3365=CARTESIAN_POINT('Ctrl Pts',(19.6871413239796,-7.38978243788623,12.5));
#3366=CARTESIAN_POINT('Ctrl Pts',(19.6871413239796,-7.38978243788623,11.8));
#3367=CARTESIAN_POINT('Ctrl Pts',(19.786130413413,-7.39891745150089,12.5));
#3368=CARTESIAN_POINT('Ctrl Pts',(19.786130413413,-7.39891745150089,11.8));
#3369=CARTESIAN_POINT('',(19.27246324718,-7.17286862432957,12.5));
#3370=CARTESIAN_POINT('Ctrl Pts',(19.27246324718,-7.17286862432957,12.5));
#3371=CARTESIAN_POINT('Ctrl Pts',(19.3448224438518,-7.23879842086492,12.5));
#3372=CARTESIAN_POINT('Ctrl Pts',(19.4906267957405,-7.37164748077918,12.5));
#3373=CARTESIAN_POINT('Ctrl Pts',(19.6871413239796,-7.38978243788623,12.5));
#3374=CARTESIAN_POINT('Ctrl Pts',(19.786130413413,-7.39891745150089,12.5));
#3375=CARTESIAN_POINT('',(19.27246324718,-7.17286862432957,11.8));
#3376=CARTESIAN_POINT('',(19.27246324718,-7.17286862432957,12.5));
#3377=CARTESIAN_POINT('Ctrl Pts',(19.27246324718,-7.17286862432957,11.8));
#3378=CARTESIAN_POINT('Ctrl Pts',(19.3448224438518,-7.23879842086492,11.8));
#3379=CARTESIAN_POINT('Ctrl Pts',(19.4906267957405,-7.37164748077918,11.8));
#3380=CARTESIAN_POINT('Ctrl Pts',(19.6871413239796,-7.38978243788623,11.8));
#3381=CARTESIAN_POINT('Ctrl Pts',(19.786130413413,-7.39891745150089,11.8));
#3382=CARTESIAN_POINT('Ctrl Pts',(19.0701628476381,-6.50879569351673,12.5));
#3383=CARTESIAN_POINT('Ctrl Pts',(19.0701628476381,-6.50879569351673,11.8));
#3384=CARTESIAN_POINT('Ctrl Pts',(19.0746508901671,-6.64116056809026,12.5));
#3385=CARTESIAN_POINT('Ctrl Pts',(19.0746508901671,-6.64116056809026,11.8));
#3386=CARTESIAN_POINT('Ctrl Pts',(19.0828097405224,-6.88178778964537,12.5));
#3387=CARTESIAN_POINT('Ctrl Pts',(19.0828097405224,-6.88178778964537,11.8));
#3388=CARTESIAN_POINT('Ctrl Pts',(19.213612723703,-7.08254464457734,12.5));
#3389=CARTESIAN_POINT('Ctrl Pts',(19.213612723703,-7.08254464457734,11.8));
#3390=CARTESIAN_POINT('Ctrl Pts',(19.27246324718,-7.17286862432957,12.5));
#3391=CARTESIAN_POINT('Ctrl Pts',(19.27246324718,-7.17286862432957,11.8));
#3392=CARTESIAN_POINT('',(19.0701628476381,-6.50879569351673,12.5));
#3393=CARTESIAN_POINT('Ctrl Pts',(19.0701628476381,-6.50879569351673,12.5));
#3394=CARTESIAN_POINT('Ctrl Pts',(19.0746508901671,-6.64116056809026,12.5));
#3395=CARTESIAN_POINT('Ctrl Pts',(19.0828097405224,-6.88178778964537,12.5));
#3396=CARTESIAN_POINT('Ctrl Pts',(19.213612723703,-7.08254464457734,12.5));
#3397=CARTESIAN_POINT('Ctrl Pts',(19.27246324718,-7.17286862432957,12.5));
#3398=CARTESIAN_POINT('',(19.0701628476381,-6.50879569351673,11.8));
#3399=CARTESIAN_POINT('',(19.0701628476381,-6.50879569351673,12.5));
#3400=CARTESIAN_POINT('Ctrl Pts',(19.0701628476381,-6.50879569351673,11.8));
#3401=CARTESIAN_POINT('Ctrl Pts',(19.0746508901671,-6.64116056809026,11.8));
#3402=CARTESIAN_POINT('Ctrl Pts',(19.0828097405224,-6.88178778964537,11.8));
#3403=CARTESIAN_POINT('Ctrl Pts',(19.213612723703,-7.08254464457734,11.8));
#3404=CARTESIAN_POINT('Ctrl Pts',(19.27246324718,-7.17286862432957,11.8));
#3405=CARTESIAN_POINT('Ctrl Pts',(19.2671858519316,-5.84296353161335,12.5));
#3406=CARTESIAN_POINT('Ctrl Pts',(19.2671858519316,-5.84296353161335,11.8));
#3407=CARTESIAN_POINT('Ctrl Pts',(19.2099025899861,-5.93268991870359,12.5));
#3408=CARTESIAN_POINT('Ctrl Pts',(19.2099025899861,-5.93268991870359,11.8));
#3409=CARTESIAN_POINT('Ctrl Pts',(19.0810461838721,-6.13452583693479,12.5));
#3410=CARTESIAN_POINT('Ctrl Pts',(19.0810461838721,-6.13452583693479,11.8));
#3411=CARTESIAN_POINT('Ctrl Pts',(19.074049273528,-6.37514439127456,12.5));
#3412=CARTESIAN_POINT('Ctrl Pts',(19.074049273528,-6.37514439127456,11.8));
#3413=CARTESIAN_POINT('Ctrl Pts',(19.0701628476381,-6.50879569351673,12.5));
#3414=CARTESIAN_POINT('Ctrl Pts',(19.0701628476381,-6.50879569351673,11.8));
#3415=CARTESIAN_POINT('Ctrl Pts',(19.2671858519316,-5.84296353161335,12.5));
#3416=CARTESIAN_POINT('Ctrl Pts',(19.2099025899861,-5.93268991870359,12.5));
#3417=CARTESIAN_POINT('Ctrl Pts',(19.0810461838721,-6.13452583693479,12.5));
#3418=CARTESIAN_POINT('Ctrl Pts',(19.074049273528,-6.37514439127456,12.5));
#3419=CARTESIAN_POINT('Ctrl Pts',(19.0701628476381,-6.50879569351673,12.5));
#3420=CARTESIAN_POINT('Ctrl Pts',(19.2671858519316,-5.84296353161335,11.8));
#3421=CARTESIAN_POINT('Ctrl Pts',(19.2099025899861,-5.93268991870359,11.8));
#3422=CARTESIAN_POINT('Ctrl Pts',(19.0810461838721,-6.13452583693479,11.8));
#3423=CARTESIAN_POINT('Ctrl Pts',(19.074049273528,-6.37514439127456,11.8));
#3424=CARTESIAN_POINT('Ctrl Pts',(19.0701628476381,-6.50879569351673,11.8));
#3425=CARTESIAN_POINT('Ctrl Pts',(19.787889495492,-7.84397847950459,12.5));
#3426=CARTESIAN_POINT('Ctrl Pts',(19.787889495492,-7.84397847950459,11.8));
#3427=CARTESIAN_POINT('Ctrl Pts',(19.6088714339248,-7.83224878567695,12.5));
#3428=CARTESIAN_POINT('Ctrl Pts',(19.6088714339248,-7.83224878567695,11.8));
#3429=CARTESIAN_POINT('Ctrl Pts',(19.2666192382358,-7.809823598899,12.5));
#3430=CARTESIAN_POINT('Ctrl Pts',(19.2666192382358,-7.809823598899,11.8));
#3431=CARTESIAN_POINT('Ctrl Pts',(19.0002041466343,-7.59533129292768,12.5));
#3432=CARTESIAN_POINT('Ctrl Pts',(19.0002041466343,-7.59533129292768,11.8));
#3433=CARTESIAN_POINT('Ctrl Pts',(18.8731398433447,-7.49303109943867,12.5));
#3434=CARTESIAN_POINT('Ctrl Pts',(18.8731398433447,-7.49303109943867,11.8));
#3435=CARTESIAN_POINT('',(19.787889495492,-7.84397847950459,12.5));
#3436=CARTESIAN_POINT('',(18.8731398433447,-7.49303109943867,12.5));
#3437=CARTESIAN_POINT('Ctrl Pts',(19.787889495492,-7.84397847950459,12.5));
#3438=CARTESIAN_POINT('Ctrl Pts',(19.6088714339248,-7.83224878567695,12.5));
#3439=CARTESIAN_POINT('Ctrl Pts',(19.2666192382358,-7.809823598899,12.5));
#3440=CARTESIAN_POINT('Ctrl Pts',(19.0002041466343,-7.59533129292768,12.5));
#3441=CARTESIAN_POINT('Ctrl Pts',(18.8731398433447,-7.49303109943867,12.5));
#3442=CARTESIAN_POINT('',(19.787889495492,-7.84397847950459,11.8));
#3443=CARTESIAN_POINT('',(19.787889495492,-7.84397847950459,12.5));
#3444=CARTESIAN_POINT('',(18.8731398433447,-7.49303109943867,11.8));
#3445=CARTESIAN_POINT('Ctrl Pts',(19.787889495492,-7.84397847950459,11.8));
#3446=CARTESIAN_POINT('Ctrl Pts',(19.6088714339248,-7.83224878567695,11.8));
#3447=CARTESIAN_POINT('Ctrl Pts',(19.2666192382358,-7.809823598899,11.8));
#3448=CARTESIAN_POINT('Ctrl Pts',(19.0002041466343,-7.59533129292768,11.8));
#3449=CARTESIAN_POINT('Ctrl Pts',(18.8731398433447,-7.49303109943867,11.8));
#3450=CARTESIAN_POINT('',(18.8731398433447,-7.49303109943867,12.5));
#3451=CARTESIAN_POINT('Ctrl Pts',(20.6956025213003,-7.49127216637135,12.5));
#3452=CARTESIAN_POINT('Ctrl Pts',(20.6956025213003,-7.49127216637135,11.8));
#3453=CARTESIAN_POINT('Ctrl Pts',(20.5692157023358,-7.59409506224303,12.5));
#3454=CARTESIAN_POINT('Ctrl Pts',(20.5692157023358,-7.59409506224303,11.8));
#3455=CARTESIAN_POINT('Ctrl Pts',(20.305366265592,-7.80875164892175,12.5));
#3456=CARTESIAN_POINT('Ctrl Pts',(20.305366265592,-7.80875164892175,11.8));
#3457=CARTESIAN_POINT('Ctrl Pts',(19.9651423605783,-7.83191212791258,12.5));
#3458=CARTESIAN_POINT('Ctrl Pts',(19.9651423605783,-7.83191212791258,11.8));
#3459=CARTESIAN_POINT('Ctrl Pts',(19.787889495492,-7.84397847950459,12.5));
#3460=CARTESIAN_POINT('Ctrl Pts',(19.787889495492,-7.84397847950459,11.8));
#3461=CARTESIAN_POINT('',(20.6956025213003,-7.49127216637135,12.5));
#3462=CARTESIAN_POINT('Ctrl Pts',(20.6956025213003,-7.49127216637135,12.5));
#3463=CARTESIAN_POINT('Ctrl Pts',(20.5692157023358,-7.59409506224303,12.5));
#3464=CARTESIAN_POINT('Ctrl Pts',(20.305366265592,-7.80875164892175,12.5));
#3465=CARTESIAN_POINT('Ctrl Pts',(19.9651423605783,-7.83191212791258,12.5));
#3466=CARTESIAN_POINT('Ctrl Pts',(19.787889495492,-7.84397847950459,12.5));
#3467=CARTESIAN_POINT('',(20.6956025213003,-7.49127216637135,11.8));
#3468=CARTESIAN_POINT('',(20.6956025213003,-7.49127216637135,12.5));
#3469=CARTESIAN_POINT('Ctrl Pts',(20.6956025213003,-7.49127216637135,11.8));
#3470=CARTESIAN_POINT('Ctrl Pts',(20.5692157023358,-7.59409506224303,11.8));
#3471=CARTESIAN_POINT('Ctrl Pts',(20.305366265592,-7.80875164892175,11.8));
#3472=CARTESIAN_POINT('Ctrl Pts',(19.9651423605783,-7.83191212791258,11.8));
#3473=CARTESIAN_POINT('Ctrl Pts',(19.787889495492,-7.84397847950459,11.8));
#3474=CARTESIAN_POINT('Ctrl Pts',(21.0351153463125,-6.51407308876514,12.5));
#3475=CARTESIAN_POINT('Ctrl Pts',(21.0351153463125,-6.51407308876514,11.8));
#3476=CARTESIAN_POINT('Ctrl Pts',(21.0252078129975,-6.70625455891426,12.5));
#3477=CARTESIAN_POINT('Ctrl Pts',(21.0252078129975,-6.70625455891426,11.8));
#3478=CARTESIAN_POINT('Ctrl Pts',(21.0066468422028,-7.06629116351541,12.5));
#3479=CARTESIAN_POINT('Ctrl Pts',(21.0066468422028,-7.06629116351541,11.8));
#3480=CARTESIAN_POINT('Ctrl Pts',(20.7945061078563,-7.35613983127951,12.5));
#3481=CARTESIAN_POINT('Ctrl Pts',(20.7945061078563,-7.35613983127951,11.8));
#3482=CARTESIAN_POINT('Ctrl Pts',(20.6956025213003,-7.49127216637135,12.5));
#3483=CARTESIAN_POINT('Ctrl Pts',(20.6956025213003,-7.49127216637135,11.8));
#3484=CARTESIAN_POINT('',(21.0351153463125,-6.51407308876514,12.5));
#3485=CARTESIAN_POINT('Ctrl Pts',(21.0351153463125,-6.51407308876514,12.5));
#3486=CARTESIAN_POINT('Ctrl Pts',(21.0252078129975,-6.70625455891426,12.5));
#3487=CARTESIAN_POINT('Ctrl Pts',(21.0066468422028,-7.06629116351541,12.5));
#3488=CARTESIAN_POINT('Ctrl Pts',(20.7945061078563,-7.35613983127951,12.5));
#3489=CARTESIAN_POINT('Ctrl Pts',(20.6956025213003,-7.49127216637135,12.5));
#3490=CARTESIAN_POINT('',(21.0351153463125,-6.51407308876514,11.8));
#3491=CARTESIAN_POINT('',(21.0351153463125,-6.51407308876514,12.5));
#3492=CARTESIAN_POINT('Ctrl Pts',(21.0351153463125,-6.51407308876514,11.8));
#3493=CARTESIAN_POINT('Ctrl Pts',(21.0252078129975,-6.70625455891426,11.8));
#3494=CARTESIAN_POINT('Ctrl Pts',(21.0066468422028,-7.06629116351541,11.8));
#3495=CARTESIAN_POINT('Ctrl Pts',(20.7945061078563,-7.35613983127951,11.8));
#3496=CARTESIAN_POINT('Ctrl Pts',(20.6956025213003,-7.49127216637135,11.8));
#3497=CARTESIAN_POINT('Ctrl Pts',(20.6929638236761,-5.53071729838848,12.5));
#3498=CARTESIAN_POINT('Ctrl Pts',(20.6929638236761,-5.53071729838848,11.8));
#3499=CARTESIAN_POINT('Ctrl Pts',(20.792632566663,-5.66645992407945,12.5));
#3500=CARTESIAN_POINT('Ctrl Pts',(20.792632566663,-5.66645992407945,11.8));
#3501=CARTESIAN_POINT('Ctrl Pts',(21.0066397243283,-5.95792435543058,12.5));
#3502=CARTESIAN_POINT('Ctrl Pts',(21.0066397243283,-5.95792435543058,11.8));
#3503=CARTESIAN_POINT('Ctrl Pts',(21.0251993987594,-6.32040772565094,12.5));
#3504=CARTESIAN_POINT('Ctrl Pts',(21.0251993987594,-6.32040772565094,11.8));
#3505=CARTESIAN_POINT('Ctrl Pts',(21.0351153463125,-6.51407308876514,12.5));
#3506=CARTESIAN_POINT('Ctrl Pts',(21.0351153463125,-6.51407308876514,11.8));
#3507=CARTESIAN_POINT('',(20.6929638236761,-5.53071729838848,12.5));
#3508=CARTESIAN_POINT('Ctrl Pts',(20.6929638236761,-5.53071729838848,12.5));
#3509=CARTESIAN_POINT('Ctrl Pts',(20.792632566663,-5.66645992407945,12.5));
#3510=CARTESIAN_POINT('Ctrl Pts',(21.0066397243283,-5.95792435543058,12.5));
#3511=CARTESIAN_POINT('Ctrl Pts',(21.0251993987594,-6.32040772565094,12.5));
#3512=CARTESIAN_POINT('Ctrl Pts',(21.0351153463125,-6.51407308876514,12.5));
#3513=CARTESIAN_POINT('',(20.6929638236761,-5.53071729838848,11.8));
#3514=CARTESIAN_POINT('',(20.6929638236761,-5.53071729838848,12.5));
#3515=CARTESIAN_POINT('Ctrl Pts',(20.6929638236761,-5.53071729838848,11.8));
#3516=CARTESIAN_POINT('Ctrl Pts',(20.792632566663,-5.66645992407945,11.8));
#3517=CARTESIAN_POINT('Ctrl Pts',(21.0066397243283,-5.95792435543058,11.8));
#3518=CARTESIAN_POINT('Ctrl Pts',(21.0251993987594,-6.32040772565094,11.8));
#3519=CARTESIAN_POINT('Ctrl Pts',(21.0351153463125,-6.51407308876514,11.8));
#3520=CARTESIAN_POINT('Ctrl Pts',(19.7808530181646,-5.17713136970997,12.5));
#3521=CARTESIAN_POINT('Ctrl Pts',(19.7808530181646,-5.17713136970997,11.8));
#3522=CARTESIAN_POINT('Ctrl Pts',(19.9587485559429,-5.18926615628151,12.5));
#3523=CARTESIAN_POINT('Ctrl Pts',(19.9587485559429,-5.18926615628151,11.8));
#3524=CARTESIAN_POINT('Ctrl Pts',(20.3003945388641,-5.21257085035957,12.5));
#3525=CARTESIAN_POINT('Ctrl Pts',(20.3003945388641,-5.21257085035957,11.8));
#3526=CARTESIAN_POINT('Ctrl Pts',(20.5657698199835,-5.42763658868713,12.5));
#3527=CARTESIAN_POINT('Ctrl Pts',(20.5657698199835,-5.42763658868713,11.8));
#3528=CARTESIAN_POINT('Ctrl Pts',(20.6929638236761,-5.53071729838848,12.5));
#3529=CARTESIAN_POINT('Ctrl Pts',(20.6929638236761,-5.53071729838848,11.8));
#3530=CARTESIAN_POINT('',(19.7808530181646,-5.17713136970997,12.5));
#3531=CARTESIAN_POINT('Ctrl Pts',(19.7808530181646,-5.17713136970997,12.5));
#3532=CARTESIAN_POINT('Ctrl Pts',(19.9587485559429,-5.18926615628151,12.5));
#3533=CARTESIAN_POINT('Ctrl Pts',(20.3003945388641,-5.21257085035957,12.5));
#3534=CARTESIAN_POINT('Ctrl Pts',(20.5657698199835,-5.42763658868713,12.5));
#3535=CARTESIAN_POINT('Ctrl Pts',(20.6929638236761,-5.53071729838848,12.5));
#3536=CARTESIAN_POINT('',(19.7808530181646,-5.17713136970997,11.8));
#3537=CARTESIAN_POINT('',(19.7808530181646,-5.17713136970997,12.5));
#3538=CARTESIAN_POINT('Ctrl Pts',(19.7808530181646,-5.17713136970997,11.8));
#3539=CARTESIAN_POINT('Ctrl Pts',(19.9587485559429,-5.18926615628151,11.8));
#3540=CARTESIAN_POINT('Ctrl Pts',(20.3003945388641,-5.21257085035957,11.8));
#3541=CARTESIAN_POINT('Ctrl Pts',(20.5657698199835,-5.42763658868713,11.8));
#3542=CARTESIAN_POINT('Ctrl Pts',(20.6929638236761,-5.53071729838848,11.8));
#3543=CARTESIAN_POINT('Ctrl Pts',(19.2249666154385,-5.27916111052036,12.5));
#3544=CARTESIAN_POINT('Ctrl Pts',(19.2249666154385,-5.27916111052036,11.8));
#3545=CARTESIAN_POINT('Ctrl Pts',(19.3106594720391,-5.24942075962356,12.5));
#3546=CARTESIAN_POINT('Ctrl Pts',(19.3106594720391,-5.24942075962356,11.8));
#3547=CARTESIAN_POINT('Ctrl Pts',(19.4905944093253,-5.18697298526097,12.5));
#3548=CARTESIAN_POINT('Ctrl Pts',(19.4905944093253,-5.18697298526097,11.8));
#3549=CARTESIAN_POINT('Ctrl Pts',(19.6810832583348,-5.18051420002045,12.5));
#3550=CARTESIAN_POINT('Ctrl Pts',(19.6810832583348,-5.18051420002045,11.8));
#3551=CARTESIAN_POINT('Ctrl Pts',(19.7808530181646,-5.17713136970997,12.5));
#3552=CARTESIAN_POINT('Ctrl Pts',(19.7808530181646,-5.17713136970997,11.8));
#3553=CARTESIAN_POINT('',(19.2249666154385,-5.27916111052036,12.5));
#3554=CARTESIAN_POINT('Ctrl Pts',(19.2249666154385,-5.27916111052036,12.5));
#3555=CARTESIAN_POINT('Ctrl Pts',(19.3106594720391,-5.24942075962356,12.5));
#3556=CARTESIAN_POINT('Ctrl Pts',(19.4905944093253,-5.18697298526097,12.5));
#3557=CARTESIAN_POINT('Ctrl Pts',(19.6810832583348,-5.18051420002045,12.5));
#3558=CARTESIAN_POINT('Ctrl Pts',(19.7808530181646,-5.17713136970997,12.5));
#3559=CARTESIAN_POINT('',(19.2249666154385,-5.27916111052036,11.8));
#3560=CARTESIAN_POINT('',(19.2249666154385,-5.27916111052036,12.5));
#3561=CARTESIAN_POINT('Ctrl Pts',(19.2249666154385,-5.27916111052036,11.8));
#3562=CARTESIAN_POINT('Ctrl Pts',(19.3106594720391,-5.24942075962356,11.8));
#3563=CARTESIAN_POINT('Ctrl Pts',(19.4905944093253,-5.18697298526097,11.8));
#3564=CARTESIAN_POINT('Ctrl Pts',(19.6810832583348,-5.18051420002045,11.8));
#3565=CARTESIAN_POINT('Ctrl Pts',(19.7808530181646,-5.17713136970997,11.8));
#3566=CARTESIAN_POINT('Ctrl Pts',(18.891610763967,-5.51136679947376,12.5));
#3567=CARTESIAN_POINT('Ctrl Pts',(18.891610763967,-5.51136679947376,11.8));
#3568=CARTESIAN_POINT('Ctrl Pts',(18.9426721581316,-5.46291986821869,12.5));
#3569=CARTESIAN_POINT('Ctrl Pts',(18.9426721581316,-5.46291986821869,11.8));
#3570=CARTESIAN_POINT('Ctrl Pts',(19.0420785599205,-5.36860330689925,12.5));
#3571=CARTESIAN_POINT('Ctrl Pts',(19.0420785599205,-5.36860330689925,11.8));
#3572=CARTESIAN_POINT('Ctrl Pts',(19.1651247196926,-5.30842704905215,12.5));
#3573=CARTESIAN_POINT('Ctrl Pts',(19.1651247196926,-5.30842704905215,11.8));
#3574=CARTESIAN_POINT('Ctrl Pts',(19.2249666154385,-5.27916111052036,12.5));
#3575=CARTESIAN_POINT('Ctrl Pts',(19.2249666154385,-5.27916111052036,11.8));
#3576=CARTESIAN_POINT('',(18.891610763967,-5.51136679947376,12.5));
#3577=CARTESIAN_POINT('Ctrl Pts',(18.891610763967,-5.51136679947376,12.5));
#3578=CARTESIAN_POINT('Ctrl Pts',(18.9426721581316,-5.46291986821869,12.5));
#3579=CARTESIAN_POINT('Ctrl Pts',(19.0420785599205,-5.36860330689925,12.5));
#3580=CARTESIAN_POINT('Ctrl Pts',(19.1651247196926,-5.30842704905215,12.5));
#3581=CARTESIAN_POINT('Ctrl Pts',(19.2249666154385,-5.27916111052036,12.5));
#3582=CARTESIAN_POINT('',(18.891610763967,-5.51136679947376,11.8));
#3583=CARTESIAN_POINT('',(18.891610763967,-5.51136679947376,12.5));
#3584=CARTESIAN_POINT('Ctrl Pts',(18.891610763967,-5.51136679947376,11.8));
#3585=CARTESIAN_POINT('Ctrl Pts',(18.9426721581316,-5.46291986821869,11.8));
#3586=CARTESIAN_POINT('Ctrl Pts',(19.0420785599205,-5.36860330689925,11.8));
#3587=CARTESIAN_POINT('Ctrl Pts',(19.1651247196926,-5.30842704905215,11.8));
#3588=CARTESIAN_POINT('Ctrl Pts',(19.2249666154385,-5.27916111052036,11.8));
#3589=CARTESIAN_POINT('Ctrl Pts',(18.651488982141,-5.86495272815228,12.5));
#3590=CARTESIAN_POINT('Ctrl Pts',(18.651488982141,-5.86495272815228,11.8));
#3591=CARTESIAN_POINT('Ctrl Pts',(18.6835593591769,-5.80088591077185,12.5));
#3592=CARTESIAN_POINT('Ctrl Pts',(18.6835593591769,-5.80088591077185,11.8));
#3593=CARTESIAN_POINT('Ctrl Pts',(18.7478943183383,-5.67236431356221,12.5));
#3594=CARTESIAN_POINT('Ctrl Pts',(18.7478943183383,-5.67236431356221,11.8));
#3595=CARTESIAN_POINT('Ctrl Pts',(18.8436089722297,-5.56514052806611,12.5));
#3596=CARTESIAN_POINT('Ctrl Pts',(18.8436089722297,-5.56514052806611,11.8));
#3597=CARTESIAN_POINT('Ctrl Pts',(18.891610763967,-5.51136679947376,12.5));
#3598=CARTESIAN_POINT('Ctrl Pts',(18.891610763967,-5.51136679947376,11.8));
#3599=CARTESIAN_POINT('',(18.651488982141,-5.86495272815228,12.5));
#3600=CARTESIAN_POINT('Ctrl Pts',(18.651488982141,-5.86495272815228,12.5));
#3601=CARTESIAN_POINT('Ctrl Pts',(18.6835593591769,-5.80088591077185,12.5));
#3602=CARTESIAN_POINT('Ctrl Pts',(18.7478943183383,-5.67236431356221,12.5));
#3603=CARTESIAN_POINT('Ctrl Pts',(18.8436089722297,-5.56514052806611,12.5));
#3604=CARTESIAN_POINT('Ctrl Pts',(18.891610763967,-5.51136679947376,12.5));
#3605=CARTESIAN_POINT('',(18.651488982141,-5.86495272815228,11.8));
#3606=CARTESIAN_POINT('',(18.651488982141,-5.86495272815228,12.5));
#3607=CARTESIAN_POINT('Ctrl Pts',(18.651488982141,-5.86495272815228,11.8));
#3608=CARTESIAN_POINT('Ctrl Pts',(18.6835593591769,-5.80088591077185,11.8));
#3609=CARTESIAN_POINT('Ctrl Pts',(18.7478943183383,-5.67236431356221,11.8));
#3610=CARTESIAN_POINT('Ctrl Pts',(18.8436089722297,-5.56514052806611,11.8));
#3611=CARTESIAN_POINT('Ctrl Pts',(18.891610763967,-5.51136679947376,11.8));
#3612=CARTESIAN_POINT('Ctrl Pts',(18.5336270183325,-6.52638711035252,12.5));
#3613=CARTESIAN_POINT('Ctrl Pts',(18.5336270183325,-6.52638711035252,11.8));
#3614=CARTESIAN_POINT('Ctrl Pts',(18.5368461146765,-6.40436259709972,12.5));
#3615=CARTESIAN_POINT('Ctrl Pts',(18.5368461146765,-6.40436259709972,11.8));
#3616=CARTESIAN_POINT('Ctrl Pts',(18.542826258127,-6.17767659092472,12.5));
#3617=CARTESIAN_POINT('Ctrl Pts',(18.542826258127,-6.17767659092472,11.8));
#3618=CARTESIAN_POINT('Ctrl Pts',(18.6171660946851,-5.96373164285464,12.5));
#3619=CARTESIAN_POINT('Ctrl Pts',(18.6171660946851,-5.96373164285464,11.8));
#3620=CARTESIAN_POINT('Ctrl Pts',(18.651488982141,-5.86495272815228,12.5));
#3621=CARTESIAN_POINT('Ctrl Pts',(18.651488982141,-5.86495272815228,11.8));
#3622=CARTESIAN_POINT('',(18.5336270183325,-6.52638711035252,12.5));
#3623=CARTESIAN_POINT('Ctrl Pts',(18.5336270183325,-6.52638711035252,12.5));
#3624=CARTESIAN_POINT('Ctrl Pts',(18.5368461146765,-6.40436259709972,12.5));
#3625=CARTESIAN_POINT('Ctrl Pts',(18.542826258127,-6.17767659092472,12.5));
#3626=CARTESIAN_POINT('Ctrl Pts',(18.6171660946851,-5.96373164285464,12.5));
#3627=CARTESIAN_POINT('Ctrl Pts',(18.651488982141,-5.86495272815228,12.5));
#3628=CARTESIAN_POINT('',(18.5336270183325,-6.52638711035252,11.8));
#3629=CARTESIAN_POINT('',(18.5336270183325,-6.52638711035252,12.5));
#3630=CARTESIAN_POINT('Ctrl Pts',(18.5336270183325,-6.52638711035252,11.8));
#3631=CARTESIAN_POINT('Ctrl Pts',(18.5368461146765,-6.40436259709972,11.8));
#3632=CARTESIAN_POINT('Ctrl Pts',(18.542826258127,-6.17767659092472,11.8));
#3633=CARTESIAN_POINT('Ctrl Pts',(18.6171660946851,-5.96373164285464,11.8));
#3634=CARTESIAN_POINT('Ctrl Pts',(18.651488982141,-5.86495272815228,11.8));
#3635=CARTESIAN_POINT('Ctrl Pts',(18.8731398433447,-7.49303109943867,12.5));
#3636=CARTESIAN_POINT('Ctrl Pts',(18.8731398433447,-7.49303109943867,11.8));
#3637=CARTESIAN_POINT('Ctrl Pts',(18.7742256130032,-7.35912024500522,12.5));
#3638=CARTESIAN_POINT('Ctrl Pts',(18.7742256130032,-7.35912024500522,11.8));
#3639=CARTESIAN_POINT('Ctrl Pts',(18.5627730513238,-7.07285412223526,12.5));
#3640=CARTESIAN_POINT('Ctrl Pts',(18.5627730513238,-7.07285412223526,11.8));
#3641=CARTESIAN_POINT('Ctrl Pts',(18.5437509014065,-6.7162025865709,12.5));
#3642=CARTESIAN_POINT('Ctrl Pts',(18.5437509014065,-6.7162025865709,11.8));
#3643=CARTESIAN_POINT('Ctrl Pts',(18.5336270183325,-6.52638711035252,12.5));
#3644=CARTESIAN_POINT('Ctrl Pts',(18.5336270183325,-6.52638711035252,11.8));
#3645=CARTESIAN_POINT('Ctrl Pts',(18.8731398433447,-7.49303109943867,12.5));
#3646=CARTESIAN_POINT('Ctrl Pts',(18.7742256130032,-7.35912024500522,12.5));
#3647=CARTESIAN_POINT('Ctrl Pts',(18.5627730513238,-7.07285412223526,12.5));
#3648=CARTESIAN_POINT('Ctrl Pts',(18.5437509014065,-6.7162025865709,12.5));
#3649=CARTESIAN_POINT('Ctrl Pts',(18.5336270183325,-6.52638711035252,12.5));
#3650=CARTESIAN_POINT('Ctrl Pts',(18.8731398433447,-7.49303109943867,11.8));
#3651=CARTESIAN_POINT('Ctrl Pts',(18.7742256130032,-7.35912024500522,11.8));
#3652=CARTESIAN_POINT('Ctrl Pts',(18.5627730513238,-7.07285412223526,11.8));
#3653=CARTESIAN_POINT('Ctrl Pts',(18.5437509014065,-6.7162025865709,11.8));
#3654=CARTESIAN_POINT('Ctrl Pts',(18.5336270183325,-6.52638711035252,11.8));
#3655=CARTESIAN_POINT('Origin',(21.9753723591566,-6.51055492460728,11.8));
#3656=CARTESIAN_POINT('Origin',(7.5,2.22044604925031E-15,12.5));
#3657=CARTESIAN_POINT('Origin',(7.5,2.22044604925031E-15,12.5));
#3658=CARTESIAN_POINT('Origin',(-9.5375,1.11022302462516E-15,6.7));
#3659=CARTESIAN_POINT('',(-16.575,-9.10000000000001,6.7));
#3660=CARTESIAN_POINT('',(0.,-9.10000000000001,6.7));
#3661=CARTESIAN_POINT('',(11.01875,-9.10000000000001,6.7));
#3662=CARTESIAN_POINT('',(-19.075,-6.6,6.7));
#3663=CARTESIAN_POINT('Origin',(-16.575,-6.60000000000001,6.7));
#3664=CARTESIAN_POINT('',(-19.075,6.6,6.7));
#3665=CARTESIAN_POINT('',(-19.075,-3.3,6.7));
#3666=CARTESIAN_POINT('',(-16.575,9.10000000000001,6.7));
#3667=CARTESIAN_POINT('Origin',(-16.575,6.60000000000001,6.7));
#3668=CARTESIAN_POINT('',(0.,9.10000000000001,6.7));
#3669=CARTESIAN_POINT('',(-13.05625,9.10000000000001,6.7));
#3670=CARTESIAN_POINT('',(0.,-11.0000001639128,6.7));
#3671=CARTESIAN_POINT('Origin',(-19.075,-6.6,3.5));
#3672=CARTESIAN_POINT('',(-19.075,-6.6,3.5));
#3673=CARTESIAN_POINT('',(-19.075,-6.6,3.5));
#3674=CARTESIAN_POINT('',(-19.075,6.6,3.5));
#3675=CARTESIAN_POINT('',(-19.075,-6.6,3.5));
#3676=CARTESIAN_POINT('',(-19.075,6.6,3.5));
#3677=CARTESIAN_POINT('Origin',(-16.575,-6.60000000000001,3.5));
#3678=CARTESIAN_POINT('',(-16.575,-9.10000000000001,3.5));
#3679=CARTESIAN_POINT('',(-16.575,-9.10000000000001,3.5));
#3680=CARTESIAN_POINT('Origin',(-16.575,-6.60000000000001,3.5));
#3681=CARTESIAN_POINT('Origin',(31.575,-9.10000000000002,3.5));
#3682=CARTESIAN_POINT('',(0.,-9.10000000000001,10.5));
#3683=CARTESIAN_POINT('',(0.,-9.10000000000001,7.));
#3684=CARTESIAN_POINT('',(31.575,-9.10000000000002,10.5));
#3685=CARTESIAN_POINT('',(19.5375,-9.10000000000002,10.5));
#3686=CARTESIAN_POINT('',(31.575,-9.10000000000002,3.5));
#3687=CARTESIAN_POINT('',(31.575,-9.10000000000002,3.5));
#3688=CARTESIAN_POINT('',(31.575,-9.10000000000002,3.5));
#3689=CARTESIAN_POINT('Origin',(0.,9.10000000000001,10.5));
#3690=CARTESIAN_POINT('',(0.,9.10000000000001,10.5));
#3691=CARTESIAN_POINT('',(0.,4.55000000000001,10.5));
#3692=CARTESIAN_POINT('',(0.,9.10000000000001,7.));
#3693=CARTESIAN_POINT('Origin',(7.5,2.22044604925031E-15,10.5));
#3694=CARTESIAN_POINT('',(31.575,9.10000000000002,10.5));
#3695=CARTESIAN_POINT('',(-4.5375,9.10000000000001,10.5));
#3696=CARTESIAN_POINT('',(34.075,6.60000000000001,10.5));
#3697=CARTESIAN_POINT('Origin',(31.575,6.6,10.5));
#3698=CARTESIAN_POINT('',(34.075,-6.60000000000001,10.5));
#3699=CARTESIAN_POINT('',(34.075,3.3,10.5));
#3700=CARTESIAN_POINT('Origin',(31.575,-6.60000000000001,10.5));
#3701=CARTESIAN_POINT('',(19.0000003054738,-4.50000004470348,10.5));
#3702=CARTESIAN_POINT('',(25.0000003501773,-4.50000004470348,10.5));
#3703=CARTESIAN_POINT('',(13.2500001527369,-4.50000004470348,10.5));
#3704=CARTESIAN_POINT('',(25.0000003501773,4.50000004470348,10.5));
#3705=CARTESIAN_POINT('',(25.0000003501773,-2.25000002235174,10.5));
#3706=CARTESIAN_POINT('',(19.0000003054738,4.50000004470348,10.5));
#3707=CARTESIAN_POINT('',(16.2500001750886,4.50000004470348,10.5));
#3708=CARTESIAN_POINT('',(19.0000003054738,2.25000002235174,10.5));
#3709=CARTESIAN_POINT('Origin',(7.5,2.22044604925031E-15,12.5));
#3710=CARTESIAN_POINT('',(33.575,6.60000000000001,12.5));
#3711=CARTESIAN_POINT('',(33.575,-6.60000000000001,12.5));
#3712=CARTESIAN_POINT('',(33.575,1.11022302462516E-15,12.5));
#3713=CARTESIAN_POINT('',(31.575,8.60000000000001,12.5));
#3714=CARTESIAN_POINT('Origin',(31.575,6.60000000000001,12.5));
#3715=CARTESIAN_POINT('',(-16.575,8.60000000000001,12.5));
#3716=CARTESIAN_POINT('',(19.5375,8.60000000000001,12.5));
#3717=CARTESIAN_POINT('',(-18.575,6.60000000000001,12.5));
#3718=CARTESIAN_POINT('Origin',(-16.575,6.60000000000001,12.5));
#3719=CARTESIAN_POINT('',(-18.5749999999999,-6.59999999999999,12.5));
#3720=CARTESIAN_POINT('',(-18.575,3.29999999999994,12.5));
#3721=CARTESIAN_POINT('',(-16.575,-8.60000000000001,12.5));
#3722=CARTESIAN_POINT('Origin',(-16.575,-6.60000000000001,12.5));
#3723=CARTESIAN_POINT('',(31.575,-8.60000000000001,12.5));
#3724=CARTESIAN_POINT('',(19.5375,-8.60000000000001,12.5));
#3725=CARTESIAN_POINT('Origin',(31.575,-6.60000000000001,12.5));
#3726=CARTESIAN_POINT('',(25.0000003501773,-4.50000004470348,12.5));
#3727=CARTESIAN_POINT('',(19.0000003054738,-4.50000004470348,12.5));
#3728=CARTESIAN_POINT('',(13.2500001527369,-4.50000004470348,12.5));
#3729=CARTESIAN_POINT('',(19.0000003054738,4.50000004470348,12.5));
#3730=CARTESIAN_POINT('',(19.0000003054738,2.25000002235174,12.5));
#3731=CARTESIAN_POINT('',(25.0000003501773,4.50000004470348,12.5));
#3732=CARTESIAN_POINT('',(16.2500001750886,4.50000004470348,12.5));
#3733=CARTESIAN_POINT('',(25.0000003501773,-2.25000002235174,12.5));
#3734=CARTESIAN_POINT('Ctrl Pts',(31.575,-10.6,10.5));
#3735=CARTESIAN_POINT('Ctrl Pts',(35.575,-10.6,10.5));
#3736=CARTESIAN_POINT('Ctrl Pts',(35.575,-6.60000000000001,10.5));
#3737=CARTESIAN_POINT('Ctrl Pts',(31.575,-10.6,12.5));
#3738=CARTESIAN_POINT('Ctrl Pts',(35.575,-10.6,12.5));
#3739=CARTESIAN_POINT('Ctrl Pts',(35.575,-6.60000000000001,12.5));
#3740=CARTESIAN_POINT('Ctrl Pts',(31.575,-8.60000000000001,12.5));
#3741=CARTESIAN_POINT('Ctrl Pts',(33.575,-8.60000000000001,12.5));
#3742=CARTESIAN_POINT('Ctrl Pts',(33.575,-6.60000000000001,12.5));
#3743=CARTESIAN_POINT('',(35.575,-6.60000000000001,10.5));
#3744=CARTESIAN_POINT('Origin',(33.575,-6.60000000000001,10.5));
#3745=CARTESIAN_POINT('',(31.575,-10.6,10.5));
#3746=CARTESIAN_POINT('Origin',(31.575,-8.60000000000001,10.5));
#3747=CARTESIAN_POINT('Origin',(31.575,-6.60000000000001,10.5));
#3748=CARTESIAN_POINT('Origin',(19.5375,-8.60000000000001,10.5));
#3749=CARTESIAN_POINT('',(-16.575,-10.6,10.5));
#3750=CARTESIAN_POINT('Origin',(-16.575,-8.60000000000001,10.5));
#3751=CARTESIAN_POINT('',(19.5375,-10.6,10.5));
#3752=CARTESIAN_POINT('Ctrl Pts',(-20.575,-6.60000000000001,10.5));
#3753=CARTESIAN_POINT('Ctrl Pts',(-20.575,-10.6,10.5));
#3754=CARTESIAN_POINT('Ctrl Pts',(-16.575,-10.6,10.5));
#3755=CARTESIAN_POINT('Ctrl Pts',(-20.575,-6.60000000000001,12.5000000000001));
#3756=CARTESIAN_POINT('Ctrl Pts',(-20.575,-10.6,12.5000000000001));
#3757=CARTESIAN_POINT('Ctrl Pts',(-16.575,-10.6,12.5000000000001));
#3758=CARTESIAN_POINT('Ctrl Pts',(-18.5749999999999,-6.60000000000001,12.5));
#3759=CARTESIAN_POINT('Ctrl Pts',(-18.5749999999999,-8.59999999999994,12.5));
#3760=CARTESIAN_POINT('Ctrl Pts',(-16.575,-8.59999999999994,12.5));
#3761=CARTESIAN_POINT('',(-20.575,-6.6,10.5));
#3762=CARTESIAN_POINT('Origin',(-18.5749999999999,-6.59999999999999,10.5));
#3763=CARTESIAN_POINT('Origin',(-16.575,-6.60000000000001,10.5));
#3764=CARTESIAN_POINT('Origin',(-18.575,3.29999999999994,10.5));
#3765=CARTESIAN_POINT('',(-20.575,6.6,10.5));
#3766=CARTESIAN_POINT('Origin',(-18.575,6.60000000000001,10.5));
#3767=CARTESIAN_POINT('',(-20.575,3.29999999999992,10.5));
#3768=CARTESIAN_POINT('Ctrl Pts',(-16.575,10.6,10.5));
#3769=CARTESIAN_POINT('Ctrl Pts',(-20.575,10.6,10.5));
#3770=CARTESIAN_POINT('Ctrl Pts',(-20.575,6.60000000000001,10.5));
#3771=CARTESIAN_POINT('Ctrl Pts',(-16.575,10.6,12.5));
#3772=CARTESIAN_POINT('Ctrl Pts',(-20.575,10.6,12.5));
#3773=CARTESIAN_POINT('Ctrl Pts',(-20.575,6.60000000000001,12.5));
#3774=CARTESIAN_POINT('Ctrl Pts',(-16.575,8.60000000000001,12.5));
#3775=CARTESIAN_POINT('Ctrl Pts',(-18.575,8.60000000000002,12.5));
#3776=CARTESIAN_POINT('Ctrl Pts',(-18.575,6.60000000000001,12.5));
#3777=CARTESIAN_POINT('',(-16.575,10.6,10.5));
#3778=CARTESIAN_POINT('Origin',(-16.575,8.60000000000001,10.5));
#3779=CARTESIAN_POINT('Origin',(-16.575,6.60000000000001,10.5));
#3780=CARTESIAN_POINT('Origin',(19.5375,8.60000000000001,10.5));
#3781=CARTESIAN_POINT('',(31.575,10.6,10.5));
#3782=CARTESIAN_POINT('Origin',(31.575,8.60000000000001,10.5));
#3783=CARTESIAN_POINT('',(19.5375,10.6,10.5));
#3784=CARTESIAN_POINT('Ctrl Pts',(35.575,6.60000000000001,10.5));
#3785=CARTESIAN_POINT('Ctrl Pts',(35.575,10.6,10.5));
#3786=CARTESIAN_POINT('Ctrl Pts',(31.575,10.6,10.5));
#3787=CARTESIAN_POINT('Ctrl Pts',(35.575,6.60000000000001,12.5));
#3788=CARTESIAN_POINT('Ctrl Pts',(35.575,10.6,12.5));
#3789=CARTESIAN_POINT('Ctrl Pts',(31.575,10.6,12.5));
#3790=CARTESIAN_POINT('Ctrl Pts',(33.575,6.60000000000001,12.5));
#3791=CARTESIAN_POINT('Ctrl Pts',(33.575,8.60000000000001,12.5));
#3792=CARTESIAN_POINT('Ctrl Pts',(31.575,8.60000000000001,12.5));
#3793=CARTESIAN_POINT('',(35.575,6.60000000000001,10.5));
#3794=CARTESIAN_POINT('Origin',(33.575,6.60000000000001,10.5));
#3795=CARTESIAN_POINT('Origin',(31.575,6.60000000000001,10.5));
#3796=CARTESIAN_POINT('Origin',(33.575,1.11022302462516E-15,10.5));
#3797=CARTESIAN_POINT('',(35.575,1.11022302462516E-15,10.5));
#3798=CARTESIAN_POINT('Origin',(19.0000003054738,4.50000004470348,3.));
#3799=CARTESIAN_POINT('',(19.0000003054738,-4.50000004470348,3.));
#3800=CARTESIAN_POINT('',(19.0000003054738,4.50000004470348,3.));
#3801=CARTESIAN_POINT('Origin',(19.0000003054738,-4.50000004470348,3.));
#3802=CARTESIAN_POINT('',(25.0000003501773,-4.50000004470348,3.));
#3803=CARTESIAN_POINT('Origin',(25.0000003501773,-4.50000004470348,3.));
#3804=CARTESIAN_POINT('',(25.0000003501773,4.50000004470348,3.));
#3805=CARTESIAN_POINT('Origin',(25.0000003501773,4.50000004470348,3.));
#3806=CARTESIAN_POINT('Origin',(-16.575,6.60000000000001,1.));
#3807=CARTESIAN_POINT('',(-16.575,10.6,1.));
#3808=CARTESIAN_POINT('',(-16.575,10.6,1.));
#3809=CARTESIAN_POINT('',(-20.575,6.6,1.));
#3810=CARTESIAN_POINT('Origin',(-16.575,6.60000000000001,1.));
#3811=CARTESIAN_POINT('',(-20.575,6.6,6.5));
#3812=CARTESIAN_POINT('Origin',(31.575,10.6,1.));
#3813=CARTESIAN_POINT('',(31.575,10.6,1.));
#3814=CARTESIAN_POINT('',(31.575,10.6,1.));
#3815=CARTESIAN_POINT('',(31.575,10.6,1.));
#3816=CARTESIAN_POINT('Origin',(31.575,6.60000000000001,1.));
#3817=CARTESIAN_POINT('',(35.575,6.60000000000001,1.));
#3818=CARTESIAN_POINT('',(35.575,6.60000000000001,1.));
#3819=CARTESIAN_POINT('Origin',(31.575,6.60000000000001,1.));
#3820=CARTESIAN_POINT('Origin',(35.575,0.,1.));
#3821=CARTESIAN_POINT('',(35.575,-6.60000000000001,1.));
#3822=CARTESIAN_POINT('',(35.575,-6.60000000000001,1.));
#3823=CARTESIAN_POINT('',(35.575,0.,1.));
#3824=CARTESIAN_POINT('Origin',(31.575,-6.60000000000001,1.));
#3825=CARTESIAN_POINT('',(31.575,-10.6,1.));
#3826=CARTESIAN_POINT('',(31.575,-10.6,1.));
#3827=CARTESIAN_POINT('Origin',(31.575,-6.60000000000001,1.));
#3828=CARTESIAN_POINT('Origin',(31.575,-10.6,1.));
#3829=CARTESIAN_POINT('',(-16.575,-10.6,1.));
#3830=CARTESIAN_POINT('',(-16.575,-10.6,1.));
#3831=CARTESIAN_POINT('',(31.575,-10.6,1.));
#3832=CARTESIAN_POINT('Origin',(-16.575,-6.60000000000001,1.));
#3833=CARTESIAN_POINT('',(-20.575,-6.6,1.));
#3834=CARTESIAN_POINT('',(-20.575,-6.6,1.));
#3835=CARTESIAN_POINT('Origin',(-16.575,-6.60000000000001,1.));
#3836=CARTESIAN_POINT('Origin',(-20.575,6.6,1.));
#3837=CARTESIAN_POINT('',(-20.575,6.6,1.));
#3838=CARTESIAN_POINT('Origin',(34.075,6.60000000000001,3.5));
#3839=CARTESIAN_POINT('',(34.075,6.60000000000001,3.5));
#3840=CARTESIAN_POINT('',(34.075,6.60000000000001,3.5));
#3841=CARTESIAN_POINT('',(34.075,-6.60000000000001,3.5));
#3842=CARTESIAN_POINT('',(34.075,6.60000000000001,3.5));
#3843=CARTESIAN_POINT('',(34.075,-6.60000000000001,6.5));
#3844=CARTESIAN_POINT('Origin',(31.575,6.6,3.5));
#3845=CARTESIAN_POINT('',(31.575,9.10000000000002,3.5));
#3846=CARTESIAN_POINT('',(31.575,9.10000000000002,3.5));
#3847=CARTESIAN_POINT('Origin',(31.575,6.6,3.5));
#3848=CARTESIAN_POINT('Origin',(-16.575,9.10000000000001,3.5));
#3849=CARTESIAN_POINT('',(-16.575,9.10000000000001,3.5));
#3850=CARTESIAN_POINT('',(-16.575,9.10000000000001,3.5));
#3851=CARTESIAN_POINT('',(-16.575,9.10000000000001,3.5));
#3852=CARTESIAN_POINT('Origin',(-16.575,6.60000000000001,3.5));
#3853=CARTESIAN_POINT('Origin',(-16.575,6.60000000000001,3.5));
#3854=CARTESIAN_POINT('Origin',(7.5,2.22044604925031E-15,3.5));
#3855=CARTESIAN_POINT('',(31.575,-10.1,3.5));
#3856=CARTESIAN_POINT('',(35.075,-6.60000000000001,3.5));
#3857=CARTESIAN_POINT('Origin',(31.575,-6.60000000000001,3.5));
#3858=CARTESIAN_POINT('',(-16.575,-10.1,3.5));
#3859=CARTESIAN_POINT('',(-16.575,-10.1,3.5));
#3860=CARTESIAN_POINT('',(-20.075,-6.6,3.5));
#3861=CARTESIAN_POINT('Origin',(-16.575,-6.60000000000001,3.5));
#3862=CARTESIAN_POINT('',(-20.075,6.6,3.5));
#3863=CARTESIAN_POINT('',(-20.075,-5.00000007450581,3.5));
#3864=CARTESIAN_POINT('',(-16.575,10.1,3.5));
#3865=CARTESIAN_POINT('Origin',(-16.575,6.60000000000001,3.5));
#3866=CARTESIAN_POINT('',(31.575,10.1,3.5));
#3867=CARTESIAN_POINT('',(-16.575,10.1,3.5));
#3868=CARTESIAN_POINT('',(35.075,6.60000000000001,3.5));
#3869=CARTESIAN_POINT('Origin',(31.575,6.60000000000001,3.5));
#3870=CARTESIAN_POINT('',(35.075,6.60000000000001,3.5));
#3871=CARTESIAN_POINT('Origin',(31.575,-6.60000000000001,3.5));
#3872=CARTESIAN_POINT('Origin',(31.575,-6.60000000000001,3.5));
#3873=CARTESIAN_POINT('Origin',(31.575,-6.60000000000001,1.));
#3874=CARTESIAN_POINT('',(35.075,-6.60000000000001,1.));
#3875=CARTESIAN_POINT('',(31.575,-10.1,1.));
#3876=CARTESIAN_POINT('Origin',(31.575,-6.60000000000001,1.));
#3877=CARTESIAN_POINT('',(31.575,-10.1,1.));
#3878=CARTESIAN_POINT('',(35.075,-6.60000000000001,1.));
#3879=CARTESIAN_POINT('Origin',(-16.575,-10.1,1.));
#3880=CARTESIAN_POINT('',(-16.575,-10.1,1.));
#3881=CARTESIAN_POINT('',(-16.575,-10.1,1.));
#3882=CARTESIAN_POINT('',(-16.575,-10.1,1.));
#3883=CARTESIAN_POINT('Origin',(-16.575,-6.60000000000001,1.));
#3884=CARTESIAN_POINT('',(-20.075,-6.6,1.));
#3885=CARTESIAN_POINT('Origin',(-16.575,-6.60000000000001,1.));
#3886=CARTESIAN_POINT('',(-20.075,-6.6,1.));
#3887=CARTESIAN_POINT('Origin',(35.075,6.60000000000001,1.));
#3888=CARTESIAN_POINT('',(35.075,6.60000000000001,1.));
#3889=CARTESIAN_POINT('',(35.075,6.60000000000001,1.));
#3890=CARTESIAN_POINT('',(35.075,6.60000000000001,1.));
#3891=CARTESIAN_POINT('Origin',(31.575,6.60000000000001,1.));
#3892=CARTESIAN_POINT('',(31.575,10.1,1.));
#3893=CARTESIAN_POINT('Origin',(31.575,6.60000000000001,1.));
#3894=CARTESIAN_POINT('',(31.575,10.1,1.));
#3895=CARTESIAN_POINT('Origin',(-16.575,10.1,1.));
#3896=CARTESIAN_POINT('',(-16.575,10.1,1.));
#3897=CARTESIAN_POINT('',(-16.575,10.1,1.));
#3898=CARTESIAN_POINT('',(-16.575,10.1,1.));
#3899=CARTESIAN_POINT('Origin',(-16.575,6.60000000000001,1.));
#3900=CARTESIAN_POINT('',(-20.075,6.6,1.));
#3901=CARTESIAN_POINT('Origin',(-16.575,6.60000000000001,1.));
#3902=CARTESIAN_POINT('',(-20.075,6.6,1.));
#3903=CARTESIAN_POINT('Origin',(-20.075,0.,1.));
#3904=CARTESIAN_POINT('',(-20.075,-5.00000007450581,1.));
#3905=CARTESIAN_POINT('Origin',(7.5,5.30000000000001,1.));
#3906=UNCERTAINTY_MEASURE_WITH_UNIT(LENGTH_MEASURE(0.01),#3910,
'DISTANCE_ACCURACY_VALUE',
'Maximum model space distance between geometric entities at asserted c
onnectivities');
#3907=UNCERTAINTY_MEASURE_WITH_UNIT(LENGTH_MEASURE(0.01),#3910,
'DISTANCE_ACCURACY_VALUE',
'Maximum model space distance between geometric entities at asserted c
onnectivities');
#3908=(
GEOMETRIC_REPRESENTATION_CONTEXT(3)
GLOBAL_UNCERTAINTY_ASSIGNED_CONTEXT((#3906))
GLOBAL_UNIT_ASSIGNED_CONTEXT((#3910,#3911,#3912))
REPRESENTATION_CONTEXT('','3D')
);
#3909=(
GEOMETRIC_REPRESENTATION_CONTEXT(3)
GLOBAL_UNCERTAINTY_ASSIGNED_CONTEXT((#3907))
GLOBAL_UNIT_ASSIGNED_CONTEXT((#3910,#3911,#3912))
REPRESENTATION_CONTEXT('','3D')
);
#3910=(
LENGTH_UNIT()
NAMED_UNIT(*)
SI_UNIT(.MILLI.,.METRE.)
);
#3911=(
NAMED_UNIT(*)
PLANE_ANGLE_UNIT()
SI_UNIT($,.RADIAN.)
);
#3912=(
NAMED_UNIT(*)
SI_UNIT($,.STERADIAN.)
SOLID_ANGLE_UNIT()
);
#3913=SHAPE_DEFINITION_REPRESENTATION(#3914,#3915);
#3914=PRODUCT_DEFINITION_SHAPE('',$,#3917);
#3915=SHAPE_REPRESENTATION('',(#2110),#3908);
#3916=PRODUCT_DEFINITION_CONTEXT('part definition',#3921,'design');
#3917=PRODUCT_DEFINITION('BoostBox','BoostBox v7',#3918,#3916);
#3918=PRODUCT_DEFINITION_FORMATION('',$,#3923);
#3919=PRODUCT_RELATED_PRODUCT_CATEGORY('BoostBox v7','BoostBox v7',(#3923));
#3920=APPLICATION_PROTOCOL_DEFINITION('international standard',
'automotive_design',2009,#3921);
#3921=APPLICATION_CONTEXT(
'Core Data for Automotive Mechanical Design Process');
#3922=PRODUCT_CONTEXT('part definition',#3921,'mechanical');
#3923=PRODUCT('BoostBox','BoostBox v7',$,(#3922));
#3924=PRESENTATION_STYLE_ASSIGNMENT((#3925));
#3925=SURFACE_STYLE_USAGE(.BOTH.,#3926);
#3926=SURFACE_SIDE_STYLE('',(#3927));
#3927=SURFACE_STYLE_FILL_AREA(#3928);
#3928=FILL_AREA_STYLE('Acciaio - Satinato',(#3929));
#3929=FILL_AREA_STYLE_COLOUR('Acciaio - Satinato',#3930);
#3930=COLOUR_RGB('Acciaio - Satinato',0.627450980392157,0.627450980392157,
0.627450980392157);
ENDSEC;
END-ISO-10303-21;
